,UCSF-PDGM-0004,UCSF-PDGM-0018,UCSF-PDGM-0019,UCSF-PDGM-0020,UCSF-PDGM-0021,UCSF-PDGM-0023,UCSF-PDGM-0024,UCSF-PDGM-0031,UCSF-PDGM-0033,UCSF-PDGM-0036,UCSF-PDGM-0040,UCSF-PDGM-0042,UCSF-PDGM-0043,UCSF-PDGM-0044,UCSF-PDGM-0045,UCSF-PDGM-0049,UCSF-PDGM-0050,UCSF-PDGM-0053,UCSF-PDGM-0055,UCSF-PDGM-0058,UCSF-PDGM-0061,UCSF-PDGM-0066,UCSF-PDGM-0070,UCSF-PDGM-0073,UCSF-PDGM-0074,UCSF-PDGM-0079,UCSF-PDGM-0084,UCSF-PDGM-0088,UCSF-PDGM-0089,UCSF-PDGM-0090,UCSF-PDGM-0092,UCSF-PDGM-0093,UCSF-PDGM-0095,UCSF-PDGM-0096,UCSF-PDGM-0101,UCSF-PDGM-0102,UCSF-PDGM-0103,UCSF-PDGM-0105,UCSF-PDGM-0108,UCSF-PDGM-0109,UCSF-PDGM-0113,UCSF-PDGM-0116,UCSF-PDGM-0119,UCSF-PDGM-0121,UCSF-PDGM-0122,UCSF-PDGM-0124,UCSF-PDGM-0126,UCSF-PDGM-0127,UCSF-PDGM-0128,UCSF-PDGM-0129,UCSF-PDGM-0130,UCSF-PDGM-0132,UCSF-PDGM-0135,UCSF-PDGM-0136,UCSF-PDGM-0137,UCSF-PDGM-0141,UCSF-PDGM-0146,UCSF-PDGM-0150,UCSF-PDGM-0151,UCSF-PDGM-0155,UCSF-PDGM-0156,UCSF-PDGM-0157,UCSF-PDGM-0159,UCSF-PDGM-0160,UCSF-PDGM-0162,UCSF-PDGM-0164,UCSF-PDGM-0166,UCSF-PDGM-0167,UCSF-PDGM-0172,UCSF-PDGM-0178,UCSF-PDGM-0179,UCSF-PDGM-0183,UCSF-PDGM-0185,UCSF-PDGM-0190,UCSF-PDGM-0191,UCSF-PDGM-0197,UCSF-PDGM-0198,UCSF-PDGM-0201,UCSF-PDGM-0202,UCSF-PDGM-0210,UCSF-PDGM-0214,UCSF-PDGM-0223,UCSF-PDGM-0231,UCSF-PDGM-0232,UCSF-PDGM-0233,UCSF-PDGM-0234,UCSF-PDGM-0235,UCSF-PDGM-0236,UCSF-PDGM-0238,UCSF-PDGM-0240,UCSF-PDGM-0241,UCSF-PDGM-0242,UCSF-PDGM-0243,UCSF-PDGM-0244,UCSF-PDGM-0245,UCSF-PDGM-0248,UCSF-PDGM-0251,UCSF-PDGM-0252,UCSF-PDGM-0253,UCSF-PDGM-0254,UCSF-PDGM-0255,UCSF-PDGM-0256,UCSF-PDGM-0257,UCSF-PDGM-0259,UCSF-PDGM-0260,UCSF-PDGM-0261,UCSF-PDGM-0262,UCSF-PDGM-0263,UCSF-PDGM-0264,UCSF-PDGM-0265,UCSF-PDGM-0266,UCSF-PDGM-0268,UCSF-PDGM-0269,UCSF-PDGM-0272,UCSF-PDGM-0274,UCSF-PDGM-0277,UCSF-PDGM-0280,UCSF-PDGM-0281,UCSF-PDGM-0282,UCSF-PDGM-0283,UCSF-PDGM-0284,UCSF-PDGM-0285,UCSF-PDGM-0298,UCSF-PDGM-0302,UCSF-PDGM-0303,UCSF-PDGM-0304,UCSF-PDGM-0305,UCSF-PDGM-0307,UCSF-PDGM-0308,UCSF-PDGM-0317,UCSF-PDGM-0320,UCSF-PDGM-0327,UCSF-PDGM-0329,UCSF-PDGM-0330,UCSF-PDGM-0331,UCSF-PDGM-0335,UCSF-PDGM-0337,UCSF-PDGM-0339,UCSF-PDGM-0340,UCSF-PDGM-0341,UCSF-PDGM-0342,UCSF-PDGM-0345,UCSF-PDGM-0346,UCSF-PDGM-0347,UCSF-PDGM-0348,UCSF-PDGM-0350,UCSF-PDGM-0351,UCSF-PDGM-0352,UCSF-PDGM-0355,UCSF-PDGM-0356,UCSF-PDGM-0357,UCSF-PDGM-0359,UCSF-PDGM-0360,UCSF-PDGM-0364,UCSF-PDGM-0366,UCSF-PDGM-0367,UCSF-PDGM-0368,UCSF-PDGM-0371,UCSF-PDGM-0374,UCSF-PDGM-0375,UCSF-PDGM-0383,UCSF-PDGM-0386,UCSF-PDGM-0388,UCSF-PDGM-0390,UCSF-PDGM-0391,UCSF-PDGM-0391_FU016d,UCSF-PDGM-0394,UCSF-PDGM-0395,UCSF-PDGM-0396,UCSF-PDGM-0396_FU175d,UCSF-PDGM-0398,UCSF-PDGM-0399,UCSF-PDGM-0409,UCSF-PDGM-0409_FU001d,UCSF-PDGM-0413,UCSF-PDGM-0415,UCSF-PDGM-0418,UCSF-PDGM-0423,UCSF-PDGM-0425,UCSF-PDGM-0429,UCSF-PDGM-0429_FU003d,UCSF-PDGM-0432,UCSF-PDGM-0437,UCSF-PDGM-0438,UCSF-PDGM-0439,UCSF-PDGM-0440,UCSF-PDGM-0442,UCSF-PDGM-0444,UCSF-PDGM-0445,UCSF-PDGM-0469,UCSF-PDGM-0473,UCSF-PDGM-0474,UCSF-PDGM-0475,UCSF-PDGM-0476,UCSF-PDGM-0477,UCSF-PDGM-0478,UCSF-PDGM-0482,UCSF-PDGM-0489,UCSF-PDGM-0491,UCSF-PDGM-0504,UCSF-PDGM-0524,UCSF-PDGM-0535
UCSF-PDGM-0004,1.0,0.6763574273732048,0.8461176778112625,0.6738134319534442,0.5162460308659004,0.8769044420831289,0.38598117796732084,0.48580067573595376,0.6487196810934784,0.6141687642812067,0.6278434456388873,0.667521522291799,0.558298232329027,0.6335709846633735,0.5899901608301193,-0.3194280917675088,0.7221886300846218,0.579608055321191,0.701570415999485,0.6437892488617825,0.3062475481918767,0.6554624236497459,0.5605705663584944,0.5191923302256614,0.6231395949440057,0.8479657776501945,0.6367261156055033,0.50858003836876,0.5688767311616759,0.5853589615312386,0.5416295801677329,0.8169981459397303,0.7961425481662455,0.6316023848915617,0.5618743611771333,0.6073293597727129,0.5931930598968185,0.45517353370348296,0.5139330521450881,0.6562989838252842,0.6477519718434477,0.6494704082936251,0.8408576814566556,0.6652829059481876,0.5485932820377105,0.5582374469244223,0.6249360386759512,0.6041282781815592,0.6166689747893794,0.8672172301317965,0.6258094553241732,0.505022511704868,0.5548852214060579,0.6550023854849087,0.8140443968351601,0.5880366609307801,0.5787881557747558,0.7980939460996985,0.6416667782526352,0.8342364732926845,0.5944123518069572,0.3273453746606784,0.6222686246684094,0.882191669265106,0.5658227745087749,0.6351230293499683,0.6540551025331601,0.6757535938555073,0.6111810293289877,0.5614192748529764,0.6110870933084249,0.4494212951169287,0.6379213899937948,0.5147094277247848,0.6778896541788233,0.5159157326006147,0.42709520755787467,0.6547535311242786,0.6275307084388956,0.6195187454927591,0.8002606856577128,0.8204978440666902,0.6691384915564758,0.6694274444001334,0.6745888061991842,0.6688998974118749,0.6692434104562535,0.6681228130864656,0.6696089413923412,0.66981471391827,0.49533552054131635,0.8390743223346924,0.5235937621779378,0.4957415239777447,0.6663109523311685,0.6744566938873792,0.6748709090598749,0.8399900952594033,0.5742429205670158,0.6735239327152113,0.6699028013616926,0.6729722806487464,0.6749741033263389,0.6741778808008545,0.5117237884889414,0.6753555573813282,0.6720423769137447,0.6687536030531619,0.6749850132884022,0.6749913102147588,0.66837713841368,0.6733879065215767,0.6722661405223377,0.674706841231847,0.6705864019244785,0.6682577416968049,0.572858540742818,0.674738837306606,0.5375529896814647,0.631182792247868,0.6441637961650454,0.5766673915327342,0.6693474519616636,0.6714382573697331,0.6569988406742732,0.5835662972980884,0.6697433650005614,0.6697365050791723,0.49794448002884506,0.5153178610973026,0.1949297605015053,0.6673729156527014,0.5396866164672165,0.6553416921551541,0.5273952899898832,0.6534069651346269,0.9218074005632948,0.6589881585572218,0.9668312382567249,0.6391462487882186,0.5356844693604129,0.6376390649977951,0.7036847806351434,0.5759526145923219,0.6744037776400092,0.5247521305672975,0.6730960416966696,0.6752870200603996,0.5473741204724815,0.7682207515826563,0.5407614439933868,0.6786129804040589,0.4124530834590321,0.8471977308740353,0.6132538945746359,0.5023263697250637,0.6186489579729695,0.5549199862390539,0.5967020784725836,0.6456691907149847,0.5347467783957178,0.6431465219459188,0.6502007779523854,0.595813455152657,0.2909443130968797,0.3442576433362837,0.742937682427171,0.5206757267364248,0.5138156493149458,0.5417442589234003,0.5515668877473823,0.7354424336506072,0.672221487470153,0.6379780849636774,0.7259855160780465,0.6582973671957346,0.5862153338015501,0.525680328936976,0.5114585273292653,0.6155760573912155,0.594260959903538,0.5805728888737651,0.6736004235632181,0.6695997242206404,0.6680492037950124,0.6682960558515452,0.6698348531229528,0.6706834216718481,0.6692644360473389,0.6659041853598536,0.6711444092009271,0.5049779386065766,0.5491169949269266,0.6698742427775825,0.33276381795063464,0.6694092032882876,0.6650027230996839,0.6699209548445686,0.17637720003353716,0.2706845961024486,0.6079830568922381,0.8347730320632197
UCSF-PDGM-0018,0.6763574273732048,1.0,0.5749130295017829,0.8692605277446727,0.809568110490084,0.8563289873258173,0.6541800646485588,0.6257823942603423,0.9719793386309851,0.8740375170215837,0.958332991222274,0.9925982646773872,0.7770187988422684,0.963814337047072,0.857284278010913,-0.25605817847658907,0.8631156995668342,0.8310213516175352,0.8805513652805634,0.8592488346409249,0.2745814790855127,0.9776770548797254,0.8773065824239915,0.8123767301684789,0.9296773089588025,0.7812940220521849,0.964083657411757,0.8120473597538669,0.8855402019229491,0.9029808571650583,0.8576359715759803,0.6027819989114905,0.8871614326897114,0.9521449863082863,0.8840676087442852,0.8900596694373312,0.8562539823504295,0.29261469008189767,0.8167356232542967,0.946514967111826,0.8600460371052724,0.9409129098181002,0.8343041540800041,0.9856351189953413,0.8427771549663347,0.7603448739156391,0.8538551619355187,0.924518057038089,0.7852028892572146,0.58272442374315,0.9305142324384208,0.8137068548542788,0.87205168701887,0.9636905874826011,0.8009589579740873,0.8598811588230799,0.8988476076231262,0.4498953998466048,0.9695165215605149,0.8519369163406809,0.9256690205122063,0.2663751445985969,0.9513007569876183,0.8183873109369697,0.8874080227482883,0.9524303779174613,0.9409301670693186,0.9751410704472862,0.7953313779022431,0.9201672317912374,0.8537967170017455,0.4871806580603934,0.9648939671634401,0.8170654361100216,0.9944068927123851,0.6255744739315076,0.6921193871650987,0.9730742666680146,0.8595867114601465,0.8520442116975094,0.7845619708422911,0.4398431269607119,0.9740747156901347,0.9741209592820463,0.9767516509756103,0.9740316425096034,0.9740922723970952,0.9723265823536603,0.9741465421795248,0.9741721736036414,0.801871308314757,0.8720220163666187,0.8374455113291267,0.802381158534324,0.9733241357996725,0.9767244649424603,0.8737321505709361,0.8723859457343192,0.8389047020107375,0.9750343887629231,0.9741820160903978,0.8721045525822021,0.9768235329239089,0.9766630292349413,0.8226626147759128,0.8738758326631292,0.9747074859131712,0.9740031315047767,0.9768254026172394,0.976826477496527,0.9739227369618669,0.8722381784814237,0.8751689206731388,0.9767748609625775,0.8735966318352831,0.9723434296827115,0.7978385177386941,0.9767809741573622,0.8213697218493947,0.9342073358978097,0.8622306619733305,0.9041017396594493,0.9741088244636618,0.9745334227304353,0.9572575596123222,0.8407027172799464,0.9741637005240178,0.9741628625039599,0.8031887593831282,0.8268001363862238,0.1270421908629059,0.9722058556537466,0.8407949056412427,0.9686669127796013,0.8162265289910398,0.938353213607222,0.7165748632942908,0.9282170591950533,0.6523441556440087,0.9418367138455659,0.6797041194582835,0.9676457188348232,0.5211273590624157,0.9039117503311281,0.9949976067956701,0.7526441034551856,0.8721453793894582,0.9768733780320676,0.778484970292042,0.8704428165477583,0.8376943747352708,0.865455963134388,0.5941268639508256,0.7412642085028527,0.8461101721406844,0.8106500637880198,0.7665144540161544,0.877185834644207,0.9262829279952532,0.8630611018777758,0.8331296489863753,0.8628178118505024,0.9740831808630283,0.8816913581191358,0.39278993770759313,0.5054881445612412,0.8806269865483689,0.834363317296944,0.8246468994706785,0.8522970204466531,0.8623260019479502,0.82991063662063,0.9366830992773824,0.8850458487303456,0.8528354864908029,0.9831633026903382,0.9074434814486185,0.6959269749687846,0.574405827411905,0.9438254346999285,0.9176955042665628,0.9096343731147406,0.872302553491327,0.9741453092664057,0.9723167378997517,0.9733319370550376,0.8708255202907643,0.9742873198458599,0.9740956867806854,0.9731790641403574,0.9744412335519065,0.8095612013829453,0.9130901616388915,0.9741789005875561,0.7016277368224645,0.9741182378198694,0.9715724483205916,0.9740095231022149,0.02371965969014612,0.40530510876979303,0.9387641657677614,0.8687248470601536
UCSF-PDGM-0019,0.8461176778112625,0.5749130295017829,1.0,0.6856618358096428,0.5756467002625488,0.8106959568763158,0.11445841777262493,0.6614335404526344,0.5951108196131368,0.5898103626655951,0.58723909463836,0.5489464272778839,0.4570411199855222,0.5950182619552303,0.6119023498610205,-0.2176564620166071,0.7582942759907736,0.3589243448741508,0.6984128439135389,0.6661742694277643,0.546636893588464,0.6086180766736653,0.445799202415492,0.575292531855964,0.41543964204736283,0.8293865152587592,0.5778882210604225,0.5652244864959681,0.5468188764594551,0.5221624061108101,0.5838641714102107,0.8085442913386421,0.7354293132306783,0.577688583223961,0.5896863115343219,0.3686275814483195,0.6075916298140766,0.6238906203812637,0.5675136588859093,0.46581560430332697,0.6629247572323234,0.6346648277362231,0.8313551117386064,0.5587144723045931,0.5844505835499454,0.4267956548282897,0.6406220414574609,0.6111579645996885,0.5953745018506004,0.8404438447683645,0.5669934945323819,0.5635701715851049,0.5922261256907138,0.6032726904578873,0.8654414479755103,0.6018080293194678,0.6041196555291553,0.7606004401721763,0.6038856118258926,0.8143891002442804,0.5931920594682859,0.15625125805591117,0.60246654423143,0.9096569699322441,0.5931977357068433,0.6132649874604521,0.5913491804994957,0.60370062252263,0.525042900199697,0.5572468353359913,0.6322114759403549,0.42882705659291626,0.5976268692761492,0.5685618399179736,0.5676871802388526,0.6577579084102231,0.15223766928646335,0.6006309720782602,0.5801030211928888,0.6084123849966345,0.8765962216777713,0.5865944189076432,0.6310679726022412,0.63138491145049,0.6357528633780588,0.6308068499847512,0.6311829623795566,0.6299498043002143,0.6315843980063216,0.6318109665063166,0.5577569511125671,0.7956255573411384,0.5724780328099676,0.5579838894869055,0.6280019462438186,0.6356084987910529,0.6360616507656498,0.7966590969182291,0.6278089119257017,0.634581034491822,0.6319080903961017,0.6339769003933429,0.6361747894858285,0.6353043196969183,0.566374503242499,0.6365938955283289,0.6329644089795612,0.6306469915234966,0.6361867566742296,0.6361936643171684,0.6302364556185409,0.6344318067555916,0.6279198361424658,0.635881975736924,0.6260894971852273,0.6300984005602587,0.6141741685698067,0.6359169961603857,0.5882814860081522,0.6053347667659353,0.66259077227533,0.5910322840099208,0.6312970923348792,0.6323101631956819,0.5746882483824811,0.6207321993172242,0.6317323576986296,0.6317248025397164,0.5592123057293544,0.5686504144965824,0.002441178865827333,0.6291271720161109,0.4912225518299319,0.5827924557141166,0.5808839121017163,0.6327828019552363,0.8240717223046025,0.585808737770199,0.8138207606672333,0.47536458403423526,0.4902619009855884,0.4905998583261229,0.9003338035353848,0.5891970887689926,0.55323441910542,0.2442984747292772,0.6341121957584914,0.6365184868468418,0.36551272843083077,0.7368800204940269,0.5811099185924776,0.6922229014301857,0.40704700049853776,0.7883779594817102,0.6775931666182172,0.5616513408789502,0.5428729572760417,0.5843650333636895,0.5975630676305471,0.5976419130019963,0.5772193979835467,0.6635277066840674,0.5148289289858227,0.6289981071749329,0.1571908764342542,0.15715074530525333,0.743682486481971,0.5701798357843237,0.5683553161065881,0.5914195060795757,0.5989931204883857,0.8170802769070515,0.6042189549770275,0.6182792508330401,0.7662731736915969,0.5877754886147194,0.6021086558378792,0.38126636018467575,0.38352282922220493,0.6059702724139325,0.6064421404672586,0.5907255749851783,0.6346650266947239,0.6315742593833454,0.6298688165461834,0.6289431976939204,0.6305852533670706,0.6314961701529901,0.6312060184949513,0.6275652724122314,0.631992846788695,0.563671987919847,0.5061465747495271,0.6318765931716601,0.5093803520348911,0.6313648801551306,0.6265570749017215,0.63067749417055,-0.006021276226917245,0.1366556723098404,0.5997822746923507,0.7920721374663161
UCSF-PDGM-0020,0.6738134319534442,0.8692605277446727,0.6856618358096428,1.0,0.9761184923457383,0.9306489811423607,0.34371702267831883,0.7638531066054466,0.9092766148266844,0.9605089248057488,0.9263880206142138,0.8424971669411521,0.8283132124897117,0.9387158561980445,0.9765225262396653,-0.12841358618301993,0.9879662656746849,0.5255881982371147,0.9979860051126127,0.9986398505789919,0.40733658995163924,0.9228751157093519,0.7303424038334827,0.9774409387416831,0.6719042234804123,0.8450269329572305,0.8962944357670565,0.9748866794495228,0.871198222297494,0.8066735733249888,0.9824108133569891,0.7940351324771522,0.9728650722829946,0.8860332330323799,0.9840278220631122,0.5732148606106726,0.9723251874873922,0.5360707244579237,0.976645241103631,0.6731834636674555,0.998846715493243,0.8929394450135537,0.9351512276315702,0.8436017532610897,0.9835643102397291,0.4998555782783752,0.9971026509974139,0.9588024954160048,0.8497760837163144,0.6632778738825369,0.8493490537413448,0.9736283805961108,0.9834177497302771,0.8825243492553243,0.9431521299664756,0.9733919384801774,0.9819858858111111,0.50396313027484,0.9410793228476234,0.9240158172787865,0.9779362334418675,0.2709768337063873,0.9523596777314394,0.8995744279867016,0.9844173482396915,0.9356262471975165,0.8186150801501856,0.8503343669974898,0.8405210880929919,0.876519514049362,0.9617489453401076,0.5447015226022025,0.9325624111852241,0.9767942603839714,0.8454541962057436,0.7212693935077166,0.38356283468539965,0.9014236726069659,0.9249175466997457,0.9364870364053198,0.913526174846436,0.5357202017509577,0.8983382083047639,0.898241500627204,0.8953186490343593,0.8984117332110022,0.8983040848024464,0.8962935941946197,0.8981762730785557,0.8980979546915452,0.970236620487647,0.9327951961248846,0.9791783995475883,0.9703892323879484,0.8988987028446445,0.8953544734514998,0.8952366022029243,0.9323883567665862,0.9769081663290936,0.8933548513576218,0.8980629654634444,0.8935168616916549,0.8952046415388496,0.895424851728666,0.975896949364939,0.8950770077477812,0.8937276808777931,0.8984540959308116,0.8952012001210929,0.8951992083544609,0.8985540143649082,0.8933975593893186,0.897728837138469,0.8952852531649383,0.895923872913197,0.8962423541633222,0.9036193459162521,0.8952759708948607,0.9824140600424651,0.8910429651411143,0.9990364034536254,0.9831427702962121,0.8982691362386668,0.8938272786255097,0.8235960779656134,0.9921885667420434,0.8981256468347134,0.898128279079726,0.971224336587263,0.9769281296318676,0.08866639493562313,0.8965433202692906,0.764495509958309,0.8631719444407121,0.9797827128157394,0.8749864132388873,0.822140508395293,0.7726105332736857,0.6044311645661549,0.7203620977366327,0.6674572480672586,0.8035440765528444,0.7510232161302349,0.9822006265784147,0.8327600794924679,0.37321533368601045,0.8934830554848362,0.8951010703887965,0.48644632605448807,0.9851846308202417,0.9828138231504219,0.9992239873054386,0.4860742778973194,0.874051569147147,0.8702178989491987,0.9727949410219058,0.7771291941666311,0.9837938375457574,0.9783084709848533,0.9105490936928754,0.981682489974498,0.9991010332830917,0.8093737033806863,0.907691333060354,0.1486204474307894,0.23188124116623687,0.994345161695747,0.9785043945309897,0.9764497643359548,0.9811683069698409,0.9824707203283354,0.9738010447731664,0.7909971560949574,0.7899748003737598,0.9741931601735812,0.8959786096350604,0.979654552873159,0.4063475991097244,0.5678963642944254,0.9694044383557696,0.9795083815142305,0.977787136392413,0.8933300114932174,0.8981796714185407,0.8963207023195066,0.8939644655242991,0.8939694430460569,0.8939149238082988,0.8982971119378096,0.8989313180088567,0.8938660477838007,0.9738944684216239,0.8977454289268593,0.8980744069588198,0.7938165868134665,0.8982478616921549,0.8970068250874672,0.8939658940039884,-0.01585276728506793,0.19396255189037673,0.9731000498145759,0.9359900276674726
UCSF-PDGM-0021,0.5162460308659004,0.809568110490084,0.5756467002625488,0.9761184923457383,1.0,0.8415135735455014,0.3014015034319173,0.7886847647485684,0.8646876964219657,0.936421214135439,0.8927201843773128,0.7768396850700277,0.8094929040260423,0.9045328015219559,0.9709236683124257,-0.041446314750297406,0.9420632080156343,0.459540394182519,0.9623106256082619,0.9849479186049971,0.4390572740480771,0.8746945604010035,0.681846715185166,0.9999281263783737,0.5872529356931361,0.7269308504435472,0.8538894698608117,0.9996672734786042,0.8541324241858241,0.7721816191600122,0.9955971937442687,0.7103232112495285,0.9039855497933417,0.8489383240684067,0.9884755132764549,0.4850297227146428,0.9650623476531247,0.5368308644686821,0.999368973477114,0.5845419082315565,0.9813565844925775,0.8557564827346879,0.8640153224428938,0.7833765484495929,0.9933215381815824,0.4211278086003575,0.9865277839106801,0.9449614309426662,0.8165522892129538,0.5265803742587377,0.8080692518319059,0.9997580149229706,0.9920585528815979,0.8340638414345382,0.8805343993351794,0.9624966995698946,0.9809799122745877,0.40873044276085724,0.9037398788825647,0.8293643028327667,0.9667157986493446,0.25561574603685494,0.9296793036372714,0.7994551761531267,0.987649200136838,0.9051695324058914,0.761128689278024,0.8006070525267069,0.7943267776418002,0.8447235803181755,0.9467705585065406,0.529498933572804,0.9031614448311855,0.9993615393412233,0.7827684554610193,0.7009485893503901,0.307408092556717,0.8535504320644693,0.8878366756671241,0.9058983387530966,0.8302831428826196,0.4267599121989253,0.8388277434993416,0.8386691950028147,0.8333069562901527,0.8389518596439887,0.8387712394822174,0.8360894255030714,0.8385647896453767,0.8384417277080941,0.9996318976420453,0.8355011004654272,0.9984695308087419,0.9996458246372322,0.839964605135399,0.8333702285208154,0.8331658972107814,0.8349029269124014,0.982434328110608,0.830673575820887,0.8383874755137541,0.8309505922334559,0.8331122085016796,0.8334981545739278,0.9995017836376812,0.8329035698215516,0.8313508373000431,0.8390250396696598,0.8331064654132159,0.8331031447894722,0.839203583124019,0.8307448386027089,0.8376342111834761,0.8332489366762598,0.8352793946498666,0.8360089928003952,0.882365109260658,0.8332329629447203,0.9994225020597741,0.8695036350928085,0.9824033739522217,0.9798995858889148,0.8387140147511525,0.8315708354642689,0.7612817040096131,0.9953050632525523,0.838484974082428,0.8384890995506457,0.9997096800024851,0.9993270580763709,0.055009229364731155,0.8364988257692986,0.7412083875598291,0.807424506339713,0.9997684879892036,0.8390991002419316,0.7205268785306119,0.7047343535751817,0.427093828434654,0.6350561088404669,0.5897276688158875,0.7327628656460833,0.689946006790913,0.9798731148170557,0.7643549320935163,0.28747563815111205,0.8308911658085545,0.8329422688292683,0.3976225954945328,0.9320143701988632,0.9953597463339291,0.9723741502110134,0.4751200390918985,0.7950114167867032,0.8614822452950741,0.9997624977229701,0.7088692336220459,0.9903689304423305,0.9656932947171171,0.8621161935287545,0.996552824804162,0.9838274271643132,0.735106837894835,0.8967745027755859,0.1398643080767616,0.19026689376404704,0.9496752423653527,0.9987372059379637,0.9994482376939631,0.996223981827596,0.9935756257790626,0.9292127914205164,0.743813856385007,0.7590682486906387,0.9194995183704007,0.840200558885131,0.9791407543999875,0.3428991166350806,0.5078247743632024,0.949386513082834,0.9714685029174106,0.9722945019788939,0.8306326202165081,0.8385701839970664,0.8361323974581073,0.8323071288635135,0.8320238528639169,0.8318062970526355,0.8387597715603158,0.8400765549424863,0.8316674789710018,0.9997045807143597,0.8809961306432705,0.8384051694904232,0.8324948420584651,0.8386794790725738,0.8374431149968599,0.8320039022423553,-0.0553041013690637,0.1625381732773767,0.9546276157947046,0.8409470654732556
UCSF-PDGM-0023,0.8769044420831289,0.8563289873258173,0.8106959568763158,0.9306489811423607,0.8415135735455014,1.0,0.42669097947712886,0.7300370073103215,0.8813401264627354,0.8784998532961814,0.8756565234202962,0.8418818122049482,0.7861959304251277,0.8844702632203281,0.8847101752353422,-0.2378992783822365,0.9466035459382882,0.6106446703266499,0.9408534549929913,0.9183179067833368,0.437128404046594,0.8799559522469647,0.7330310653044672,0.8432258354905419,0.733048247718759,0.9035832891173214,0.8618898534318146,0.8368146426393152,0.8161357464170441,0.7895420603573513,0.8585288598835131,0.876716085913862,0.9793021816876917,0.8659361188915388,0.8698797918487919,0.6555601025408236,0.8836044532630004,0.5968011385910225,0.8405351602955449,0.7241201888943676,0.9161827154918009,0.8796514375588042,0.9874773961768393,0.8501207137319094,0.8628006579997863,0.6260603853093253,0.9061401951007553,0.8833236807954709,0.84143743223038,0.7836466694594229,0.8315408216301842,0.8343123366693765,0.866894936775083,0.8772435778680406,0.9626738114699074,0.8735853301020516,0.8800385508036956,0.7274667085500178,0.8918150168131215,0.9530391013708752,0.8834573883066805,0.32589190315163785,0.8864923049546933,0.9682559238042399,0.8726604246234776,0.8861756364451308,0.8426895614096338,0.8563252436473916,0.7975702701245717,0.7975551725681354,0.8842199761278369,0.5971965904047817,0.8781498368640217,0.8410353567353422,0.8515120599118089,0.6902240419335224,0.4708467270296064,0.882537074213991,0.8658020810490695,0.8642017528065657,0.929600878967729,0.7132207707369888,0.8742282258297167,0.8743184542193043,0.87720548344146,0.8741499709246969,0.8742615753100776,0.8733994272909598,0.8743724706447467,0.8744311234086876,0.8273050623736401,0.976448600471682,0.8467408595994205,0.8275968676610332,0.8731165785060372,0.8771595753465655,0.8773002035723396,0.9766824321372596,0.8762658834856217,0.8763870988134848,0.8744553645851214,0.8762034303063844,0.8773336914740567,0.877059574039412,0.8388066198243082,0.8774518195602592,0.8758566051908707,0.8741003768997235,0.8773371946687819,0.8773392133506818,0.8739673632699815,0.876343459181534,0.8800448842663239,0.8772456718918753,0.8790059848551739,0.8734377852994482,0.8237393029516578,0.8772564290313973,0.8550442363915426,0.8418098059015665,0.9148061189183875,0.877363039956203,0.8742939876526636,0.8756089572106458,0.8464119086750225,0.8824750371388984,0.8744111042318895,0.8744091615355822,0.8292383751235243,0.8414519988409525,0.1918434434303323,0.8731654117641883,0.7447673706733878,0.8613069560363448,0.8484957088783328,0.8721110304390669,0.9339959919911073,0.8168506959063163,0.806077333962295,0.7664895463212131,0.6493503983200637,0.8090812338066347,0.7728353752575647,0.8763909237382951,0.8341951595638161,0.47985461545540903,0.8762461538165892,0.8774312687866536,0.6080351023956804,0.9737108844670657,0.8575125627560062,0.9302316410716808,0.534375104110706,0.9429690468720159,0.8498066103512757,0.832425671658442,0.765489409642668,0.8643983365668328,0.8828094735006187,0.8633107450322122,0.8537039078909187,0.9152650691742108,0.8166337658284876,0.8622782873446084,0.2445900214687376,0.3496376880622941,0.9595929011591946,0.8450673356529287,0.840609178956793,0.8588714376485874,0.864946178610006,0.9445414144152593,0.8104137116937948,0.7861856743356668,0.9411791132384525,0.8691172035271146,0.8747402543988355,0.5514569943587196,0.6155205685242341,0.8906998670793027,0.8859917767578493,0.8745293865196423,0.8764111459130779,0.8743697783359382,0.8733779988869393,0.8740932487005179,0.8748786482866542,0.8752775317393542,0.8742681787267843,0.8729281939273855,0.8754827164993065,0.8344418841855388,0.8304342144847602,0.8744475633577548,0.6234859987985807,0.8743129100477405,0.8722321354341388,0.8749203068820977,0.002043050770943291,0.2809055851176208,0.885712583434423,0.9741241320304849
UCSF-PDGM-0024,0.38598117796732084,0.6541800646485588,0.11445841777262493,0.34371702267831883,0.3014015034319173,0.42669097947712886,1.0,0.376391546884788,0.6362821001994573,0.3717502260099815,0.6161943632682259,0.7037630750352513,0.42202198563138515,0.5862819595087941,0.3645946852078909,-0.1768296079556082,0.2990309331283632,0.9044053219646876,0.34457273305298386,0.342145582096155,0.24695288661655146,0.5795331341169471,0.8205904203427122,0.3010847246748898,0.8061721643039074,0.22775598324206914,0.6652964949808475,0.30132425690839076,0.6654717621178825,0.7654986596535961,0.3638452390377002,0.2844071477306311,0.39777804708995484,0.6934701552128669,0.39903253367515007,0.8566058621079977,0.3730088335316303,0.19505924128489546,0.30388181851742824,0.7782540683707556,0.3388854697314228,0.6494298084254915,0.4058501559004058,0.7290960021142044,0.3249992242619425,0.869277946941939,0.33910426212115796,0.5340884496822463,0.4569380946983519,0.14548785208883064,0.723328561278087,0.30900230684240043,0.3872720339848993,0.6673084384452482,0.3239305327201843,0.3442298415362712,0.43357640855933094,0.3762027166002903,0.5681293794788589,0.2837188943835537,0.46319246249356855,0.37305130931805136,0.5667932676256919,0.29373662895941766,0.4001672199074166,0.5981298761167578,0.7339256263878826,0.7140527198264424,0.4090789644060432,0.5853731845635585,0.37670544952069235,0.4641578808318722,0.6132013290021947,0.30441665010106755,0.698859604481935,0.25396651889149524,0.9190471422841677,0.6384218931280345,0.3988986226109032,0.37231693868525095,0.2152831970289936,0.4472525690619189,0.5899829830908754,0.5903246194747289,0.5875543403618604,0.5897020214115674,0.5901068537641923,0.5914245357152718,0.5905400116617766,0.5907849955735057,0.29629621453568145,0.3839909811674085,0.33568086397577035,0.296834929680594,0.5867090671012113,0.5873981807386857,0.38344365365731653,0.38566810475342456,0.3491090090216523,0.5889438701575049,0.590890130838894,0.38433581412733103,0.588011624043016,0.5870696346707643,0.3186972683430909,0.3841526067784594,0.5872021606662757,0.5895302367170601,0.5880246138466555,0.5880321122653063,0.5890898070508713,0.38493306379675574,0.3936839981592307,0.5876941305807613,0.3948744755682018,0.5915847387907422,0.32821081373287725,0.5877320685648026,0.30642103849182406,0.6377931851005818,0.3327831185127967,0.42006400099116936,0.5902298875871106,0.5865019667121683,0.7215600584880484,0.3196883057197581,0.5906999545029454,0.5906917835556448,0.2957024884510577,0.3228083495440797,0.4318563629285336,0.59054032185329,0.771444740278759,0.6910085696243066,0.30361733281913245,0.6793246851900588,0.4131742430756727,0.7586372198221727,0.3121061175250639,0.7789197763838223,0.2519170827144929,0.72357993164339,0.06711214468013288,0.43182082114465337,0.7006278244394107,0.8281520198229507,0.38451273584719076,0.5883851410355335,0.8765918686609032,0.4001803063064985,0.3177784401207225,0.3391728390375983,0.7732204580506864,0.43670125542492405,0.5500225252152973,0.30545707687182466,0.38908313787916105,0.3863096610336297,0.45533474023537174,0.3860689827070323,0.3154837879541268,0.3334137324648986,0.7038863562379633,0.5894206009128375,0.8207593740668933,0.9331890368007493,0.35405663234537127,0.3326901856897457,0.32114022699894224,0.3606162453174928,0.3771080482015337,0.2652571390116727,0.7264929978973707,0.6766433639257393,0.280427713651763,0.6250982518614104,0.4224032012511746,0.8618126457061158,0.47220191080188567,0.5043254701271135,0.4600947039178256,0.4557241633657717,0.38524195880568357,0.5905290577700646,0.5913372865279453,0.5829327406753669,0.38006759516028377,0.5856341113467375,0.590131701381726,0.5862466912923516,0.586163233926531,0.29819304345897146,0.6165850639583902,0.5908560277101107,0.2237293354442709,0.5903030066411725,0.5878027810252923,0.5847646509091377,0.003685239776516598,0.8483342901038273,0.4782741758057392,0.3853135459528446
UCSF-PDGM-0031,0.48580067573595376,0.6257823942603423,0.6614335404526344,0.7638531066054466,0.7886847647485684,0.7300370073103215,0.376391546884788,1.0,0.7321672092064055,0.7149762275060066,0.7503195145791265,0.6106486616810075,0.651600972627925,0.7385091032352131,0.7998798184738104,0.02222102069357459,0.7368470882220661,0.4807949008534665,0.7337772246399974,0.780640590878775,0.8938701993933128,0.6906097413866955,0.6576730815094627,0.7823271742219347,0.45006034578418136,0.5028353903421017,0.72885050588864,0.7828251004209574,0.8122185115291475,0.7645026598836625,0.7863737353000928,0.6628398272093394,0.6914135712916175,0.7762737999207822,0.7776559576040067,0.3854451288984397,0.798736480497113,0.8157349659416678,0.7811188224814801,0.44372120225158573,0.759261685085736,0.8234944477687365,0.8189170944766087,0.6651962926378788,0.7758181670471203,0.5754071185493862,0.7604264334866888,0.8146791275451725,0.8122061917715855,0.3666773734489184,0.7577311988931056,0.7847521639078298,0.7920595357908632,0.7529481821791141,0.8218025719491864,0.7548930189350479,0.7949315866160335,0.6925680445202733,0.7285507659874242,0.6067056167005355,0.7543206571134452,0.4213367852625829,0.7794643792577748,0.7076686772724631,0.7778873474195381,0.7828980278693123,0.7454020612099506,0.7430440865026987,0.6384864681998069,0.6871657747236447,0.8079805325174625,0.7764008232275269,0.763313729294719,0.7819639295683123,0.6401630589061249,0.8105456642011226,0.27446344049641025,0.7308665408797739,0.6963556207106897,0.7303754877251298,0.6731174417764242,0.43518587722327506,0.697910305506567,0.6978913331567232,0.6939899719972852,0.6979217881045517,0.6979040717645633,0.6961349920700084,0.6978764525731741,0.697856695350802,0.7841664483918123,0.6770788411502217,0.7816857821115588,0.7841487937220539,0.6978409170909433,0.6939926529618421,0.6787340517560723,0.6770557614897692,0.8385851693709439,0.6922716032934492,0.6978472708748613,0.6770807652166149,0.6939758997508301,0.6939948806775764,0.7827368510443713,0.678715465301626,0.6922822276702023,0.697927031262347,0.6939753613470478,0.6939750470012596,0.6979345117007906,0.6770760285464618,0.68251060565692,0.6939866652402398,0.6808323425939043,0.6961221627150392,0.7648782733389371,0.6939856182014936,0.7801102544198658,0.8056378144981376,0.7567377102719189,0.7614169317135306,0.6978971561505568,0.6922521737235248,0.7006651743923759,0.7737603894629337,0.6978639003901107,0.6978645731330264,0.7837437503968525,0.7829008923088687,0.26111763435475616,0.6961831398016264,0.7850164934772965,0.7105197949723163,0.7811776061392073,0.8342572995465459,0.6932200056307631,0.7120316005476499,0.3349006779863969,0.5119103161525721,0.40668549215761207,0.5474822983503524,0.7004552664775594,0.7680851449472599,0.5958117530158131,0.21357280924576424,0.677080437633579,0.6939572641781682,0.467130024348518,0.7580159315616765,0.7741469740545934,0.7585104601882597,0.7822683655418697,0.7684272709726248,0.9365467812621513,0.7839134492775883,0.5775617943621547,0.7710847673387298,0.7478685961778102,0.6695097773108337,0.7755835262419662,0.7637529378497148,0.5513506386695028,0.8947469125602387,0.46509880249461266,0.4375823537514393,0.7605814764478894,0.7813366413985848,0.7844894098240264,0.8023206423384069,0.8054994948837978,0.7894754763166442,0.7487414676067863,0.8076059631779787,0.7059898084254402,0.6641988269370295,0.7716166998362686,0.5554147099533765,0.5520277365310622,0.7576986357483014,0.7820607968575456,0.7713078627584976,0.6770694815048295,0.6978772649950725,0.6961414325270636,0.6918460616276757,0.6768342284754034,0.6921904852441485,0.6979027335824931,0.6977991951305872,0.6922312090016408,0.7824274602235406,0.7326888285109283,0.6978503909621468,0.6631877140187575,0.697892700115042,0.6961201065372158,0.6921035374854002,-0.13557520534236606,0.4351337909318189,0.7404312089685012,0.6808739344946088
UCSF-PDGM-0033,0.6487196810934784,0.9719793386309851,0.5951108196131368,0.9092766148266844,0.8646876964219657,0.8813401264627354,0.6362821001994573,0.7321672092064055,1.0,0.91374801169155,0.9950638653271894,0.9779363664452871,0.7998666308223353,0.9948105700086923,0.9133669058518034,-0.21572993254707615,0.8990232131202361,0.7782142163686614,0.9123446303481759,0.9058340083300168,0.3965491713219553,0.9926054751517734,0.9225326575431518,0.8661653952745357,0.8900678603625268,0.7719696067445516,0.9943935714662345,0.8660188330808035,0.9547138234542158,0.9519147875540709,0.9060414314503599,0.65780221993156,0.9111869646489896,0.9921170489695109,0.9281774770328075,0.8186857558495051,0.9123631767680904,0.42486091192591535,0.8700689830605862,0.8752818870689117,0.9053551740537031,0.9859354993554406,0.8794649826237521,0.9847666631501403,0.8930978330115422,0.7837522501303926,0.9018977780379146,0.9752822887290484,0.8608235830930179,0.5549806944176876,0.9752246473660161,0.8673485005741941,0.9197662994734591,0.9949819688413581,0.8521565961536285,0.9096404091284471,0.9447752758837589,0.4891000237388368,0.9945018301522874,0.8484744220102461,0.9603118275586285,0.2965074499822656,0.9865838450067009,0.8346915879894884,0.9302303769985092,0.9930622230034291,0.9753674671610718,0.9731022789120154,0.8374030818674089,0.9608426670138747,0.9134338760301031,0.5909423419084515,0.9892723333876752,0.8704390101264866,0.9762104379176868,0.7037105197363897,0.6933576283963128,0.9989797411036202,0.9042801607026414,0.9033149019874843,0.8154062794950157,0.45891914199339334,0.9885260046185874,0.9884640333119821,0.9882695884002334,0.988570792042149,0.9885045025153414,0.9886625367991764,0.9884205854230453,0.9883669218373295,0.8569700710224551,0.9016679882015495,0.8876330264467464,0.8574104631272377,0.9887432363206305,0.9882897993531139,0.9011124664180348,0.9015807355613918,0.9000812919578522,0.9884600109186278,0.9883424741743986,0.901659056439028,0.9882009997073296,0.9883271624814446,0.874888368288672,0.9010654510823844,0.9886614571302936,0.988595510713956,0.9881988417399512,0.9881975906779741,0.9886499460773622,0.9016326879233483,0.903440034348611,0.9882501252619121,0.9039634598380177,0.9886270272936285,0.8660883519335922,0.9882446169590221,0.8736475672793079,0.9539176655951896,0.9048297420635946,0.9429431102740153,0.9884820601584924,0.9886903234800366,0.9804399123148267,0.8894307145168036,0.9883860699100757,0.988387880413186,0.858168255592406,0.8783743473164822,0.2154507639343352,0.9888243955419503,0.9073917603046969,0.9940519387932617,0.8696524087086439,0.9743515408013452,0.7391068664753212,0.9567736997132968,0.5973608981569968,0.9305285052995196,0.703972167179103,0.9626541624530709,0.5954117041836331,0.9443983334763331,0.968975815166128,0.6261050339163756,0.9016526980696282,0.988134180473874,0.7862620969186912,0.9134955622542147,0.8878691387106998,0.9081605483652927,0.6746479118599412,0.8012549155179728,0.9060940616391229,0.8646181511965632,0.8101870242220411,0.9209773786935347,0.9591187441411669,0.9004807295030957,0.8840713004746218,0.9049011863461449,0.965407385948659,0.952635603815879,0.38018060836444084,0.5370563371661305,0.9131548414058532,0.8851675229151573,0.8769820955914482,0.9024554914946824,0.913739123607,0.8740029207297871,0.9250245607846138,0.8974398071080951,0.8905105758891209,0.9935618280665623,0.9303570570676813,0.6735623432235582,0.6519226676627757,0.9763698362240387,0.9578437520029315,0.9528800094087474,0.9016135162110289,0.9884228784467072,0.9886810526106518,0.9884534549118331,0.9014687882918136,0.9886889958414747,0.9885000577915019,0.9887260529878329,0.9886945318443953,0.8636885830489022,0.9611170022589993,0.9883504988672326,0.7363854520442145,0.9884682037517555,0.9890060778482792,0.9886494861182263,-0.009243581273704974,0.47866817271914297,0.9687552905319381,0.9013598670904753
UCSF-PDGM-0036,0.6141687642812067,0.8740375170215837,0.5898103626655951,0.9605089248057488,0.936421214135439,0.8784998532961814,0.3717502260099815,0.7149762275060066,0.91374801169155,1.0,0.9289388659046539,0.8585405985640188,0.9197546365653908,0.9392421651865832,0.9872365481932237,0.019163373610540744,0.9423429939169913,0.5392599952710042,0.9604834390128074,0.9586998290785849,0.3556188819904903,0.9293948063906804,0.7590719207081021,0.9382267146649926,0.7018061779522338,0.7948342724239993,0.9053290684834426,0.9418097205535494,0.8733197550165355,0.8161105818074831,0.9519635659351642,0.6882946083163569,0.9344188638452485,0.8880543421098934,0.9589485056005818,0.6016346841061675,0.9891999230362525,0.4167604177010699,0.9461733071315267,0.6973974930672786,0.9620581868506209,0.888431526212175,0.8779167990638732,0.8551735661925232,0.9700035909874493,0.5284032628270993,0.9604459126640074,0.9460288739485748,0.9218939690905934,0.5824305935744238,0.8625155789360428,0.9360289899627457,0.95522126501885,0.8856544509037735,0.8777987214383288,0.9951869605982256,0.9593721697679988,0.4124448548280592,0.9394506819148553,0.8744827993114832,0.9623692197219131,0.4260623870650311,0.94357766954886,0.8392391522015387,0.9591027110925169,0.9334695288061109,0.8295887731048345,0.8457925043457033,0.9463723465996008,0.889725913722019,0.9883228367021132,0.6361554058326322,0.9277337016136398,0.9464557870210997,0.8527256348133746,0.805771500235767,0.4456399912074273,0.9051433271923667,0.9913384135147676,0.991825445036941,0.8506946051350387,0.454276671827273,0.9096180915013065,0.9095824649740892,0.9057711365004064,0.9096419144939762,0.9096060316387434,0.9088123034510956,0.9095561237247941,0.9095223991973433,0.9309690611436415,0.9050885821281364,0.9455556989497496,0.9311990928433292,0.9096256292325872,0.9057796660001507,0.9661042129347159,0.9049818877134139,0.969385230518257,0.9050283632804756,0.9095066694170709,0.9652872168511186,0.9057378720883994,0.90579306531022,0.9398684692310503,0.9660095600357838,0.9051006199774936,0.9096541177941646,0.9057367424614184,0.9057360856508102,0.9096774807785605,0.9652227206557,0.9682481590410024,0.9057622931719672,0.9673806591277878,0.90879006974109,0.9687576040990948,0.90575969387293,0.9435182858663684,0.876529866015259,0.9617343351687986,0.9620800203715307,0.9095930909971759,0.9050838204476861,0.8360675749813712,0.9540733763622915,0.9095345668068123,0.9095357099363767,0.9335891310911592,0.9413523353463741,0.2673999958326105,0.9089048163417386,0.7733882721781588,0.8745804142467497,0.9408367685151692,0.8660565307470717,0.7459637839349389,0.7904352758768113,0.56277401887468,0.7561941111747741,0.8170862354426314,0.8329597623791669,0.6486520691517514,0.961707479883519,0.8476473109129459,0.3935081275593303,0.9652697034391837,0.9057011888462179,0.5262999100073723,0.9430090207573704,0.9650816548995858,0.9609156986998459,0.4794392140488125,0.8111251726959103,0.8371489912473156,0.9348146581966454,0.9027923300319489,0.9582239505125476,0.963538810823642,0.9837520704710969,0.9615985784069014,0.9606918680798944,0.8373172696520605,0.8909124281911315,0.139018989868543,0.2636893025967315,0.9523331920537399,0.944503491590026,0.9405480926736404,0.9479700007803264,0.95240854348628,0.914522021081318,0.7803146254292571,0.7733515413422797,0.9302463306640165,0.9080552423730753,0.9511401147762192,0.40536773716728064,0.7263148656494105,0.9584910797078636,0.9609929075398312,0.9615258208360415,0.9651832983495866,0.9095575373037748,0.9088236837875484,0.9046603713271919,0.9653330805198347,0.9050303564335851,0.9096034959021422,0.9095842658106066,0.9050671108058035,0.9397321822996879,0.891303556469482,0.9095118555248444,0.7468164649905498,0.9095849403875558,0.9089085631732476,0.9049432072703174,0.1384501457084326,0.2373233064485001,0.961804380396283,0.9089016907816748
UCSF-PDGM-0040,0.6278434456388873,0.958332991222274,0.58723909463836,0.9263880206142138,0.8927201843773128,0.8756565234202962,0.6161943632682259,0.7503195145791265,0.9950638653271894,0.9289388659046539,1.0,0.9628573146190421,0.8078192663649209,0.9982828699718201,0.9314591686492022,-0.17981729952464628,0.909527041694951,0.7458612341620432,0.9262765683499085,0.9246272950028119,0.41035096228228163,0.9909667217860361,0.9228653402266321,0.893932202709914,0.8537714917782913,0.7660147229146174,0.9961262364260147,0.8938758149947901,0.9714065488179244,0.9568185199680388,0.9293479725315564,0.6797056445999909,0.9139123971778252,0.9895997395023329,0.9481600906356614,0.7789067269970856,0.9306966909669353,0.44796327143472386,0.8972724504686372,0.8440302157365196,0.9260907426931566,0.9815442180916931,0.8787537350580583,0.9693344408824276,0.9162420643132823,0.7437611844860254,0.9235377665955005,0.9881511546451939,0.8667425581972733,0.5527656392338617,0.9780699003237014,0.895330843396491,0.9410442404911274,0.9836022237721473,0.865288607126462,0.9294581527787121,0.9620235525659394,0.46523229439675445,0.9935699582580675,0.8443975505791562,0.9735800000910717,0.31065619998697414,0.9947208683729446,0.827448881658848,0.9490298640888944,0.9981313002941073,0.9595598978139235,0.9599103407123503,0.8532458078390031,0.9748960735633445,0.9311114453046376,0.59734218679815,0.9951309886181838,0.8976306347072301,0.9577638275754695,0.7202147251349386,0.6654124263459775,0.990017287299551,0.9167136677205153,0.9207634157039515,0.8222542892516245,0.47425910713016683,0.9839762705975891,0.9839320596777821,0.9805625420864378,0.9840066504923223,0.9839611769598061,0.9839618963429737,0.9838999499230711,0.9838593186885831,0.8861724692522822,0.8988651242887208,0.9133262900782765,0.88656730279087,0.9840354124227021,0.9805744038953933,0.8985324701437581,0.8988455947202624,0.921807860438937,0.9806097460290166,0.9838405094637563,0.8988699381002465,0.9805187479600256,0.9805943907881349,0.9021157738162064,0.8985141348722143,0.9807185928901264,0.9840226458394719,0.9805173020226202,0.9805164621801794,0.9840550033304469,0.8988675933830215,0.9008538658766976,0.9805506032807438,0.901180183206224,0.9839349625994461,0.8877898033969619,0.980547145336385,0.900195910602615,0.9640817986324042,0.9244865253304052,0.9589900033125529,0.9839451346721925,0.9807121646320652,0.9603379359722195,0.9133798704541252,0.9838739261381451,0.9838753013090482,0.8871197528343184,0.9049738026243381,0.21630736381331256,0.9840775308606773,0.9202408633456637,0.9820333274854832,0.8970092837553928,0.968150192474837,0.7489089003607519,0.9361560674116011,0.5698071237220315,0.9027843674188003,0.7040803481870024,0.9461583707778302,0.6259852713864429,0.9616579903118606,0.9529212280785798,0.5788998588739858,0.8988706673800922,0.980472578129999,0.7421258818895766,0.9243643755096472,0.9121042132206747,0.9269734754900574,0.678684303182164,0.8185184569677333,0.9090281566436289,0.8929135396394807,0.8168403725014796,0.9426231372865466,0.9726904705927468,0.9083324816884356,0.9091753690318163,0.9238252288547331,0.9474206463625982,0.9633494193506377,0.37195253269300577,0.5166669549304507,0.9243621072858567,0.9111606149993843,0.9037711755708517,0.9256416501232406,0.9360875348562729,0.8850600710410499,0.9117947617882728,0.8981761293410405,0.8985880174621862,0.986859417713296,0.9466363888656268,0.6255836514219514,0.6553147820767421,0.9857131293148671,0.9721772376202963,0.9712420495700377,0.8988609566121036,0.9839016636564443,0.9839757683874049,0.9803096158867567,0.8985155080331433,0.9806684664247344,0.9839580219598318,0.983997440773203,0.9806996601427381,0.8917629253555399,0.9695238478249038,0.983846702156396,0.7685153989055272,0.983935098511624,0.984126474690821,0.9805879228936266,0.005324626574367205,0.4772328810456369,0.9797805557646093,0.9017445497565016
UCSF-PDGM-0042,0.667521522291799,0.9925982646773872,0.5489464272778839,0.8424971669411521,0.7768396850700277,0.8418818122049482,0.7037630750352513,0.6106486616810075,0.9779363664452871,0.8585405985640188,0.9628573146190421,1.0,0.7654135961895837,0.9638432561245447,0.8367313703252606,-0.2602538203677165,0.8381776415054408,0.8506500084185113,0.8545048818047831,0.832488141569856,0.26885409476557015,0.9771356770569094,0.9183225001104264,0.7797334412533284,0.9538773356199539,0.7627844918157057,0.9746252887613484,0.7794644259686744,0.9016732525344852,0.9264393988893749,0.8303442684346751,0.5913093848418945,0.871072997936693,0.9631972238625803,0.8606006839415777,0.9097236282299281,0.83693743143264,0.28539487011550874,0.7846491476445475,0.9536721007156627,0.835004790249426,0.946703058769969,0.817085089500091,0.995431931134196,0.8145248488591363,0.809946351311148,0.8288732562741399,0.9177194951915858,0.7884922918835883,0.5645371616313777,0.9509491570360699,0.7811943647578287,0.8470600744362379,0.9728299461175065,0.7800654998476049,0.8404823198348392,0.8791822673995325,0.44133460222919724,0.9662416541019374,0.8259401892770012,0.9091010316907105,0.27148278464072295,0.9448313873518659,0.7960231452531741,0.8635997491813192,0.9536852840109029,0.9613803633629188,0.9726424602986846,0.7973300972034406,0.9335905075377136,0.8385532798580707,0.5049423173808102,0.9603725411087948,0.7850299183424103,0.9957286985764686,0.6191532443332959,0.7645465756284537,0.9788403118283286,0.8543246599830667,0.8435094629520988,0.7642268626215889,0.44678574098239293,0.9767219422647764,0.9767904110771158,0.9784759905024172,0.9766607925729703,0.9767475258451016,0.9765042926378384,0.9768301491130348,0.9768720188980904,0.7682566910380993,0.8656134443404551,0.8074709603155132,0.7688141834975677,0.9757706623469993,0.9784387833062759,0.8658647036403903,0.8660789695853827,0.8141395744025522,0.9782781826406595,0.9768888763520833,0.8657165796642801,0.9785775354564339,0.9783564383605925,0.7910868876967233,0.8660525812783014,0.9778428627509625,0.976621316215127,0.9785802548563206,0.978581820413696,0.9765130997723481,0.8658862340120766,0.8678180518786889,0.978508217527302,0.8677507804058736,0.9765314997404066,0.7913983394490163,0.9785167855219835,0.7895221821476774,0.9243183213897632,0.8354981967180043,0.8830368994072921,0.9767720859639062,0.9776268625990809,0.9756425375458049,0.8110813540892773,0.976857892052003,0.976856511760026,0.7696906087496479,0.7955140218617043,0.1912566552639195,0.9763274252936147,0.8698270988310262,0.9830665727606246,0.784126397070623,0.9407508886088468,0.7013005019571213,0.9544748366186743,0.6423886908206893,0.9728456097812588,0.6947547204410255,0.9897627655679526,0.5050433177781007,0.8840378129078241,0.9982693825172179,0.7580988018753368,0.8657680323195485,0.9786519747396216,0.832775963141423,0.85446026016082,0.8082438472231868,0.8408479440313832,0.6285006401989343,0.7362649771768398,0.834045221341871,0.7778662443540019,0.7810234468446716,0.852565936042618,0.9091114358682694,0.858283379087791,0.8031953674351079,0.8349018179218473,0.9928728487499435,0.8823538948047862,0.4143550979922894,0.5700814039089928,0.8548388914229423,0.8042463214413308,0.7933130296925879,0.8236466924593226,0.8366382228188175,0.8017835311319101,0.930459926904422,0.8787178549983743,0.8323348075215267,0.9885387855711943,0.8767403192840486,0.7178056711427059,0.6134335833067753,0.9318750402546975,0.9004156600404368,0.8940213234308991,0.8659694209359652,0.9768281936101637,0.9764888311300743,0.9762237492407793,0.8641922631091573,0.9773299544964535,0.9767525546558722,0.9755988069653465,0.9775146941393827,0.7766326639800412,0.9170758363544477,0.9768834822947201,0.6703711831894091,0.9767862754344964,0.9755299241594856,0.9770024660832445,0.03197107698474262,0.4835567902157567,0.9243388439966893,0.8631968495737404
UCSF-PDGM-0043,0.558298232329027,0.7770187988422684,0.4570411199855222,0.8283132124897117,0.8094929040260423,0.7861959304251277,0.42202198563138515,0.651600972627925,0.7998666308223353,0.9197546365653908,0.8078192663649209,0.7654135961895837,1.0,0.8161166755488323,0.8948922300215574,0.25013684541547987,0.7979224183200866,0.5389162957600919,0.824845348246579,0.8302877042036305,0.3576291471891699,0.7967537585029287,0.6736178298668964,0.8102553982392774,0.6694040377178985,0.6505381515530447,0.7923153812613399,0.8184843828250812,0.7594537726460827,0.717393225636621,0.8221660212694993,0.5855904531574893,0.8243543509686418,0.7896312852519741,0.8275804964105178,0.5903024254887773,0.9044758344240303,0.35878603590524244,0.8237414920729924,0.6400689456620344,0.8268124067535144,0.7848741549532551,0.7734681309901874,0.7681782416311219,0.8570172169213263,0.5107940591966127,0.8297690558901029,0.8198730143778129,0.9138540183678384,0.48266134568930674,0.7608440690150272,0.8087527978511329,0.8257028308990714,0.7825321572327125,0.7475788375174514,0.8965345647853628,0.8299101275645329,0.41667370737669235,0.8163338015666659,0.7365636570012605,0.8322390824012863,0.60963819598609,0.8218432200872272,0.7055212958941472,0.8280805445827965,0.8145761799848137,0.7386742034150533,0.7573155453338705,0.925210391941324,0.7388322372736056,0.9049510443470846,0.7273294082367923,0.8115344657391234,0.8241769786592221,0.7653789539456107,0.7950316721371397,0.45698009523879163,0.7936002001645165,0.9334971953539399,0.9111299141538584,0.6926017216081143,0.45860986717914576,0.7784156182094585,0.7786291636271337,0.7763482717062469,0.7782376885741622,0.7784934073548041,0.7775516883895756,0.7787621615394492,0.7789118435630272,0.8046929890460307,0.7748783689743874,0.8160627933282507,0.8048765256048579,0.7762283727211082,0.7762475805175623,0.910287065137719,0.775754443848853,0.8697599472986021,0.7754811980163682,0.7789755497123177,0.908468672941884,0.7766396142005855,0.7760338084056161,0.8116171375527512,0.910564167636268,0.7743458454283567,0.778127902888246,0.7766478119221615,0.7766525420871705,0.7778430866012953,0.908714362655605,0.9199379953542237,0.7764378960007932,0.918212350111157,0.7776497743670677,0.9005789101965329,0.77646213487664,0.8143481232014557,0.7639492146496853,0.8261343041426028,0.8293220161762772,0.7785702650816186,0.7738701010815351,0.7438336576738844,0.8221392682333222,0.7788600789482303,0.7788550943300461,0.808393376313074,0.8129827498892199,0.4732544758161609,0.7769976566221721,0.6846352054993978,0.7688400303294667,0.8120804785219713,0.7778890323986335,0.6646571610734737,0.7052842319490292,0.47058157211415547,0.6837167148148389,0.7922458851312936,0.7477077126259173,0.4909631223919831,0.8312943704274118,0.7519773555099489,0.43462465672304645,0.9085426395874583,0.776873556035718,0.5027728104711432,0.8264010114820851,0.8479151140854735,0.8230698243488447,0.44336441676367094,0.7100482915268694,0.7478587774512503,0.8077492660400728,0.8780069459665518,0.8252541085994884,0.8291944632231044,0.9186345188815077,0.8438499329696112,0.8267610037055038,0.7415874011825292,0.7840591396030633,0.19565047773610555,0.3078873802895748,0.819547657158251,0.8155734679565364,0.8123989134582195,0.8201155883259483,0.8229257828076221,0.7689866991726428,0.7003623262518129,0.6762803564960683,0.779826482033541,0.7837200420110741,0.8279523864313835,0.43323475305075854,0.8037372765876611,0.8301420612302783,0.8323081892131283,0.8273299815488402,0.9088369119639301,0.7787554290606453,0.7774979637442443,0.7713026856948537,0.9064035195914226,0.7732666881322151,0.7785089621429931,0.7759015710857265,0.7736363345430777,0.8159307599382648,0.7492105704452129,0.7789549204432649,0.5553423911736205,0.7786157476376453,0.7751638496959916,0.7726480096708707,0.2053301550552448,0.24896269291574244,0.8276155809650731,0.7770231835139235
UCSF-PDGM-0044,0.6335709846633735,0.963814337047072,0.5950182619552303,0.9387158561980445,0.9045328015219559,0.8844702632203281,0.5862819595087941,0.7385091032352131,0.9948105700086923,0.9392421651865832,0.9982828699718201,0.9638432561245447,0.8161166755488323,1.0,0.9400450124441048,-0.18501503685285228,0.9240893073107458,0.7327305436344657,0.9397916901061204,0.9364239501592666,0.3866644538926695,0.9945659397545114,0.9017427591624593,0.9060800598149156,0.8523810220434187,0.7841121479324843,0.9915365238778787,0.905964056306705,0.9574377946345285,0.9391107916836656,0.9395624324756211,0.6779862764357437,0.9266352906345238,0.9832391123896292,0.957603727392437,0.7745355397997316,0.9384730277582555,0.4300413515883334,0.9094435934315301,0.8438313477754087,0.9376982267110991,0.9761872542974922,0.8842116127586727,0.9672933141005782,0.9282415318647624,0.7214840576320547,0.9352854077848947,0.9885142458698377,0.8626017460697121,0.568220284002214,0.9663323245942129,0.9070451434430128,0.9503070326274066,0.9811504153994979,0.8701732277278305,0.9393781846617343,0.9693905105724225,0.4570556433381488,0.9980611272763064,0.8628435084023046,0.9817264021676801,0.29055634232823424,0.9962236278591897,0.8400100248245306,0.9587873904191205,0.9969826266483613,0.9506834521937427,0.9569537645571574,0.8540834924390451,0.9695195512442926,0.9366542908380747,0.5747202105655812,0.994959670704191,0.9097447126255861,0.9600806681996795,0.713342682233519,0.6423132860316062,0.9903271569743063,0.923322052365209,0.9262767347063714,0.8359508033792988,0.4615080080589198,0.9849067624429113,0.9848425064873166,0.9825183268396178,0.9849534269218555,0.9848844322586714,0.9845823200668445,0.9847976168879353,0.9847423122575248,0.8981295118815171,0.9078173706677323,0.9245125782757587,0.8985145131613061,0.9851457758904095,0.982539233626822,0.9077331838150742,0.9077065281872502,0.9295082705160478,0.982258304950628,0.9847171599152976,0.9078037014992087,0.9824477282147016,0.9825780759162391,0.9136637697477425,0.9076757687520166,0.982466801733741,0.9849792924633606,0.9824455137693482,0.9824442301210206,0.9850366655634601,0.9077689912225908,0.9099728698293372,0.9824982448430788,0.9100135307919504,0.9845458222054326,0.889926767938423,0.9824925692526276,0.9124580817027469,0.9585244578179614,0.9370424080198475,0.9687584495264572,0.9848611670920044,0.9824986908342259,0.9554862647754242,0.9256232939716992,0.9847620301396013,0.9847638953826199,0.8991736395916405,0.9165157399552453,0.18498797806691628,0.9847496470248052,0.8961067743402935,0.9784760506902974,0.9091428822055838,0.9616612146859196,0.7471649661934671,0.9252480277419685,0.5797203406696445,0.897877477251132,0.7108072952755715,0.9453005672406611,0.6268191438772125,0.9702787612760011,0.9546881708124481,0.5762328958412936,0.9077948902775878,0.9823792990132737,0.7235291595885002,0.9330789110470981,0.9243521468157742,0.9384804953655513,0.6400689412181064,0.8127849613621324,0.9029909041772489,0.9047304905663345,0.8166040618944359,0.9525371790382741,0.9812001047000909,0.9160320977838289,0.9213379557902595,0.9365502460147264,0.947717425616818,0.9550117991936976,0.33454274120348026,0.47767909229486394,0.9364588566042413,0.9224224576489393,0.9152566105505404,0.9355473128344836,0.9449431155902466,0.8981012744640025,0.9057658501909072,0.8871660580327706,0.9137628344401508,0.9888677068827341,0.9573265352339789,0.6068962828215498,0.6390021849498592,0.9918499204562303,0.9792670960912958,0.9773741845167361,0.9077454358318248,0.9847999832554474,0.9846013744701446,0.9822786182006606,0.9076683012292708,0.9825012438151689,0.9848798213882295,0.985131654546941,0.9825043967659376,0.9039648280894226,0.9646821089977508,0.9847254132157943,0.7748373170221036,0.9848468215345366,0.984948382107434,0.9824657598388492,0.004233449570193075,0.43056282593619655,0.9875680431845786,0.9097080481708941
UCSF-PDGM-0045,0.5899901608301193,0.857284278010913,0.6119023498610205,0.9765225262396653,0.9709236683124257,0.8847101752353422,0.3645946852078909,0.7998798184738104,0.9133669058518034,0.9872365481932237,0.9314591686492022,0.8367313703252606,0.8948922300215574,0.9400450124441048,1.0,0.0044479429500532955,0.9520019521288035,0.526227589508478,0.9689640243766807,0.9802698249531455,0.4611551936181217,0.9192837745136666,0.7521711210414307,0.9712417836211874,0.6664893324822446,0.7662276269809102,0.9024555785133981,0.9738062351089017,0.8915009165895769,0.8272924078368926,0.9792090167427026,0.713776759567817,0.9317026945282376,0.8983141440489617,0.9806036954460257,0.5638423260311826,0.9995421172003089,0.522448816756486,0.9764424274399292,0.6579532449754075,0.977961664607269,0.9069821989674219,0.9020850313624185,0.8445515495713216,0.9902159855446181,0.5302442616286716,0.9787486189677518,0.9652008586514312,0.922951011332033,0.550414590761009,0.8649691479928209,0.9700450214821952,0.9811159847210642,0.8913392370181636,0.9023452488842038,0.9958157076962744,0.9812697393974061,0.46663584385902174,0.9398705776217114,0.8605537483086156,0.9738793301171035,0.40230510366926997,0.9546876584070358,0.8427237867562667,0.9807299989216614,0.9420159160091026,0.8344089656961798,0.8526434177522249,0.9045691758969803,0.8807120546162197,0.9948691856161123,0.6614821312709627,0.933736915902818,0.976722501801994,0.8391791469788797,0.8115463282872255,0.40131438941735836,0.905576009573962,0.9669836329863069,0.9754100194138353,0.8513437843151568,0.4545482949721552,0.8976827933471158,0.8975991350784334,0.8939892969258773,0.897745717195481,0.897653380825387,0.8963332590098977,0.897542227464809,0.8974734619429969,0.9666933592727186,0.8929049585254384,0.9753059647289632,0.9668403575008883,0.8981262077210113,0.894019232342304,0.9361546947605196,0.8926077616366651,0.9953099669288046,0.8927157186238308,0.8974426023567054,0.9349867050788755,0.8938927417868863,0.8940773345269154,0.9721139323714829,0.9359905435322678,0.8930245331981633,0.8977816546661899,0.8938898007540447,0.8938880979551244,0.8978652889796409,0.9348639092869996,0.9394141215430077,0.8939612029938991,0.9381594497374225,0.8962881527942136,0.9587749124343243,0.893953364619389,0.9742248704618899,0.8947439949211369,0.9780003414404416,0.9785431567027537,0.8976231343941565,0.8930994952253526,0.833628544268176,0.9788996382082523,0.8974978270027885,0.8975001401937562,0.9684530340953634,0.9730978807657084,0.23046573378680923,0.8965498195112177,0.793685861490106,0.8704804397632844,0.9726978343128813,0.8892933392513998,0.7564934147295018,0.789346928329177,0.5145705618559198,0.7217165697380319,0.7373184888491517,0.8006130826932375,0.6807309272236143,0.9787297796167251,0.8238046047568631,0.3521717781460819,0.9349519331397912,0.8938036642310392,0.5087044003295094,0.9527341903399156,0.9871229718800728,0.9744777982060926,0.5360801599150574,0.8306865661336222,0.8899340567070603,0.9691696670213042,0.8468271791108971,0.9795134131494219,0.9733485677854022,0.9521263391441962,0.9852195337560933,0.9788858858479953,0.8049361575211523,0.9283461706861506,0.17906249592470047,0.2739191758102345,0.9635720686344951,0.9746915848652571,0.9728421618884748,0.9789975284827701,0.981412604165834,0.9364479274979639,0.7933925361971377,0.7986793259312452,0.9343942105427869,0.8934102217978426,0.9714604544268023,0.4279262521318208,0.6814060695237167,0.9671673874163238,0.9779419052809423,0.9762516651266755,0.9347942912057395,0.8975452009231482,0.8963570431784225,0.8931192015761626,0.9354462295269264,0.8931573883023918,0.8976473557361694,0.8981433008090508,0.893126552141778,0.9723972113851533,0.9075076609045215,0.8974527023037144,0.7837885561096519,0.8976046653113771,0.896917091650718,0.8931793566478419,0.047849397332647765,0.2464841037204138,0.9682824281439816,0.8965411553953323
UCSF-PDGM-0049,-0.3194280917675088,-0.25605817847658907,-0.2176564620166071,-0.12841358618301993,-0.041446314750297406,-0.2378992783822365,-0.1768296079556082,0.02222102069357459,-0.21572993254707615,0.019163373610540744,-0.17981729952464628,-0.2602538203677165,0.25013684541547987,-0.18501503685285228,0.0044479429500532955,1.0,-0.14577562926307167,-0.30210210593752584,-0.15155714697933648,-0.11110781454430299,0.10468891454380731,-0.21834343342193024,-0.19616792355019189,-0.04505952659931038,-0.3127752553972584,-0.2005116178766358,-0.19589640457462493,-0.02947040973393276,-0.12238634473090439,-0.17755135731722613,-0.0728056960336891,-0.10011936222263228,-0.20488825233350202,-0.19025345262942428,-0.09568460981300828,-0.31545444151628915,0.018892007713637252,-0.009619327059048794,-0.029688781663779647,-0.3179749158786007,-0.11105984441259407,-0.18719726560462066,-0.2125714003592639,-0.2498033712866244,-0.023923035961628623,-0.254147760286912,-0.10058058420035051,-0.13549625442375196,0.12077473396832782,-0.13213351639328064,-0.16220183287243636,-0.04095833504978252,-0.08457127895873823,-0.22932754086793486,-0.16343801390599527,0.015167582775538164,-0.1082782739560692,-0.2317557228878716,-0.2041259443020156,-0.21444554962892826,-0.13657805516931237,0.4566864635421976,-0.16334543258802273,-0.23956217599411997,-0.10095728333218557,-0.16449905232279588,-0.23289612016523897,-0.24391158950582045,0.1521398532759122,-0.13620531538041547,0.0265407414936737,0.28329688322632407,-0.17631447761354055,-0.029191530160293973,-0.27740953715803657,0.2732305056458617,-0.22385521542635362,-0.23126935154258374,0.055836867910457375,0.05226376388083221,-0.16355673647336444,-0.1478978627010843,-0.23660980031002135,-0.23596637264314227,-0.24831395381275773,-0.23713135504146282,-0.23637769623495677,-0.23568596492124913,-0.2355553251589805,-0.2350825815270062,-0.0323399631745746,-0.2492378888089618,-0.05820965051019562,-0.03267869538192527,-0.2423124414747195,-0.24859936279284117,-0.006301195263724412,-0.24667456322181347,4.258701016121602e-05,-0.24750728875067768,-0.234877958524532,-0.007903163041926491,-0.24746650470714546,-0.24919342928103796,-0.04714929026293393,-0.005363826355116796,-0.25066302723427447,-0.23744696369168736,-0.2474421713017183,-0.24742811807497103,-0.23824513835802968,-0.007119551945549833,0.0004350577320283734,-0.2480567598709674,-0.0007682361926796443,-0.23537606433448124,0.1388231126738904,-0.2479866784742974,-0.055270783362581975,-0.18218481208063214,-0.11258562875130304,-0.12056927355531685,-0.23614582478838408,-0.25186683722295194,-0.26402244614597536,-0.0788462576195764,-0.2352473242101537,-0.23526311704496455,-0.03019905733813379,-0.05072859143035844,0.4385458912756953,-0.23735435425938498,-0.1278442189319227,-0.24258725397264375,-0.04946206035103629,-0.17996098770846808,-0.22164905822472522,-0.24781635475809827,-0.3573112359400064,-0.29799411534873255,0.23370083198817587,-0.2629513032115092,-0.07181293563047958,-0.11312410811990253,-0.2706695782217665,-0.3013377917229699,-0.007671845891277661,-0.24676088386840542,-0.29811888249095797,-0.16360158054717538,-0.026987328976991853,-0.12509093457984857,-0.0986994668591675,-0.16801920612775323,-0.1343589797739969,-0.03877768154087865,0.14426164357913532,-0.08851143841530294,-0.1377340617113979,0.03663237046697372,-0.02580806661448706,-0.11517054240204126,-0.2780200423619064,-0.11337985047572799,-0.07308259428969577,-0.1023476842210473,-0.1675896923356885,-0.055781371923104554,-0.049180880832174034,-0.07030210603332203,-0.0759122471984891,-0.13744217941380127,-0.2592561703777228,-0.22897573110630207,-0.14726777648220377,-0.23801020556665994,-0.11250077858104335,-0.2624881441938885,0.27213729201858167,-0.15456410782269212,-0.12473628435755042,-0.11593724082287317,-0.006711186194928568,-0.23557633188195856,-0.23585372740606037,-0.25752544662132454,-0.013292063123553332,-0.253312732157943,-0.2363309758976592,-0.24305894446090792,-0.2524370655148825,-0.028379020659168766,-0.18927331303577005,-0.23494444914099216,-0.2077484501882737,-0.23600738511963193,-0.24212611008421356,-0.25471379816366646,0.22333201247959517,-0.029760864196139422,-0.15268185597423228,-0.2372803046770262
UCSF-PDGM-0050,0.7221886300846218,0.8631156995668342,0.7582942759907736,0.9879662656746849,0.9420632080156343,0.9466035459382882,0.2990309331283632,0.7368470882220661,0.8990232131202361,0.9423429939169913,0.909527041694951,0.8381776415054408,0.7979224183200866,0.9240893073107458,0.9520019521288035,-0.14577562926307167,1.0,0.5016967442221055,0.9920395043013257,0.9817664059898807,0.3893587148245134,0.9173693381922241,0.7085154973514005,0.9439874136756138,0.6724936166107597,0.9088749397703253,0.8816839674532787,0.9399268643423203,0.8406241181362759,0.7804261650412342,0.9516934572032884,0.8228244299857529,0.9803338906441629,0.8676666677576105,0.9564388214654397,0.5695152550540596,0.9469610900537893,0.5316439180836349,0.9424495078785647,0.6745750837695036,0.9836166709621953,0.8800698414016871,0.9446645375869313,0.8356330571017944,0.9542153570016679,0.5024059086589745,0.9780074944671344,0.9354063764784544,0.8303216175262517,0.7455020982898081,0.8318588448425438,0.9381298192584365,0.9542692557392535,0.8744205638382593,0.9584362524456717,0.9528438490231393,0.9563479224277844,0.5237573551943135,0.9299360090083711,0.9642321775953462,0.955820699040942,0.21131763840957474,0.9311304300862698,0.9432447426728628,0.9576256915698819,0.9193093332519496,0.8134511065472961,0.8358684989565776,0.822152196523899,0.869884672253055,0.9410759353906565,0.5085381811453465,0.9113478111300513,0.942698805613377,0.839236173005441,0.7221104251927511,0.3716875078517935,0.8936280752491391,0.910221960784124,0.9222010493321527,0.9611077236840887,0.5339643819130596,0.8998226015532172,0.8997808174590184,0.8989182685449568,0.8998514838008157,0.8998083098174845,0.898478661351406,0.8997505906872574,0.8997124435744814,0.9334706599448503,0.960267976595055,0.946202023311741,0.9336760118552515,0.8998888593383392,0.8989300735003677,0.8988881238685512,0.9600406637166878,0.9495171373999887,0.897631481365911,0.8996948147493355,0.8976922564471532,0.898875364240274,0.8989503375606057,0.9413038503338412,0.8988197544531469,0.8977392366344467,0.899866778375426,0.8988739597007303,0.8988731441681067,0.8998980600746229,0.8976489250668763,0.8993705847111635,0.8989064860633177,0.8981386766891194,0.8984536316251824,0.8927035435780992,0.8989030879382729,0.9515299370636217,0.8601996548842424,0.9843856811412278,0.9588709172323782,0.8997931515503841,0.8977364808416722,0.8209620843474287,0.9676947247262898,0.8997261467902403,0.8997274374420815,0.9348205075907765,0.9428719161740283,0.054808537484183094,0.898586606733827,0.7308785590488704,0.8571335422534943,0.9474616971368403,0.8589348890987958,0.832244509259231,0.7732540535134286,0.6717188054867569,0.7257051454602893,0.6990706612407108,0.8017303788445568,0.8003384594611817,0.9565555833329628,0.829275757552635,0.36507817438946594,0.8976808842014052,0.8988307514808792,0.49197073545567044,0.9837907862724415,0.9526638550237674,0.9896589696011671,0.4473632699658254,0.8755736887075182,0.8465146558894858,0.9369815143563418,0.779734078145866,0.955379476389463,0.9575740420646169,0.903930962788831,0.9504019611501513,0.983458672735485,0.8112766407415462,0.8822729196821238,0.09476663717553499,0.2005368069644391,0.9928308697823389,0.9451357944366846,0.9421782345777158,0.9497631475846876,0.9529411161859291,0.9912287279401264,0.7716201006602955,0.7628190384632528,0.996725051249279,0.8922144723386058,0.9521047602459622,0.39430433259145514,0.552200086036336,0.9508548282390734,0.9564393021757455,0.9524913857216023,0.8976209383703732,0.899752201930538,0.8984915644520203,0.8973829451245784,0.8976203479276228,0.8977002615554394,0.8998053262816036,0.8998557523408477,0.8977265226003242,0.9388768766713568,0.8679435451044603,0.8997006169298805,0.7623290277571046,0.8997836826079338,0.8986381361085247,0.8976302225514193,-0.03742805529088048,0.16369772227905707,0.95460282123374,0.9615238648088366
UCSF-PDGM-0053,0.579608055321191,0.8310213516175352,0.3589243448741508,0.5255881982371147,0.459540394182519,0.6106446703266499,0.9044053219646876,0.4807949008534665,0.7782142163686614,0.5392599952710042,0.7458612341620432,0.8506500084185113,0.5389162957600919,0.7327305436344657,0.526227589508478,-0.30210210593752584,0.5016967442221055,1.0,0.53341075870647,0.5170537627009043,0.2872423246403639,0.7456723886210135,0.8367331193273411,0.4602507946680835,0.9103006290685157,0.4486975534955968,0.7836376870166515,0.460119834095771,0.7325104532746576,0.8200689265243338,0.5253557928430493,0.36185390870168027,0.5780092161934918,0.8020223289319004,0.5620613553502314,0.9547940923864331,0.5302729251923913,0.18812215757008793,0.46415349188370136,0.9267695358050908,0.5102371203234987,0.7816296428893187,0.5954267059139148,0.86304645974674,0.4912634785647072,0.8877603629329672,0.5043907754195183,0.6736576677200793,0.5608055327515384,0.3387626739224919,0.8125449169932359,0.4663731037938122,0.5491329420238469,0.8038363304657038,0.5151729917003286,0.5122556879846089,0.5940166445113102,0.507508858279366,0.729660999136801,0.513801027748271,0.6274650058001332,0.3455797275205075,0.7142528090444079,0.5330985902618022,0.5661354544765074,0.7367481126561982,0.8444398808551274,0.8728492497273966,0.5304924528011666,0.6989116464312689,0.5350332717153898,0.4459352367709742,0.7629174597463764,0.46469179705014496,0.8657226811281937,0.38615735074356367,0.8501952054703346,0.7861200302947492,0.5494628888841698,0.5289453491095967,0.42665010782749907,0.4353548218873905,0.7606158079017558,0.7607774020406156,0.7644295943549844,0.7604801974495926,0.760674824038884,0.7590745994286751,0.7608773588173613,0.7609891815729558,0.4518419189779185,0.5732766849724232,0.49578569784081794,0.4524477915936853,0.7589016892686246,0.7643530122969516,0.5750460935334448,0.5742174365160193,0.5117428379717202,0.7628799121872387,0.7610365472789862,0.5734736106473816,0.764649641609955,0.7641895817461509,0.4770031240671854,0.5754383620340299,0.7620108101913029,0.7603961114739173,0.7646557985698168,0.7646593502992934,0.7601765984803619,0.5738104532501251,0.5794683462875674,0.764497535272445,0.5780553166113168,0.7591479916579424,0.47079953450233397,0.7645158727047421,0.46844341912631643,0.7947432266862984,0.5093943086593866,0.5876854444976213,0.7607329643266468,0.7616382833039126,0.846238034224461,0.4874828434002072,0.7609505931426688,0.7609468726008098,0.4520745576493628,0.4821241300059637,0.24557322223490047,0.7586546452008645,0.7819815008108393,0.8212773883827408,0.46364477424467304,0.8088123650880182,0.5529298319910915,0.8644205176691044,0.5216467834384472,0.8822368582040908,0.39818883744105826,0.8398922702937699,0.2195978378579284,0.5935772606578193,0.8597114013271012,0.9200626663781422,0.5735739567584259,0.7648245491403642,0.8957294695024486,0.5648809878031655,0.4839050358419689,0.5175286284083133,0.7202046242534003,0.5368766991153959,0.7067380712700018,0.4623139196564478,0.5124764429272023,0.5493171452771147,0.6231924384069122,0.5525839738565363,0.47974411245242293,0.5127165636562966,0.8360164226528459,0.6966574897278126,0.7605140983304712,0.8142579080683329,0.5518720052050063,0.49184173604454023,0.47990464949224954,0.5241739127754537,0.538674893587926,0.48363527526880046,0.9044045410190357,0.8461513899554038,0.4814797353822583,0.7803009937337599,0.6033049398777276,0.9108782020731625,0.4676279171949106,0.667108423590896,0.6226000558976799,0.6098012864834514,0.573982517904917,0.7608723121426946,0.7590342699602151,0.7595688753805994,0.5709193228145971,0.7611600839929602,0.7606866044534837,0.758638565492077,0.7614537352990249,0.4568549813803546,0.6947674497068653,0.7610212246262176,0.4096707224076905,0.7607672890373695,0.7572152094530549,0.7606640528355324,0.12667530835951077,0.6834085471576362,0.6462948937906002,0.5683673650693992
UCSF-PDGM-0055,0.701570415999485,0.8805513652805634,0.6984128439135389,0.9979860051126127,0.9623106256082619,0.9408534549929913,0.34457273305298386,0.7337772246399974,0.9123446303481759,0.9604834390128074,0.9262765683499085,0.8545048818047831,0.824845348246579,0.9397916901061204,0.9689640243766807,-0.15155714697933648,0.9920395043013257,0.53341075870647,1.0,0.9935568756524821,0.36986450446370933,0.929496810422823,0.7313573627834188,0.9642730295793336,0.6904363371432306,0.8715502211273699,0.8983296332314061,0.9612599013184677,0.8619078092617888,0.802286140723864,0.9716183875146034,0.7994047096289181,0.9822589585851794,0.8842584663792417,0.9757386967684706,0.5931954574461281,0.9649575453757153,0.5093246073061594,0.9636227323003874,0.6941556439541983,0.9955008231450666,0.8896438747091738,0.9377244522769382,0.851709531278913,0.9739347953613273,0.5061891428863191,0.9920584764066097,0.9521200496969209,0.8437086325844536,0.6926250454001364,0.8478471260453763,0.9595989272468616,0.9734532446274691,0.8849061001801166,0.9439948458433802,0.9690961068618621,0.9741016592140377,0.5028554941816356,0.9437362299632551,0.9431039645737456,0.9742167323978314,0.2602611718320411,0.9492853181276057,0.9140646857105126,0.9764761278968813,0.9335858113815835,0.8214785570598793,0.8529509900800866,0.8448374091171014,0.8779526050389495,0.9554690552198333,0.5264958161350365,0.9311353181764201,0.9637745287678594,0.8556133343681134,0.7108411988495851,0.39753737591085325,0.9052716659806114,0.9273628517095049,0.936544084842468,0.926280838333837,0.5460515187296252,0.9064480935730909,0.9063631961228911,0.9042730480536745,0.9065119750293575,0.9064182413788666,0.9045432565222764,0.9063054636733083,0.906235717723747,0.9553530538765851,0.9482273352438517,0.9670734707672671,0.9555439504677055,0.9068996339079428,0.9043037134236042,0.9042021069740723,0.947856779496243,0.9650903428038381,0.9024429808524917,0.9062044232717176,0.9025833452642325,0.9041742402439661,0.9043632882060053,0.9626225160188236,0.904061892619077,0.9027586662106194,0.9065484714685887,0.9041712326545807,0.9041694913699183,0.906633449905964,0.9024803075863694,0.9059595335146358,0.9042442839030208,0.9042667947613084,0.9044976092142427,0.8993932275495767,0.904236260867535,0.9706440650393825,0.8845299284321706,0.9958524255233611,0.977454531313805,0.9063875474400346,0.9028357959767221,0.8299409618665261,0.9838667484945023,0.9062604282935809,0.9062627743904224,0.9565943213523973,0.9639750619592793,0.08335783216820986,0.9047624923661741,0.7548706315992009,0.8685365692236324,0.9672424678007392,0.8705096281636349,0.8311629442243827,0.778208669043087,0.6438599848377239,0.7375170028182275,0.6867266234015763,0.817710646152355,0.7506045563700029,0.9758342458976282,0.8461284339064802,0.39567724484951405,0.9025543548710432,0.904083190509421,0.4996554545192842,0.988126535284305,0.9726451455237872,0.9979543308535047,0.46605069547734823,0.8765330577489115,0.8542650986935172,0.9585786566926457,0.7880324987838446,0.9752911937799884,0.9753275134238986,0.9168690878524132,0.9708506206945673,0.9953776814563529,0.8247831049569859,0.8950363868227561,0.132620557930917,0.2261623573385374,0.9968030494243382,0.9661566926354866,0.9632597766405259,0.9692042285968862,0.9712878706520068,0.9745679304665954,0.7907620850932002,0.7826839542106528,0.9812948733893678,0.9047402865049285,0.9731274436649292,0.4082620979131186,0.5705422064355655,0.967381374451065,0.973819663952887,0.971764855438305,0.9024211801190818,0.9063084799098913,0.9045673278738816,0.9028621725480132,0.9029202693225437,0.902895952653019,0.9064121267848751,0.9069173981892588,0.9028637903066625,0.9600423105260135,0.8946826851629813,0.9062146652185704,0.7792494789611941,0.906368807238018,0.9051351354739886,0.9029197533348957,-0.004891284058077888,0.18417191256318236,0.9716997017010609,0.9506247400160578
UCSF-PDGM-0058,0.6437892488617825,0.8592488346409249,0.6661742694277643,0.9986398505789919,0.9849479186049971,0.9183179067833368,0.342145582096155,0.780640590878775,0.9058340083300168,0.9586998290785849,0.9246272950028119,0.832488141569856,0.8302877042036305,0.9364239501592666,0.9802698249531455,-0.11110781454430299,0.9817664059898807,0.5170537627009043,0.9935568756524821,1.0,0.42778120366898964,0.9163002170052978,0.727266421653636,0.9858391652588538,0.6596354453803008,0.8199837935210154,0.8927827713818632,0.9837586638657929,0.8744958849777855,0.8064979759476725,0.9890053712750649,0.7812474362843967,0.9629440141233825,0.8856341913569943,0.9887875091219238,0.5582337253693275,0.9757541564118587,0.5494722962063675,0.9850727713611289,0.6558075830126017,0.9986578065039239,0.8930407485749015,0.9276317776170545,0.8364006631818532,0.9893983515135025,0.49454644053667585,0.9986806454827409,0.9615129316223467,0.8514448327327341,0.6327115405203412,0.8472310645373591,0.9827982400321307,0.9893089531186878,0.8797363353533497,0.9354104910153116,0.9745852943034368,0.9862531264247723,0.49600358532998395,0.9381511377472772,0.9053878280960287,0.9794519826444318,0.27177162131319954,0.9526047652724795,0.8825137603420814,0.988984129399407,0.9349916579948311,0.8148889301435069,0.845410848804759,0.8334038677608789,0.8727405369909925,0.9637207761312562,0.5537960416671348,0.930872995456928,0.9851995667791266,0.836738575892473,0.7229434397560048,0.37503923428581054,0.8976759194884991,0.9209697886917494,0.9334291941544146,0.8983915569949023,0.5173064374766819,0.8897461776877406,0.889634527848811,0.8864001822430829,0.8898318939653215,0.8897066516498957,0.8877012370873434,0.8895598109229143,0.8894706327394785,0.980070707647305,0.916928357465951,0.9868617733970976,0.980193412543794,0.8904439461917631,0.8864426411770424,0.8863038400865635,0.9164727278532807,0.9833418978907286,0.8844401367313043,0.8894309607354735,0.8846301395399468,0.886266605057298,0.8865269001235289,0.9844865448262806,0.8861192550348866,0.8848867030181985,0.8898816688230983,0.8862626045744899,0.8862602900043173,0.8900004503960756,0.8844898110268673,0.8896182321499612,0.8863608266547386,0.8878459758595629,0.8876428783032263,0.9033196923738592,0.8863499235538193,0.9896465513318975,0.8907235995584563,0.9989193970649388,0.98624518282773,0.8896663199947261,0.8850151539172245,0.8182969836866498,0.99641714581216,0.889502102802877,0.8895050975792469,0.9808697391626602,0.9852940228146988,0.09173987705239456,0.8879897147871612,0.7674934598426634,0.8580913791785846,0.9876464733817611,0.8754626871811061,0.8052500359942618,0.7666822073618338,0.5660942256228896,0.7079776216002219,0.6509173668852721,0.7933290632546227,0.7414987038404045,0.9855996022699782,0.821182144246701,0.35554143106306935,0.8845901121370017,0.8861468863280634,0.4775585834755387,0.9791488727111893,0.9890466240517259,0.9969792128262407,0.4950366670687332,0.8636167077603565,0.8778173643384993,0.9821267409855882,0.7656088045911577,0.9886612040334244,0.979139339969588,0.9035411111043908,0.9884028383459694,0.9994294409281321,0.7979356268259956,0.9138446322769367,0.15275135228850212,0.23324263192506378,0.9886555151650904,0.9864143067504642,0.984990762906788,0.9884551141502117,0.9890796991055361,0.9687685244523758,0.7863169105648268,0.7889147261510907,0.9660998722174227,0.8882077749008132,0.9824150977580705,0.4031372676630976,0.5631172230874308,0.9694507451274409,0.9821689242463826,0.9804795667242289,0.8844113604876873,0.8895636931617391,0.8877322091959912,0.885293597207507,0.8852310693493318,0.8851379985738907,0.8896985930065091,0.8904951966119379,0.8850677334477024,0.9829685930414057,0.8994551247510817,0.8894439226856613,0.8027732627334327,0.8896418381221965,0.8885681493596183,0.8852236545038493,-0.031056120832613145,0.1968398046882833,0.9727528119148443,0.9203995367388599
UCSF-PDGM-0061,0.3062475481918767,0.2745814790855127,0.546636893588464,0.40733658995163924,0.4390572740480771,0.437128404046594,0.24695288661655146,0.8938701993933128,0.3965491713219553,0.3556188819904903,0.41035096228228163,0.26885409476557015,0.3576291471891699,0.3866644538926695,0.4611551936181217,0.10468891454380731,0.3893587148245134,0.2872423246403639,0.36986450446370933,0.42778120366898964,1.0,0.3322932939399103,0.4020183244358959,0.42941331805443084,0.15112368431833548,0.19061118235454658,0.399859126818869,0.4301768564910069,0.5318883925809281,0.5042566362488937,0.42860885855733716,0.46051744244221277,0.3403604798139666,0.47099167680588255,0.41464572162731034,0.12442140176366472,0.46310309372474906,0.8233875107867097,0.42699477460252666,0.146250895908673,0.39872155006289284,0.5386142152498503,0.555905143587745,0.3433645159475928,0.417791031405845,0.4443394244461065,0.3981925260242008,0.48195904721174726,0.5736597003618856,0.1497533380650777,0.4705966909655068,0.4325001763046556,0.43584235397311605,0.44358610091108786,0.560903606542519,0.40122657285817004,0.4404073088768235,0.6967983416383465,0.3720277414917961,0.27005444171472315,0.3846717777359368,0.4185507975124997,0.4353643210190197,0.43879501537479537,0.41486674626449105,0.45211147931479745,0.47523844586259184,0.4505911200713977,0.3378982422136075,0.3526284849379509,0.487435415681112,0.7313580142029253,0.4250341473081632,0.42816885391953385,0.30894196948973585,0.6731210442760958,0.08520502306864855,0.40039676114503736,0.35717248817854974,0.39805260457207126,0.37766213021317646,0.32069109107960486,0.3641739262439964,0.3642394327448497,0.36102973261892296,0.3641186380553143,0.3641978993224128,0.3630046794522955,0.36427972982139223,0.36432459000131,0.43399463232991964,0.3593382097802485,0.42420562513050447,0.43386419859522724,0.36345986571458233,0.360997524533295,0.3607486918153531,0.359616336188714,0.5153594340214884,0.35987881158422785,0.3643435169201772,0.35939828507441085,0.3611219284655,0.3609285989833575,0.4280119426953421,0.3608619323262429,0.3595114993234872,0.36408422320659617,0.3611245001863335,0.36112598351367436,0.3639939402743896,0.3594988390516918,0.36338371948362214,0.3610582555853947,0.36207186993337753,0.36303420845071493,0.47134285904024237,0.36106594553259036,0.4249812842011496,0.5132880306772898,0.39421945549864107,0.39187840011731134,0.364221461691871,0.3593522089224457,0.408018925106392,0.4149898015796537,0.36430913685403093,0.3643076453673785,0.4331176230987405,0.4275498494032424,0.30982251440580305,0.36283395747361546,0.5610957028935823,0.3959225456253972,0.4271656313683368,0.5649706375571609,0.4821384753028547,0.4603843427970344,0.14096786070854728,0.2087571059281424,0.1355521891786942,0.20349343718779245,0.547567307531458,0.4015440770209198,0.25530239771546126,0.017803435787665186,0.35942853793913326,0.3611948029356007,0.29679428030036303,0.4227319151382761,0.41524422280937173,0.4023076472711498,0.7466705002224665,0.5376230616154517,0.7200482648239939,0.4318583486556328,0.3002269295156968,0.40561324100229085,0.37595679559563006,0.3319522728338792,0.41754570026843435,0.4035686335568465,0.20701558639158213,0.629780357539947,0.518528651052143,0.4175792042778263,0.41653760085290126,0.42409688605446105,0.43014683592927244,0.45254512257062934,0.4563279937565214,0.4804462040759607,0.500186947798548,0.5870502079832274,0.35832646008967023,0.3108936466059223,0.4097750283423469,0.4769301997615522,0.40352854438948677,0.39519856739849146,0.42353103956879407,0.4088624549445179,0.35954906985763446,0.36427769961514384,0.362988410747709,0.3584545724860799,0.3585581923707084,0.3591464997368779,0.3642026780148163,0.36334805081170907,0.35927297281691783,0.43006078193681035,0.39212957216947225,0.36433739918050084,0.3728402310947198,0.36423534590928647,0.36223294243558946,0.3589318939221451,-0.1627425918721666,0.44512984586971127,0.3687329557209853,0.3624917530591057
UCSF-PDGM-0066,0.6554624236497459,0.9776770548797254,0.6086180766736653,0.9228751157093519,0.8746945604010035,0.8799559522469647,0.5795331341169471,0.6906097413866955,0.9926054751517734,0.9293948063906804,0.9909667217860361,0.9771356770569094,0.7967537585029287,0.9945659397545114,0.9192837745136666,-0.21834343342193024,0.9173693381922241,0.7456723886210135,0.929496810422823,0.9163002170052978,0.3322932939399103,1.0,0.8955384926768248,0.8770561767747135,0.873431115260735,0.8080039340574601,0.9883791478821218,0.8768537642542888,0.9351678157153981,0.9263759902473543,0.9154322058074915,0.6583242694785292,0.9218517331931707,0.9729673646828961,0.9373664517690595,0.8020120049533948,0.9176324938892351,0.3739438335098438,0.8811709977203036,0.8757044756215809,0.9197043880124639,0.9656489131096213,0.8720376059369023,0.9740336647061293,0.90478081297798,0.7269611826118847,0.9144536492682344,0.9711892305150134,0.8424790568785587,0.5926104233972942,0.9573688799236096,0.8775525303150887,0.9275502138840567,0.9781386774731001,0.8577846126928529,0.9240410162724743,0.9500177978219201,0.4399617762457162,0.9953527857421274,0.8768001026572524,0.9686094041082574,0.2692730411214839,0.9848215018139287,0.8497507899069875,0.939201865321258,0.9872097793296535,0.9494848903546477,0.9590300007669831,0.8498739486849737,0.9683071936237755,0.9187152937625982,0.5367793635676662,0.9871694615161198,0.8815187880942764,0.9719506520771235,0.7002691147348423,0.651641921211157,0.9894958515432016,0.916436551461697,0.9179676116725783,0.841152230903959,0.44129235198509986,0.9937235147367109,0.9937117257211345,0.9927828130598917,0.993727491629742,0.9937201358099728,0.9934586145046711,0.9937002418122559,0.9936832493615348,0.8672270050472286,0.9137018394289197,0.8981546815063517,0.8676754278321855,0.9934878541974856,0.992780628396243,0.9137552396952693,0.9138036887251663,0.9036465841212528,0.9925657476616389,0.9936746446086612,0.9137314833054188,0.9927805103750793,0.9927712596910807,0.8853917808511201,0.9137880893790811,0.9925181829063916,0.9937274562325754,0.9927802510636944,0.9927800964109579,0.9937190906875454,0.9137722973718763,0.9140468571372227,0.9927835006376133,0.9140389296759847,0.9934472262327407,0.8770689495940339,0.992783478029556,0.8850915395253313,0.9483256398508275,0.9199422215660756,0.9524656286980377,0.9937157749106125,0.9924508939032306,0.9587036561888886,0.9023077184372393,0.9936896291548677,0.9936902150293854,0.868596694783152,0.888771974773314,0.16046793045317378,0.9934899081804547,0.8751281534782039,0.980147508653965,0.8808040895033916,0.950331472182736,0.7380771340418534,0.929608879853048,0.6238974539291676,0.9179858630501838,0.7365591505718404,0.9590026339786273,0.6138722660098174,0.9528281458311746,0.971776085975641,0.6114978828949541,0.913744976981597,0.9927686435418279,0.7374675563300374,0.9189592079825658,0.9003199791063009,0.9234398245218125,0.6092164330660917,0.7929094645811742,0.8776687051554416,0.8749081309817643,0.8251635821549658,0.932018416071153,0.9697766991758372,0.9167148335234241,0.8962443047470785,0.9189628240647215,0.964973858802103,0.9295708234494643,0.3164727507407175,0.4628165868559829,0.9270455328633387,0.8955804819626879,0.8871119364047384,0.9099070583841565,0.9205746204903927,0.8885737553459011,0.9087319560198663,0.8823295371143123,0.9107899813057423,0.9970926962857932,0.9416015569829983,0.6105282211004651,0.6297298410143243,0.9819404975688567,0.9634937236409018,0.9607081234004253,0.9137880599239199,0.9937009030838333,0.9934640554443521,0.9917529858367026,0.9130739437138283,0.9923331993856441,0.9937193362542869,0.9934102678570893,0.992409324787489,0.8745623966166046,0.9527550572679132,0.9936775232483271,0.7660294885198192,0.9937127029071678,0.9932913938585801,0.9921800018204169,0.03485342232534909,0.40916114703957834,0.9787297958018276,0.9141448365042386
UCSF-PDGM-0070,0.5605705663584944,0.8773065824239915,0.445799202415492,0.7303424038334827,0.681846715185166,0.7330310653044672,0.8205904203427122,0.6576730815094627,0.9225326575431518,0.7590719207081021,0.9228653402266321,0.9183225001104264,0.6736178298668964,0.9017427591624593,0.7521711210414307,-0.19616792355019189,0.7085154973514005,0.8367331193273411,0.7313573627834188,0.727266421653636,0.4020183244358959,0.8955384926768248,1.0,0.6824174628443671,0.8800336361470971,0.5961923768895094,0.94736413083984,0.6825621038568278,0.950272184899218,0.9837097545367249,0.737483038960943,0.5727829428993959,0.7466803733549987,0.9465901891324336,0.7683109201397273,0.8381557269078409,0.7569829386278407,0.3966513947222503,0.6866245212984878,0.854476828725908,0.7319099760591823,0.9227781906135814,0.7336364197551384,0.9344467696284919,0.7131983343254255,0.8773518030500677,0.727667159353929,0.8731765114280565,0.7796934418109845,0.4164513848513702,0.9694638138222305,0.6862927507050397,0.757546291358961,0.928014705094878,0.7075875330218377,0.7484128993782101,0.7967137029602789,0.437042067147957,0.8846052072058085,0.6548144558321399,0.8168773110100279,0.3660181688744977,0.885580990842024,0.6597806352485458,0.768359371563105,0.9099263839812354,0.9526675552446436,0.9107578658147862,0.7578429548666479,0.9234054350118622,0.7716870887907521,0.6226581042819171,0.9040420540762932,0.6872067931882573,0.9018671786585808,0.6311392676405828,0.8576412724594236,0.9181328078593417,0.7782264183833515,0.7761110499251382,0.6373762554536033,0.4924015103057829,0.9057294147900264,0.905783692400482,0.8994029800924045,0.9056801980687924,0.9057498118666867,0.9082784820744523,0.9058146689893632,0.9058467538210306,0.6737018245523698,0.7604964061217105,0.7121266615455313,0.6742403866343216,0.9049301111118346,0.8993712811911064,0.7578621359387677,0.7609538312915636,0.7369630492126935,0.9019829626562568,0.9058594722062208,0.760596866695896,0.8994889106445664,0.8993008080352894,0.6958572692659116,0.7580496115615817,0.9016154102855499,0.9056481308135288,0.8994911979858757,0.8994925144298138,0.9055592894902343,0.7607631094946186,0.7607130567512922,0.8994303513783157,0.7635393495062541,0.9082987734160974,0.7521666792110595,0.8994376139614432,0.6899509809918406,0.8941898661792806,0.7253052390821738,0.7854686490744642,0.9057692665807969,0.901429286819777,0.9409996834937566,0.7078886046093487,0.9058360015591504,0.9058349467479765,0.6743586385193469,0.6995998636412329,0.3962364254779131,0.9081410864392324,0.9745844953615297,0.9438988002809334,0.6864108860835598,0.9159908952673803,0.6597658051370153,0.9544361999116413,0.5030935073248476,0.9302013786443275,0.6201060391643997,0.9293272980985433,0.48500393565934813,0.79356731769879,0.9060528836092037,0.6611687768997887,0.7606471459933739,0.8995511876176637,0.879008119216412,0.7611737892143592,0.7061738034104224,0.7354186830949495,0.8227619327127981,0.733965388864303,0.8177847532582765,0.6828563364396999,0.7477875987423909,0.7586067969987131,0.8139330639427961,0.7711948460465967,0.7025208555338542,0.7229413790395872,0.9222213302957051,0.8907726556644525,0.5724119724834497,0.7587032701771776,0.7364821213928909,0.7091026111874617,0.6981835408429229,0.7325388655807984,0.7510431023810306,0.6812140607713372,0.8806142581966427,0.8716581117891914,0.7010930350988575,0.9133259361599464,0.7639070347392493,0.7401921199758819,0.6959536766112009,0.8470764387059387,0.8154016872653613,0.8187357179841814,0.760845152020148,0.9058131555136844,0.908266818391082,0.9001978704351208,0.759139361801329,0.9011712840394153,0.9057538058816909,0.9047817502469923,0.901332064709246,0.6793994533680239,0.9044897350565481,0.9058554167442617,0.604433685828052,0.9057804439248791,0.9074779700230616,0.9008847018076549,0.029794424013594997,0.7461651407973249,0.8308610552759718,0.7659744099900784
UCSF-PDGM-0073,0.5191923302256614,0.8123767301684789,0.575292531855964,0.9774409387416831,0.9999281263783737,0.8432258354905419,0.3010847246748898,0.7823271742219347,0.8661653952745357,0.9382267146649926,0.893932202709914,0.7797334412533284,0.8102553982392774,0.9060800598149156,0.9712417836211874,-0.04505952659931038,0.9439874136756138,0.4602507946680835,0.9642730295793336,0.9858391652588538,0.42941331805443084,0.8770561767747135,0.6824174628443671,1.0,0.590834408437187,0.7316779871685473,0.8552254580666774,0.9996801986624381,0.8533920399972836,0.7717105270794715,0.9959137208803392,0.7108029148091254,0.9067182980585575,0.849268174200444,0.9891445037982315,0.4883261522963281,0.9653672158717995,0.5302373759080626,0.9994722188020458,0.5882262253280478,0.9826668516439376,0.8553783623586345,0.8641125289073028,0.7853178186946775,0.9938393587091087,0.4203955085455489,0.9876978632528943,0.9451417385857378,0.8154685393793685,0.5309602410325578,0.808322974110843,0.9997094705082404,0.9923961878097438,0.8349291192370497,0.8805284518852797,0.9636194651446238,0.9814648187271023,0.40501673076836503,0.9055206258996491,0.8331610420976724,0.9680128808525601,0.2524206066869229,0.930499524029847,0.8013090783977611,0.9883401880198415,0.9058805109833575,0.761466478775681,0.8011139501066615,0.7961678782205015,0.8464289147929749,0.9469365501037807,0.5245060808364843,0.9040993038571883,0.9994548790402352,0.7851292505676973,0.6979664344458293,0.31006199026421105,0.8550068397360064,0.8897218661871752,0.9072914840725518,0.8326747817207125,0.42759894631590734,0.8409547972958434,0.8407945678150065,0.8354966600330768,0.8410802675175063,0.8408976882286856,0.8382374043421539,0.8406890825490885,0.8405647728422906,0.9994787072708786,0.8384670055712715,0.9986896827902463,0.999497844183278,0.84210603859333,0.8355606720514318,0.8353539905510082,0.8378609921698685,0.9819119417668426,0.8328843182003054,0.8405099786557583,0.8331645115844417,0.8352997019721392,0.8356901304466484,0.9995695886231063,0.8350887933620588,0.8335697644213681,0.8411542632122572,0.8352938951182739,0.8352905376606099,0.8413348568730958,0.8329563797595341,0.8397482164850785,0.835437971774349,0.837418252122167,0.8381561488411711,0.8826474117429137,0.8354218155210165,0.999677517845068,0.8690181635756634,0.9837457526018725,0.9809844427127963,0.840839857551249,0.8337928074092791,0.7625074405342459,0.9959938700371838,0.840608454740775,0.8406126219207085,0.9995911090595546,0.9994304383817111,0.052657961588540164,0.8386511878507935,0.7396355870115274,0.808888621735342,0.9999282826643966,0.8382257384900642,0.7212355306522094,0.705201155459421,0.43202251433791866,0.638389217586422,0.5937097807265068,0.736329805166562,0.6891080183230494,0.9808209385894918,0.7673841345489638,0.290658063911162,0.8331043865944662,0.8351279064714846,0.39871781657986544,0.9335983186217222,0.9958437497462698,0.9738276412685514,0.469593810711081,0.7950668638647759,0.8582859125928165,0.9996988418178908,0.7113086443352816,0.9910943124723622,0.967122212419424,0.8644566748422757,0.9969555913595111,0.9850328052833902,0.7387475110845606,0.8949322502755418,0.13461791049101465,0.18749330269832165,0.9512499124346897,0.998935043058646,0.9995082801645339,0.9962223454122269,0.9936309256597767,0.9300016587476688,0.7433365894532495,0.7573463096904365,0.9219080340454511,0.842798219772863,0.9798788303456452,0.3407261775785011,0.5077204542315428,0.9506983455464396,0.9722680086264095,0.973223650546203,0.8328429088247475,0.8406945322033117,0.8382808205940834,0.8345428123581907,0.8342532242628621,0.834031868069399,0.8408860983338708,0.8422197994886201,0.8338908779407697,0.9996931195004165,0.8819007746259869,0.8405278488744399,0.8320664788888209,0.8408049593760256,0.8396075683834608,0.8342328990938933,-0.05283093863158943,0.15923587400927214,0.9562334247688742,0.8438544811904245
UCSF-PDGM-0074,0.6231395949440057,0.9296773089588025,0.41543964204736283,0.6719042234804123,0.5872529356931361,0.733048247718759,0.8061721643039074,0.45006034578418136,0.8900678603625268,0.7018061779522338,0.8537714917782913,0.9538773356199539,0.6694040377178985,0.8523810220434187,0.6664893324822446,-0.3127752553972584,0.6724936166107597,0.9103006290685157,0.6904363371432306,0.6596354453803008,0.15112368431833548,0.873431115260735,0.8800336361470971,0.590834408437187,1.0,0.6436436302764177,0.8827974186505252,0.5904644482511173,0.7836804091932771,0.8501959443139196,0.6533396153496891,0.4469509020862086,0.7450782315639861,0.8804994946112142,0.6929137221136811,0.9792306159891566,0.6683602631591773,0.14888837980871925,0.5966963205034582,0.9717189276415705,0.6594448819943982,0.8525274370658613,0.684582822964167,0.9495681561280727,0.6341313087027369,0.8739665900793725,0.6542606414151736,0.7764128394906504,0.665396483918011,0.4689201412255736,0.8667689214862494,0.5929639238846913,0.675069507312374,0.900734595396096,0.6110621416040013,0.6670794751918603,0.7184157242231437,0.40837430825310206,0.8595258663282069,0.6950936311411633,0.7618444727064844,0.22618383935967715,0.818382771391213,0.6633366092872195,0.6976551829011621,0.8374282461966989,0.9121342835510484,0.9074591043603714,0.6627846437297105,0.8113204519543938,0.67003773795352,0.42733055029520006,0.8449939815590316,0.5970225450639915,0.9508587402811747,0.4543538015408388,0.8755334231948051,0.898431367449511,0.7117522431981459,0.6808916716385051,0.6030097337752937,0.3997383100164246,0.8774237579855446,0.8775335544258195,0.8844885032843778,0.8773295828572296,0.877464175438029,0.8784002500535618,0.8776000301959065,0.8776729726373713,0.5774828246642121,0.7431160085007774,0.6247498420599863,0.578140692613855,0.8761351083165381,0.884434555188989,0.7422873768746155,0.7437766380780048,0.6333352996004827,0.8854460511574801,0.8777033858518952,0.7432576252631032,0.8846404578784687,0.8843177497589605,0.604771449127752,0.7425602835403005,0.8848294190921173,0.8772703293731514,0.8846446401518466,0.8846470509505506,0.8771128000378814,0.7434959061621024,0.7474396465763924,0.8845359185251653,0.7485256164604414,0.8784476381325678,0.6172613944163154,0.8845486418401279,0.6024905092803768,0.8010041475356605,0.6604436704839216,0.7251200453079484,0.8775036383197569,0.8845481320365796,0.9361263107059925,0.6283060649153395,0.8776479785767479,0.8776455586998345,0.5790735963225033,0.6104249744890513,0.2392741380433443,0.8781172582431305,0.7878442873961174,0.9201959832397536,0.5958927487895628,0.8540256010740402,0.5806995624215169,0.9231083483022441,0.6056480039994566,0.9840744900477971,0.5935412761146709,0.9655241807339746,0.3082959889552321,0.7257027810282746,0.952012833582817,0.8731486528366504,0.7433291434912379,0.8847576647317936,0.9174225658092826,0.707185806521563,0.6252731522942819,0.6668118098968238,0.5909157240997445,0.5953217862410528,0.7066982961449612,0.5890342684257619,0.6674056401057618,0.6810890222300041,0.7594211326838404,0.72043662165361,0.6189674728702887,0.6604119228135913,0.9631648944255974,0.7510206281018549,0.4662996136449596,0.6634868218803269,0.6929488777482645,0.6211321179318431,0.6077598297478656,0.6449978282136198,0.6604985970572583,0.6256063274727086,0.8688703394971146,0.7822238743692419,0.6722414482753489,0.9051080148061655,0.7156835937015643,0.802293420848678,0.5592413139669277,0.7954466829561533,0.7482567243054633,0.7361456323579687,0.7436155902114334,0.8775967019292319,0.8783739245593054,0.8828682426896807,0.7413115624312153,0.8841757173851796,0.8774722003159939,0.8759230624124217,0.8844058030574686,0.5871264954164772,0.8053449260814387,0.8776935799373281,0.4813841550966281,0.877526765345608,0.8770404339089968,0.8837781527011012,0.0007181488737627758,0.5386492466081825,0.7821868726674919,0.7352457336431468
UCSF-PDGM-0079,0.8479657776501945,0.7812940220521849,0.8293865152587592,0.8450269329572305,0.7269308504435472,0.9035832891173214,0.22775598324206914,0.5028353903421017,0.7719696067445516,0.7948342724239993,0.7660147229146174,0.7627844918157057,0.6505381515530447,0.7841121479324843,0.7662276269809102,-0.2005116178766358,0.9088749397703253,0.4486975534955968,0.8715502211273699,0.8199837935210154,0.19061118235454658,0.8080039340574601,0.5961923768895094,0.7316779871685473,0.6436436302764177,1.0,0.7532984659852331,0.7231875787497132,0.6654838202205917,0.6348720206702425,0.7480904074092303,0.8350428171430256,0.9108691555853956,0.7208784621936726,0.7642848331764026,0.5652900332181937,0.7627299258255849,0.384052884842908,0.7282360052614543,0.6678230876296821,0.8322062143760093,0.7315154355240825,0.8630559327234799,0.7411775700954331,0.7554904681978756,0.4541360450385324,0.8146373474002889,0.7575545764905924,0.6727065972882461,0.9288145212362837,0.7010876863322083,0.7196588556947232,0.7548742497963656,0.7481449125091011,0.8829928949691601,0.785222180831738,0.7675016862429052,0.518632972074902,0.7954284475016209,0.980731456576014,0.7855396930493785,0.10685593993528938,0.7695317473475627,0.9494037828934979,0.7668822839653541,0.7687891186746685,0.7027013208105274,0.7181572799264531,0.7174945830643352,0.7547312847224575,0.7679011183934654,0.33720905755264,0.7627959729155639,0.7286208638823005,0.753107686489143,0.5903504579319551,0.3626213284501972,0.7707326216925211,0.7809132770979563,0.7846838779155644,0.9641864369965423,0.5936803464968194,0.8058863335368947,0.8060033943398549,0.8085916685032648,0.805786658337975,0.8059293106517081,0.8055238314725536,0.8060747859974612,0.806153645620701,0.7113180737652637,0.9381477690857266,0.7362177070796281,0.7116888102550261,0.8045569762057907,0.8085343202038924,0.8087114710565951,0.9384415878519152,0.74718222583989,0.8082289465297227,0.8061867070224952,0.8079962411064338,0.8087543636540673,0.8084107909430517,0.7261148971412159,0.8089083741754788,0.8075740630136018,0.805724246563928,0.8087588684951632,0.8087614659446104,0.8055593059597028,0.80817289160201,0.8039471133507605,0.8086422417517892,0.8033321530762421,0.8055753728406343,0.7469009199156319,0.808655840971539,0.7471478541865446,0.6963314563692881,0.8326741869101209,0.7779794436982219,0.8059713992159502,0.8072818452189399,0.7211164173949981,0.7840878372387275,0.8061265576333998,0.8061239388149708,0.7137249220542903,0.7290251957637729,0.000193133747095995,0.8052206048912637,0.5678259767239349,0.7480637153242129,0.7387771254932697,0.7082622263641187,0.8299540567131974,0.6851774874573303,0.8621321319235579,0.6898011265330327,0.7176399414787168,0.7385045602653936,0.7995345862410752,0.7733264597933365,0.7630652844516708,0.4047626783969978,0.8080496678145294,0.808881243117594,0.4702315437782318,0.8824623421722206,0.7515047063986233,0.854353814070578,0.279950604542052,0.8198264394389321,0.6472298055918835,0.7176477100776428,0.7235469506428479,0.7623789866235489,0.7915477194834744,0.7974614364845197,0.7461939586116436,0.8278287166186218,0.7542803778791001,0.6883431524664347,-0.00021884381749076717,0.1368471462607928,0.8826425969948051,0.7339214369166428,0.7273174068158008,0.7415470606850539,0.7492552327199019,0.899262215119784,0.6530109041715579,0.6135582091010411,0.9295461349765234,0.7948612641907691,0.7704217673890416,0.3345194345971636,0.47551811504311986,0.7913670935902685,0.7784074255869589,0.7730463815092676,0.8082600717465025,0.8060712013252956,0.8054953088810188,0.8055790022956023,0.8064475784469807,0.8068990485021544,0.8059378590767884,0.8043428546063662,0.8071350607249628,0.7213912984476668,0.6947602777038343,0.8061760348516375,0.5368864339335538,0.8059961265116379,0.8041062970371796,0.806494340193615,0.015191740439589837,0.09641747823860193,0.796956005336587,0.9362929289824137
UCSF-PDGM-0084,0.6367261156055033,0.964083657411757,0.5778882210604225,0.8962944357670565,0.8538894698608117,0.8618898534318146,0.6652964949808475,0.72885050588864,0.9943935714662345,0.9053290684834426,0.9961262364260147,0.9746252887613484,0.7923153812613399,0.9915365238778787,0.9024555785133981,-0.19589640457462493,0.8816839674532787,0.7836376870166515,0.8983296332314061,0.8927827713818632,0.399859126818869,0.9883791478821218,0.94736413083984,0.8552254580666774,0.8827974186505252,0.7532984659852331,1.0,0.8551867876128151,0.9707962151741614,0.9700674219077284,0.8967407324180785,0.6629472915187881,0.894627893306859,0.9918130347080172,0.9194452939435895,0.8167257679890183,0.9027743629795308,0.4270383175272736,0.8590214278904403,0.8736675590981496,0.8949681524835178,0.9808978293311564,0.8610052098497907,0.9805605419962262,0.8815086944557189,0.7837246280712322,0.8910958096168169,0.9732093794153757,0.8555556814936751,0.5460283284036547,0.9857990342774055,0.8569655020080779,0.9107325623101955,0.9861872622394617,0.8447774991782268,0.9013364343114483,0.9367441868975236,0.4665172440411454,0.9858245039344677,0.8263072601434688,0.9523545964414986,0.3195582302024724,0.9836954983943206,0.8130603415395368,0.9205271912162764,0.9914965771161576,0.9718380540919298,0.9672101149418607,0.8435191691647789,0.9756123198864782,0.90717683567746,0.5987178173278359,0.9889826252290989,0.8594712266973191,0.9677803382627941,0.7111296991868858,0.7153580425352765,0.9901441565358227,0.8997901340427298,0.9016087074484869,0.8009199322400179,0.4797994541775091,0.9859869156971203,0.9860201890100486,0.9828063436611738,0.9859543157918434,0.9859997999346748,0.9864123441508691,0.9860374574367003,0.9860534991062685,0.8465034531488356,0.8873068898270374,0.8778188529051426,0.8469547416661319,0.9853488346352234,0.9827838771114991,0.886807080415125,0.8876147646792125,0.8904958949034425,0.9832728054039123,0.9860591817285411,0.8873781755250811,0.9828641950893058,0.9827322553601058,0.8647985991074609,0.8869281701216191,0.9830019118718215,0.985932124855966,0.9828656615359204,0.9828665035192905,0.9858676540289201,0.8874919830454584,0.8889669103776834,0.9828252982149106,0.8895914833336844,0.9864224906438998,0.8686619037172476,0.9828302514582147,0.8624338830284685,0.9617900529662444,0.8928937622193537,0.933018756127085,0.9860116771013526,0.9828490247026027,0.971904581008752,0.8781866028946915,0.9860483711922827,0.9860478536663633,0.8475248718123235,0.8680888290048553,0.2456707740247632,0.9863274182531906,0.9353107589029555,0.9891278330402292,0.8587293371710231,0.9695280717861015,0.7420484377740116,0.9553288900467397,0.583672305051016,0.9295818876278563,0.7037384859184727,0.9623983628944873,0.6047629920475481,0.9363836087505641,0.9656621366188102,0.6242143788421394,0.8874131759068938,0.9829023383203124,0.7846820161300708,0.9013660708354881,0.8764834894579863,0.8975526541841559,0.7056524053607972,0.8067303638108223,0.8978765968154073,0.8541927204786667,0.8161487342407562,0.9127915834523863,0.9515467554626553,0.8939036251978012,0.8729821514057478,0.8919243589688685,0.9632465781651576,0.9539705083442299,0.41257048944293506,0.5645429921961148,0.8986261374483372,0.8752866483459788,0.8666719196554236,0.892384719099991,0.9048682496224684,0.8561396159556435,0.9232513590766969,0.9072346428805866,0.8720918330821774,0.9894950720366974,0.9203070527107698,0.6633059206674278,0.6682811613304062,0.9694561917619198,0.9501132150587573,0.9489277905182703,0.8875459392326009,0.9860366499744533,0.986406120537863,0.9817456056869189,0.8862292201511918,0.98262821397868,0.9860022729326785,0.9852181522045511,0.9827668288892392,0.8527396066051421,0.9638854952015681,0.986057418536824,0.7474871662522831,0.9860182959111697,0.9857937755583284,0.982374774109203,0.017985861041206804,0.5235443736690973,0.9615457123269358,0.8899035533111719
UCSF-PDGM-0088,0.50858003836876,0.8120473597538669,0.5652244864959681,0.9748866794495228,0.9996672734786042,0.8368146426393152,0.30132425690839076,0.7828251004209574,0.8660188330808035,0.9418097205535494,0.8938758149947901,0.7794644259686744,0.8184843828250812,0.905964056306705,0.9738062351089017,-0.02947040973393276,0.9399268643423203,0.460119834095771,0.9612599013184677,0.9837586638657929,0.4301768564910069,0.8768537642542888,0.6825621038568278,0.9996801986624381,0.5904644482511173,0.7231875787497132,0.8551867876128151,1.0,0.8535863307161461,0.771854036323841,0.9958931016357655,0.6988630008971877,0.9018272500560831,0.8492684724653952,0.9890905436987,0.48797594028207125,0.9683117158659079,0.5227962180490536,0.9999045048239937,0.5878130023714964,0.9803967814961604,0.8553779408172372,0.8585912883302832,0.7851268701681761,0.9950431335590564,0.42046885693309966,0.9857246214112482,0.945142966088557,0.8218063490186901,0.5183977277089934,0.8084355059027126,0.9997210235620971,0.9923678569448686,0.8347917181174009,0.8743786838010309,0.9665085862180878,0.9814222307171868,0.39649093868551916,0.905329153131287,0.8264994301114871,0.9678994502462497,0.265742639259614,0.930431716503676,0.794146668314155,0.9882725761166908,0.905857195942326,0.7614195415736358,0.8009740158463622,0.8034133726743727,0.8464473787308346,0.9503067618010148,0.5333815589730166,0.9040268553707091,0.9998957742713344,0.7848339981676553,0.7064958379679803,0.31009083506381613,0.8548183872732869,0.8946283163660987,0.9117151191408603,0.8251409919485926,0.4152401207961662,0.8407548221575307,0.8405978063221141,0.8352606525990338,0.8408776819005596,0.8406988732177688,0.8380471295670148,0.8404943701399489,0.8403724133182128,0.9995016122381934,0.8330424448793672,0.9986787877504976,0.999520353184838,0.8418772436735132,0.8353232355620853,0.8402288629372142,0.8324568821517278,0.9837285204618453,0.8326573573388923,0.8403186363175607,0.8380270449693386,0.8350679288519307,0.835449714557662,0.9995729399046772,0.8399658420041233,0.8333269881548245,0.8409500954920139,0.8350622433852674,0.835058956027175,0.8411266797991995,0.8378208084223662,0.8446678078934121,0.8352032508242947,0.8423263211959258,0.8379674152174817,0.8883910717409249,0.8351874449054509,0.9991117495976071,0.86905735909639,0.9815841558435358,0.9808737022246588,0.8406422005271885,0.8335439480970923,0.7623209669443104,0.9947774019999761,0.8404152757331312,0.8404193643288613,0.9997082861002553,0.9994277535245549,0.06446911915254948,0.838452586164961,0.7399841263846293,0.808726995702483,0.9994906054696119,0.8382688564981666,0.7117517614741645,0.7051538888890905,0.421736025964137,0.6381260392780264,0.6024684557609025,0.736078854825272,0.6788338237199666,0.980743704609603,0.7670791240510931,0.29020305201009966,0.8379674871734776,0.8348996489385849,0.39860740040405107,0.9291373309693041,0.9968309348137987,0.9710430235382754,0.4702094255705061,0.7872982651019158,0.8584712973261809,0.9997127113334031,0.7189256678788305,0.9910460338121784,0.9670043382575848,0.8694801936936901,0.997847089650403,0.982964244766099,0.738455987210894,0.8951264401926189,0.1352072159566937,0.18799841601681952,0.9476980188940448,0.9989274282562375,0.9995089208624764,0.9962109592495896,0.9936268287576707,0.9253297865872924,0.7432585940564945,0.7574509873654753,0.917320855470681,0.8425776116811146,0.979766811013068,0.3407292234396511,0.517950186562505,0.9505869742692419,0.9722010812165042,0.9731733684448965,0.8377082957716218,0.8404997151488538,0.8380897108057174,0.8342649709991108,0.8391007113170604,0.8337756649085448,0.8406875167270448,0.8419871855433619,0.8336391273110241,0.999975161761,0.8818870411315775,0.8403361760917437,0.8322074960977388,0.8406079932674041,0.839384863781283,0.8339695399487239,-0.04291534789179508,0.1599470347316991,0.95609572409703,0.8384354450958713
UCSF-PDGM-0089,0.5688767311616759,0.8855402019229491,0.5468188764594551,0.871198222297494,0.8541324241858241,0.8161357464170441,0.6654717621178825,0.8122185115291475,0.9547138234542158,0.8733197550165355,0.9714065488179244,0.9016732525344852,0.7594537726460827,0.9574377946345285,0.8915009165895769,-0.12238634473090439,0.8406241181362759,0.7325104532746576,0.8619078092617888,0.8744958849777855,0.5318883925809281,0.9351678157153981,0.950272184899218,0.8533920399972836,0.7836804091932771,0.6654838202205917,0.9707962151741614,0.8535863307161461,1.0,0.9838009975942907,0.8879136673074747,0.6799073114889073,0.8410744390718004,0.9744715184556436,0.9039455876473669,0.7164925429199084,0.8933220896244178,0.5366160909707061,0.8557714679610657,0.7716938392625957,0.8755580852265182,0.9672331543155319,0.8418603494914707,0.9225001970926857,0.8693382790876311,0.759450289283817,0.8742359467323131,0.9665811136630639,0.8636078744474094,0.47266498721151656,0.9833695542879932,0.8564581776704566,0.9005017877678928,0.9493040869007259,0.8383533341600022,0.8825112057295209,0.9223643394120309,0.48691694554111825,0.9406946213848156,0.7465275718135053,0.9236643622022378,0.38323207987955893,0.9620357545867266,0.7553962881131896,0.9029603551343862,0.9712765613831401,0.9432192844744398,0.9260287344518798,0.8283860453647597,0.9599302095466044,0.8996411921418481,0.675074176090311,0.9651060431623503,0.8562370000006357,0.8939902085260445,0.7416305706613885,0.6760777254803264,0.9460350407985325,0.8696199975068817,0.8825478288775783,0.753815038261614,0.5104916983487009,0.935123133709739,0.9350169294417497,0.9263643455049402,0.9352041687010562,0.9350856138971791,0.935577940371586,0.9349455020844487,0.9348599259689369,0.8484176278840045,0.8326396613169861,0.8720275902722113,0.8487588586944615,0.9357563498443123,0.9264031867573944,0.8315623975459892,0.8323983949037632,0.8915147645999342,0.9269079642309817,0.9348217532429453,0.8325987327933387,0.9262411291462815,0.9264797066853467,0.8621915431358923,0.8314510278369093,0.9273179264347756,0.9352509938313901,0.9262374177878537,0.9262352699830733,0.9353619192206609,0.8325173452704276,0.8341695889793588,0.9263281944342286,0.8351550288853302,0.9355214600711902,0.8683825286642488,0.9263181554149109,0.8573698204315503,0.9595598086933782,0.8699924190211967,0.9086520710545739,0.9350472392700074,0.9274301776480816,0.9256950232902786,0.8662267978582845,0.934890162719718,0.9348930380347727,0.8487084176442369,0.8643136725265569,0.3096513370815269,0.9358548021928215,0.9759594033468167,0.9470415770057415,0.8557503536586876,0.9573855885644508,0.7401230506487032,0.9211930862602865,0.48303749090852116,0.8487877920310972,0.6405956953285606,0.886483138808561,0.6329433669046372,0.9158742026997516,0.8878897250889362,0.512348086180757,0.8325760230644184,0.9261296060331081,0.7359783322687369,0.8759879988044031,0.865458962267807,0.8747310155512126,0.7975260823088126,0.8278502110567557,0.9193816582405859,0.8541382618028273,0.7836069808664411,0.8979836024019212,0.9207533534427759,0.8525131293344095,0.8640176149390223,0.8691954075877861,0.8825587272877925,0.976310656146729,0.48705462010736633,0.6144813969286433,0.864838505934384,0.870083402301474,0.8637632616465561,0.8872669319545053,0.8992792186873585,0.8282518022815354,0.8931532525901601,0.9088720260066733,0.8242476095251833,0.9307120074352672,0.8949459551275376,0.6363761931159901,0.6840612679232786,0.9377695030921852,0.9287258523858448,0.9330543455706665,0.8324699207057705,0.9349492197707405,0.9356078593272465,0.9276151069138351,0.8328155301077157,0.9275318868548164,0.9350779533695529,0.9357969119140511,0.9274746424057617,0.8515187935773344,0.9509316810020279,0.9348342319698896,0.7365251644217558,0.9350239034215708,0.9363855942166296,0.9275952809201664,0.00296685335882307,0.6157119565040841,0.9268819041126783,0.84074965931865
UCSF-PDGM-0090,0.5853589615312386,0.9029808571650583,0.5221624061108101,0.8066735733249888,0.7721816191600122,0.7895420603573513,0.7654986596535961,0.7645026598836625,0.9519147875540709,0.8161105818074831,0.9568185199680388,0.9264393988893749,0.717393225636621,0.9391107916836656,0.8272924078368926,-0.17755135731722613,0.7804261650412342,0.8200689265243338,0.802286140723864,0.8064979759476725,0.5042566362488937,0.9263759902473543,0.9837097545367249,0.7717105270794715,0.8501959443139196,0.6348720206702425,0.9700674219077284,0.771854036323841,0.9838009975942907,1.0,0.8184824530892831,0.6320360316008936,0.7991122919634672,0.976501345351933,0.8423318996116328,0.8050696529920599,0.8303513957282738,0.4918443979055606,0.7748990560875776,0.8407828324935284,0.8066244069331557,0.9656423998920425,0.8073756606662634,0.9477677094803736,0.7948325663980691,0.8477424808677737,0.8028993368851185,0.9306665758426712,0.8321592430810891,0.44510314736481293,0.9877965378168659,0.7756599606799661,0.8358246016683907,0.956992422769311,0.7869803203758656,0.8165530999767537,0.8677096326651186,0.5047490634925389,0.9241619058263788,0.7105590342606174,0.8774665298047396,0.39098855559234885,0.9359497017290458,0.7255479331770066,0.8425804011817701,0.952196402139081,0.9687999919643697,0.9483419350451571,0.7887988135702725,0.9427266421703936,0.8412498691334603,0.6696104382400538,0.9488469422489255,0.7754826770478939,0.9203024669414833,0.7010412231374668,0.7658888330738791,0.9475833199354623,0.8218329860782402,0.8287075820898413,0.6998625366871247,0.5054608892918169,0.9345786644325627,0.9345559586413192,0.9286028620982222,0.9345918464868352,0.9345712917141153,0.9353588185149829,0.934537752978649,0.934513271486313,0.7649384992100704,0.8029937904556992,0.7968200952693691,0.7653898196939635,0.9344614720649396,0.9286051381238287,0.8018539440056012,0.8031266279009446,0.8222763566932128,0.929441775181173,0.9345015049442454,0.8030286543818074,0.9285879159529516,0.9286053840551881,0.7833716202154908,0.8019019915408518,0.9294469896725468,0.9345975372982703,0.9285873068200946,0.9285869504704181,0.9346041816562665,0.8030799026148427,0.804185573105779,0.9285996176224898,0.8053828912203741,0.9353423402997828,0.8097618862901871,0.9285985379568988,0.7775044880967475,0.950836609929926,0.8014656123788061,0.8536511891373086,0.9345630039279681,0.9294031521360413,0.9529978086074553,0.7908604680907102,0.9345222318246013,0.9345230667211852,0.765335206378596,0.7865563407625228,0.3427483422193261,0.9354194034139847,0.9900812361176742,0.9611561784500263,0.7747364169061542,0.9629059341927804,0.7175149409032406,0.9598125881658716,0.5127723683026795,0.9024247943282436,0.6165694439028336,0.9149285359655172,0.5596884882206037,0.8610723610773888,0.9164028789078545,0.6257093008729199,0.8030450532615974,0.9285662024493383,0.8299044476385173,0.8240550484634618,0.7892980432677339,0.8091097959079112,0.8454624601750497,0.7915569591719046,0.9002992263396414,0.7726076212356727,0.7589478501458103,0.8335202067178248,0.8743754350101207,0.8110572268331356,0.7866376375168206,0.8012139119163018,0.91198889078401,0.9521903418241905,0.5766479282269167,0.7084836575700327,0.8101374560970416,0.7940986670114483,0.7855476055509417,0.817388166437673,0.8323984386939324,0.7653895736035983,0.9244054178485199,0.9260784631369512,0.7655024098867222,0.933694443442872,0.8424430262253901,0.7400837449914288,0.6848916788532328,0.9016005283597884,0.8807526872497125,0.8815667192894214,0.8031017690232619,0.934538753019431,0.9353670604201259,0.9288412435239496,0.8023449534525352,0.9293161146294558,0.9345696958689783,0.934402377327578,0.9293733462184548,0.7692136763469729,0.9407756861154609,0.9345054057096407,0.681073521003948,0.9345576172584252,0.9353227890345058,0.9291952668725096,0.0005381181742425007,0.6884824247767367,0.8864876479421535,0.8081691944919117
UCSF-PDGM-0092,0.5416295801677329,0.8576359715759803,0.5838641714102107,0.9824108133569891,0.9955971937442687,0.8585288598835131,0.3638452390377002,0.7863737353000928,0.9060414314503599,0.9519635659351642,0.9293479725315564,0.8303442684346751,0.8221660212694993,0.9395624324756211,0.9792090167427026,-0.0728056960336891,0.9516934572032884,0.5253557928430493,0.9716183875146034,0.9890053712750649,0.42860885855733716,0.9154322058074915,0.737483038960943,0.9959137208803392,0.6533396153496891,0.7480904074092303,0.8967407324180785,0.9958931016357655,0.8879136673074747,0.8184824530892831,1.0,0.7056414790614886,0.9197856561919224,0.8899039348834906,0.998246168258568,0.5556769891940812,0.9740368071300821,0.5125972900661401,0.996403779682847,0.6519113440610376,0.9864982291552482,0.8937332864989697,0.8766872221876265,0.8353621963134484,0.9954804007912023,0.4877539884872872,0.9901419454603295,0.9689729287684565,0.8356175569468771,0.5384848355012873,0.8532758577708773,0.996253773779695,0.9993901737363844,0.8778237446975204,0.8878731275024339,0.973003422005607,0.9944714104786091,0.4145453227049768,0.9387478805346255,0.8477721580602688,0.9861158495794724,0.262609346963692,0.9589172225956105,0.8171291381572375,0.9978627232924993,0.9388260766258121,0.8120025764729045,0.8473322637044424,0.8184931791631624,0.8861318392370412,0.9587696941834646,0.5402670126501112,0.9376708099818671,0.996458774100254,0.8343710446990084,0.7133696777888967,0.38009347372605645,0.8960539923990375,0.9087681812575511,0.9242663908743433,0.8416897908327501,0.4280974804195745,0.8847992731714687,0.8846618348611366,0.8798763363778066,0.8849059746454687,0.8847504316984413,0.8824171952301446,0.8845707008706821,0.8844626967064491,0.9941960554842639,0.8606000919477759,0.9990910584994661,0.9942924822891376,0.8857305635704829,0.8799300102609436,0.8623952455269284,0.8601178619366875,0.9861475531346947,0.8775921515408238,0.8844148942661487,0.8605104314879053,0.8797096031314476,0.8800376915586348,0.9975286910243449,0.8621792834824823,0.8781625817969856,0.8849684839001669,0.879704653777443,0.8797017912875302,0.885119591484162,0.8603436573464225,0.8662421395985227,0.8798268955002879,0.8642420900496064,0.8823465560862429,0.8974130209211717,0.879813247749761,0.996738186025096,0.9034412954546337,0.9874697576593497,0.9938985572103051,0.884700808315992,0.8783390997043454,0.8136552236680229,0.9958735154994798,0.8845007206035059,0.8845043440293507,0.9944708383496711,0.9980115783668172,0.07380354886731365,0.8827722315366769,0.7835052883035777,0.8561501088038465,0.9963638430647879,0.8773527958050944,0.7297361047536853,0.7612479750278157,0.46110148542369084,0.7011052459320556,0.6257789171858433,0.7901513074570073,0.6817534367580086,0.9940846355297561,0.8190486276780424,0.3561833613869348,0.8604625589345324,0.8795624401637496,0.47003827024338257,0.9432551300780517,0.9964013996139376,0.9792318392806438,0.5131465278090246,0.8034020933966153,0.8823656798310142,0.9957529656498608,0.741788373921743,0.9988076966606809,0.9854071856248434,0.8870054895583818,0.9967001679981154,0.9885414261312018,0.7930181665162761,0.9214820295798342,0.1810423306152129,0.24865395500313484,0.9601183223095026,0.9988238752294397,0.9977995355621075,0.9995159959918546,0.9993070894254611,0.9353660057489045,0.7913439625180877,0.7995164587990328,0.9311512093514234,0.8863230266453952,0.9915763298055389,0.40193630670793734,0.5379847390345159,0.9742531402214172,0.9891188877147755,0.9894437696099592,0.8602515720221027,0.8845754210243698,0.8824548259756384,0.8788498299948384,0.8613032815546786,0.8785202905961903,0.8847404996883597,0.8858130647836462,0.8784146090945273,0.9955229838118107,0.9126491991036977,0.8844304969322913,0.8396342216208075,0.8846707856150924,0.8835453070433743,0.878663134654919,-0.04125154796790537,0.2154460515412292,0.9779141803710295,0.8653270794318613
UCSF-PDGM-0093,0.8169981459397303,0.6027819989114905,0.8085442913386421,0.7940351324771522,0.7103232112495285,0.876716085913862,0.2844071477306311,0.6628398272093394,0.65780221993156,0.6882946083163569,0.6797056445999909,0.5913093848418945,0.5855904531574893,0.6779862764357437,0.713776759567817,-0.10011936222263228,0.8228244299857529,0.36185390870168027,0.7994047096289181,0.7812474362843967,0.46051744244221277,0.6583242694785292,0.5727829428993959,0.7108029148091254,0.4469509020862086,0.8350428171430256,0.6629472915187881,0.6988630008971877,0.6799073114889073,0.6320360316008936,0.7056414790614886,1.0,0.8372994494842448,0.6643706673948777,0.7049704925311973,0.3793446718064954,0.7130973453104197,0.7542932278865184,0.6993174497979749,0.45057251968714956,0.7866660234034634,0.6764525581857728,0.8735464416720407,0.6061590425025791,0.7042633997122396,0.41447965916575175,0.7742117958713655,0.7092714149599243,0.6690689394794952,0.8347398450998424,0.6554384215857705,0.6981298302064004,0.7079762435493759,0.6459268988608565,0.9013871663314441,0.7014468037686586,0.7098091801115958,0.7115919353967394,0.6694833809351259,0.8363865769410078,0.6963188232011613,0.27379884386754993,0.6938276339179661,0.8623708149731668,0.7038749976697103,0.6926992204425373,0.6196724933286883,0.6216089286449274,0.6237974446856093,0.6424128426140929,0.7147709808989151,0.5189217676398,0.6794522860402532,0.6999824016063835,0.5878843397675422,0.579205137054073,0.281665790676071,0.6483057143633465,0.6723621447795757,0.6900573113292131,0.8733356078838023,0.8487353424082537,0.6546052038057388,0.6550030368697646,0.6483615740277503,0.6542782088379014,0.6547494216613492,0.6546346339293044,0.6552539890329222,0.6555395440289312,0.6958526859703986,0.8438848441024783,0.7015013537156094,0.6959616123670981,0.6508039003783354,0.6481794139463022,0.6487519955936025,0.845203460306273,0.7225632362607884,0.64835099853281,0.6556621324095415,0.6475877239065139,0.6488953222203402,0.6477963446520137,0.6994213283917169,0.6494276048066466,0.6463172774628512,0.6540783574980295,0.6489104913996611,0.6489192480587223,0.6535662338380475,0.6481620734130042,0.6511879817841363,0.6485246868920616,0.6503188567035801,0.6548216880703595,0.6757895670713192,0.6485689623281142,0.7213349032010673,0.6639729254196453,0.7799451095442633,0.6978315434209645,0.6548926973331125,0.6455016306136736,0.599330073072359,0.7484510772860332,0.6554404041630285,0.6554308794369961,0.6963876178508164,0.6998314476773909,0.1671037381419635,0.6536033148686533,0.6329775157135821,0.6275178530687241,0.715954753509368,0.6717114635322803,0.9371093973108674,0.5898320207206307,0.7326313439971402,0.50483779342992,0.4734901864336577,0.5583986758062652,0.8852511164711886,0.7020417289821074,0.5806999862641646,0.21504232830562817,0.6477583015783696,0.6493316721880217,0.3693953318079624,0.8566263980091581,0.7031917903052787,0.8039650154196384,0.48678533492165815,0.9473302158372012,0.683180362283389,0.6973869866625164,0.5835407069534106,0.7039695997311064,0.6966217396234227,0.6575706742557601,0.7026721584057102,0.7763029256583287,0.5609223442828852,0.7128873236559445,0.20618087323896556,0.26108801561750455,0.8221374170208801,0.7009203847369913,0.6998855723781809,0.7072485751857979,0.7114743506887243,0.8419227587249524,0.5812135926304951,0.6022531098869344,0.8244802878898269,0.6376389551171388,0.6972732478103081,0.33242761763980283,0.4810428084518871,0.695501470236756,0.7061078291141282,0.7052982163923572,0.6484574498870561,0.6552412242483517,0.654532787622837,0.6413581815322776,0.6433685576080499,0.6444920585382886,0.6547783546792568,0.6502684581715314,0.645107408393967,0.6977167887650577,0.6648934555312599,0.6556223651496135,0.4951418051052345,0.6549778614850577,0.6504205798801301,0.6434820406332737,-0.06956746798606481,0.2678067463367664,0.6921600949289783,0.8514877235540368
UCSF-PDGM-0095,0.7961425481662455,0.8871614326897114,0.7354293132306783,0.9728650722829946,0.9039855497933417,0.9793021816876917,0.39777804708995484,0.6914135712916175,0.9111869646489896,0.9344188638452485,0.9139123971778252,0.871072997936693,0.8243543509686418,0.9266352906345238,0.9317026945282376,-0.20488825233350202,0.9803338906441629,0.5780092161934918,0.9822589585851794,0.9629440141233825,0.3403604798139666,0.9218517331931707,0.7466803733549987,0.9067182980585575,0.7450782315639861,0.9108691555853956,0.894627893306859,0.9018272500560831,0.8410744390718004,0.7991122919634672,0.9197856561919224,0.8372994494842448,1.0,0.8833640552559272,0.9299497840103343,0.651036842293036,0.9293728148003301,0.5082092028730223,0.9054343222200133,0.7326700451594321,0.9653649300766441,0.8856276195293187,0.9584846231873709,0.868117436301552,0.9245016637825801,0.5689061979894544,0.9590563648053795,0.9226268295847455,0.8405201579212086,0.7578314392461469,0.8473248644063792,0.899344739769492,0.9250721497619397,0.8913433689157434,0.9479937692821169,0.9311467054103694,0.9331722521230179,0.5786194411029676,0.9330900608145108,0.9662019193420529,0.9405522341475575,0.2678930287916899,0.926685147365804,0.9438843854837106,0.9316824311525448,0.9187284094917605,0.8392417874088124,0.8568870770077397,0.8362811719831535,0.8540805233992428,0.9235456271679501,0.5348213056407521,0.9131107389905448,0.9056789918026779,0.8711737441740127,0.6802798709900306,0.4719857952397116,0.9077560837388219,0.913257999655657,0.9114706146648025,0.9386424002353546,0.6330407465049367,0.9049342416148065,0.9049360528091729,0.9054554404526496,0.9049276668201804,0.9049356947070181,0.9040905968532302,0.9049335919952395,0.9049272974880814,0.8930957844944373,0.9796204749032901,0.9109809666707688,0.8933690387388555,0.904606849444771,0.9054481105338621,0.9054666242427977,0.9795452078285595,0.9196824712184098,0.9046515414516603,0.9049234290821966,0.9046316767871352,0.9054691473980981,0.9054284337959256,0.9038434133763307,0.9054708324973318,0.9045479434805902,0.9049214530749988,0.9054693638742848,0.9054694844098321,0.9048981633494348,0.9046488697876566,0.9085261529581391,0.9054608713431731,0.9076827824630112,0.9040863590291796,0.8666853543764342,0.9054621587035038,0.916778468631462,0.8573000595835119,0.9647030657258723,0.9373173599789526,0.904936244430481,0.9044633994478007,0.8515914726315205,0.939296383330408,0.9049299104339318,0.9049301373824853,0.8948961830116517,0.906047859757362,0.1409882340266717,0.9040859533578455,0.7474309019143404,0.8794828911627717,0.9113437050453909,0.8680138435692554,0.8782169096340939,0.805272119679654,0.7388702335345062,0.7819178856161334,0.6951406100334112,0.8459119407584592,0.7505061096515009,0.935523541834673,0.8614171036209283,0.4592870450474934,0.9046381829036225,0.9054714395712435,0.5704748794293024,0.9921660319188547,0.9207439943888291,0.9734190395258457,0.46694037528993987,0.9059601873807543,0.829727989521767,0.8978272916742873,0.7955084640689879,0.9271654931901182,0.940896343622029,0.9073202242064391,0.917525402221074,0.9635679502997321,0.8512111897211756,0.8705363698110329,0.14907150348559867,0.28042533667290737,0.9858488674600839,0.9096796029445056,0.9050284015145402,0.9162685670900632,0.9209630252923957,0.9608289863623769,0.7917585960665685,0.7660674335180792,0.9761231872063478,0.9065869622249297,0.9289485953131684,0.46519606959715537,0.6028196490926818,0.9407174660386068,0.938054060424148,0.9325061908801161,0.9046523788727844,0.9049337858392428,0.904092228653739,0.9037163730630378,0.9041404291257239,0.9043280710580043,0.9049358779031095,0.9045212130184971,0.9044144696123204,0.899903416586665,0.870936994428345,0.9049247616890096,0.6943688685658388,0.9049361439916742,0.9038092016710796,0.9041610684632394,-0.003279818080025855,0.2229167755985563,0.9417129607563353,0.9795524532300686
UCSF-PDGM-0096,0.6316023848915617,0.9521449863082863,0.577688583223961,0.8860332330323799,0.8489383240684067,0.8659361188915388,0.6934701552128669,0.7762737999207822,0.9921170489695109,0.8880543421098934,0.9895997395023329,0.9631972238625803,0.7896312852519741,0.9832391123896292,0.8983141440489617,-0.19025345262942428,0.8676666677576105,0.8020223289319004,0.8842584663792417,0.8856341913569943,0.47099167680588255,0.9729673646828961,0.9465901891324336,0.849268174200444,0.8804994946112142,0.7208784621936726,0.9918130347080172,0.8492684724653952,0.9744715184556436,0.976501345351933,0.8899039348834906,0.6643706673948777,0.8833640552559272,1.0,0.9110788044922458,0.8170123761046759,0.8985238736340808,0.4871782634427885,0.8526402023148035,0.8609712559602828,0.8827176067892878,0.9941664726477458,0.8741290018924678,0.9799429192061311,0.8732468582253048,0.8226897480577782,0.8803321122624947,0.9718777328753561,0.8698019675527793,0.5122688258587278,0.9887946144575902,0.8515215486924933,0.9046508456420849,0.9940225840488041,0.8426321946836689,0.8869352360170312,0.9311330909261135,0.5302402459556972,0.9782421288708492,0.8036242086765272,0.9417404015880791,0.34629108371248996,0.9793612323196283,0.8055410206474473,0.9126489923729298,0.9895248456479101,0.9856541779439204,0.9768808934887825,0.8217981010526636,0.9515730640598631,0.9007692318767524,0.6482892092393528,0.9842843200252359,0.8531227276840346,0.9632459525684796,0.7120190203118459,0.718969773278223,0.9906110931673193,0.881982446118126,0.8826844859572935,0.7792821120534326,0.4898267654916001,0.9721305410368954,0.9721290397063093,0.9704578460966155,0.9721262792855431,0.9721308574654215,0.9724826264914705,0.9721241991350019,0.9721149152840737,0.8414764025548914,0.8731889956554794,0.8708993291560057,0.8418985798880421,0.9718098245917368,0.9704511403974131,0.8726270811845321,0.8733589085941748,0.8899103651638517,0.9708533454701838,0.9721096696281093,0.8732320857882998,0.9704691299888902,0.9704324504989553,0.8586037859853697,0.8726897209939274,0.9707572745489346,0.9721213023907533,0.9704692643706039,0.970469337177189,0.9721005887677788,0.8732968520896539,0.8764495235492229,0.97046263145572,0.8770771931417135,0.9724761835552684,0.8518416143945715,0.9704637293122872,0.8556651198022835,0.9623380956756589,0.8807918595614332,0.9232125941969815,0.972130205954942,0.9706723654003548,0.9812862188649452,0.8692133353551379,0.9721186005200172,0.9721189285473362,0.8423168280343254,0.8619061214130082,0.2733172955987903,0.9724878210317955,0.9461687920328004,0.9908159653669762,0.852297838219723,0.9887676205680416,0.7438967996743602,0.9683218146823344,0.5602307650815608,0.9218764791079725,0.6619951332556481,0.9470754511258881,0.5869980650526431,0.9270646331443145,0.9523745730119259,0.6268045593737955,0.8732525863528317,0.9704687598613342,0.8113166893402015,0.8962756288491073,0.8678935269001191,0.8844793219976975,0.7549213633453588,0.8132828435500853,0.9295144711316998,0.8487735675782293,0.7890382476890215,0.9029147577108136,0.9389395425068299,0.8729388391172029,0.8647584270432785,0.8814736690493585,0.9467002287664505,0.9716544092308186,0.47029904663467514,0.6157634350384363,0.8886195333821509,0.8685221787041171,0.8608022480707274,0.8883373833013939,0.9002418644324186,0.8487448752260909,0.9372963130070936,0.9181608367578415,0.8549014191354366,0.97596903980421,0.9124151879941995,0.7224852705317962,0.6700991208685904,0.9601679579909107,0.9430879402924933,0.9380241485064549,0.8733253394688715,0.97212451955758,0.972485402965117,0.9698984916623204,0.8724264230035118,0.9705341701352679,0.9721308038989995,0.9717219453377951,0.9706226241311912,0.846917558848835,0.9639684838236218,0.9721114552692052,0.7165739768411247,0.9721293570853133,0.9722196953881728,0.9703618111762071,-0.02831066591654455,0.5629819337490248,0.9484893044142071,0.8742552071354366
UCSF-PDGM-0101,0.5618743611771333,0.8840676087442852,0.5896863115343219,0.9840278220631122,0.9884755132764549,0.8698797918487919,0.39903253367515007,0.7776559576040067,0.9281774770328075,0.9589485056005818,0.9481600906356614,0.8606006839415777,0.8275804964105178,0.957603727392437,0.9806036954460257,-0.09568460981300828,0.9564388214654397,0.5620613553502314,0.9757386967684706,0.9887875091219238,0.41464572162731034,0.9373664517690595,0.7683109201397273,0.9891445037982315,0.6929137221136811,0.7642848331764026,0.9194452939435895,0.9890905436987,0.9039455876473669,0.8423318996116328,0.998246168258568,0.7049704925311973,0.9299497840103343,0.9110788044922458,1.0,0.5973739486353848,0.9759081137249782,0.49466600488274526,0.9901837633647127,0.6911049979593623,0.9872689187554182,0.9126981975941107,0.8837726756912724,0.8642073358378258,0.9928438462534768,0.5261068465000677,0.9897962093231741,0.9792975859180807,0.8443099455825921,0.5509181764239053,0.8769732185026068,0.9894984127393135,0.9994525480202804,0.9013343028590527,0.8911984763942715,0.976208561974203,0.9984325445306457,0.4186589949744092,0.9570139232950796,0.8605414241496122,0.9941866176564649,0.2640003142462807,0.9727248226570803,0.828696152444764,0.9999138878076204,0.9554922439530612,0.8397702846316005,0.8715038179678152,0.8318021590917933,0.9076583363472662,0.9625418606637519,0.5429247107498018,0.9545990665569529,0.9902657240092373,0.8630318576299675,0.7159896648199858,0.4248718470606891,0.9190321823161213,0.9196438051291131,0.9329119712457179,0.8495039749140672,0.433757481929944,0.9098635764319982,0.9097300474743469,0.9054351731710315,0.9099669595880037,0.909816168586198,0.9077684401872618,0.9096413050604546,0.9095359500543617,0.9862118692273529,0.8772577570896251,0.9949821036685234,0.9863607566204005,0.910751107403559,0.9054870104765033,0.8787643266012647,0.8768042089285865,0.9839742724740058,0.9034346187338576,0.909489260804196,0.8771740925252637,0.9052736532038764,0.9055907373831651,0.9917600016083685,0.8785605523001986,0.9039846044134415,0.9100273954173665,0.905268848267922,0.905266069049908,0.9101730376232724,0.8770175839312934,0.8822120612371113,0.9053873523334929,0.8805146010766383,0.907699476833261,0.9033334834793384,0.9053741402865993,0.9910347135613342,0.9184460714953918,0.9881045759740344,0.9985653575116931,0.9097679510001319,0.9041519695550339,0.843050824558222,0.9927922378185543,0.9095730630414705,0.9095765984553373,0.9866524964717391,0.9926681039260808,0.08627169933474463,0.9081136431156845,0.8042832429438905,0.8830943790767468,0.9900931844020742,0.8959292687003072,0.73701608965573,0.7927330627636142,0.4877142025511874,0.7403799471483332,0.6483659985709042,0.8238685669251048,0.676707823759547,0.998749639506997,0.8498818885643322,0.3966904781475302,0.8771292768135075,0.9051305593854803,0.5133596958926249,0.9495749293702404,0.9929826278869324,0.9813924798565651,0.5297313781354376,0.8091137803439357,0.8887625148414465,0.988685178999713,0.761397385737397,0.9997375557008336,0.9936873658151342,0.9006806141629906,0.9926583450563095,0.9888286805397115,0.8269757246513638,0.9312186619368275,0.1993770701929909,0.28100848429487746,0.9650125276171292,0.9943886536162355,0.9922373483798068,0.996892129223931,0.9982314970568604,0.9373900936976945,0.8149918204977274,0.8177177402434538,0.9378600366346248,0.9118709555883695,0.9946122483409583,0.43404279012395797,0.5562356034219625,0.9857001406635858,0.9957898172317402,0.9958619794144169,0.8769307473149827,0.9096459049842197,0.9078051441806202,0.9046091639065009,0.8778894339602838,0.904321151271515,0.9098065219530758,0.9108266283875744,0.9042228763212953,0.988441312554397,0.9280430711702948,0.9095045039604286,0.8367208153557816,0.9097387550906411,0.9088508071553504,0.9044512799298438,-0.032037814614112176,0.2445633929169719,0.9885235264983728,0.8814384170956505
UCSF-PDGM-0102,0.6073293597727129,0.8900596694373312,0.3686275814483195,0.5732148606106726,0.4850297227146428,0.6555601025408236,0.8566058621079977,0.3854451288984397,0.8186857558495051,0.6016346841061675,0.7789067269970856,0.9097236282299281,0.5903024254887773,0.7745355397997316,0.5638423260311826,-0.31545444151628915,0.5695152550540596,0.9547940923864331,0.5931954574461281,0.5582337253693275,0.12442140176366472,0.8020120049533948,0.8381557269078409,0.4883261522963281,0.9792306159891566,0.5652900332181937,0.8167257679890183,0.48797594028207125,0.7164925429199084,0.8050696529920599,0.5556769891940812,0.3793446718064954,0.651036842293036,0.8170123761046759,0.5973739486353848,1.0,0.5670326389042772,0.0867654816080729,0.4938748002927263,0.9809949774633814,0.5575296464696814,0.7876545106749752,0.6063430592930377,0.904868269837732,0.5304139844661193,0.8716796014784726,0.550160654406064,0.6923925335655837,0.5771398343511943,0.42676572712325117,0.8128429142767686,0.49186460539396754,0.5789939075021092,0.8343880220992358,0.5272977240993852,0.5629789495319983,0.625245847532233,0.4068317845500137,0.7800665294751108,0.612394165891772,0.6717012693329678,0.25295921398563703,0.7417312447299513,0.587771380557261,0.6023946632454156,0.7620197729981977,0.8596131905058373,0.8772169321722048,0.581350994236712,0.7372818667303751,0.569474394816533,0.38126843581582176,0.7819810835391922,0.49430214430768293,0.911132585427797,0.37967570080221685,0.8752654946839218,0.827828803795449,0.6131095293956514,0.5819959105571385,0.5068757439016172,0.3985523433645899,0.810982208441669,0.8112198100602452,0.8181141137101039,0.8107845456128364,0.8110687119676439,0.8106478474238896,0.8113680105971041,0.8115350186590343,0.4757485733148808,0.6497755777468355,0.5251910708182179,0.47643514389522107,0.8085675175408562,0.8180040017066043,0.6506914579164054,0.6509807661391527,0.5328357627315066,0.8177376909730771,0.8116061719250927,0.6500270301509986,0.818432987419656,0.8177703783982813,0.5042195048880095,0.6511958173575924,0.8164978349948923,0.8106627165584002,0.8184419659605524,0.8184471468249257,0.8103470961677218,0.6504581242277618,0.6549826713745981,0.8182121631445984,0.6545332110816986,0.8107571857720682,0.5136195721960402,0.818238687195349,0.4998084215519701,0.7636408480048007,0.5588872349283351,0.6304089566743839,0.8111542340968075,0.8159797373564341,0.8798387304390108,0.5259199982603029,0.8114772354104889,0.8114716727477245,0.4769708395618059,0.5100635193404259,0.2200060274901048,0.8100319674788867,0.7460641408373062,0.8579178388771631,0.4931381650405553,0.8030142961943957,0.5410616661035104,0.8794577460586775,0.5971665096400638,0.9467357450049846,0.5093270826019254,0.9115918236740589,0.22314702735837796,0.6324130203655374,0.916948488898824,0.9487185446450662,0.650155321278417,0.8186893531150912,0.9110716249736922,0.6121586047272422,0.5218875977246652,0.5666693491933648,0.5976881058612509,0.5298509642013501,0.651031814415172,0.4876719422688758,0.5831151600445719,0.5851868807957878,0.6697595440254999,0.624638647830351,0.5157449522368645,0.5597516029171199,0.9102786932306609,0.6777634991447037,0.5782414413033834,0.7146667110048655,0.6006302314272923,0.5210906018633648,0.5071389539126608,0.5483980184460397,0.5638231934079656,0.5264011666233195,0.8638138377719513,0.7724457475414073,0.563559292143732,0.8392261180617553,0.6361426939469504,0.8500785154279514,0.4925073045700161,0.7101351094918601,0.6583594545166955,0.6448308814618264,0.6506788395516256,0.8113605042963761,0.8105880007637082,0.8131939118997565,0.6467926226582145,0.8153235866121931,0.8110860158794199,0.808208985931315,0.8157254176741144,0.4844944068519314,0.7303771716092955,0.8115831262318296,0.40478182701851817,0.8112048701627638,0.8080090865270004,0.814651822778468,0.04475492061693963,0.5721006883864761,0.6948949662104847,0.6417300747754443
UCSF-PDGM-0103,0.5931930598968185,0.8562539823504295,0.6075916298140766,0.9723251874873922,0.9650623476531247,0.8836044532630004,0.3730088335316303,0.798736480497113,0.9123631767680904,0.9891999230362525,0.9306966909669353,0.83693743143264,0.9044758344240303,0.9384730277582555,0.9995421172003089,0.018892007713637252,0.9469610900537893,0.5302729251923913,0.9649575453757153,0.9757541564118587,0.46310309372474906,0.9176324938892351,0.7569829386278407,0.9653672158717995,0.6683602631591773,0.7627299258255849,0.9027743629795308,0.9683117158659079,0.8933220896244178,0.8303513957282738,0.9740368071300821,0.7130973453104197,0.9293728148003301,0.8985238736340808,0.9759081137249782,0.5670326389042772,1.0,0.519991124045805,0.9711785474023619,0.6599393530402431,0.9738008477359409,0.9065162558154548,0.900441385449115,0.8449356659052637,0.9866217651597443,0.5350933154572369,0.9743533199054855,0.9630784588995523,0.9314918074810487,0.5484187331229948,0.8671377660768567,0.9641221663494853,0.976283075467462,0.890615735917914,0.8999965184898957,0.9959169148853302,0.9771297361431945,0.4686769920340836,0.9375314218611835,0.8565400406043737,0.9700581013615261,0.42579386205602915,0.9527577759794448,0.8393026723661067,0.9759494212843395,0.9408853463030504,0.8354447973297648,0.8524770778491936,0.9155929191282869,0.8801693608826063,0.9966071703984805,0.6768985488072993,0.9327060793263812,0.9714829350159693,0.8386003074123188,0.821040710163566,0.4090926773818761,0.9043614555581689,0.9722627081163412,0.9796279639916018,0.8465143670190022,0.4626272430540287,0.897209626613804,0.8971345962158971,0.8932121540272192,0.8972655415909139,0.8971833288134522,0.8959243233716953,0.8970831896484253,0.8970207405247927,0.960620843386656,0.8921673815184176,0.9697320724908122,0.9607745180589655,0.8975756448482464,0.8932382189202343,0.9414317261250632,0.8919047800474776,0.9934331989315696,0.8920015329979513,0.8969926115270509,0.9402874669680548,0.8931270685301151,0.8932882522214288,0.9663202860522057,0.9412784482284645,0.8922675833090999,0.8972972311172651,0.8931244563301051,0.8931229434286613,0.8973700997926928,0.9401738172459014,0.9447699974062171,0.8931875446491654,0.9435438882302286,0.8958833472272432,0.964216463712908,0.8931806552152727,0.9685194153994333,0.8945279135997926,0.973475228767631,0.9739839820143408,0.8971561912932444,0.8923261019656792,0.8339380701491134,0.9737345512619463,0.8970429056833193,0.8970450079135573,0.9625316288749075,0.9673295169162931,0.2550125923419564,0.8961185658344559,0.7980698058774794,0.870519917522465,0.9669234330594657,0.8891752615052857,0.7593191437292914,0.7912133402251244,0.517300543165536,0.7238061886116423,0.7483015512036927,0.8016466584744738,0.6764406878223552,0.9745094270853367,0.8239713598823915,0.3561879917325034,0.9402554034206438,0.8930475151576959,0.5133768718220858,0.9506939933897339,0.9830427034121251,0.9705680216410316,0.5425495036434087,0.8331861399239562,0.888094590906575,0.9631992511889277,0.8586145254740611,0.9747011639371252,0.9694602443969725,0.9575731845801306,0.9809553724383052,0.9742381289077181,0.8055191915608229,0.9277169993881329,0.18745700174607705,0.2836012369139895,0.9600549629790857,0.9690746884856803,0.9670615169267185,0.9737647779489844,0.9765357256905232,0.9308614056260369,0.7937255484808718,0.7992783214937815,0.9291079373646375,0.8924172315951892,0.9668962689936519,0.43159758895196876,0.7004153110185278,0.9640261063198458,0.9741453088747112,0.9727836302324248,0.9401089329964062,0.8970858821768654,0.895945869746838,0.8922675037392028,0.9406818705195827,0.8923641472240877,0.8971779303621348,0.8975824788870757,0.8923453441936832,0.9667575965019629,0.9055369980746343,0.8970018244163984,0.7740479540109658,0.8971395771189944,0.8964212071814819,0.8923667793782666,0.06320345502472832,0.2578735717379495,0.9647529315629196,0.8961108952831074
UCSF-PDGM-0105,0.45517353370348296,0.29261469008189767,0.6238906203812637,0.5360707244579237,0.5368308644686821,0.5968011385910225,0.19505924128489546,0.8157349659416678,0.42486091192591535,0.4167604177010699,0.44796327143472386,0.28539487011550874,0.35878603590524244,0.4300413515883334,0.522448816756486,-0.009619327059048794,0.5316439180836349,0.18812215757008793,0.5093246073061594,0.5494722962063675,0.8233875107867097,0.3739438335098438,0.3966513947222503,0.5302373759080626,0.14888837980871925,0.384052884842908,0.4270383175272736,0.5227962180490536,0.5366160909707061,0.4918443979055606,0.5125972900661401,0.7542932278865184,0.5082092028730223,0.4871782634427885,0.49466600488274526,0.0867654816080729,0.519991124045805,1.0,0.5187557873565468,0.11386810789478423,0.5292445748166571,0.5329123900649858,0.6779112404237817,0.3517449259519908,0.5022528548699234,0.3676681585455198,0.5274778646454265,0.5234852188016841,0.5684432418855547,0.3524631467920298,0.46031533731476404,0.5252065227034551,0.5136020194963182,0.45475721010111,0.6850523414446317,0.463643979264982,0.5091906750420002,0.7651469566128392,0.4186059291319528,0.4423573765471199,0.4568040510939836,0.32084733024596507,0.476344231298205,0.5674563512335316,0.4938737990720441,0.48080310185258623,0.4592626204349215,0.428994539453828,0.34182620015165865,0.37205423309620567,0.5261482065713514,0.6629572566303427,0.4463023734816816,0.5197271316106973,0.31387501600161716,0.5548592269158253,0.05918924016987779,0.42344114422094836,0.3995986844755981,0.43625050283671135,0.5370066456619889,0.5848762782918365,0.38432823915193726,0.3846870488427888,0.3807272407779209,0.38403448106823734,0.38445812872582497,0.3850360907769294,0.38491420839188967,0.38517348845261423,0.5285289863848097,0.5125682828353567,0.5141965950673923,0.5283510583233305,0.38097064938779457,0.38056478121011533,0.3810764551247417,0.5138139164857054,0.5673260184191025,0.3813794653331517,0.3852850634727302,0.38069663635606676,0.38120500972288945,0.38022409804157653,0.520207285672994,0.38168415854625093,0.3795714262686531,0.3838554448751304,0.3812186268408878,0.3812264885417168,0.3833983435935074,0.38120994969219596,0.38728688558427476,0.38087296746562616,0.38716443486632013,0.3852058677004403,0.47783208405027294,0.3809125655472293,0.5300495326823506,0.494765930623668,0.5235151705310128,0.47072119253071504,0.3845873739445844,0.37885591175322697,0.4033125480431431,0.5302659382308509,0.3850833731075243,0.3850747209028968,0.5273135352018928,0.5191190906212347,0.24804879399289825,0.38410640365570203,0.5499203226909858,0.40469382323957903,0.5300784805395999,0.5484522167004093,0.6710846155374476,0.4275108918790203,0.29573447689813254,0.21250367836777384,0.11634313964669066,0.2344580972782803,0.6981739961608883,0.4780320127639565,0.264473051712864,-0.07087589984718623,0.3808487734956341,0.38159759758901657,0.24314084800708238,0.5757435719839498,0.502881564456995,0.5353390925363836,0.6567011483418703,0.7287792684982587,0.6794391264876637,0.5254441820883857,0.2928419378507071,0.48930571360492897,0.4500064005348007,0.36727060599385547,0.5058883195411027,0.528487381840761,0.23617144777267665,0.6356262370435887,0.3479438581517924,0.3002106104512288,0.5462547438579881,0.5150778295656808,0.52145466287151,0.5297192752944384,0.5301542179879349,0.601002572532396,0.43316995160220034,0.5149480723377164,0.5126835541932855,0.3493070311666636,0.4737479154047347,0.3621057765206394,0.3648345444194777,0.4558360621905287,0.48954708161360416,0.4785559148860649,0.3814751297150203,0.3849026381386965,0.38494380523804284,0.3752921807217137,0.37700749752306373,0.3779771444699662,0.3844842119490823,0.38050673678915053,0.3785118910699286,0.5230507505738919,0.5013384768607608,0.38524885115611446,0.4329953588700569,0.384664295889111,0.3812970364944922,0.37710506278199285,-0.25818483476445314,0.32711045136855166,0.4378076620333871,0.5171279810748256
UCSF-PDGM-0108,0.5139330521450881,0.8167356232542967,0.5675136588859093,0.976645241103631,0.999368973477114,0.8405351602955449,0.30388181851742824,0.7811188224814801,0.8700689830605862,0.9461733071315267,0.8972724504686372,0.7846491476445475,0.8237414920729924,0.9094435934315301,0.9764424274399292,-0.029688781663779647,0.9424495078785647,0.46415349188370136,0.9636227323003874,0.9850727713611289,0.42699477460252666,0.8811709977203036,0.6866245212984878,0.9994722188020458,0.5966963205034582,0.7282360052614543,0.8590214278904403,0.9999045048239937,0.8557714679610657,0.7748990560875776,0.996403779682847,0.6993174497979749,0.9054343222200133,0.8526402023148035,0.9901837633647127,0.4938748002927263,0.9711785474023619,0.5187557873565468,1.0,0.5938781860656848,0.9819440730042377,0.8585928427519787,0.8613562316119397,0.7898701297900778,0.9962913944975883,0.42550764511983713,0.9870019038672391,0.9472486197402374,0.827088506184494,0.5220920171418386,0.8119809765712909,0.9994118946056255,0.9931536928012855,0.838932560506077,0.8763160119039626,0.9697602444553636,0.9828051423993355,0.3976182279495959,0.9090260410482099,0.8308765223962233,0.9700103696801593,0.2707762474588934,0.9330846643457242,0.7980908875215302,0.989435819555589,0.9089407068607864,0.7658812300732717,0.8046681053529479,0.8103516118609935,0.8498880330127858,0.9537374562168324,0.5372933103823111,0.9069753360788807,0.9999969488631418,0.7896868982463167,0.7111143892788945,0.3157455566583752,0.8590579066721333,0.9002777867582005,0.9166921900560111,0.8282565844502798,0.4164173141561725,0.8456610497672692,0.845501279696711,0.8403134477920028,0.845786120105366,0.8456041107287765,0.8430091824885154,0.8453960684441437,0.8452720552288596,0.9989812070732319,0.8381584547915957,0.9988178874466189,0.9990089033645516,0.8468065432921675,0.8403772395649777,0.8472943660804751,0.8375618092543168,0.9852038804726491,0.8377659381454596,0.8452173832181621,0.8451513665853441,0.8401170994368802,0.840506215252218,0.9994316634585695,0.847025329907054,0.8384489463939784,0.845859861785797,0.8401113091171694,0.8401079611838073,0.846039772264141,0.8449401790605693,0.8516170020867323,0.8402549515549426,0.8493322145844031,0.8429281076922981,0.8931503032949395,0.8402388465673657,0.999157894751388,0.8710219197403241,0.9831201069766846,0.9825089443089654,0.8455464450542528,0.8386708091467077,0.767289023621455,0.9954387835892795,0.8453156360632793,0.845319793428129,0.9992871279231907,0.9993632766014638,0.07077180574359254,0.8434218435177991,0.7421200059102515,0.8133949066967198,0.9994010781172691,0.841122067631149,0.7141975627959641,0.710141329326635,0.42871083323610454,0.6445576608675744,0.6121080184255893,0.7418505526525495,0.6785253975235562,0.9822891773645811,0.7723291272552033,0.2952599264904713,0.8450903584788089,0.8399457615046511,0.40469726884923396,0.9318225459344589,0.997815618957044,0.9729206250344515,0.47040409114886433,0.7893826165354587,0.8592841413355025,0.9993520829577568,0.7273516881858941,0.9920160214841632,0.9691954335452413,0.8758940194647831,0.9986421630906895,0.9844291717758461,0.7444073657666442,0.8966102871643482,0.1340609091494032,0.19010803400387116,0.9502152314149069,0.9990111235559788,0.9994054648306702,0.9965469664987716,0.9942164947541916,0.9272001660341976,0.7463476053148923,0.7594064119938804,0.9202948843887812,0.8473599978861414,0.98095315874694,0.34396927673212147,0.5262484916923396,0.9531799162617797,0.974021626804026,0.9749184430396239,0.8448250436731932,0.8454015044613389,0.843052497307965,0.8394133232591299,0.8462561643905011,0.8389082644777729,0.8455925544707205,0.8469193214796019,0.8387682712518232,0.999801285462128,0.884276155800727,0.8452352141437574,0.8307286474937272,0.8455116430869991,0.8443735778865192,0.839107540595007,-0.037035726997541776,0.16164407116090226,0.9586566868643747,0.8434043870057575
UCSF-PDGM-0109,0.6562989838252842,0.946514967111826,0.46581560430332697,0.6731834636674555,0.5845419082315565,0.7241201888943676,0.7782540683707556,0.44372120225158573,0.8752818870689117,0.6973974930672786,0.8440302157365196,0.9536721007156627,0.6400689456620344,0.8438313477754087,0.6579532449754075,-0.3179749158786007,0.6745750837695036,0.9267695358050908,0.6941556439541983,0.6558075830126017,0.146250895908673,0.8757044756215809,0.854476828725908,0.5882262253280478,0.9717189276415705,0.6678230876296821,0.8736675590981496,0.5878130023714964,0.7716938392625957,0.8407828324935284,0.6519113440610376,0.45057251968714956,0.7326700451594321,0.8609712559602828,0.6911049979593623,0.9809949774633814,0.6599393530402431,0.11386810789478423,0.5938781860656848,1.0,0.6585946730438945,0.8387866915811296,0.6819695656829039,0.9415993214204084,0.6298156707559526,0.8283199217673576,0.6484091156252608,0.7699162937063795,0.6372087378860593,0.5129927986479966,0.8568465332624478,0.5908298506215948,0.6731420960004466,0.8795019708815109,0.626367303276545,0.6646647474860087,0.7148404639253376,0.40654547880179864,0.8497002322562827,0.7145112864214386,0.7586510564337593,0.2525264308344939,0.8154167992451905,0.684313405568161,0.6957198204122412,0.8291240140847351,0.8889258818179936,0.9213722557163582,0.665955476465332,0.8155532104505251,0.6644136379195017,0.3889617267277241,0.8513006228276699,0.5943092704989807,0.9536170386802969,0.47229732665844065,0.8090280980621873,0.8813837979351425,0.7015133631331733,0.6813056273235675,0.6185992063932838,0.40537310999279674,0.884725951723223,0.8848933529556101,0.8901166288785876,0.88458492221436,0.8847871741448792,0.8833995195916898,0.8849965151855251,0.8851115415690969,0.5751095828409503,0.737316463422352,0.6233125210622881,0.5757846445276811,0.8829169628952782,0.8900368197079254,0.7389790553510442,0.7382251249317944,0.6291251146569428,0.888778732527449,0.8851601344743767,0.7375084662236557,0.8903451227816825,0.889866049222767,0.6029919670018535,0.7393558802043474,0.8878713325848959,0.8844972454122343,0.8903514973191927,0.8903551740737877,0.8842675951961456,0.7378347557207308,0.7394623053884831,0.8901873123856885,0.7381556071664244,0.8834749353555058,0.6161277963010511,0.8902063700082541,0.6000047065541617,0.8340993999983142,0.6605336314042777,0.7218597469724407,0.8848473927744092,0.8874778378788193,0.9093641030170169,0.6269101867610718,0.8850718952017124,0.8850680699608211,0.5765473000951364,0.6085413934375554,0.15654983044480272,0.8829648350887767,0.7750546275574436,0.9012438944379959,0.5932339349817171,0.847455291559751,0.6095900110153273,0.9013499147140674,0.6609768829844747,0.9580710526680197,0.5972407826867977,0.9418354907894239,0.3374687884041683,0.7226587105266428,0.9643607008347581,0.9091987312795305,0.7376059563578017,0.8905257780428993,0.864837722379029,0.6976671141831663,0.6223738812573875,0.6693090999729618,0.5831965401436588,0.5998701354108792,0.7089514281818433,0.5867371922797642,0.6633869978507472,0.6810552833723776,0.7594833559453958,0.7165351981486674,0.6161251907446551,0.660767919847688,0.9470827164553695,0.7381569786860807,0.5147096121432905,0.6284690018198235,0.7005037906205915,0.6190568479980567,0.6055645533419141,0.6444376708750025,0.659018901921293,0.6349637065049045,0.9052462673507171,0.8276670558124157,0.6684513742690823,0.9019438174728716,0.7302095296227613,0.7925888709668835,0.5142910050193076,0.7922130223827843,0.7454540544588212,0.7349182631326397,0.7380003332586239,0.8849913141862493,0.8833580021623783,0.885260495538515,0.734959171724328,0.8869696833500663,0.8847993834268502,0.8826354564998743,0.8872821033188177,0.5844451175554863,0.7889644407374778,0.885144423591903,0.518903875630944,0.8848828986098669,0.8814464587448625,0.88643956014983,0.08350556709471146,0.5026751166512413,0.7820330664344735,0.7310716157855562
UCSF-PDGM-0113,0.6477519718434477,0.8600460371052724,0.6629247572323234,0.998846715493243,0.9813565844925775,0.9161827154918009,0.3388854697314228,0.759261685085736,0.9053551740537031,0.9620581868506209,0.9260907426931566,0.835004790249426,0.8268124067535144,0.9376982267110991,0.977961664607269,-0.11105984441259407,0.9836166709621953,0.5102371203234987,0.9955008231450666,0.9986578065039239,0.39872155006289284,0.9197043880124639,0.7319099760591823,0.9826668516439376,0.6594448819943982,0.8322062143760093,0.8949681524835178,0.9803967814961604,0.8755580852265182,0.8066244069331557,0.9864982291552482,0.7866660234034634,0.9653649300766441,0.8827176067892878,0.9872689187554182,0.5575296464696814,0.9738008477359409,0.5292445748166571,0.9819440730042377,0.6585946730438945,1.0,0.8870709220678052,0.92154793864108,0.8356176205147099,0.9873745335314172,0.485020454379391,0.9992352447169941,0.9597821642211652,0.8459003769875871,0.6481302006981502,0.8488584245064178,0.9792496106316252,0.9867695762937353,0.8757563259158038,0.9341037291943033,0.9763269578865139,0.9840880879209452,0.4741784821481079,0.9381141590405885,0.9115744969309185,0.9793939761003092,0.26695371313590466,0.9517553028620287,0.882601562550315,0.9871158883225284,0.9344453039945844,0.8104977660067408,0.8395806855117155,0.8426475877075565,0.882242528440795,0.9625013919947123,0.5389774259817322,0.9308803270995205,0.9820580458288704,0.8351582955807823,0.7178804793985372,0.3821285725127469,0.8958189476854953,0.9259590225682088,0.938541803823042,0.9050307060506252,0.525221589161936,0.8931462300665897,0.8930400278449256,0.8887836860039432,0.8932275001018751,0.8931086739229099,0.8912909543458011,0.8929687694898394,0.8928835483210008,0.9762728251582843,0.9224279005371654,0.984129330673186,0.9764108711452774,0.893793859203304,0.8888235412329847,0.8886929597707088,0.9219908829159175,0.9786429227234753,0.8870145742259625,0.8928455822515741,0.8871937107552792,0.8886577987762566,0.8889023581462966,0.9813243508060066,0.8885182114110282,0.887432567526896,0.8932745710669547,0.8886540181977381,0.8886518306056156,0.893386469294299,0.8870615420762196,0.8913544632272361,0.8887466707352747,0.8897636953176007,0.8912351537150581,0.9070081788823974,0.8887364043542111,0.986983431872405,0.8877153157535885,0.9997395720565155,0.9853458424540286,0.893070304806242,0.8875498812428317,0.8146744751236988,0.9952195299555842,0.8929136419382445,0.8929165046230221,0.9771507272978399,0.9821213501918735,0.09134912070835496,0.8915654911868073,0.7672882210279703,0.8572113432959922,0.9847974672264236,0.8670935061698418,0.8076071074414229,0.7629055484522569,0.5774376878689467,0.7115752302382188,0.6680033035467541,0.7988412540612746,0.747394974336454,0.9848548769362395,0.8240091627534815,0.3523542999282975,0.887156096269032,0.8885444365205556,0.47300295672241244,0.9804911153860872,0.987032028924213,0.9988560693985474,0.48185307579302167,0.8663169620274388,0.8619378308563554,0.978543894555561,0.7771072392312819,0.9876934265420755,0.9797833883066189,0.9096768226822104,0.9862365219753486,0.9992963503064528,0.8033025407677443,0.9063681560672331,0.13834793266777487,0.22693366803016551,0.9891294647760525,0.9836045634078467,0.9817025082783711,0.9846888717628804,0.9858846246861493,0.9672980151112592,0.7777401734085205,0.7805646008683602,0.9698285721776814,0.8917414360490652,0.9797442183428455,0.3829376655204962,0.5676290088381666,0.9693891687688211,0.9807499790354227,0.9811189271430233,0.8869873279580467,0.8929724753834374,0.8913205375467632,0.887774128819522,0.8877374345430135,0.8876591708168386,0.893101011148306,0.8938382908956096,0.8875971383819248,0.9795133920922152,0.899696468474662,0.892857990322962,0.8005339522885745,0.8930469921166917,0.8921024346894113,0.8877315026942699,-0.013377329857659857,0.19815768354552032,0.9738448590015659,0.9269346555042023
UCSF-PDGM-0116,0.6494704082936251,0.9409129098181002,0.6346648277362231,0.8929394450135537,0.8557564827346879,0.8796514375588042,0.6494298084254915,0.8234944477687365,0.9859354993554406,0.888431526212175,0.9815442180916931,0.946703058769969,0.7848741549532551,0.9761872542974922,0.9069821989674219,-0.18719726560462066,0.8800698414016871,0.7816296428893187,0.8896438747091738,0.8930407485749015,0.5386142152498503,0.9656489131096213,0.9227781906135814,0.8553783623586345,0.8525274370658613,0.7315154355240825,0.9808978293311564,0.8553779408172372,0.9672331543155319,0.9656423998920425,0.8937332864989697,0.6764525581857728,0.8856276195293187,0.9941664726477458,0.9126981975941107,0.7876545106749752,0.9065162558154548,0.5329123900649858,0.8585928427519787,0.8387866915811296,0.8870709220678052,1.0,0.8988065354399518,0.9676623295120428,0.8787328987485419,0.8179027034023448,0.8834654968543572,0.9728068580629645,0.8858458455540434,0.5250023315399699,0.9792426351722114,0.8572626629400162,0.9083998802258464,0.9924948240244421,0.8690937386684281,0.8915656356282253,0.9338015866635171,0.5804630162333367,0.9734355271170153,0.8156512389461169,0.9391167577851003,0.3532536827831128,0.9762564453426998,0.8348828147008229,0.9148254660603994,0.9868528454593699,0.9842516339142241,0.9768204076485689,0.818123896457659,0.9377965756855942,0.9118223660265536,0.6753201708640912,0.9788277665468254,0.8591647776782049,0.952803927956349,0.7534930710524801,0.6675249581718721,0.9865372296621633,0.8813341965555084,0.8867872185140491,0.8007038844006965,0.47890102948254304,0.9681859929593057,0.9681604082982124,0.9679059655050873,0.9682013250495434,0.9681776104881415,0.96818162865153,0.9681402334655279,0.9681133627270826,0.8476299120277834,0.8817827025788636,0.8751717500535405,0.8480259008301351,0.968083125724406,0.967910189886362,0.8815093815460988,0.8818384704946948,0.903448769319684,0.9679475718947218,0.9681005209075374,0.881802662817585,0.9678849018934776,0.9679143089429639,0.8636453242107531,0.8815232136100375,0.9679720636876946,0.9682082365789481,0.9678841098010607,0.9678836476020836,0.9682176958713842,0.8818269575400712,0.8840724032999012,0.9679009168471401,0.8843682033986914,0.9681637212314406,0.863740202917802,0.967899337631155,0.8616267588795019,0.9637009908430468,0.8858913939608446,0.9230920125043388,0.9681682815451883,0.9679337549971456,0.976395781397794,0.8747550550163332,0.9681231707495267,0.9681240860622163,0.8485499202455967,0.8669204635774181,0.2616975116787068,0.968248940551013,0.9352721320639824,0.9837964109242778,0.8582240618889969,0.9961181602126904,0.7582728764315918,0.9666485533025577,0.5752778614446787,0.8980911543972557,0.661021829232451,0.9210555648317875,0.6241068922081613,0.9262540321512878,0.9367885354298374,0.5966411622888594,0.8818112293301962,0.9678577185553823,0.7937769382934922,0.9020285908313811,0.8733055794292857,0.8905991450152687,0.765325798558558,0.8245192853500053,0.9569685932021469,0.8545371031503488,0.788407638424975,0.9039895817471009,0.9364175395409813,0.8744399462661009,0.8700765224156445,0.8878022039123764,0.9244102689137396,0.982278884869687,0.4667059269034724,0.5926993177053274,0.8995496279579646,0.8727702241190777,0.8660477044468718,0.8947589851908586,0.9062066576027404,0.872700139507465,0.943322465955755,0.9299503309957692,0.8665815367016607,0.9651245753217922,0.9152744939021065,0.7278877853874205,0.6688637391881476,0.9575599015870232,0.943812752742417,0.9357967715747983,0.8818343046640748,0.968141336588438,0.9681906209144773,0.9673836654613008,0.8812719584230994,0.9678519890077504,0.9681758074610886,0.9680243686639503,0.9679062080205215,0.8531266999701367,0.9519738730758535,0.9681047737929414,0.7254564672935006,0.9681622578428296,0.968162284466207,0.9677347955573997,-0.038535715479029634,0.539508037360289,0.9449154875101108,0.8815173941631017
UCSF-PDGM-0119,0.8408576814566556,0.8343041540800041,0.8313551117386064,0.9351512276315702,0.8640153224428938,0.9874773961768393,0.4058501559004058,0.8189170944766087,0.8794649826237521,0.8779167990638732,0.8787537350580583,0.817085089500091,0.7734681309901874,0.8842116127586727,0.9020850313624185,-0.2125714003592639,0.9446645375869313,0.5954267059139148,0.9377244522769382,0.9276317776170545,0.555905143587745,0.8720376059369023,0.7336364197551384,0.8641125289073028,0.684582822964167,0.8630559327234799,0.8610052098497907,0.8585912883302832,0.8418603494914707,0.8073756606662634,0.8766872221876265,0.8735464416720407,0.9584846231873709,0.8741290018924678,0.8837726756912724,0.6063430592930377,0.900441385449115,0.6779112404237817,0.8613562316119397,0.6819695656829039,0.92154793864108,0.8988065354399518,1.0,0.8355258258876633,0.8785964661968109,0.6276306034158279,0.9123124399490576,0.9013136294957842,0.8667625777758209,0.7339712498167467,0.8417022477878523,0.8567755730842814,0.8846248895095784,0.8803716615424042,0.9811102179975546,0.8837071295481808,0.8955934293581026,0.765250932295517,0.888843935605114,0.924841583315775,0.8887867123891058,0.3593668636329202,0.8953717818689819,0.9637436555475444,0.8862238479552196,0.8953618113422851,0.8490629895386569,0.8619365745423802,0.7941281280122847,0.8008244781344868,0.9038711704480962,0.6552636772444557,0.8846837631490654,0.8619500283753003,0.8332050934377373,0.7462847878266541,0.42198105575513495,0.8805103709002953,0.8627380558056458,0.8713935632330443,0.9206687048454181,0.6843985734912171,0.8700200331531335,0.8700476372908362,0.8718486089062945,0.8699926943039551,0.8700307680936493,0.8688080745269989,0.8700617556370935,0.8700746260168968,0.8509128223814334,0.958311730570295,0.8661898513935766,0.8511464312266747,0.8694727828900287,0.8718303098316348,0.8718836767054565,0.9583176110966733,0.9036854895278761,0.8706670401930126,0.87007908508725,0.87060000869971,0.8718950985948078,0.8717879179083146,0.85997046327804,0.871930466501564,0.8704419940204348,0.8699739783597711,0.8718962610587911,0.8718969280472996,0.8699192832681044,0.8706525065595647,0.8735721178695818,0.8718639555535734,0.8723008261074293,0.8688164838130876,0.844823515487305,0.8718679498846422,0.8736902164126258,0.8677940322980425,0.9199723077885039,0.886284878220638,0.8700406156883239,0.8703123280178834,0.842209603310982,0.8957551763530636,0.8700705485657094,0.8700701348093344,0.8524695220971701,0.8621751061709926,0.1970144368264011,0.8687361259411791,0.7733797358781049,0.8574481211838586,0.8683593454770121,0.8937140873078855,0.9308218361970422,0.8202247541821742,0.753645044302824,0.7305421875475764,0.6250294570794981,0.7734646622314021,0.8019256842660292,0.8863463209301303,0.8088298974713105,0.42127504179264824,0.8706168833381553,0.8719249277212472,0.5879356917887794,0.9691970994410067,0.8740619761883892,0.9341455606129291,0.602269709218173,0.9515074152336157,0.9045666592533429,0.8550385663262916,0.7562329987267451,0.8780473158593489,0.8875394504377625,0.8572722727312809,0.8711002667410027,0.9219741150555252,0.7829157820942353,0.9006458930035388,0.292074861118541,0.3629847741802912,0.9608159186979109,0.8646582729471467,0.8618380022884986,0.8807930446371952,0.8863342150114704,0.957579691173378,0.8295806314103616,0.8266823540048837,0.9336707797763338,0.8558427644177581,0.8861726458780793,0.5631620615475622,0.6194559496723693,0.8951642035518348,0.8972426950078842,0.88549762647531,0.8706746170483778,0.870061100285636,0.8688028787723255,0.8693625706366478,0.8698798521895287,0.870123708932901,0.8700328227063836,0.8693595672304657,0.8702422625432169,0.8565139521639727,0.8396284254456101,0.8700777096240965,0.6662489230341577,0.8700460786130618,0.8682743809661929,0.8699060290716095,-0.0014977524288258312,0.3088773562875497,0.8880898997460145,0.9570267330519275
UCSF-PDGM-0121,0.6652829059481876,0.9856351189953413,0.5587144723045931,0.8436017532610897,0.7833765484495929,0.8501207137319094,0.7290960021142044,0.6651962926378788,0.9847666631501403,0.8551735661925232,0.9693344408824276,0.995431931134196,0.7681782416311219,0.9672933141005782,0.8445515495713216,-0.2498033712866244,0.8356330571017944,0.86304645974674,0.851709531278913,0.8364006631818532,0.3433645159475928,0.9740336647061293,0.9344467696284919,0.7853178186946775,0.9495681561280727,0.7411775700954331,0.9805605419962262,0.7851268701681761,0.9225001970926857,0.9477677094803736,0.8353621963134484,0.6061590425025791,0.868117436301552,0.9799429192061311,0.8642073358378258,0.904868269837732,0.8449356659052637,0.3517449259519908,0.7898701297900778,0.9415993214204084,0.8356176205147099,0.9676623295120428,0.8355258258876633,1.0,0.818112431889316,0.845222406120363,0.8303995893821702,0.9292144380881429,0.8134331808877705,0.5407007534735314,0.9668907779820115,0.7872588664382172,0.8527158459029808,0.9866442015353557,0.7921077917378756,0.8407434715427435,0.8854047654636239,0.49334916530422823,0.968365768430169,0.8115761348569747,0.9101745000664987,0.3032420084954777,0.9520172454097113,0.7968838747285478,0.8672363160967399,0.9634970335996211,0.9811699346190146,0.9853079306950534,0.7941245157431349,0.9314155189722018,0.8470957079159078,0.5606402018375682,0.9665152945356231,0.7903234386438497,0.99492481247727,0.6418581667626436,0.7719528489087935,0.9867056304425632,0.8520930594723698,0.8428467539151137,0.7572171231662942,0.46323362800421736,0.9755046869093432,0.9755713483000273,0.9773747648234068,0.9754450129038251,0.9755296168353784,0.9754913249113784,0.9756099392004832,0.9756504968699968,0.7746852807125038,0.8628943291393507,0.8123398531347981,0.7752198855915619,0.9745700729931058,0.977338386499593,0.8629317531246143,0.8633548650359641,0.8259574596101189,0.9773799399509575,0.9756667887631707,0.8629964231931111,0.9774738647559383,0.9772577756492961,0.796558383973787,0.8631176772834847,0.9769541888011445,0.9754064341734717,0.9774765143041444,0.9774780395291722,0.97530050357346,0.8631642927099276,0.865854563457243,0.977406247263989,0.8659975810551598,0.9755176335301359,0.7960802197770385,0.9774146127555645,0.7943605145892926,0.9371372833789031,0.8356200537017512,0.88468176675548,0.9755535258292649,0.9767419201347316,0.9892732903480154,0.8141128028335556,0.9756368264010679,0.9756354899079842,0.775947702057273,0.8009036716630088,0.22881237778426394,0.9753193463719271,0.8987602512582197,0.9924557200332091,0.7893513518131645,0.9650745588525736,0.7137061675854279,0.9737263577268872,0.6239894807312244,0.97071061591128,0.673546896163655,0.9828836413953239,0.5130620586420777,0.8866290005780686,0.9913905992254173,0.7474350882842706,0.8630473446472167,0.9775462864426916,0.855696522377763,0.8592911435917281,0.8116176474532231,0.8408735267260377,0.687911890083279,0.7563609411388297,0.8706706885686473,0.7839456731823115,0.7749883345447995,0.8551145789238681,0.9088206272274082,0.8529459040572939,0.8069218387136352,0.8359897005397475,0.9849614702201261,0.9112922502398233,0.46490948544795785,0.6170697111749948,0.8555941336091508,0.8092328963333538,0.799001883134084,0.8308421825053064,0.843983078010509,0.8058989591191223,0.9470494024380043,0.9002689581709732,0.8272512462854459,0.9858466945857021,0.8783095151418119,0.7596912984359752,0.6327871495269042,0.9341783466714682,0.9050368826085731,0.8969240665997262,0.8632465659944566,0.9756080421808823,0.9754763510385566,0.9753569784460638,0.8614855097572571,0.9764495549362326,0.9755345142989009,0.9744004881691203,0.9766315352727797,0.782329662900995,0.9301840399387354,0.975661578323195,0.6660295879825875,0.9755673274341885,0.974536323796027,0.9761265333687557,0.00432875482001682,0.5313821470184548,0.9235209086172838,0.8603512591780792
UCSF-PDGM-0122,0.5485932820377105,0.8427771549663347,0.5844505835499454,0.9835643102397291,0.9933215381815824,0.8628006579997863,0.3249992242619425,0.7758181670471203,0.8930978330115422,0.9700035909874493,0.9162420643132823,0.8145248488591363,0.8570172169213263,0.9282415318647624,0.9902159855446181,-0.023923035961628623,0.9542153570016679,0.4912634785647072,0.9739347953613273,0.9893983515135025,0.417791031405845,0.90478081297798,0.7131983343254255,0.9938393587091087,0.6341313087027369,0.7554904681978756,0.8815086944557189,0.9950431335590564,0.8693382790876311,0.7948325663980691,0.9954804007912023,0.7042633997122396,0.9245016637825801,0.8732468582253048,0.9928438462534768,0.5304139844661193,0.9866217651597443,0.5022528548699234,0.9962913944975883,0.6298156707559526,0.9873745335314172,0.8787328987485419,0.8785964661968109,0.818112431889316,1.0,0.4625297559681394,0.9906548252012459,0.9580751811376972,0.8624721781951504,0.5436315947591938,0.8345744561392703,0.9931854426051863,0.9941258695768436,0.8635697843091199,0.888196343066371,0.9864866668207625,0.9878484027225473,0.4127691212999773,0.9287048745420994,0.8537257044620704,0.9790271825746064,0.310978351063447,0.9469580208825696,0.8214134233008057,0.9925069122741091,0.9264712151197912,0.7944634563892289,0.8272479870794338,0.8524385210541512,0.8686259691851125,0.9734235065062649,0.5710168055095209,0.9229947001286409,0.9963695613593871,0.8176759286598192,0.7446742265727894,0.35329299975138323,0.8832330166265676,0.9332331912274062,0.9454931021579563,0.8450535503584092,0.4283065227862569,0.8736890296579041,0.8735567366200676,0.8691732349902554,0.8737916124168735,0.8736420361017384,0.8715045760982543,0.8734689264632993,0.8733647802870558,0.9914296849981973,0.8674015161947878,0.9953741267335104,0.9915138161911548,0.8745778871167807,0.8692247745646778,0.8893932306789187,0.8669129165837424,0.9921993962335071,0.8670824704033296,0.8733186593872174,0.8875977544893271,0.8690129171978282,0.8693280562699783,0.9942335376500328,0.8891615811016403,0.8676298367174301,0.8738516520632653,0.8690081537734436,0.8690053987066381,0.8739965911127374,0.887418226996246,0.8932013595196447,0.8691257288209344,0.891284124385559,0.8714364329841904,0.9218936383597242,0.8691126101159549,0.9950979156105497,0.8824617585331148,0.9883622699851796,0.9882253976257012,0.8735942679646748,0.8677979856776985,0.7974852688975099,0.9952630816748886,0.8734014554751128,0.8734049498483851,0.9923593034170922,0.9946440521569769,0.12086980459116448,0.8718464494658812,0.7583833287041448,0.840999678465439,0.9944915427143345,0.8600508034930462,0.7309703504723262,0.7427221251266661,0.4713156134737677,0.6835780630900762,0.6708432291889671,0.7753368725551304,0.6783187558562449,0.987768379382834,0.8024114268362169,0.3267510789042117,0.8875461598576111,0.868871184485692,0.44581776192776346,0.9459002236305672,0.9997550869827496,0.9805704849503671,0.48034235274763526,0.8040436750653329,0.8666658511878476,0.992789932202308,0.7798056626611539,0.9937570052443568,0.97863923238944,0.9133895303793957,0.9993806214744191,0.9892639978504301,0.7787880725015447,0.9068682943631988,0.13694700836160587,0.2121698397305792,0.9623507887708702,0.995216693145436,0.9944650034110984,0.9947538802882805,0.994219084498144,0.9362094918779618,0.766368520746204,0.7733819795244085,0.9346636889091038,0.8741838152987021,0.9841882559094984,0.37053410151618055,0.5833237842002119,0.9658035302047188,0.9818245873804006,0.9819177989481638,0.887319333071597,0.8734734760583005,0.8715408622630127,0.8682727096763619,0.8884671955789851,0.8679694466581515,0.8736324771722476,0.8746552691073677,0.8678696154818373,0.9944179097228929,0.8969427937814308,0.8733337148806395,0.8180903383155995,0.8735653573078903,0.8725845140501521,0.8681032043934562,0.0009386221509277324,0.18158396070091676,0.9704657652514586,0.8718321769231128
UCSF-PDGM-0124,0.5582374469244223,0.7603448739156391,0.4267956548282897,0.4998555782783752,0.4211278086003575,0.6260603853093253,0.869277946941939,0.5754071185493862,0.7837522501303926,0.5284032628270993,0.7437611844860254,0.809946351311148,0.5107940591966127,0.7214840576320547,0.5302442616286716,-0.254147760286912,0.5024059086589745,0.8877603629329672,0.5061891428863191,0.49454644053667585,0.4443394244461065,0.7269611826118847,0.8773518030500677,0.4203955085455489,0.8739665900793725,0.4541360450385324,0.7837246280712322,0.42046885693309966,0.759450289283817,0.8477424808677737,0.4877539884872872,0.41447965916575175,0.5689061979894544,0.8226897480577782,0.5261068465000677,0.8716796014784726,0.5350933154572369,0.3676681585455198,0.42550764511983713,0.8283199217673576,0.485020454379391,0.8179027034023448,0.6276306034158279,0.845222406120363,0.4625297559681394,1.0,0.4775811976108083,0.672055777038383,0.6600590580799105,0.31232295126840726,0.8329236419955707,0.42429332917830764,0.5155938762226948,0.831853983763846,0.5388251894197627,0.5045818346606489,0.5693675536754808,0.5842131756434339,0.7178687078288075,0.5005029515035783,0.5928546234837051,0.3546205428911974,0.694833635281807,0.560172467923688,0.5306098790798608,0.7398297404568889,0.8972289440212077,0.835949427553092,0.5451568948146146,0.698323293390926,0.5555453323738213,0.6203672364404746,0.7252160633937501,0.42645137225566954,0.8149885667147301,0.5042973035827472,0.8795284052725201,0.7971240246132856,0.564626012264219,0.5465422193455913,0.4627314676970824,0.40922363946076207,0.7543608814320442,0.7546245790885491,0.7606842621402385,0.7541423306413338,0.7544567570706235,0.7579953471483184,0.7547896386893953,0.7549762161675599,0.4088878467317864,0.6095209716351958,0.4544241575913822,0.40951290154488174,0.7517310705914206,0.7605628643219974,0.6066155416200254,0.6108037681211591,0.5115105399986754,0.7642469994574549,0.7550558992847954,0.6097878138928461,0.7610370669073347,0.7603059808558437,0.4347926203731658,0.607155793873368,0.7628903441899814,0.7540079777086379,0.7610470289819186,0.7610527780988985,0.7536610777681586,0.6102462492969036,0.6107898925910625,0.7607925430142994,0.6142116142825633,0.7581167886706058,0.5219030934328803,0.7608218650250224,0.4304737901243043,0.7245759109172455,0.4820632480004356,0.5520384186013216,0.7545516887525467,0.7623298781618171,0.8840338037647143,0.4540013563301114,0.7549115915488847,0.7549053742696651,0.41001678929757246,0.4404080247726003,0.4461711651815954,0.7573156325059609,0.8326294969117655,0.8423198578415444,0.42481958589907465,0.8334256623183974,0.5343471885187019,0.9250287320578989,0.5058657221269421,0.8875324260810274,0.46891518733455684,0.8202140786469985,0.2892429051019246,0.5580583108289165,0.8014515980983838,0.7568546067499625,0.6099241128132404,0.7613221612285542,0.9852537709845942,0.5664105482436682,0.4515171782071682,0.49630018649455127,0.8304379170707716,0.5762131899215576,0.7327936008631317,0.4199521774996745,0.5771127354684764,0.5088604651845565,0.5872053088371918,0.5728491860816239,0.4454462734301196,0.4843681037464525,0.8173799460977362,0.7440434971161689,0.696670722946348,0.8824526608766974,0.5325934011713622,0.45059868349735405,0.4389198731287755,0.4883685405784819,0.5094967177858797,0.4946593621567338,0.8302035932768097,0.7777168944995728,0.5004408932573314,0.7670437324341183,0.5370671261972509,0.9375921727543292,0.6175419374436534,0.6416568190210231,0.5960254963868529,0.578940655378175,0.610481453843168,0.7547812672650597,0.7579289804633612,0.7593618762398808,0.6063818550374683,0.7616244794799196,0.7544759531747802,0.7513466001427692,0.7620559205418245,0.41672730756628384,0.7253300910573373,0.7550300779586436,0.3291946237568161,0.7546079650839135,0.7551228849957587,0.7609067366700583,-0.04613020143867707,0.8007178516969374,0.6124405933711105,0.6023993345051522
UCSF-PDGM-0126,0.6249360386759512,0.8538551619355187,0.6406220414574609,0.9971026509974139,0.9865277839106801,0.9061401951007553,0.33910426212115796,0.7604264334866888,0.9018977780379146,0.9604459126640074,0.9235377665955005,0.8288732562741399,0.8297690558901029,0.9352854077848947,0.9787486189677518,-0.10058058420035051,0.9780074944671344,0.5043907754195183,0.9920584764066097,0.9986806454827409,0.3981925260242008,0.9144536492682344,0.727667159353929,0.9876978632528943,0.6542606414151736,0.8146373474002889,0.8910958096168169,0.9857246214112482,0.8742359467323131,0.8028993368851185,0.9901419454603295,0.7742117958713655,0.9590563648053795,0.8803321122624947,0.9897962093231741,0.550160654406064,0.9743533199054855,0.5274778646454265,0.9870019038672391,0.6484091156252608,0.9992352447169941,0.8834654968543572,0.9123124399490576,0.8303995893821702,0.9906548252012459,0.4775811976108083,1.0,0.9593687737259334,0.8424551214133255,0.6266462850539003,0.8445786178795414,0.9847630150009267,0.9897693985734206,0.8719300953635643,0.9237018499115826,0.9759783042348683,0.9857587955204825,0.4602020544727358,0.9355441830299237,0.8983843967563221,0.9800716843351229,0.26230109623103853,0.9504703169286741,0.8668887112690483,0.9895078315071345,0.931996520638848,0.8048975613838655,0.8338154991143175,0.8364026318156089,0.877733854218209,0.961056681680645,0.5366581873610714,0.9282793506447189,0.9870687596962963,0.8294027979597697,0.7093119567946832,0.3797356553429425,0.8920806548325994,0.9224384549225265,0.9343754681537036,0.8916742094791429,0.5121283031689743,0.8854128229136847,0.8852873376505578,0.8808913699374356,0.885509807145196,0.885368297694584,0.8835420707447564,0.8852038197363159,0.8851045556207553,0.9822546496329386,0.9100034995357514,0.9886696065161784,0.9823724562982105,0.8862364524457195,0.8809398048495126,0.8807821384085497,0.9094966878737684,0.9803935653353304,0.8791113707652509,0.8850605299080387,0.8793267431357665,0.8807401432318135,0.8810365544409656,0.9864787594361408,0.8805749773520556,0.8796246076465427,0.8855664238375018,0.8807356380456433,0.8807330320477448,0.8857025872239926,0.8791673655377616,0.8842887445567087,0.880846642937435,0.8827250681986806,0.8834770665883054,0.9029142001417916,0.8808342784696973,0.9912448725703051,0.8837623223298966,0.9990729713894648,0.9870763476167725,0.8853229812513708,0.879779011962842,0.8094325855509876,0.9974382186765229,0.8851395360874151,0.8851428676287216,0.9830083980069813,0.9871233588974959,0.09046971699731533,0.8838666054690034,0.7644937358626183,0.8523368422791904,0.9894792259944045,0.8633928398821209,0.7923104497571655,0.7554743128266066,0.5494985746938881,0.7042615757192514,0.655305521279546,0.793855948012586,0.7330451106483372,0.9866623481906834,0.8166861035507945,0.34441075138667343,0.8792810838701783,0.8806058358991754,0.4658274297117312,0.9754492639519827,0.9906096334172554,0.9963575595225378,0.4781303313254563,0.854885891805629,0.8601869791341155,0.9841909610691154,0.7669073361835926,0.9904122807237004,0.9799207477852504,0.9037714776634151,0.9901637329041666,0.9988328703236891,0.7969534976280261,0.9055010040707855,0.13456623948588955,0.22439220747334068,0.9837850902943508,0.9883341715528279,0.9867911548501529,0.9884265452611729,0.9889753211569557,0.9604360785199147,0.7705324795443591,0.7735151280536907,0.963107538145411,0.8860494230163621,0.9809624536867189,0.3767274117652468,0.5606103865149568,0.9686529286872605,0.9815193526643514,0.9820729283842318,0.8790790209944674,0.8852081510443949,0.8835766470520438,0.8801834954028173,0.880060939221475,0.8799334199952157,0.8853592339007149,0.8863046237150438,0.8798439880122383,0.9849900514281608,0.899247960530877,0.8850749057747604,0.8025165896053039,0.885295527652823,0.8845508611378832,0.8800500755976158,-0.024955684056147044,0.19470981165077464,0.9731946839826666,0.9146323832785633
UCSF-PDGM-0127,0.6041282781815592,0.924518057038089,0.6111579645996885,0.9588024954160048,0.9449614309426662,0.8833236807954709,0.5340884496822463,0.8146791275451725,0.9752822887290484,0.9460288739485748,0.9881511546451939,0.9177194951915858,0.8198730143778129,0.9885142458698377,0.9652008586514312,-0.13549625442375196,0.9354063764784544,0.6736576677200793,0.9521200496969209,0.9615129316223467,0.48195904721174726,0.9711892305150134,0.8731765114280565,0.9451417385857378,0.7764128394906504,0.7575545764905924,0.9732093794153757,0.945142966088557,0.9665811136630639,0.9306665758426712,0.9689729287684565,0.7092714149599243,0.9226268295847455,0.9718777328753561,0.9792975859180807,0.6923925335655837,0.9630784588995523,0.5234852188016841,0.9472486197402374,0.7699162937063795,0.9597821642211652,0.9728068580629645,0.9013136294957842,0.9292144380881429,0.9580751811376972,0.672055777038383,0.9593687737259334,1.0,0.8820579481527233,0.543565754808301,0.9522247767111127,0.9464262118501219,0.9767271350090098,0.9614285186430044,0.8974499085508688,0.9576302338415349,0.9886669245346675,0.48582727354713706,0.9838384004885048,0.8480597339524283,0.9888521853802267,0.31857996372261743,0.9967855675215989,0.8382366611163091,0.9796578479565079,0.9929111387316015,0.9254536647984388,0.935462993685247,0.8513032378032539,0.9542644680969896,0.9598206640196919,0.6205577615977044,0.9887110045564992,0.9475563841921552,0.9184172103855881,0.7533630784723682,0.5589856739940768,0.9687769592544208,0.9234089636799863,0.935068331034848,0.839939301071498,0.4711992561534173,0.9587983968122528,0.9586859011297575,0.9544704453272057,0.9588844110903225,0.9587586263582972,0.957841456040043,0.9586103692236105,0.9585199907689103,0.9400171030794581,0.8949694717142449,0.9582146889383621,0.9402905357031074,0.9594800291649458,0.9545126166043968,0.8953570068724338,0.8946469293079063,0.9653255991452953,0.953598087523517,0.9584797124094199,0.8949126231541883,0.9543371185527926,0.9545959456429887,0.9508419962083795,0.8952094388442108,0.9540418075986642,0.9589341966153034,0.9543331119906434,0.9543307935733932,0.9590524301601528,0.8948027050520184,0.8980584307907435,0.9544312609641797,0.8975396900024795,0.9577820850459424,0.9104589460473331,0.9544203900981127,0.9490159948325322,0.9639709599257354,0.9586206209855133,0.9829836083002043,0.9587179820707482,0.9541657503745823,0.9215577619942401,0.9562124663876092,0.9585519109423636,0.958554947081235,0.9406309123329156,0.9527668289806358,0.1846785000814698,0.9581332686977364,0.899835490045932,0.949622435780701,0.9470864865435672,0.9598426971603202,0.7627378931509923,0.8914513811113328,0.5284845796190285,0.8299094170797054,0.6731864715052281,0.8883226906135993,0.6728373616788732,0.9854356441570918,0.9064785127457716,0.48687139569824084,0.8948815894621498,0.9542169249363545,0.654497376825093,0.9445278331166725,0.9556431863275684,0.9579796909813973,0.6665014340229257,0.8383446524891387,0.9355511645455571,0.9446703886489968,0.7979617599717256,0.9753577812322336,0.9874149258865066,0.9086810507088368,0.9540994436059861,0.9592120919926374,0.8905468179667149,0.9785768000224266,0.3361301004416676,0.4442756149564301,0.9500381851443409,0.9567315146264603,0.9521366572232626,0.9682143918170625,0.9750731572994927,0.9204770331305778,0.8887751902207729,0.8905285763779495,0.9190129666439576,0.9567388424534291,0.9750846466518663,0.5681757386491042,0.6322804897068259,0.9930422998172165,0.9918143521280717,0.9908483743427158,0.8947400385955305,0.9586142982802606,0.9578729251004449,0.9543964278430784,0.8953000548564556,0.9542806124732385,0.9587505102198588,0.9595259200537289,0.9542155193012952,0.9436684928845688,0.9640358752479101,0.9584928771284802,0.8078051343216012,0.9586932810022811,0.9587009532657766,0.9543558068227612,-0.02446439529280572,0.41244419344014654,0.9887723519551257,0.8988667845456457
UCSF-PDGM-0128,0.6166689747893794,0.7852028892572146,0.5953745018506004,0.8497760837163144,0.8165522892129538,0.84143743223038,0.4569380946983519,0.8122061917715855,0.8608235830930179,0.9218939690905934,0.8667425581972733,0.7884922918835883,0.9138540183678384,0.8626017460697121,0.922951011332033,0.12077473396832782,0.8303216175262517,0.5608055327515384,0.8437086325844536,0.8514448327327341,0.5736597003618856,0.8424790568785587,0.7796934418109845,0.8154685393793685,0.665396483918011,0.6727065972882461,0.8555556814936751,0.8218063490186901,0.8636078744474094,0.8321592430810891,0.8356175569468771,0.6690689394794952,0.8405201579212086,0.8698019675527793,0.8443099455825921,0.5771398343511943,0.9314918074810487,0.5684432418855547,0.827088506184494,0.6372087378860593,0.8459003769875871,0.8858458455540434,0.8667625777758209,0.8134331808877705,0.8624721781951504,0.6600590580799105,0.8424551214133255,0.8820579481527233,1.0,0.47158170156118256,0.8520682948187079,0.8136246040550273,0.8449935963909881,0.8641851559559267,0.838711627734973,0.9115699856964281,0.8599537082616825,0.5806693634558477,0.8586293906039888,0.7566960865783986,0.8517416312363879,0.6450254401744628,0.8700309073792998,0.7859274961947706,0.8452434703321176,0.8787570669805129,0.8479104639164547,0.8225032359640133,0.942099509466667,0.8034524276941771,0.948729132374297,0.8780763674444674,0.8567435369860144,0.8278910575352593,0.7908071547114736,0.912241640331346,0.48789962765063316,0.8588211931782892,0.9477069972293224,0.9449251507034313,0.7505980027287802,0.4979062838017242,0.8433354419379048,0.8434236043868274,0.8414941716895747,0.8432590401473743,0.8433680182177271,0.8444144008194661,0.8434764274581398,0.8435338288368978,0.8076236037150207,0.8423214451740708,0.8237479167807813,0.8078669859247019,0.8422529867907869,0.8414486289228085,0.9428453048518776,0.8426984971800735,0.9053838765047658,0.8425876144771498,0.8435575683429893,0.9434206398498334,0.8416216133439327,0.841349562670646,0.8170998826625671,0.9429317790550862,0.8420653646646153,0.843210645620805,0.8416251015308739,0.8416271117225929,0.8430809302905234,0.9435063547079188,0.9464281871060066,0.8415340773317282,0.9470376264282137,0.8444515886240267,0.9532531291256107,0.8415447650155468,0.8211367129745829,0.8310910841491079,0.84280680010187,0.845902312004041,0.8433996896583212,0.8418225605569217,0.8322698540098399,0.8334585079672525,0.8435142310857581,0.8435123296115503,0.8111399715886061,0.8190883009489258,0.5494043477587767,0.8441875958217563,0.819744698761529,0.8460741045083789,0.8181706058864238,0.8761063158149043,0.7457447807980119,0.8230685982571515,0.535037016429404,0.7270217257375601,0.8030147097939357,0.7636382438793765,0.6046969326706687,0.8489399999088015,0.7719541543728893,0.3689803920255677,0.9434474356283277,0.841718912927564,0.6191391622824806,0.8650763877888896,0.8524195131056034,0.8489712430365008,0.6659112795417932,0.8209909811513616,0.8707730158325073,0.811853708086423,0.9213809305795176,0.8379199668291616,0.8493184916115207,0.9412814288570225,0.8474665162961751,0.8443528769340225,0.7666851377431477,0.8988712741708041,0.3095921777987856,0.438681287350205,0.8554059526065276,0.8224061169382245,0.8189921793648325,0.8382795826076138,0.8472510129981353,0.8246657572296424,0.7751061694646052,0.7815318595612192,0.8151224286358933,0.8311056200928273,0.8324798393186755,0.5496454622103083,0.887917062372664,0.8614225644595147,0.8614412815445601,0.8549635070682684,0.9435453349702317,0.8434737937564613,0.8443936278610571,0.8403428149155702,0.9424418909169233,0.8414982279333932,0.8433744698166991,0.8420699188251258,0.841698949525767,0.8186120646442056,0.8446202905507056,0.8435499274870721,0.602933021812787,0.843418184677504,0.8432836796487044,0.8411492296634736,0.14777348473009697,0.4235787407229143,0.8511586450014359,0.844198621711751
UCSF-PDGM-0129,0.8672172301317965,0.58272442374315,0.8404438447683645,0.6632778738825369,0.5265803742587377,0.7836466694594229,0.14548785208883064,0.3666773734489184,0.5549806944176876,0.5824305935744238,0.5527656392338617,0.5645371616313777,0.48266134568930674,0.568220284002214,0.550414590761009,-0.13213351639328064,0.7455020982898081,0.3387626739224919,0.6926250454001364,0.6327115405203412,0.1497533380650777,0.5926104233972942,0.4164513848513702,0.5309602410325578,0.4689201412255736,0.9288145212362837,0.5460283284036547,0.5183977277089934,0.47266498721151656,0.44510314736481293,0.5384848355012873,0.8347398450998424,0.7578314392461469,0.5122688258587278,0.5509181764239053,0.42676572712325117,0.5484187331229948,0.3524631467920298,0.5220920171418386,0.5129927986479966,0.6481302006981502,0.5250023315399699,0.7339712498167467,0.5407007534735314,0.5436315947591938,0.31232295126840726,0.6266462850539003,0.543565754808301,0.47158170156118256,1.0,0.5171362452750555,0.51561414324012,0.5435334119988107,0.5317213227309273,0.7757844963036973,0.5715420437410165,0.5526850594106222,0.53956807053945,0.5734447345640483,0.862637260828443,0.5677201122427383,0.0595676025935368,0.5553655155535052,0.8515198002683486,0.5523439041102463,0.5594016184984509,0.5015969295215293,0.5257113761876545,0.533657933386337,0.5596538749200619,0.556864064970158,0.20136034504344882,0.5595649347184064,0.522618486879175,0.553277004183181,0.44181767803386673,0.2553184442398401,0.5510653768959656,0.5725311531731005,0.5777334775750946,0.8722474176742994,0.6867423493198274,0.5947010409028862,0.5950778726298451,0.5946528173002098,0.5943914507140333,0.5948376232110046,0.5939892807937601,0.5953156784642534,0.5955863726386593,0.509126079378886,0.7918026447675057,0.5288515771165849,0.5094254036711436,0.5911091201836383,0.594481403471959,0.5950202861227789,0.7930245826723875,0.5403113297511408,0.5938864831664386,0.5957026140620072,0.5931675101954076,0.595155214449757,0.5941210076961327,0.5208556606792547,0.5956564427670588,0.591971763195667,0.5942022984481073,0.5951694956719314,0.5951777398209405,0.5937177984454759,0.5937084809848272,0.5902396723678301,0.5948063274839863,0.588680295357067,0.5941667470618728,0.5466190817334039,0.5948479996478035,0.5475142725296597,0.5134127697534014,0.6459185169156517,0.5597065481460777,0.5949733383397302,0.5912046583126733,0.5105812777385043,0.5893573110279418,0.5954923801817136,0.5954833506628217,0.5109430918511334,0.5229426960238513,-0.04386871514965876,0.593011649987573,0.3926771560932473,0.5357165350040722,0.5386607687209097,0.5119765012879205,0.8023947364169203,0.49459785425601877,0.8726045304282979,0.5028205760111091,0.5621952775604802,0.541478786586993,0.8101108060235874,0.5579169699815082,0.5696486896058133,0.3310209922183886,0.593328148084456,0.5955660910082492,0.3187074437765793,0.7291350738381402,0.5408779934452809,0.6769094936920593,0.16250899855131876,0.7463770231226812,0.46403670715282896,0.5139893075632407,0.5448360825970112,0.5508024068800695,0.5740329242923062,0.5883094708034583,0.5368519936750615,0.6392608378526689,0.5529298957692697,0.486956109329383,0.010232051825531475,0.09397256099350841,0.7146819926732519,0.5268364667643152,0.5214574699199537,0.5332302052194435,0.5399983422358473,0.7556988098852143,0.4872621135721695,0.45363932904561705,0.7711781957780166,0.5801981008743586,0.5638263763776922,0.22619658168872944,0.32807379738219755,0.5737221384727967,0.5628006285400672,0.5591708702726497,0.5939867925697176,0.5953035804431135,0.5938926747615116,0.5873138212409775,0.5892004634528177,0.5902557511558555,0.5948650274279593,0.5906042817768267,0.5908340505919348,0.5170057920408532,0.4496280249520044,0.5956649035498627,0.33029232804915487,0.5950540204529803,0.5900023377571353,0.5893070244025116,0.05910839251674623,0.06856651587053722,0.5784655562841027,0.7932263514823935
UCSF-PDGM-0130,0.6258094553241732,0.9305142324384208,0.5669934945323819,0.8493490537413448,0.8080692518319059,0.8315408216301842,0.723328561278087,0.7577311988931056,0.9752246473660161,0.8625155789360428,0.9780699003237014,0.9509491570360699,0.7608440690150272,0.9663323245942129,0.8649691479928209,-0.16220183287243636,0.8318588448425438,0.8125449169932359,0.8478471260453763,0.8472310645373591,0.4705966909655068,0.9573688799236096,0.9694638138222305,0.808322974110843,0.8667689214862494,0.7010876863322083,0.9857990342774055,0.8084355059027126,0.9833695542879932,0.9877965378168659,0.8532758577708773,0.6554384215857705,0.8473248644063792,0.9887946144575902,0.8769732185026068,0.8128429142767686,0.8671377660768567,0.46031533731476404,0.8119809765712909,0.8568465332624478,0.8488584245064178,0.9792426351722114,0.8417022477878523,0.9668907779820115,0.8345744561392703,0.8329236419955707,0.8445786178795414,0.9522247767111127,0.8520682948187079,0.5171362452750555,1.0,0.8109578369582239,0.8695190324105282,0.9749978264127483,0.8218174050740061,0.8592725097420477,0.8993786921653953,0.5078048596525414,0.9538302699042605,0.7696610774245071,0.911637235152233,0.3719459035842254,0.9593380850328129,0.7771852651089155,0.8773734008119393,0.976117666097069,0.9785625052980895,0.9611856600529763,0.8252059944437997,0.9637976002084745,0.875323840426418,0.6465829763613097,0.9716818219616533,0.8125773976029843,0.9432908857403299,0.7143416384077382,0.7559053850962084,0.9702372552707433,0.8655323583933203,0.8691734518412303,0.7590181949829853,0.5090609113636158,0.9618852156743068,0.9619522379914803,0.9564577888931649,0.9618253251576154,0.9619102638873911,0.9628560850627308,0.9619911133459224,0.9620320497575339,0.8002113179940956,0.8494375670894269,0.8323225230868673,0.8006704685026805,0.9609520395584752,0.9564201744435696,0.8484954608875508,0.8498988762794392,0.8556682830101789,0.9574656394329424,0.9620485226213505,0.8495396868819038,0.95656073451445,0.9563370868263602,0.8188542515964353,0.8486824929239062,0.9570284403789094,0.961786648696765,0.9565634983403611,0.9565650896615872,0.9616805837500102,0.8497077622020185,0.8508323446298174,0.9564904108133684,0.8519615672994213,0.9628824609917281,0.8427995051211733,0.956499090983868,0.815106452529732,0.9581786252682154,0.8445731322747176,0.8889296379202648,0.9619343044815963,0.956812742744685,0.9670076423632192,0.8306678847469017,0.9620182410574721,0.9620168916635895,0.8010088439874963,0.8220805411348937,0.3107473733445084,0.9626841277106548,0.9663381165032419,0.979170113743702,0.8117933483413552,0.973028396266799,0.7365956694511648,0.9673159780624061,0.5577511682864572,0.9205586533807215,0.6788886292707477,0.9413207862369941,0.594802072257514,0.895284628277319,0.9407699741580164,0.6230136452766528,0.8495906478108146,0.9566365567479237,0.8207969896507552,0.8665601721607374,0.8288914242296056,0.8520306234150183,0.7818182397783235,0.808030008129498,0.9062607977812563,0.8079806969255783,0.7998337445789645,0.8692227046652361,0.9096589268112188,0.8577967835138121,0.8257068284268861,0.843445772674048,0.9388210577481353,0.9578036359035428,0.5184790551266055,0.6696233034156346,0.8538022337135222,0.8296441565471476,0.8209001589349278,0.8506432116988173,0.865245581701322,0.8147739294884015,0.9301494724032334,0.9200943627173468,0.8209421685321162,0.9624957464313375,0.8759470009567111,0.7146252278594588,0.6900829089860098,0.9337524591300146,0.9131235994325076,0.9128110474703309,0.8497902237915096,0.9619892007752656,0.962841084003747,0.9554189667533529,0.8480329048985956,0.956516962830642,0.9619151867886935,0.9607832800435223,0.9567009186818806,0.8057892748585457,0.9406956633756292,0.9620432522505369,0.6875607831245546,0.9619481910427183,0.9619048461068066,0.9561913797190679,0.03833238979829518,0.6431239298999549,0.9211095006257047,0.8542199619453804
UCSF-PDGM-0132,0.505022511704868,0.8137068548542788,0.5635701715851049,0.9736283805961108,0.9997580149229706,0.8343123366693765,0.30900230684240043,0.7847521639078298,0.8673485005741941,0.9360289899627457,0.895330843396491,0.7811943647578287,0.8087527978511329,0.9070451434430128,0.9700450214821952,-0.04095833504978252,0.9381298192584365,0.4663731037938122,0.9595989272468616,0.9827982400321307,0.4325001763046556,0.8775525303150887,0.6862927507050397,0.9997094705082404,0.5929639238846913,0.7196588556947232,0.8569655020080779,0.9997210235620971,0.8564581776704566,0.7756599606799661,0.996253773779695,0.6981298302064004,0.899344739769492,0.8515215486924933,0.9894984127393135,0.49186460539396754,0.9641221663494853,0.5252065227034551,0.9994118946056255,0.5908298506215948,0.9792496106316252,0.8572626629400162,0.8567755730842814,0.7872588664382172,0.9931854426051863,0.42429332917830764,0.9847630150009267,0.9464262118501219,0.8136246040550273,0.51561414324012,0.8109578369582239,1.0,0.9928157504726521,0.836408147213435,0.8729739984216184,0.9620355358182865,0.982000697531838,0.3959192910351747,0.9061352512917792,0.8235163647517963,0.9684306733121569,0.2527043955767474,0.9318467625684843,0.7914605942365367,0.9886615650500423,0.9071858157311623,0.763595982852822,0.8039336446152349,0.793267151470825,0.8487632291900523,0.9454331773949839,0.5245359589849771,0.9059476366658045,0.9993914613517766,0.7868872194282838,0.6971741113859465,0.31440794906670144,0.8561195686022988,0.8870190919893904,0.9049311250432531,0.8228464322383943,0.41416704388557335,0.8413365801154201,0.8411739883296939,0.8357487146113081,0.841463967938733,0.8412786184625072,0.838561382005939,0.8410669958735866,0.8409409546176527,0.9997729640660432,0.829581911261693,0.9989743775092891,0.9997917508366163,0.8425089257057735,0.8358137502267352,0.8316977187291366,0.8289802171363263,0.9813488770172558,0.8330799069088343,0.8408854115600489,0.8294676519843833,0.8355487228822926,0.8359453422900827,0.999853721934944,0.8314311187015146,0.8337765913110639,0.8415391252344055,0.8355428290445844,0.835539421354443,0.8417226606583563,0.8292583161141065,0.8361804605570472,0.8356891047689133,0.8338088367984603,0.8384790017904271,0.8808485314071824,0.8356726975329726,0.9989715334475905,0.8725132487151571,0.9804479063394415,0.981238732521313,0.8412199365387601,0.8340039551240886,0.7642148848787761,0.9942216177619178,0.840985239704466,0.8409894647208899,0.9998056867885641,0.999705764680857,0.05165201433869783,0.8389812367554731,0.744204233319335,0.8104125035715608,0.999440836224423,0.8407108178312108,0.7100283000674925,0.707391202035259,0.41709066578371085,0.6399910631056044,0.5891028398452941,0.7374977870121602,0.6786221989977324,0.9812446971959616,0.7689673653703886,0.29544746016845136,0.8294071657022819,0.8353744078120969,0.40214796707622064,0.9272627265872995,0.9953057560521256,0.9696820591075717,0.4765788902840271,0.7857316343565648,0.8610120671112945,0.9999836044800708,0.7073972886252433,0.9914024174896611,0.9674223052437049,0.8612387976434795,0.9965260292677002,0.9818969690809646,0.7396819457036542,0.8972527740290822,0.14462843249047702,0.195025357201421,0.945965456144709,0.9992162187750517,0.9997903945609794,0.9966709470610067,0.9940677192820592,0.9239840474448707,0.7474016846265246,0.7619731800548106,0.9151983706571413,0.8435176002994458,0.980597006151912,0.34653946261111324,0.5048111892851851,0.9512603535783568,0.9728103182624683,0.9738487047921962,0.82914424005522,0.8410725225166763,0.8386054075047796,0.8347745331657807,0.8305661739513972,0.834248230905996,0.841266857009075,0.8426254722550445,0.8341040790452312,0.9997777144116883,0.8842129694674731,0.8409035250777791,0.8367030866641055,0.8411845303543855,0.8399551370403722,0.8344543423127417,-0.054492904562010225,0.16631157327136575,0.9565723487158507,0.8350416453324228
UCSF-PDGM-0135,0.5548852214060579,0.87205168701887,0.5922261256907138,0.9834177497302771,0.9920585528815979,0.866894936775083,0.3872720339848993,0.7920595357908632,0.9197662994734591,0.95522126501885,0.9410442404911274,0.8470600744362379,0.8257028308990714,0.9503070326274066,0.9811159847210642,-0.08457127895873823,0.9542692557392535,0.5491329420238469,0.9734532446274691,0.9893089531186878,0.43584235397311605,0.9275502138840567,0.757546291358961,0.9923961878097438,0.675069507312374,0.7548742497963656,0.9107325623101955,0.9923678569448686,0.9005017877678928,0.8358246016683907,0.9993901737363844,0.7079762435493759,0.9250721497619397,0.9046508456420849,0.9994525480202804,0.5789939075021092,0.976283075467462,0.5136020194963182,0.9931536928012855,0.6731420960004466,0.9867695762937353,0.9083998802258464,0.8846248895095784,0.8527158459029808,0.9941258695768436,0.5155938762226948,0.9897693985734206,0.9767271350090098,0.8449935963909881,0.5435334119988107,0.8695190324105282,0.9928157504726521,1.0,0.8935976476310825,0.8931289541131154,0.974742990682425,0.9975023452257563,0.4273668499618343,0.9494383273995644,0.8535763831965383,0.9905904209803483,0.2691789168319836,0.967973090002091,0.82554318950254,0.9992705818018524,0.9499760006833224,0.8313592133352794,0.8639523594106764,0.8258712841457421,0.8982125513453306,0.9625584412991341,0.5514926524264957,0.9485380396457032,0.99324204731031,0.8510131999864197,0.7211417373921064,0.4055597674668154,0.9104991974637937,0.914564781006005,0.9292916148420601,0.8462330603786579,0.4340278066109557,0.8995237291068805,0.8993864577236147,0.8949247908802511,0.8996302118947418,0.8994749609069905,0.8972903224761165,0.8992953713033779,0.8991873652867719,0.9900801905719135,0.8702773506623459,0.997022099789849,0.990203994192297,0.9004484567667929,0.8949783353864333,0.8719143336138913,0.8698036838044048,0.9869090794801546,0.8927878096701609,0.8991395433683815,0.8701895262934327,0.8947583078159493,0.8950856739032157,0.9945705990610023,0.871702002686284,0.893356717361092,0.8996925523224617,0.8947533627009451,0.8947505025845932,0.8998431092623659,0.870025841004316,0.8755803305984254,0.8948754470629036,0.8737431895774118,0.8972196497837314,0.9022267328259052,0.8948618225595242,0.9937442964504734,0.9150662370961737,0.9875914750322236,0.9964576984230654,0.8994253959986124,0.8935318990086326,0.8327955608189571,0.9941929875845826,0.8992253966773142,0.8992290204372045,0.9904292531950354,0.9952954229506165,0.0861513035633858,0.8976450868413319,0.8002478684394682,0.8731457591598318,0.9930847780559409,0.8924987075277105,0.7372305582834088,0.7828477088989503,0.47545903392977196,0.7230419279838306,0.6357540510234487,0.807920517349804,0.6824919392921742,0.996800815515842,0.8359365079317087,0.3785839410560181,0.8701425809058614,0.8946112015089446,0.4982299757643173,0.9476188741804643,0.9945323370841433,0.9804001082816668,0.5333034722755071,0.8104415162911359,0.8931761172924478,0.9921231088985716,0.7524945423517843,0.9993285953965049,0.9898037487983224,0.894091188147999,0.9945125196212062,0.9886649371970755,0.8109571896310772,0.932098838746341,0.20093998886932862,0.27431534885859205,0.9633580854681343,0.9965652467821915,0.995006557875779,0.9988750114725808,0.9996151823599626,0.9380897563926192,0.8089974813237621,0.8152293752663484,0.9343763550245582,0.9004665621482308,0.9935810571599669,0.42793692336761285,0.5516533907405093,0.9809983169756966,0.9934693954757647,0.9932943767093896,0.8699353068866742,0.8993000901375765,0.8973279604669184,0.8940304819789103,0.8709571311894765,0.8937109180963849,0.8994650418615798,0.9005294004246581,0.8936066263955926,0.9918370794817816,0.9223828265533632,0.8991551535980898,0.8378945665364611,0.8993954012111943,0.8984130421856436,0.8938510558401475,-0.039736869946549236,0.23941424273687695,0.9836088863249502,0.8746481733076416
UCSF-PDGM-0136,0.6550023854849087,0.9636905874826011,0.6032726904578873,0.8825243492553243,0.8340638414345382,0.8772435778680406,0.6673084384452482,0.7529481821791141,0.9949819688413581,0.8856544509037735,0.9836022237721473,0.9728299461175065,0.7825321572327125,0.9811504153994979,0.8913392370181636,-0.22932754086793486,0.8744205638382593,0.8038363304657038,0.8849061001801166,0.8797363353533497,0.44358610091108786,0.9781386774731001,0.928014705094878,0.8349291192370497,0.900734595396096,0.7481449125091011,0.9861872622394617,0.8347917181174009,0.9493040869007259,0.956992422769311,0.8778237446975204,0.6459268988608565,0.8913433689157434,0.9940225840488041,0.9013343028590527,0.8343880220992358,0.890615735917914,0.45475721010111,0.838932560506077,0.8795019708815109,0.8757563259158038,0.9924948240244421,0.8803716615424042,0.9866442015353557,0.8635697843091199,0.831853983763846,0.8719300953635643,0.9614285186430044,0.8641851559559267,0.5317213227309273,0.9749978264127483,0.836408147213435,0.8935976476310825,1.0,0.8411198193333652,0.8811063587254604,0.9222102509415132,0.5389468084323575,0.982193060838798,0.8266978547120101,0.9364725079177325,0.31225810194567694,0.9726601743351849,0.8285126912779404,0.9041436493780761,0.9836734502147841,0.9899805133156062,0.9803967282701866,0.813895775454564,0.9395836724673812,0.893975488082695,0.6246579737145489,0.976952771756176,0.8393875023535976,0.9758578924601573,0.7059804137224885,0.7131095822608432,0.9974002499766456,0.880332648017294,0.8779857445060033,0.7934516222326501,0.45760830095572297,0.9788658912292418,0.9788013097884616,0.9806246139936288,0.9789128542818583,0.9788434381921063,0.9792460412414833,0.978756236867528,0.9787007449669133,0.8254300838712384,0.888148613822814,0.8574661495585535,0.8258861472021068,0.9791099073855348,0.980646377307705,0.8873319273708669,0.888056408230868,0.87914549833494,0.9810504042195441,0.9786755193479307,0.8881385426296938,0.9805514954495105,0.9806870152122115,0.8440518406933343,0.8872831273669107,0.9812696453641819,0.9789389157044378,0.9805492091604798,0.980547884033387,0.9789968357198336,0.8881103470841106,0.8900440998353736,0.980603763543805,0.8908268982585097,0.979209289863319,0.8439345914611339,0.9805978791186776,0.8426780909314316,0.9468065420233688,0.8754038210130368,0.9172040620752177,0.9788200564311498,0.9813057342337829,0.9923070676014216,0.8590202561698734,0.9787205252560748,0.978722396641787,0.8266485402162947,0.847896159403611,0.24609903965258934,0.9794149015651724,0.9147809671244109,0.9968725038085867,0.8384310517856339,0.9852582675687263,0.7343250963122285,0.9756714731586877,0.5978558191310269,0.9374464057996675,0.6795742497961922,0.9565144479748505,0.5762192776362394,0.9187873253247181,0.9634032992640927,0.6467002855985369,0.8881316235220279,0.980480994456422,0.8268867718496378,0.8943985975401749,0.8574187525733833,0.8798650679531914,0.7177962772855346,0.7954232826191875,0.9204292193609092,0.8334489333148073,0.7923327706139902,0.8921790260297506,0.9341871687856745,0.8777721747744301,0.8532929140488071,0.8766430546467708,0.9596940956832284,0.9555515834324293,0.4288754185874837,0.5864313008844222,0.8910056725574033,0.8548349373821386,0.8466003939938783,0.8760883381511768,0.8882952444000721,0.8551643893878602,0.937653762305104,0.9066038179679192,0.8656434716415499,0.9830955606892152,0.9051412561962318,0.7332187181709131,0.6598165604798262,0.9567335995342385,0.936175118009475,0.9275779784396927,0.8880903048076227,0.9787586121405981,0.9792652369492467,0.9811061884015007,0.8879664204908396,0.9813134074471501,0.9788388033360707,0.9790967319365012,0.9813134494934279,0.832315918600079,0.9526340385544272,0.9786837959448452,0.7026923337145078,0.9788056441766642,0.9796196392777325,0.9812829655374764,-0.0367163378947221,0.5189052257492371,0.9454114960594963,0.885793159432904
UCSF-PDGM-0137,0.8140443968351601,0.8009589579740873,0.8654414479755103,0.9431521299664756,0.8805343993351794,0.9626738114699074,0.3239305327201843,0.8218025719491864,0.8521565961536285,0.8777987214383288,0.865288607126462,0.7800654998476049,0.7475788375174514,0.8701732277278305,0.9023452488842038,-0.16343801390599527,0.9584362524456717,0.5151729917003286,0.9439948458433802,0.9354104910153116,0.560903606542519,0.8577846126928529,0.7075875330218377,0.8805284518852797,0.6110621416040013,0.8829928949691601,0.8447774991782268,0.8743786838010309,0.8383533341600022,0.7869803203758656,0.8878731275024339,0.9013871663314441,0.9479937692821169,0.8426321946836689,0.8911984763942715,0.5272977240993852,0.8999965184898957,0.6850523414446317,0.8763160119039626,0.626367303276545,0.9341037291943033,0.8690937386684281,0.9811102179975546,0.7921077917378756,0.888196343066371,0.5388251894197627,0.9237018499115826,0.8974499085508688,0.838711627734973,0.7757844963036973,0.8218174050740061,0.8729739984216184,0.8931289541131154,0.8411198193333652,1.0,0.8920853235563287,0.8990167491086395,0.7011646778391657,0.8696281822936484,0.9311006085414942,0.8881065514997756,0.31275084307632794,0.8854112829542122,0.9669150836129229,0.8921151424466286,0.881930135289392,0.80294219647072,0.8194218535347163,0.7916147948013268,0.8192184717468743,0.9069571142786619,0.6081891489098862,0.8716457983372046,0.876941931384145,0.7889988898597918,0.7742622800669753,0.34844884533579196,0.8475392355446415,0.8577814092925264,0.878438299661358,0.9563108579375058,0.6695856196957339,0.8559975988334143,0.856075390914539,0.8534990777367578,0.855929553241113,0.8560264420180623,0.8546194171347083,0.8561215536273039,0.8561712611113248,0.8683909350619806,0.9515430749773972,0.8801378169719664,0.8685809002910092,0.8550040132146218,0.853457934100735,0.8535836209941172,0.9517368737878305,0.9112844446403722,0.8521555449472578,0.8561916592045722,0.8519913872132888,0.8536133850348924,0.8533679848114805,0.8754938847675078,0.8537177425235892,0.8516774742616435,0.8558861934650152,0.8536164944974904,0.8536182859250107,0.8557691370079876,0.8521167152376401,0.8528905521710953,0.8535350086062761,0.8513551657537832,0.8546520179649898,0.865186782926226,0.8535446114994821,0.8891865435862923,0.8599067605642812,0.9315365689507978,0.8890910603543891,0.8560543752924199,0.8514512219906868,0.7910419641706968,0.9097576932358109,0.8561543486427939,0.8561527043595872,0.8695770355794642,0.8769342811216129,0.13928582453606844,0.8544171019790585,0.7605149054203837,0.8197961610437502,0.8845572838188195,0.8582581269730938,0.9280804347571783,0.7709078459188757,0.7340904047791069,0.6746335815350611,0.6351987634967983,0.7332493953521037,0.889569913519607,0.8901367571352677,0.7725694125075008,0.33465980630461384,0.8520297326001003,0.8536996666180509,0.49489080430049753,0.9660038844683894,0.8855928630412647,0.9469804623284571,0.5679928533961598,0.9522734163244494,0.8816480829525557,0.8715596606035731,0.7529007583261083,0.88814533526171,0.8888553886066868,0.8507286750416363,0.8835652631465204,0.9317145855330554,0.7438537449745292,0.8882093970371806,0.23017062318048656,0.282533916131775,0.9646133102219181,0.8787847825448218,0.8767390228204489,0.8913479742490489,0.8966117681930719,0.9779762761120965,0.7874855615577541,0.80742142771043,0.9499554608541416,0.8324803473434903,0.8895478547362292,0.45249784843050916,0.5858274678703864,0.889738288495243,0.897379206117043,0.8918896572543997,0.8521768876201274,0.8561192609707806,0.8546011223643225,0.8500469420430116,0.8507777457496783,0.8511465438868403,0.8560321411126224,0.8548321606988659,0.8513353919484797,0.8728088858617907,0.8173170852471183,0.8561851048528505,0.7235653906056613,0.8560706342378327,0.8535812647989525,0.8508163509319826,0.006926125694962763,0.2649194008914667,0.8865040238564615,0.9546680085027912
UCSF-PDGM-0141,0.5880366609307801,0.8598811588230799,0.6018080293194678,0.9733919384801774,0.9624966995698946,0.8735853301020516,0.3442298415362712,0.7548930189350479,0.9096404091284471,0.9951869605982256,0.9294581527787121,0.8404823198348392,0.8965345647853628,0.9393781846617343,0.9958157076962744,0.015167582775538164,0.9528438490231393,0.5122556879846089,0.9690961068618621,0.9745852943034368,0.40122657285817004,0.9240410162724743,0.7484128993782101,0.9636194651446238,0.6670794751918603,0.785222180831738,0.9013364343114483,0.9665085862180878,0.8825112057295209,0.8165530999767537,0.973003422005607,0.7014468037686586,0.9311467054103694,0.8869352360170312,0.976208561974203,0.5629789495319983,0.9959169148853302,0.463643979264982,0.9697602444553636,0.6646647474860087,0.9763269578865139,0.8915656356282253,0.8837071295481808,0.8407434715427435,0.9864866668207625,0.5045818346606489,0.9759783042348683,0.9576302338415349,0.9115699856964281,0.5715420437410165,0.8592725097420477,0.9620355358182865,0.974742990682425,0.8811063587254604,0.8920853235563287,1.0,0.9752668514123538,0.41492662842656497,0.9386071682696029,0.8699533823740188,0.9723441389901276,0.39055888443996795,0.9497513064522421,0.8396709957185229,0.9760086940138653,0.9367464437368921,0.8212745270231695,0.839999198010512,0.9222229499500603,0.8926077174312188,0.9928230074638992,0.6270100487204192,0.9302165830791744,0.9699986328874297,0.8372377614331634,0.8072538280929122,0.40388431780999146,0.9002022859548254,0.9777618434936114,0.9854280750781395,0.858558542567309,0.44001601079368335,0.902286862159006,0.9021900250805462,0.8975940252732332,0.9023604699580072,0.902252695422867,0.9010836871543283,0.9021246992806065,0.9020462529718999,0.958192848248729,0.8966960857508611,0.9687818599566633,0.9583678262903519,0.9028471624042536,0.8976296086501178,0.9458121699497594,0.8963479604491984,0.9862407636326329,0.8964724467839307,0.9020112034464747,0.9448179467377896,0.8974807115258361,0.8976994731666831,0.9647950616041908,0.9456225771822747,0.8968440365587742,0.9024028732104172,0.8974772895454927,0.897475308992289,0.9025028615198891,0.9446739537745636,0.9477395231039711,0.8975608434145481,0.9466515259242368,0.9010322038209541,0.9672534344785402,0.897551618934543,0.9673533257920285,0.8850350138060922,0.9761545943263238,0.975852151928015,0.902217699783415,0.8969430028056847,0.8241726582776427,0.9740374057598583,0.9020739915002414,0.902076628090511,0.9602306970804748,0.9658335619147141,0.2208699408787507,0.9013345827150678,0.7783399270152012,0.8655469133867758,0.965525316056931,0.8691477181591665,0.7440318045270724,0.7775111399285258,0.5279792338198047,0.7262676783713631,0.7774020634149107,0.808952896536245,0.6794001878304821,0.9756676384361107,0.8287860959690029,0.3500260816547871,0.9447769327337251,0.8973776931612819,0.4937284454474393,0.9477310610155454,0.9831983646487539,0.973591535132169,0.49337253728219144,0.8160706355617406,0.8577576112361442,0.9610945043317081,0.8701811596892517,0.9760693336584956,0.9731610072527823,0.9662275862146649,0.9808200405244963,0.9756798294858091,0.8137834682071561,0.9070657521429808,0.13713175065841235,0.24381954614430965,0.9606614430341104,0.9680127348428025,0.9653355934839722,0.9706217166762936,0.9737290001846285,0.9316312132489312,0.7768869934257981,0.7806489641124253,0.938741706716106,0.8979928309898096,0.9663175427264026,0.38627975096870143,0.6864309791124847,0.9652910328529866,0.9734614050831776,0.9746136937665271,0.9445932312059596,0.9021281029350409,0.9011109236034434,0.8970759899088079,0.9454192794577277,0.8970297705099503,0.9022457133848515,0.9028795678536108,0.8969814415462944,0.964967986287193,0.8979133925112932,0.9020226648606454,0.7823831311537454,0.9021963952836901,0.9018000855665512,0.897079764097522,0.09141898458437354,0.22514491615661755,0.9689363836437815,0.9013243945668357
UCSF-PDGM-0146,0.5787881557747558,0.8988476076231262,0.6041196555291553,0.9819858858111111,0.9809799122745877,0.8800385508036956,0.43357640855933094,0.7949315866160335,0.9447752758837589,0.9593721697679988,0.9620235525659394,0.8791822673995325,0.8299101275645329,0.9693905105724225,0.9812697393974061,-0.1082782739560692,0.9563479224277844,0.5940166445113102,0.9741016592140377,0.9862531264247723,0.4404073088768235,0.9500177978219201,0.7967137029602789,0.9814648187271023,0.7184157242231437,0.7675016862429052,0.9367441868975236,0.9814222307171868,0.9223643394120309,0.8677096326651186,0.9944714104786091,0.7098091801115958,0.9331722521230179,0.9311330909261135,0.9984325445306457,0.625245847532233,0.9771297361431945,0.5091906750420002,0.9828051423993355,0.7148404639253376,0.9840880879209452,0.9338015866635171,0.8955934293581026,0.8854047654636239,0.9878484027225473,0.5693675536754808,0.9857587955204825,0.9886669245346675,0.8599537082616825,0.5526850594106222,0.8993786921653953,0.982000697531838,0.9975023452257563,0.9222102509415132,0.8990167491086395,0.9752668514123538,1.0,0.44578069234163864,0.9683691893502453,0.8630326009453676,0.9966045234621812,0.27919034488716327,0.9828929052605112,0.8387420786788121,0.9986177869556084,0.9692842151196266,0.8672565471385578,0.8933590142066038,0.8390283197835379,0.9211681919109612,0.9665707778442806,0.5688911300607611,0.9670358361658004,0.9829606874029762,0.8821323256424654,0.7320487637204667,0.45884582148571756,0.9368044461516268,0.9242526529582987,0.9370599485836244,0.8527423166972375,0.4438220923951553,0.926825762650334,0.9267033683110483,0.9228341217563326,0.9269200014799157,0.9267823899978587,0.925016102378987,0.926621655017557,0.9265243036154994,0.9778533147216469,0.887417758342422,0.9891331570342894,0.9780355206604378,0.9276073693259385,0.9228809691760232,0.8886685310429173,0.8870189320472186,0.9840591275468162,0.9211140142253229,0.9264810520590564,0.8873453219722699,0.9226872258738434,0.9229742044711782,0.9848042312676826,0.8884880677549669,0.921608793531286,0.9269748518281442,0.9226828366270572,0.9226802973742956,0.9271061922100102,0.8872082885918191,0.8919606773641279,0.922790769512441,0.8905424883022601,0.9249523287025018,0.909101977005853,0.9227787704996029,0.9839487781817525,0.9338150076253506,0.9845918339875476,0.9984033856173117,0.9267381825898003,0.9217540136063446,0.8686690260494715,0.9872455614720876,0.9265586372423444,0.9265619056692956,0.9783689413521759,0.9860256021016268,0.1119293844244657,0.9253327200094845,0.8309204447040339,0.9048699330234057,0.9826790018652716,0.9183681722752717,0.7481415633282905,0.8236303847470171,0.5034593246004236,0.7670730631922755,0.657130686268894,0.8434615122893889,0.6802896594379223,0.9990269462614213,0.8682978609821252,0.4225727853227024,0.8873062716184184,0.9225560912057046,0.5541729447282978,0.9530468420277209,0.9872184583843311,0.9795048647104916,0.5686375590295558,0.8207118592293309,0.9081369154941886,0.9809233936360713,0.7736685402969506,0.9970141409075702,0.9958035233983661,0.9066651801645204,0.9865034914323384,0.9854814765381061,0.8467320135534001,0.9485765293347272,0.23561820094083577,0.3237653418040851,0.9662933421917279,0.9882939390545478,0.9855515995095664,0.9935348891744511,0.9963008616356136,0.9393605611513139,0.8394820103560713,0.8414053156644459,0.9383258369777401,0.9273308586702452,0.9936881857268809,0.4755814515540887,0.5785960966017414,0.9916350023079205,0.9988542822690555,0.9979280469281684,0.8871315386985177,0.9266258972987601,0.9250499813950718,0.9220986830282992,0.8879224580762725,0.9218957823243061,0.9267735530693245,0.9276680296230762,0.9218142163796794,0.9805522453885431,0.9403428033648152,0.9264951799218765,0.8322940087198707,0.926711371004379,0.9259819286934874,0.9219984829918965,-0.034225527332748445,0.28629390450562364,0.9923507862243752,0.8911231837780912
UCSF-PDGM-0150,0.7980939460996985,0.4498953998466048,0.7606004401721763,0.50396313027484,0.40873044276085724,0.7274667085500178,0.3762027166002903,0.6925680445202733,0.4891000237388368,0.4124448548280592,0.46523229439675445,0.44133460222919724,0.41667370737669235,0.4570556433381488,0.46663584385902174,-0.2317557228878716,0.5237573551943135,0.507508858279366,0.5028554941816356,0.49600358532998395,0.6967983416383465,0.4399617762457162,0.437042067147957,0.40501673076836503,0.40837430825310206,0.518632972074902,0.4665172440411454,0.39649093868551916,0.48691694554111825,0.5047490634925389,0.4145453227049768,0.7115919353967394,0.5786194411029676,0.5302402459556972,0.4186589949744092,0.4068317845500137,0.4686769920340836,0.7651469566128392,0.3976182279495959,0.40654547880179864,0.4741784821481079,0.5804630162333367,0.765250932295517,0.49334916530422823,0.4127691212999773,0.5842131756434339,0.4602020544727358,0.48582727354713706,0.5806693634558477,0.53956807053945,0.5078048596525414,0.3959192910351747,0.4273668499618343,0.5389468084323575,0.7011646778391657,0.41492662842656497,0.44578069234163864,1.0,0.4621969430983647,0.5564207217271941,0.42429795839939954,0.4368454881507587,0.4765815373915377,0.7016869478908885,0.42321999004829086,0.4964804438235291,0.5682601249253959,0.5715262270126968,0.394204876359624,0.3407082719325636,0.4846140285840883,0.6419322883449143,0.4837347126778835,0.3987282985147083,0.4874384351600954,0.5055296442739865,0.2703097655715175,0.5033468686112373,0.42155742194265955,0.42605293321354937,0.5640096150576264,0.7317800172323724,0.4652920260892696,0.46559527544346824,0.47371188910786777,0.4650429632054961,0.46540192680365405,0.464145351615457,0.4657866989866045,0.46600464768340144,0.39128355213407234,0.6120215412280028,0.40114345877668267,0.39142646622914595,0.46240605189854583,0.473575406268161,0.4740044733094188,0.6130220093583636,0.48411180113524843,0.472495161765022,0.46609825631948315,0.4719222835517082,0.47411190484314325,0.47328845137381503,0.3967068050973522,0.474510986689664,0.4709695521809863,0.4648908240372446,0.47412327570786233,0.4741298397879406,0.46450123902389256,0.4723533276847084,0.4772136178409228,0.47383411642983625,0.47534327485169353,0.4642883500035865,0.4178949107584322,0.473867296438392,0.4150106120688855,0.5385530559201696,0.4708194613091379,0.41714525540034886,0.4655111429110414,0.4703583733489286,0.5356453011593707,0.44022072989322925,0.4659289636130817,0.46592169326978655,0.39227951114195564,0.3990333691371211,0.29152637617449295,0.4633580396552121,0.5076238226630325,0.5059387116509413,0.40896776815932595,0.611810015617443,0.8019035239115471,0.568579821691055,0.6689993753121213,0.4193790063074552,0.2231289669121245,0.38800145940520253,0.5909336109755763,0.42041971879556617,0.43949772738046156,0.3361130008517882,0.4720502782823058,0.474439048170176,0.4918246433191329,0.5973626937023464,0.4059981955789795,0.4973838085228388,0.6191198715600696,0.7572132172994464,0.684317149945349,0.394038483731041,0.3794282354121795,0.4069877343266956,0.4185294922567143,0.4202940635575617,0.40342279662049485,0.47817333113217336,0.3971220317709949,0.5847104991632578,0.5185384768070131,0.46679155416305074,0.5640775278312467,0.3995503325179149,0.3996629278775855,0.4305558767212013,0.43605279504264044,0.5883149871095399,0.6154663941194772,0.6223040308665865,0.5063725881047797,0.44097930831108434,0.437065496015197,0.6497452181211515,0.43438463194287197,0.4463993533745092,0.4471507447409222,0.4202279722188239,0.47257508992903646,0.46577695958512205,0.46406751925863343,0.46725866549679157,0.4687616444669749,0.4696023711126917,0.46542397915438194,0.46200101657112796,0.4700631039359126,0.39405698716857873,0.4356885203976507,0.4660678870896174,0.2373051267976744,0.46557607775149606,0.460938698946514,0.46884653808840504,0.017996252406401583,0.3857637009636093,0.42252022910399906,0.6046046856945528
UCSF-PDGM-0151,0.6416667782526352,0.9695165215605149,0.6038856118258926,0.9410793228476234,0.9037398788825647,0.8918150168131215,0.5681293794788589,0.7285507659874242,0.9945018301522874,0.9394506819148553,0.9935699582580675,0.9662416541019374,0.8163338015666659,0.9980611272763064,0.9398705776217114,-0.2041259443020156,0.9299360090083711,0.729660999136801,0.9437362299632551,0.9381511377472772,0.3720277414917961,0.9953527857421274,0.8846052072058085,0.9055206258996491,0.8595258663282069,0.7954284475016209,0.9858245039344677,0.905329153131287,0.9406946213848156,0.9241619058263788,0.9387478805346255,0.6694833809351259,0.9330900608145108,0.9782421288708492,0.9570139232950796,0.7800665294751108,0.9375314218611835,0.4186059291319528,0.9090260410482099,0.8497002322562827,0.9381141590405885,0.9734355271170153,0.888843935605114,0.968365768430169,0.9287048745420994,0.7178687078288075,0.9355441830299237,0.9838384004885048,0.8586293906039888,0.5734447345640483,0.9538302699042605,0.9061352512917792,0.9494383273995644,0.982193060838798,0.8696281822936484,0.9386071682696029,0.9683691893502453,0.4621969430983647,1.0,0.8752857308771321,0.9818376849665282,0.27145605100505976,0.993340180703897,0.8507194881028658,0.958901648181849,0.9927378504777644,0.9484411139851849,0.9578062685918385,0.8461377619984024,0.9575984804761235,0.9346166409144547,0.5608977470006296,0.9906467780897129,0.9092913085719467,0.965362179020909,0.7055863837689892,0.628654923840957,0.9921459831834125,0.9215418669250955,0.9226629232244694,0.8415052637005553,0.44413175364722823,0.9849407629989054,0.9848463678758695,0.9846159494150089,0.9850119202307293,0.9849075509358912,0.9844163072925902,0.9847822683050872,0.9847049126519336,0.8970720524405976,0.9136285522644051,0.923726523827952,0.8974601766969816,0.9854506957967206,0.9846505500525943,0.9136392956542513,0.9133896469367944,0.9281943893005119,0.9841566996444984,0.9846702296712051,0.913588895510865,0.9845047771396545,0.9847179430833055,0.912767673279444,0.9135273115214345,0.9845165522309761,0.9850526343536201,0.9845013995809825,0.9844994442502552,0.9851476519584277,0.9135087593648579,0.9157741739567758,0.9845835399616264,0.9156689396784897,0.984365386966109,0.8837277368236172,0.9845745074007246,0.91227845606497,0.9499597997439699,0.9386127369969891,0.9695248777272516,0.9848734258010953,0.9846066704909042,0.9573789356971081,0.9259745244754295,0.9847323098028793,0.9847349114958213,0.8982509998575143,0.9158191078341894,0.16296923833851573,0.9846616188125709,0.8746867631532369,0.9780864553517407,0.9086384217875523,0.9588428164609314,0.7421752057788409,0.9229223942439716,0.5928922135722027,0.8997004508729399,0.7098685347351048,0.9458196362880611,0.6173093064019294,0.9696701541832872,0.9578819586044931,0.5852148666397772,0.9135666832776018,0.984402662845593,0.7226333360496712,0.9342481122431905,0.9246659979937765,0.9394514000250087,0.6154713213120326,0.8028890689270506,0.8997041789759184,0.9038048800616202,0.8108331844280328,0.9515969190376011,0.9813943358576748,0.9164396225607098,0.9213251928680487,0.9387215030527757,0.9500339410596051,0.9464439287093579,0.30896782959566743,0.45240225699986275,0.940637509425418,0.9216087685194423,0.9144932862208591,0.9348742473885937,0.9436653730491824,0.9033994240453503,0.90440899230849,0.8791033479395124,0.9204935389389677,0.9898970323419426,0.9588113356784267,0.6099533868221272,0.6255534795152743,0.9917201019687818,0.978644222329566,0.9744186874515172,0.913461498954465,0.9847856155741114,0.984443177381201,0.9846641286700071,0.9137636932184666,0.9846795315484291,0.9849007509805385,0.9854725610379945,0.9846400558232163,0.9033607939155922,0.9601003640171687,0.9846815789544672,0.7725816280863089,0.9848526014911486,0.9850866537939058,0.9847125676959058,-0.01033262192515774,0.3933383580665313,0.9879226486774925,0.9134700711168966
UCSF-PDGM-0155,0.8342364732926845,0.8519369163406809,0.8143891002442804,0.9240158172787865,0.8293643028327667,0.9530391013708752,0.2837188943835537,0.6067056167005355,0.8484744220102461,0.8744827993114832,0.8443975505791562,0.8259401892770012,0.7365636570012605,0.8628435084023046,0.8605537483086156,-0.21444554962892826,0.9642321775953462,0.513801027748271,0.9431039645737456,0.9053878280960287,0.27005444171472315,0.8768001026572524,0.6548144558321399,0.8331610420976724,0.6950936311411633,0.980731456576014,0.8263072601434688,0.8264994301114871,0.7465275718135053,0.7105590342606174,0.8477721580602688,0.8363865769410078,0.9662019193420529,0.8036242086765272,0.8605414241496122,0.612394165891772,0.8565400406043737,0.4423573765471199,0.8308765223962233,0.7145112864214386,0.9115744969309185,0.8156512389461169,0.924841583315775,0.8115761348569747,0.8537257044620704,0.5005029515035783,0.8983843967563221,0.8480597339524283,0.7566960865783986,0.862637260828443,0.7696610774245071,0.8235163647517963,0.8535763831965383,0.8266978547120101,0.9311006085414942,0.8699533823740188,0.8630326009453676,0.5564207217271941,0.8752857308771321,1.0,0.8755593562188726,0.17130745206886372,0.85735787108859,0.9724813061498565,0.8633863682103377,0.8499851877708826,0.7731727276255504,0.8020358363248142,0.7761258908104042,0.8067690000067549,0.8557971957428275,0.4216824766809977,0.8470357294444073,0.8311889852781487,0.8254554952728738,0.6483312160408536,0.38120363088890186,0.8477376843952871,0.8518950519489855,0.8557253049459752,0.9731262324967433,0.5884882026617301,0.8685458640285869,0.8685714909882146,0.871764659621643,0.8685201402689551,0.8685558837964615,0.8670791843148159,0.8685843550275378,0.8685957912560504,0.816103740807115,0.9711161981984562,0.8375967864407885,0.8164277849923703,0.868016894089507,0.8717474718237572,0.8717973257071028,0.9710931179359322,0.8465356129900219,0.8703255255416347,0.8685996323468271,0.8702630215027253,0.8718078589427526,0.8717073980685252,0.8289546398642059,0.8718398927565122,0.870112342625302,0.8685024070975864,0.8718089271321803,0.8718095396796479,0.868450215852524,0.8703121214024357,0.8694761839314472,0.8717790062044274,0.8679619763301525,0.867086701490513,0.814309812785903,0.871782728255096,0.8460260145744495,0.7890054127034886,0.9130792419558192,0.8714855893917283,0.8685650191275621,0.8699872648055053,0.7908144119450999,0.8757132979956002,0.8685922125613929,0.8685918466748527,0.8182432081540576,0.8316558140922032,0.020429263543873043,0.8670121118951603,0.6441511386418857,0.8184640552332911,0.8389156820658734,0.7967697413313374,0.8588119520141758,0.7464670809315945,0.8221789899178341,0.7342019207067689,0.712865283527251,0.7912500921042631,0.786767898040233,0.8669327102420619,0.8249454140620469,0.4438956470650295,0.8702788924972428,0.8718349588852685,0.5073937695170231,0.9457328656652177,0.8502292543541465,0.9278751240799752,0.3586062286259586,0.860445359518393,0.75275013126163,0.8217008949746666,0.7582038693186288,0.8582304726514021,0.8795902965006103,0.8605318614075632,0.8457621013685386,0.9109189227946559,0.8060566633742041,0.7835972169149227,0.06192636786158542,0.17362018560110826,0.9516679346070627,0.8356155603774217,0.8302070267971962,0.8435872828221382,0.8488799354528587,0.9529530465031206,0.7397812295395307,0.7047524431572264,0.9719991442547753,0.8602726475793592,0.8689246713689457,0.4039453342260562,0.5157829744727551,0.8779826091305128,0.8708710882030114,0.8633126932901026,0.8703324633379806,0.8685837636123773,0.8670744732676599,0.8690595617582672,0.8695663858460804,0.8698042036584082,0.8685577947174312,0.8679061753952398,0.8699193850679213,0.8247878922722818,0.7861935536228587,0.868598457507461,0.6375610581152227,0.8685700578347372,0.8665650172942929,0.8695919594001613,-0.0029513565385837744,0.1139973061349235,0.882407880031291,0.9685226694942594
UCSF-PDGM-0156,0.5944123518069572,0.9256690205122063,0.5931920594682859,0.9779362334418675,0.9667157986493446,0.8834573883066805,0.46319246249356855,0.7543206571134452,0.9603118275586285,0.9623692197219131,0.9735800000910717,0.9091010316907105,0.8322390824012863,0.9817264021676801,0.9738793301171035,-0.13657805516931237,0.955820699040942,0.6274650058001332,0.9742167323978314,0.9794519826444318,0.3846717777359368,0.9686094041082574,0.8168773110100279,0.9680128808525601,0.7618444727064844,0.7855396930493785,0.9523545964414986,0.9678994502462497,0.9236643622022378,0.8774665298047396,0.9861158495794724,0.6963188232011613,0.9405522341475575,0.9417404015880791,0.9941866176564649,0.6717012693329678,0.9700581013615261,0.4568040510939836,0.9700103696801593,0.7586510564337593,0.9793939761003092,0.9391167577851003,0.8887867123891058,0.9101745000664987,0.9790271825746064,0.5928546234837051,0.9800716843351229,0.9888521853802267,0.8517416312363879,0.5677201122427383,0.911637235152233,0.9684306733121569,0.9905904209803483,0.9364725079177325,0.8881065514997756,0.9723441389901276,0.9966045234621812,0.42429795839939954,0.9818376849665282,0.8755593562188726,1.0,0.2641700274644291,0.9890741296252075,0.8415722407409291,0.9947040086094792,0.977013115808367,0.8831148356072764,0.9089355847523656,0.8465810878512479,0.9366622066627778,0.9598103936670118,0.5422958286089091,0.9768894574601881,0.970139776882999,0.9090841585359705,0.7114598243473697,0.5046114523628136,0.9529270322677684,0.930091345372177,0.9385473888264845,0.8542869296140947,0.44113540497225284,0.9465601383454578,0.9464453893958086,0.9432463981820909,0.9466480527785612,0.9465195435296049,0.9449673574343077,0.9463684702141081,0.9462765462475601,0.9629595561535831,0.8985718389224621,0.9786265664548474,0.9632016282505556,0.9472662335057657,0.943289821197195,0.8996179499384466,0.8982166049682563,0.9708361548411312,0.941738615818284,0.9462356154316262,0.898508377030166,0.9431094634957227,0.9433758153582237,0.9724450692030369,0.8994560222730769,0.942195347666054,0.9466990203958888,0.9431053557285614,0.9431029789231387,0.9468203527552858,0.898386873544713,0.9025922207982261,0.9432061016845869,0.9013979411084009,0.9449070961767175,0.9036054999956964,0.943194930378071,0.971784396745882,0.937458828891149,0.9800874954397761,0.9981060694270675,0.9464780887200298,0.9423248893390342,0.8896283547589866,0.9781585476151076,0.9463089989523619,0.9463120864812599,0.9636829214561196,0.974128173817183,0.10798667482187874,0.9452643759772345,0.8338538881245979,0.9244339104009635,0.9698212303471969,0.9223914974305817,0.7434172719457585,0.8432554228777092,0.5312808098979149,0.8065090121622378,0.6802774223051782,0.8789038844626695,0.6579709400196196,0.9982676699651732,0.8995404096702767,0.47234306365142853,0.8984739289061227,0.9429863889482277,0.5893574053615269,0.9523982647046239,0.9777443829459747,0.9759467195117989,0.5545095975851714,0.8110566038230155,0.8928353182389922,0.967064163174112,0.7876256314277424,0.9923742771138881,0.9997588510501816,0.9160676220700491,0.9763139018736802,0.9802848588270746,0.882209091978871,0.9401078085415234,0.2334415403604408,0.3390553021802617,0.9649474341764057,0.9774625387639372,0.9732979954536128,0.9832221878264827,0.9872321894475838,0.9317594944435454,0.8520945078223251,0.8437717257336524,0.9406562333517877,0.9501676593365956,0.9917153243848698,0.4925171889646663,0.5826381802354752,0.9977076249676358,0.998995600502861,0.9982322505117516,0.8983181486027112,0.9463724691855822,0.9449993183953146,0.9425868183043711,0.8989740473097148,0.942446952966688,0.9465112630320244,0.9473159439522538,0.942377435725383,0.9667588107129755,0.9472112633711822,0.9462489910704006,0.8227234518060527,0.9464529099115295,0.9458509131030597,0.9425296317203007,-0.017274693692634555,0.29436044044440457,0.998862207204098,0.9015475229165618
UCSF-PDGM-0157,0.3273453746606784,0.2663751445985969,0.15625125805591117,0.2709768337063873,0.25561574603685494,0.32589190315163785,0.37305130931805136,0.4213367852625829,0.2965074499822656,0.4260623870650311,0.31065619998697414,0.27148278464072295,0.60963819598609,0.29055634232823424,0.40230510366926997,0.4566864635421976,0.21131763840957474,0.3455797275205075,0.2602611718320411,0.27177162131319954,0.4185507975124997,0.2692730411214839,0.3660181688744977,0.2524206066869229,0.22618383935967715,0.10685593993528938,0.3195582302024724,0.265742639259614,0.38323207987955893,0.39098855559234885,0.262609346963692,0.27379884386754993,0.2678930287916899,0.34629108371248996,0.2640003142462807,0.25295921398563703,0.42579386205602915,0.32084733024596507,0.2707762474588934,0.2525264308344939,0.26695371313590466,0.3532536827831128,0.3593668636329202,0.3032420084954777,0.310978351063447,0.3546205428911974,0.26230109623103853,0.31857996372261743,0.6450254401744628,0.0595676025935368,0.3719459035842254,0.2527043955767474,0.2691789168319836,0.31225810194567694,0.31275084307632794,0.39055888443996795,0.27919034488716327,0.4368454881507587,0.27145605100505976,0.17130745206886372,0.2641700274644291,1.0,0.30909432488718797,0.2339714285922809,0.26247117073927567,0.3215919971676427,0.34355691318753667,0.3500528601575475,0.629113970608817,0.2439342521064852,0.45509539676038896,0.8304936565444834,0.32421260658969087,0.2718719360744747,0.2794714282870608,0.6311850574649273,0.25083664260452326,0.2907899914534069,0.4985521531107799,0.4831534304334822,0.1388065265851127,0.4396570520236312,0.28034997279616275,0.2808250992371042,0.27301161650350525,0.27996227488542724,0.280521767335822,0.2797716417482713,0.28112681111974547,0.28147206757830145,0.2508984943577681,0.27107516541266485,0.25546849851536985,0.2509736718516858,0.27598252000610396,0.272797747536304,0.4830152356573284,0.2729818974026528,0.3776897376153157,0.2723685014686219,0.2816209340494219,0.4805059865505594,0.27364258912696754,0.27235036323398604,0.2534289395154965,0.483687343902916,0.2699909526714986,0.2797265439033922,0.2736606175243848,0.2736710271731334,0.27912657339516844,0.48107568565738956,0.4869981456555206,0.2732037514723483,0.4847716392646856,0.2799980709035261,0.5116939320582211,0.2732560083931705,0.25370380038727225,0.3827219533943781,0.2596265913410122,0.25566143091043403,0.28069293647618115,0.2690613629136248,0.3041006011031448,0.25901925809000265,0.28135196265288087,0.281340437128447,0.2551577944736877,0.25358547144923954,0.8170478132597462,0.2785388553282034,0.4308418037616009,0.30354759586971497,0.2531323146524125,0.37813734388049147,0.4210791366973291,0.3424641156160334,0.24356902508630832,0.25084712967810135,0.4936553163110967,0.24294819497419687,0.12271188357503549,0.2654829016862817,0.2713744789675524,0.21763372146573318,0.48067492715775245,0.274163370701408,0.29250546654451265,0.3074500515729913,0.29847899747332907,0.26899664812063667,0.5013187956868711,0.4310910542934958,0.4036577313300663,0.25177891104874134,0.6061027408793839,0.26047659758444064,0.2614995548348623,0.49315561847482153,0.29412874244104514,0.2624308663173408,0.23877740117878188,0.386997039546511,0.4835945793909827,0.42280601361494397,0.2840107203465709,0.2546087512805178,0.2539716017315253,0.26935546903564317,0.2744472233815974,0.21653903435013555,0.3847161703031505,0.4186606581632426,0.17501061204767326,0.2693149436009448,0.27283316023182613,0.37823921620297496,0.7915271003841234,0.27682445133636246,0.27903201177823017,0.27781344870609054,0.4813696454759666,0.2811114262425324,0.27964873363951265,0.26451599888288113,0.47638770086102283,0.26792785149677495,0.28055629301598267,0.2753893027314205,0.26861656386985816,0.26147211248634555,0.317674581778516,0.2815725990631895,0.0813296138175188,0.2807949182170385,0.27488077983329523,0.2668114523929803,0.5549165146686371,0.4271621043228226,0.2626282049514138,0.278594068048519
UCSF-PDGM-0159,0.6222686246684094,0.9513007569876183,0.60246654423143,0.9523596777314394,0.9296793036372714,0.8864923049546933,0.5667932676256919,0.7794643792577748,0.9865838450067009,0.94357766954886,0.9947208683729446,0.9448313873518659,0.8218432200872272,0.9962236278591897,0.9546876584070358,-0.16334543258802273,0.9311304300862698,0.7142528090444079,0.9492853181276057,0.9526047652724795,0.4353643210190197,0.9848215018139287,0.885580990842024,0.930499524029847,0.818382771391213,0.7695317473475627,0.9836954983943206,0.930431716503676,0.9620357545867266,0.9359497017290458,0.9589172225956105,0.6938276339179661,0.926685147365804,0.9793612323196283,0.9727248226570803,0.7417312447299513,0.9527577759794448,0.476344231298205,0.9330846643457242,0.8154167992451905,0.9517553028620287,0.9762564453426998,0.8953717818689819,0.9520172454097113,0.9469580208825696,0.694833635281807,0.9504703169286741,0.9967855675215989,0.8700309073792998,0.5553655155535052,0.9593380850328129,0.9318467625684843,0.967973090002091,0.9726601743351849,0.8854112829542122,0.9497513064522421,0.9828929052605112,0.4765815373915377,0.993340180703897,0.85735787108859,0.9890741296252075,0.30909432488718797,1.0,0.8400694757513331,0.9735951497253587,0.9967128468981192,0.9381655440743228,0.9534200386847725,0.8504633764548722,0.9602241452701066,0.948941023143792,0.5949128596735893,0.9963161134170689,0.9333778080173508,0.9451686488026623,0.729493887517294,0.596532599573896,0.9811633496795696,0.9220342585065133,0.9293607655470111,0.8359121736016654,0.47059504436135297,0.9733643755999551,0.973277576766733,0.970170099405703,0.9734294248976227,0.9733338959951585,0.9722658633213636,0.9732183650995907,0.9731466645986162,0.9242807508081335,0.899897118102065,0.9462433957059317,0.9246057365239565,0.9738100027019301,0.9702009546722156,0.900504968501779,0.8996911662989758,0.9505040817121478,0.9691480502447707,0.9731144404956834,0.8998640289571734,0.9700701469095299,0.9702606061013452,0.9372771167016856,0.9004067686626558,0.969465739109004,0.9734664646010671,0.970067093685163,0.9700653257216615,0.973552263062327,0.8997955194898655,0.903165178565847,0.970141079471256,0.9024714308762953,0.9722187627875495,0.8971360116333347,0.9701329728636361,0.9354147543385097,0.9692073453528506,0.9511645061608442,0.9798892305979583,0.9733025093271594,0.9695403505157214,0.9390232248780307,0.9450414262649891,0.9731720869626005,0.9731744995735412,0.925026599041856,0.9396492870258215,0.17332414251038952,0.9724908922995433,0.8980969715751658,0.9647309249646701,0.9328558135373723,0.964677527742956,0.7600322466382379,0.9076785365212396,0.5557711810258634,0.8637756966431906,0.682009327437915,0.917433294588077,0.645421676362854,0.9818713541380808,0.9359989793951511,0.5467675186128708,0.8998452273286549,0.9699774865661399,0.6862852150923543,0.9406520445829719,0.9440320522608523,0.951002674905132,0.6549931605916849,0.826660274600774,0.9247708004161044,0.929825935017684,0.8005151909051132,0.968307565252805,0.9880142842993399,0.9103595412147918,0.9419101851999865,0.9516012887903478,0.9199887795039022,0.9686538264445942,0.3484008206255716,0.46087705112040156,0.9466925463072501,0.9444471848710494,0.9386818258024621,0.9568635033267083,0.9643800898719287,0.910876944166225,0.9073359603572085,0.8981254509842943,0.9157784351974634,0.9743969613034846,0.9735424550781255,0.5961106054261323,0.6261564583819066,0.9957855991074582,0.9893493283245548,0.9874438099175415,0.8997544001030404,0.9732214619103126,0.9722906723895053,0.9695293995326331,0.8999644797135697,0.969595019398093,0.9733276471176161,0.9738238649152414,0.9695665043368362,0.9287403624531323,0.9660511208295537,0.9731249900529719,0.7974198353181098,0.9732833241858161,0.9728606211825336,0.9696108872552216,-0.010099903391631214,0.41513186713573785,0.9916205838056626,0.9026088248006786
UCSF-PDGM-0160,0.882191669265106,0.8183873109369697,0.9096569699322441,0.8995744279867016,0.7994551761531267,0.9682559238042399,0.29373662895941766,0.7076686772724631,0.8346915879894884,0.8392391522015387,0.827448881658848,0.7960231452531741,0.7055212958941472,0.8400100248245306,0.8427237867562667,-0.23956217599411997,0.9432447426728628,0.5330985902618022,0.9140646857105126,0.8825137603420814,0.43879501537479537,0.8497507899069875,0.6597806352485458,0.8013090783977611,0.6633366092872195,0.9494037828934979,0.8130603415395368,0.794146668314155,0.7553962881131896,0.7255479331770066,0.8171291381572375,0.8623708149731668,0.9438843854837106,0.8055410206474473,0.828696152444764,0.587771380557261,0.8393026723661067,0.5674563512335316,0.7980908875215302,0.684313405568161,0.882601562550315,0.8348828147008229,0.9637436555475444,0.7968838747285478,0.8214134233008057,0.560172467923688,0.8668887112690483,0.8382366611163091,0.7859274961947706,0.8515198002683486,0.7771852651089155,0.7914605942365367,0.82554318950254,0.8285126912779404,0.9669150836129229,0.8396709957185229,0.8387420786788121,0.7016869478908885,0.8507194881028658,0.9724813061498565,0.8415722407409291,0.2339714285922809,0.8400694757513331,1.0,0.832072623663456,0.8416629650523282,0.793123398387555,0.8105926532149635,0.7539432649649994,0.7779770995180036,0.8488082153730525,0.5166602357230973,0.8316803463922924,0.7987412831033641,0.8059667028791183,0.7163700848135444,0.36425207571411455,0.8372358423554194,0.8244726379810932,0.8353516309936018,0.9731948906802061,0.6286577249175096,0.8532698134849157,0.8533914184336233,0.857421746432037,0.8531661782386399,0.8533144731325597,0.8522038905357561,0.8534655171013474,0.8535473023871556,0.7839336635603102,0.9675866693501723,0.8047524859729767,0.7842468509865537,0.8518833171660123,0.8573622704555133,0.8575458968495003,0.967926449732517,0.8387581265592955,0.8563558654497102,0.8535815681749624,0.8561142910712213,0.8575903113341896,0.8572340668648176,0.7962502036804028,0.8577496132285828,0.8556750340517565,0.8531012490465641,0.8575949748740289,0.8575976637271546,0.8529295315583185,0.8562977179473413,0.8542665240934708,0.8574741717437832,0.8529310063385109,0.8522574686333764,0.8087772894569086,0.8574882649242721,0.8143143825249893,0.800434447040642,0.8829933135760016,0.8367151448429043,0.8533581936885506,0.8553704436389121,0.7958273091983429,0.8449645408358839,0.8535192175781645,0.8535165019257671,0.7859997812582054,0.7990820742831914,0.0789294788685281,0.8518882289447052,0.6731774695116963,0.813486342824904,0.8070360883082451,0.8231799138320914,0.9032722200505976,0.7730672160103417,0.8460782730065134,0.7129324219346168,0.6737899904012293,0.7526179974119096,0.8479024110567763,0.8337261322284242,0.7944647895767671,0.41628431742570315,0.8561697943264012,0.8577215712439805,0.5366699178715155,0.9351137819591022,0.8168808121078959,0.9027988006257923,0.4643641892103394,0.8998165485087372,0.8142305398802167,0.7893859644510737,0.7458622883396351,0.8238567083659524,0.8445704064089445,0.8344674149850988,0.8122864140193542,0.8828970510502676,0.7700118458506104,0.8128405369718447,0.1607222395007025,0.2427617322925393,0.9383130891262393,0.8025454306915597,0.7981105199221494,0.8181523451365369,0.8252955916866832,0.9574231983054567,0.7725126418613939,0.7569316181806186,0.9468060660245042,0.8331698949992223,0.8367825075739151,0.4786026080537577,0.5469458818978064,0.850191274972172,0.845002811792879,0.8327597585301477,0.8563881392025046,0.8534617977744303,0.8521742299172719,0.8535902286710559,0.8544991620597574,0.8549709296440615,0.8533233543150339,0.851659398536824,0.8552173102645375,0.7920892216699945,0.763668076003693,0.8535705087435018,0.6408115196065959,0.8533838721514306,0.8507242505240086,0.8545480511156551,0.013280951271782908,0.19071103982378793,0.8479663046761319,0.9641715743051035
UCSF-PDGM-0162,0.5658227745087749,0.8874080227482883,0.5931977357068433,0.9844173482396915,0.987649200136838,0.8726604246234776,0.4001672199074166,0.7778873474195381,0.9302303769985092,0.9591027110925169,0.9490298640888944,0.8635997491813192,0.8280805445827965,0.9587873904191205,0.9807299989216614,-0.10095728333218557,0.9576256915698819,0.5661354544765074,0.9764761278968813,0.988984129399407,0.41486674626449105,0.939201865321258,0.768359371563105,0.9883401880198415,0.6976551829011621,0.7668822839653541,0.9205271912162764,0.9882725761166908,0.9029603551343862,0.8425804011817701,0.9978627232924993,0.7038749976697103,0.9316824311525448,0.9126489923729298,0.9999138878076204,0.6023946632454156,0.9759494212843395,0.4938737990720441,0.989435819555589,0.6957198204122412,0.9871158883225284,0.9148254660603994,0.8862238479552196,0.8672363160967399,0.9925069122741091,0.5306098790798608,0.9895078315071345,0.9796578479565079,0.8452434703321176,0.5523439041102463,0.8773734008119393,0.9886615650500423,0.9992705818018524,0.9041436493780761,0.8921151424466286,0.9760086940138653,0.9986177869556084,0.42321999004829086,0.958901648181849,0.8633863682103377,0.9947040086094792,0.26247117073927567,0.9735951497253587,0.832072623663456,1.0,0.9564685106938366,0.8427003814530821,0.8747666278446155,0.8310848949212885,0.9069802122419139,0.9626411739264417,0.5431049223756446,0.9555686718253805,0.9895193315955556,0.8667392636481874,0.7161713250563256,0.4262707028895078,0.9216333871713982,0.9198010414735228,0.9326624176361551,0.850900518984546,0.4319364260062431,0.9120314855876238,0.9118938426021206,0.9080554954963255,0.912138199831367,0.9119825942643891,0.9099052919024005,0.9118024693647897,0.911694086156126,0.9852456548548589,0.8795104795075094,0.994362190854967,0.9853990621203051,0.9129552536155838,0.9081092137267782,0.8810322732667538,0.8790405557366379,0.9838570834135366,0.9060235139944876,0.9116460853472033,0.87942350662262,0.9078883819087328,0.9082168509287251,0.9909893826954237,0.8808215019497229,0.9065942280963268,0.9122006497866254,0.9078834161681077,0.9078805440760294,0.912351380240104,0.879261197051216,0.8844426545199803,0.9080059784116182,0.8827235124304935,0.9098343479859337,0.9026433479889292,0.9079923039557604,0.990365649379269,0.9191489048442887,0.9881494716940536,0.9988989851957336,0.9119328940353411,0.9067694529368256,0.8465649008243434,0.9923882392319997,0.911732254720938,0.9117358913093101,0.9857166991214826,0.9919729768133587,0.08443936373671358,0.910261138221105,0.8033572437192702,0.885723359403294,0.9893248419448633,0.8983279890496542,0.7377004491227869,0.7960377861352189,0.49243541978080657,0.7440353273073341,0.6488712634583262,0.8264411562805963,0.6750725709216953,0.9988751353200255,0.853106874316483,0.40257159190664193,0.8793769819628706,0.9077406207715347,0.5180599972416563,0.950316462827861,0.9925383274059544,0.9814943167209991,0.529706914368159,0.8086539805369575,0.8907468005212107,0.987813562394112,0.7614795198382854,0.9994541802051442,0.9941865541891268,0.9014104686392056,0.9921119117696684,0.9890256750135384,0.8299261784100247,0.9317290917382292,0.1997706019896058,0.2815208510190112,0.9661580670044725,0.9937317124330213,0.9915218232878301,0.9965994928810487,0.9979654973111834,0.9387331533673728,0.818353194263775,0.8196058048814556,0.9391795481129391,0.9140790687292957,0.9951844641781732,0.4402041331723966,0.5558039778708038,0.9865806705728524,0.9962407070019864,0.9957226884229579,0.8791713241544846,0.9118072037869377,0.9099430675955943,0.9072632235460386,0.8801778382133257,0.9069480392826608,0.9119726489423459,0.9130354872601742,0.9068440733620776,0.9876044095363908,0.9286520422680764,0.9116617547387009,0.8359137541026439,0.9119028125985487,0.9110285589673812,0.9070872431371937,-0.034638591976436844,0.24231659899899455,0.9892521766080106,0.8832357444827955
UCSF-PDGM-0164,0.6351230293499683,0.9524303779174613,0.6132649874604521,0.9356262471975165,0.9051695324058914,0.8861756364451308,0.5981298761167578,0.7828980278693123,0.9930622230034291,0.9334695288061109,0.9981313002941073,0.9536852840109029,0.8145761799848137,0.9969826266483613,0.9420159160091026,-0.16449905232279588,0.9193093332519496,0.7367481126561982,0.9335858113815835,0.9349916579948311,0.45211147931479745,0.9872097793296535,0.9099263839812354,0.9058805109833575,0.8374282461966989,0.7687891186746685,0.9914965771161576,0.905857195942326,0.9712765613831401,0.952196402139081,0.9388260766258121,0.6926992204425373,0.9187284094917605,0.9895248456479101,0.9554922439530612,0.7620197729981977,0.9408853463030504,0.48080310185258623,0.9089407068607864,0.8291240140847351,0.9344453039945844,0.9868528454593699,0.8953618113422851,0.9634970335996211,0.9264712151197912,0.7398297404568889,0.931996520638848,0.9929111387316015,0.8787570669805129,0.5594016184984509,0.976117666097069,0.9071858157311623,0.9499760006833224,0.9836734502147841,0.881930135289392,0.9367464437368921,0.9692842151196266,0.4964804438235291,0.9927378504777644,0.8499851877708826,0.977013115808367,0.3215919971676427,0.9967128468981192,0.8416629650523282,0.9564685106938366,1.0,0.958946483265155,0.9614711669962028,0.8529746446339528,0.9676901082689118,0.9411474770606263,0.6169818049515966,0.9957969169019896,0.9093502377967205,0.952051410077054,0.7403643700055476,0.638409747156691,0.9884675250869589,0.9192375332406559,0.9253046068054982,0.8335105709205985,0.4779369113609262,0.9803468804144615,0.9803248385948925,0.9772570612240684,0.9803592647983638,0.9803397878446432,0.9801069714630981,0.9803068732843481,0.9802824922012618,0.8986088365843875,0.9024930408099202,0.9236693388523214,0.8989757676026604,0.9802079845570195,0.977259173459281,0.9024863619118709,0.9025506155264948,0.9357045493807736,0.9770739548136329,0.9802707110012657,0.9025135709255727,0.9772421702222353,0.9772588419410208,0.9133398557252356,0.9025005556871578,0.9770744274292043,0.9803643593507565,0.9772415531951937,0.9772411920463596,0.9803691108849888,0.9025386126592011,0.9049314458556806,0.9772539014984337,0.9049604491797226,0.9800907373318186,0.8954598871224847,0.9772528346257074,0.9116850118831927,0.9682037969238512,0.933148295236562,0.9643586490272479,0.9803317341013404,0.9770264131109357,0.956853883413732,0.9237239170132091,0.9802914388590629,0.9802922712482516,0.8995168262633159,0.916045133815782,0.21307947315204626,0.9801648727276366,0.9169762535720153,0.978150401844383,0.9086887575254177,0.9754326712634278,0.7600389796109327,0.9338832373788258,0.5696772890113017,0.8873905119464238,0.6989448122214087,0.9317379393821492,0.646378701171983,0.9670642862047877,0.9436590220042652,0.5614409945991216,0.9025223907151763,0.9772200145344145,0.7296889435184882,0.9327303384405959,0.9225105203494008,0.9353823677583393,0.6862082677429676,0.8295528558886618,0.9287872610345377,0.9048767285615311,0.8143294745559,0.9499314017680216,0.9758790377633128,0.9100131465760207,0.9198009701030364,0.9331529832624161,0.9337422292506649,0.9738418051074584,0.37834581480472107,0.5108263710973666,0.9339567394219119,0.9216171733085259,0.9150188723954248,0.9366027966269005,0.946340098790104,0.9008885262488926,0.9165164615653646,0.9055276780591708,0.9068934111912595,0.9807624415434147,0.9543560159492628,0.6299979850309683,0.6541191352031522,0.9882485046969763,0.9778130735569438,0.9752920220075222,0.9025462242627479,0.9803078645010749,0.9801150481999439,0.9764264842235759,0.9019691880287075,0.9769325822042979,0.9803382428374884,0.9801438751718632,0.9769941615678905,0.9038709591712886,0.9652479610480666,0.9802746203707311,0.7728488783011617,0.9803264653885944,0.9800474414040421,0.9768032652249253,-0.0011567546878166002,0.46970524416446247,0.9816997273769492,0.9051018274643994
UCSF-PDGM-0166,0.6540551025331601,0.9409301670693186,0.5913491804994957,0.8186150801501856,0.761128689278024,0.8426895614096338,0.7339256263878826,0.7454020612099506,0.9753674671610718,0.8295887731048345,0.9595598978139235,0.9613803633629188,0.7386742034150533,0.9506834521937427,0.8344089656961798,-0.23289612016523897,0.8134511065472961,0.8444398808551274,0.8214785570598793,0.8148889301435069,0.47523844586259184,0.9494848903546477,0.9526675552446436,0.761466478775681,0.9121342835510484,0.7027013208105274,0.9718380540919298,0.7614195415736358,0.9432192844744398,0.9687999919643697,0.8120025764729045,0.6196724933286883,0.8392417874088124,0.9856541779439204,0.8397702846316005,0.8596131905058373,0.8354447973297648,0.4592626204349215,0.7658812300732717,0.8889258818179936,0.8104977660067408,0.9842516339142241,0.8490629895386569,0.9811699346190146,0.7944634563892289,0.8972289440212077,0.8048975613838655,0.9254536647984388,0.8479104639164547,0.5015969295215293,0.9785625052980895,0.763595982852822,0.8313592133352794,0.9899805133156062,0.80294219647072,0.8212745270231695,0.8672565471385578,0.5682601249253959,0.9484411139851849,0.7731727276255504,0.8831148356072764,0.34355691318753667,0.9381655440743228,0.793123398387555,0.8427003814530821,0.958946483265155,1.0,0.9756908304746653,0.783508054160229,0.9207612288527071,0.8454829621612754,0.653677904264237,0.9495975837794135,0.7665263603736832,0.9633332420175036,0.6975680513500956,0.7726271462733066,0.9792694037072265,0.8360411838496167,0.8326483181229735,0.7450696679264616,0.4671401095306051,0.9590654933481962,0.9591023266774993,0.9607283217057755,0.9590301521636223,0.9590796391744386,0.9603628639870853,0.9591219717070739,0.9591408446744106,0.7511727757753488,0.8514281998422278,0.7876280013995743,0.7516869433070851,0.9584046655272542,0.9607052538203991,0.8500538758352315,0.8517625879181437,0.8213155801795793,0.96204281343076,0.9591477851509123,0.8515045269037609,0.9607881491153669,0.9606524848951241,0.7722249707245862,0.8501872044811056,0.9617672611025009,0.9590063656105464,0.9607896764862316,0.9607905537611052,0.9589380737070297,0.8516275621115346,0.8524775934151814,0.9607478459100091,0.8539906052395301,0.9603747111352513,0.8035188313840658,0.9607529589242157,0.7700304646413765,0.9297500203995862,0.8088577168035265,0.857706117764568,0.9590928021733492,0.961613625951046,0.9953684183010942,0.7889631888922168,0.959134718241731,0.959134105659869,0.7524026855370126,0.77652766759701,0.31076177321125076,0.9602695369590525,0.9355284002322204,0.9908445527290906,0.7653749917857177,0.9817201802890902,0.7167637312989594,0.9960335659667875,0.5963781051523128,0.951038746391447,0.6602679282968318,0.950442155825158,0.5452247891071891,0.8611003906202723,0.9520062371918726,0.6795506186286615,0.8515421946588105,0.9608281532361584,0.8863298374566576,0.8445217342296573,0.7869547106844804,0.817047871379968,0.7820954242064004,0.7771660618958837,0.9092463392901615,0.7601737759707076,0.7757603477608563,0.8285869227820107,0.8803432091426445,0.8362116598822859,0.7822557150915562,0.8099871816313874,0.952557863863726,0.9410877547870149,0.5156289450233126,0.6816376756250632,0.8337315216762671,0.7845554539211395,0.7751798048309552,0.8108883583790837,0.826289604321759,0.7990143773975945,0.9431225846746786,0.9125986558061417,0.806154494846026,0.9620156818125313,0.8442885672987406,0.7980227312424634,0.6812417045446008,0.9114108025672218,0.8844649710413103,0.8749224701899674,0.8516865427034713,0.9591210408621793,0.960355737937098,0.9605146827311094,0.8503068634031823,0.9613926890428068,0.9590823692093808,0.9582722153238334,0.9615312788679801,0.7585058801622936,0.9284470005171408,0.95914561109137,0.6430605732060379,0.9591002008170719,0.9597191064666837,0.9611399468305034,-0.024299419414887783,0.6191385876484132,0.8952837314457708,0.8491104419817
UCSF-PDGM-0167,0.6757535938555073,0.9751410704472862,0.60370062252263,0.8503343669974898,0.8006070525267069,0.8563252436473916,0.7140527198264424,0.7430440865026987,0.9731022789120154,0.8457925043457033,0.9599103407123503,0.9726424602986846,0.7573155453338705,0.9569537645571574,0.8526434177522249,-0.24391158950582045,0.8358684989565776,0.8728492497273966,0.8529509900800866,0.845410848804759,0.4505911200713977,0.9590300007669831,0.9107578658147862,0.8011139501066615,0.9074591043603714,0.7181572799264531,0.9672101149418607,0.8009740158463622,0.9260287344518798,0.9483419350451571,0.8473322637044424,0.6216089286449274,0.8568870770077397,0.9768808934887825,0.8715038179678152,0.8772169321722048,0.8524770778491936,0.428994539453828,0.8046681053529479,0.9213722557163582,0.8395806855117155,0.9768204076485689,0.8619365745423802,0.9853079306950534,0.8272479870794338,0.835949427553092,0.8338154991143175,0.935462993685247,0.8225032359640133,0.5257113761876545,0.9611856600529763,0.8039336446152349,0.8639523594106764,0.9803967282701866,0.8194218535347163,0.839999198010512,0.8933590142066038,0.5715262270126968,0.9578062685918385,0.8020358363248142,0.9089355847523656,0.3500528601575475,0.9534200386847725,0.8105926532149635,0.8747666278446155,0.9614711669962028,0.9756908304746653,1.0,0.7773683225260783,0.9100912995074074,0.8546508449623135,0.6017486730883439,0.9695373676990293,0.8052161252073907,0.9841236453061356,0.6760530377078554,0.7030257151590477,0.9759386201094283,0.8357204654291212,0.8351146564572683,0.7535714182063348,0.4762613363418171,0.9639737894115601,0.9640177724784501,0.9659641540362034,0.9639326102318778,0.9639905210236164,0.9623028048121534,0.964041954935767,0.9640660175414182,0.7925369639061587,0.8489370911830355,0.8258452248310137,0.7930118725039772,0.9632470027706506,0.965937933352379,0.8505341006923628,0.8493109077861034,0.8450741144769629,0.9643260195313111,0.9640751947873243,0.849021412550581,0.9660332723710356,0.9658785633380003,0.8118701092051036,0.8506823214463252,0.9640102037382876,0.9639052723266933,0.9660350649691104,0.9660360953809153,0.9638279359997595,0.8491584300835299,0.8525472958264062,0.9659865090822229,0.851090909933432,0.9623186118723585,0.7944968168996535,0.9659923917730986,0.808516554229886,0.9675602896949013,0.8402463730133516,0.8871289122325918,0.9640062597099154,0.9638409410099761,0.9753196551894929,0.8244480781090915,0.9640580861037368,0.964057300291597,0.7933860737038295,0.8158577052699246,0.20051298238941978,0.96218800817014,0.9049180861392223,0.9778094423261102,0.8042257476176786,0.9835662345446565,0.7441926776960865,0.965062014753171,0.6175725684124563,0.9275677051156201,0.6232274540099566,0.9391753134956414,0.5401538855330434,0.8896943252623197,0.9730603523515043,0.7360451449160751,0.8490632040978076,0.9660809326866271,0.823486522301324,0.8598765251761463,0.8217824728739158,0.8451011256408294,0.7393933659870117,0.7778167025680686,0.9240967060254941,0.8007542503543011,0.7438968378998272,0.8623113332925025,0.9071769723625721,0.8343932178187536,0.8179838195631147,0.8430220007867817,0.9447720251422183,0.9350703330311375,0.5399614167157869,0.6210910315707626,0.8641509361192036,0.8227559014423192,0.8143154436427831,0.8473769924591109,0.8584007953712605,0.8227830295076991,0.9837538725447001,0.9511018297345003,0.8182865898176553,0.9653815011406689,0.893599808430742,0.7934843870572461,0.6065311428161806,0.9316970653076175,0.9094120140143256,0.8985554083627325,0.8492247114385211,0.9640407927707385,0.9622935314515103,0.9626664549583743,0.8477285580249038,0.9636010324554465,0.9639937706428836,0.9631055621823356,0.9637511384090436,0.7984475722994046,0.9232120817674268,0.9640722945365885,0.6949041356184397,0.9640151926091537,0.9615747243492712,0.9633296929765628,0.012302521724808982,0.5282203439574548,0.9193558862415264,0.846248337670529
UCSF-PDGM-0172,0.6111810293289877,0.7953313779022431,0.525042900199697,0.8405210880929919,0.7943267776418002,0.7975702701245717,0.4090789644060432,0.6384864681998069,0.8374030818674089,0.9463723465996008,0.8532458078390031,0.7973300972034406,0.925210391941324,0.8540834924390451,0.9045691758969803,0.1521398532759122,0.822152196523899,0.5304924528011666,0.8448374091171014,0.8334038677608789,0.3378982422136075,0.8498739486849737,0.7578429548666479,0.7961678782205015,0.6627846437297105,0.7174945830643352,0.8435191691647789,0.8034133726743727,0.8283860453647597,0.7887988135702725,0.8184931791631624,0.6237974446856093,0.8362811719831535,0.8217981010526636,0.8318021590917933,0.581350994236712,0.9155929191282869,0.34182620015165865,0.8103516118609935,0.665955476465332,0.8426475877075565,0.818123896457659,0.7941281280122847,0.7941245157431349,0.8524385210541512,0.5451568948146146,0.8364026318156089,0.8513032378032539,0.942099509466667,0.533657933386337,0.8252059944437997,0.793267151470825,0.8258712841457421,0.813895775454564,0.7916147948013268,0.9222229499500603,0.8390283197835379,0.394204876359624,0.8461377619984024,0.7761258908104042,0.8465810878512479,0.629113970608817,0.8504633764548722,0.7539432649649994,0.8310848949212885,0.8529746446339528,0.783508054160229,0.7773683225260783,1.0,0.8315312765217722,0.9329720572565003,0.7404993816751919,0.8457395661699671,0.8108976039033562,0.7808921897891871,0.8601661934416617,0.49383549498746415,0.827545781853533,0.9771070147330234,0.970063279124541,0.7514069542215388,0.48558500462453835,0.8451984025041337,0.8452094447964014,0.8383783734373226,0.8451846627997699,0.8452031357810443,0.8456745903390919,0.8452131062628633,0.8452140684906297,0.7863395967611907,0.8388424104633067,0.807229820101531,0.7866512552030814,0.8448085657211479,0.8383662048185508,0.9573231117617487,0.8389215313073941,0.870943532512604,0.8389070064690061,0.8452134122656759,0.9575043620222046,0.838407003191442,0.8383367612648637,0.7987389940336369,0.9572714975035247,0.8387536861691591,0.8451742524069146,0.8384076603672026,0.8384080357284225,0.8451408206369896,0.9574751644000979,0.9572953782089345,0.8383882456529117,0.9574561305052828,0.845674880689478,0.9634505726638702,0.8383907564763833,0.8036543636104794,0.80567941279547,0.8383763697178093,0.8376879116877813,0.8452070185134268,0.8386532253468028,0.7815060974281115,0.8212470948575633,0.8452141265003263,0.845214109987774,0.7905394909247699,0.8005591381470326,0.5021429635926846,0.8456472443875983,0.7608010856798504,0.8147988645330393,0.8000936634356212,0.7960554190256118,0.71548944007945,0.7596630570287534,0.5750214407047046,0.728427420631726,0.9064290514954937,0.7843313419767982,0.5723311208566056,0.8402146532116779,0.7876654970495829,0.38767677138027246,0.9574972567861244,0.8384223495488631,0.5440175681095936,0.8471822981244513,0.842607459425532,0.8462951491961834,0.5070776745852402,0.774512479497273,0.7485715512726357,0.791476015459798,0.9810996603583283,0.829931455358769,0.8484542987019018,0.9779777352735697,0.8368226480987796,0.835411531082172,0.7868315534599282,0.8141408325160636,0.19769153362398184,0.3394272676523127,0.8437318314903247,0.8055218926799107,0.7995972465719908,0.8134671837536264,0.8229159657175346,0.7921143734419053,0.722688558818378,0.7225544815267129,0.8125229225641989,0.8369752049597894,0.8225614518093877,0.40082600777631416,0.8826281135358179,0.8520975894215086,0.8451074425727292,0.8502900452772587,0.9574541820931868,0.8452129829898724,0.8456738112599228,0.837855069110716,0.9573105388685715,0.838501068244533,0.8452039860469052,0.8447174164747353,0.8385973577749763,0.7997944830814733,0.8057348139747023,0.8452136963965122,0.5927784810669926,0.8452089347277458,0.8453216388355699,0.8383201890521548,0.3278002442159441,0.3468507356010748,0.851922172300308,0.8456493880483951
UCSF-PDGM-0178,0.5614192748529764,0.9201672317912374,0.5572468353359913,0.876519514049362,0.8447235803181755,0.7975551725681354,0.5853731845635585,0.6871657747236447,0.9608426670138747,0.889725913722019,0.9748960735633445,0.9335905075377136,0.7388322372736056,0.9695195512442926,0.8807120546162197,-0.13620531538041547,0.869884672253055,0.6989116464312689,0.8779526050389495,0.8727405369909925,0.3526284849379509,0.9683071936237755,0.9234054350118622,0.8464289147929749,0.8113204519543938,0.7547312847224575,0.9756123198864782,0.8464473787308346,0.9599302095466044,0.9427266421703936,0.8861318392370412,0.6424128426140929,0.8540805233992428,0.9515730640598631,0.9076583363472662,0.7372818667303751,0.8801693608826063,0.37205423309620567,0.8498880330127858,0.8155532104505251,0.882242528440795,0.9377965756855942,0.8008244781344868,0.9314155189722018,0.8686259691851125,0.698323293390926,0.877733854218209,0.9542644680969896,0.8034524276941771,0.5596538749200619,0.9637976002084745,0.8487632291900523,0.8982125513453306,0.9395836724673812,0.8192184717468743,0.8926077174312188,0.9211681919109612,0.3407082719325636,0.9575984804761235,0.8067690000067549,0.9366622066627778,0.2439342521064852,0.9602241452701066,0.7779770995180036,0.9069802122419139,0.9676901082689118,0.9207612288527071,0.9100912995074074,0.8315312765217722,1.0,0.8869175654846821,0.5168019853764868,0.9646450969305951,0.8502622691093056,0.9146008742584465,0.7041142036769079,0.6676192233188443,0.9506878484590895,0.8818455764675358,0.8941834224433188,0.8070081428514976,0.4109845834696091,0.9663917048670905,0.9663608773004352,0.9583624795436954,0.9664113077834058,0.9663814278320809,0.9672317001053529,0.9663373679592357,0.9663066764588469,0.8389411980281848,0.8555615154324729,0.8690329010299686,0.8393772225027748,0.9663365847259132,0.9583677930019703,0.8543745299343389,0.8556324853594911,0.8706280705244719,0.9592710225623239,0.9662921855571477,0.855584311045123,0.9583382748994326,0.958374229777357,0.8566012768348737,0.8543957072380464,0.9593093320147209,0.9664208129067829,0.9583373946539449,0.9583368815956953,0.9664368625376641,0.8556138678596605,0.8532031054784144,0.9583564629850366,0.8544330440292778,0.9672111289412655,0.8721109086031799,0.9583546222454739,0.8526562300127407,0.9338405312717386,0.8790666246136981,0.919026176198759,0.9663702099312477,0.9592767757532178,0.9183789297725471,0.8666565879544398,0.9663178142244022,0.9663188571078672,0.8396454781275676,0.8592717999848074,0.17930516829853752,0.9673134433113791,0.9115334874046939,0.9488812718958745,0.8498352130838066,0.9161079220211038,0.6834990057285334,0.9026962854520546,0.528508415701962,0.880859500077771,0.7319287455706588,0.9268635657149187,0.6430812425950564,0.9231685782222433,0.9245765971143187,0.5301583469625503,0.8555943895172788,0.9583085811473795,0.7054883992642422,0.8682649694208144,0.8653846171693451,0.8840973976093044,0.649048808844646,0.7628669119903944,0.8432746682200256,0.8461983681057179,0.8099381236265427,0.9037918444691544,0.9381949491884809,0.8770463500003682,0.8625502256264138,0.8752193729316479,0.9279432403889571,0.920715907794637,0.33551345342396555,0.4975402523037016,0.8715634272635873,0.8665567497582141,0.8578681203263345,0.8794263768130389,0.8927557474895577,0.8446350429525435,0.8618449075340208,0.861724852854364,0.8676078570655618,0.963533706218511,0.9003053933911754,0.5398773410430052,0.6243779768691171,0.9502031666522335,0.932914273707039,0.9401380895823025,0.8556241148602719,0.966338641213508,0.9672421365549944,0.9587574644620784,0.8550282059913703,0.9592022802366101,0.9663792438966343,0.9662842538232499,0.9592520486033996,0.8445518980194138,0.9336140410840962,0.9662969739879417,0.7680808221736217,0.9663630601817821,0.9672689324689572,0.959092515399149,0.04008438314709993,0.5008823385296379,0.9468821933727942,0.862921508873779
UCSF-PDGM-0179,0.6110870933084249,0.8537967170017455,0.6322114759403549,0.9617489453401076,0.9467705585065406,0.8842199761278369,0.37670544952069235,0.8079805325174625,0.9134338760301031,0.9883228367021132,0.9311114453046376,0.8385532798580707,0.9049510443470846,0.9366542908380747,0.9948691856161123,0.0265407414936737,0.9410759353906565,0.5350332717153898,0.9554690552198333,0.9637207761312562,0.487435415681112,0.9187152937625982,0.7716870887907521,0.9469365501037807,0.67003773795352,0.7679011183934654,0.90717683567746,0.9503067618010148,0.8996411921418481,0.8412498691334603,0.9587696941834646,0.7147709808989151,0.9235456271679501,0.9007692318767524,0.9625418606637519,0.569474394816533,0.9966071703984805,0.5261482065713514,0.9537374562168324,0.6644136379195017,0.9625013919947123,0.9118223660265536,0.9038711704480962,0.8470957079159078,0.9734235065062649,0.5555453323738213,0.961056681680645,0.9598206640196919,0.948729132374297,0.556864064970158,0.875323840426418,0.9454331773949839,0.9625584412991341,0.893975488082695,0.9069571142786619,0.9928230074638992,0.9665707778442806,0.4846140285840883,0.9346166409144547,0.8557971957428275,0.9598103936670118,0.45509539676038896,0.948941023143792,0.8488082153730525,0.9626411739264417,0.9411474770606263,0.8454829621612754,0.8546508449623135,0.9329720572565003,0.8869175654846821,1.0,0.7067803800324173,0.9303815240773533,0.95416432445423,0.8388873637681438,0.8583133644875603,0.4208746025047521,0.9058787982327816,0.9796412996195188,0.9883055144376353,0.8519264673638971,0.466651236047201,0.903885604403133,0.9038392271650187,0.8997099014585648,0.9039181964113083,0.9038696578760933,0.903059186964153,0.9038060566241581,0.9037645148159805,0.9411550856853161,0.8990388433692272,0.9525877711588239,0.9413402622259822,0.9039917546575461,0.8997231860089059,0.9545214831020967,0.898889801946204,0.9875349368491261,0.8989499001635705,0.9037454136276308,0.9537307712080044,0.8996626082543102,0.8997465321847504,0.9481563257632825,0.9544124311997634,0.8990749622776683,0.9039357300157994,0.8996610777894588,0.8996601895338625,0.9039726543667321,0.9536540661791375,0.9565554673244653,0.899696786290579,0.9557081291795949,0.9030318326151923,0.979719602431142,0.8996930251336104,0.9509317064851271,0.8964468328319362,0.9615103530952019,0.9615500598435647,0.9038528441119331,0.8990788103971672,0.840999317432074,0.9585462170486391,0.9037794021217265,0.9037808062230521,0.943384288370049,0.9493917074190762,0.2957187641401515,0.9031795615217865,0.8118077116231628,0.8758576757442064,0.9489178837678678,0.8934844510445616,0.7681641096518845,0.8059517925724113,0.5397094172739063,0.7327765122187467,0.7788029273129137,0.8044774289258526,0.6939105303229736,0.9624544467844284,0.8257811410593264,0.3546980689955871,0.9537096353539615,0.8996143460752613,0.5306477558411494,0.9452286343551745,0.9687626791383165,0.9616271639348237,0.5668391923939373,0.8407348830858968,0.8924065321264462,0.9442637253156339,0.8868616389063463,0.9606012380339944,0.9597094459692198,0.9684404604522291,0.9659848042484461,0.9620033132481467,0.8097697552326721,0.9312490292616038,0.19896537410156706,0.30008448366261103,0.9543779442669,0.9516476235496812,0.9490936780744536,0.9587413875847143,0.9633734932820167,0.9288870637412353,0.7995440295588672,0.8106976624742792,0.9249919210412214,0.894523743455342,0.9526613851406986,0.4415211675782942,0.7389371137692148,0.9571184121150151,0.9647182977229257,0.9635725175900789,0.9536083518052217,0.9038078184882448,0.9030733464149827,0.8987563318487135,0.9538654101022159,0.8990505245055374,0.9038663409599864,0.9039637576330207,0.8990719807177956,0.9484130312011184,0.9010172243030281,0.9037516944390596,0.7689457586842049,0.9038423856254213,0.9032658169639728,0.8989881744584522,0.09451292955434876,0.28445676763715466,0.9565555055960665,0.9031751887469818
UCSF-PDGM-0183,0.4494212951169287,0.4871806580603934,0.42882705659291626,0.5447015226022025,0.529498933572804,0.5971965904047817,0.4641578808318722,0.7764008232275269,0.5909423419084515,0.6361554058326322,0.59734218679815,0.5049423173808102,0.7273294082367923,0.5747202105655812,0.6614821312709627,0.28329688322632407,0.5085381811453465,0.4459352367709742,0.5264958161350365,0.5537960416671348,0.7313580142029253,0.5367793635676662,0.6226581042819171,0.5245060808364843,0.42733055029520006,0.33720905755264,0.5987178173278359,0.5333815589730166,0.675074176090311,0.6696104382400538,0.5402670126501112,0.5189217676398,0.5348213056407521,0.6482892092393528,0.5429247107498018,0.38126843581582176,0.6768985488072993,0.6629572566303427,0.5372933103823111,0.3889617267277241,0.5389774259817322,0.6753201708640912,0.6552636772444557,0.5606402018375682,0.5710168055095209,0.6203672364404746,0.5366581873610714,0.6205577615977044,0.8780763674444674,0.20136034504344882,0.6465829763613097,0.5245359589849771,0.5514926524264957,0.6246579737145489,0.6081891489098862,0.6270100487204192,0.5688911300607611,0.6419322883449143,0.5608977470006296,0.4216824766809977,0.5422958286089091,0.8304936565444834,0.5949128596735893,0.5166602357230973,0.5431049223756446,0.6169818049515966,0.653677904264237,0.6017486730883439,0.7404993816751919,0.5168019853764868,0.7067803800324173,1.0,0.5869390186272039,0.5385144505666584,0.5168925887854973,0.8416845240327242,0.3905570842542053,0.5920754163302677,0.6908750020034778,0.689018951745737,0.43996628630010814,0.480589438705212,0.5547487568352757,0.555033930492895,0.5517967182423738,0.554513878931595,0.5548522102215796,0.5567819440638258,0.5552134757285611,0.5554174464588693,0.5209978028281679,0.553001461766948,0.5287018874108955,0.5211153714482362,0.5519945164513277,0.5516657634289382,0.6880980915887714,0.5541521197513528,0.6542079875913116,0.5537870951406842,0.5555049002540843,0.6889359414319004,0.552179672420369,0.5513899597035805,0.5252695658762555,0.6884946534302883,0.5523265918129941,0.5543701191418892,0.5521905391526098,0.5521968117215273,0.5540010329015105,0.6892767727174531,0.694195551049673,0.5519138696534571,0.6952018240223311,0.5569151517396176,0.7338890343949153,0.5519456510870133,0.5267391072633513,0.6120907341948018,0.5323085756993499,0.5355690039193117,0.5549549029903157,0.551736490836381,0.6082647098390321,0.5324447948395165,0.5553466718121303,0.555339869951742,0.5243112642679131,0.5264211494203724,0.7797268817718892,0.5560447450523367,0.7088184473579683,0.5985443129861423,0.5255857706252393,0.6879714452814948,0.5966715489484655,0.6430025616074669,0.3304546712712313,0.48328319515645074,0.5733522315798568,0.4778286479854539,0.41824784314928054,0.5441476788537724,0.4861305623375408,0.2282160492239419,0.6890376476319552,0.5524918766450114,0.5323105788332911,0.5857775036600105,0.558814413529953,0.5420069702653857,0.7620475578539385,0.6711100466656843,0.7282037823673654,0.5230498386566553,0.7265222229632353,0.5334901028909592,0.5356939622870662,0.6777476473053664,0.5548378617734435,0.5367962611312728,0.47552333403711294,0.7209861917383821,0.4883670327483462,0.5475573402121112,0.555711626912411,0.5278512255559605,0.5274890484699999,0.5511971352196443,0.56070423398502,0.5302964913581392,0.5933786030624841,0.6296335346855471,0.4832136720908559,0.5337577062182486,0.5300933151528632,0.5695699306213106,0.8818327721788681,0.5597526733228452,0.5653806353299222,0.555695859065739,0.6894502201927268,0.5552043495977191,0.556709349207826,0.5487066799037903,0.6863066067799415,0.5510029854975467,0.5548729547922788,0.5516028139006021,0.5514504643313215,0.5298858435096988,0.6126042050246168,0.5554765379036998,0.32688202358836355,0.5550159038515111,0.553743817132865,0.5502659579574614,0.1551324596316377,0.5571897757607938,0.5370149445054023,0.5560781882758159
UCSF-PDGM-0185,0.6379213899937948,0.9648939671634401,0.5976268692761492,0.9325624111852241,0.9031614448311855,0.8781498368640217,0.6132013290021947,0.763313729294719,0.9892723333876752,0.9277337016136398,0.9951309886181838,0.9603725411087948,0.8115344657391234,0.994959670704191,0.933736915902818,-0.17631447761354055,0.9113478111300513,0.7629174597463764,0.9311353181764201,0.930872995456928,0.4250341473081632,0.9871694615161198,0.9040420540762932,0.9040993038571883,0.8449939815590316,0.7627959729155639,0.9889826252290989,0.9040268553707091,0.9651060431623503,0.9488469422489255,0.9376708099818671,0.6794522860402532,0.9131107389905448,0.9842843200252359,0.9545990665569529,0.7819810835391922,0.9327060793263812,0.4463023734816816,0.9069753360788807,0.8513006228276699,0.9308803270995205,0.9788277665468254,0.8846837631490654,0.9665152945356231,0.9229947001286409,0.7252160633937501,0.9282793506447189,0.9887110045564992,0.8567435369860144,0.5595649347184064,0.9716818219616533,0.9059476366658045,0.9485380396457032,0.976952771756176,0.8716457983372046,0.9302165830791744,0.9670358361658004,0.4837347126778835,0.9906467780897129,0.8470357294444073,0.9768894574601881,0.32421260658969087,0.9963161134170689,0.8316803463922924,0.9555686718253805,0.9957969169019896,0.9495975837794135,0.9695373676990293,0.8457395661699671,0.9646450969305951,0.9303815240773533,0.5869390186272039,1.0,0.9073146714150616,0.9606546898364884,0.715549518774629,0.6358060249461314,0.9840055656230479,0.909400659298213,0.9152994656794159,0.8199887570447996,0.4831364604338981,0.9796704041556511,0.9796127375448637,0.9761911323579627,0.9797117432546979,0.9796504484656114,0.978329701970176,0.9795720687229852,0.9795216291493508,0.897321345535099,0.8906684871867907,0.9227144827001509,0.8976925234711098,0.9798519840097825,0.9762089804010511,0.8915977762229286,0.8906012000789764,0.9280063911192745,0.974923181222907,0.9794985861584335,0.8906635083424554,0.9761296482873247,0.976241473816256,0.9122622323400237,0.8915584254841685,0.9750961512511015,0.979734393190086,0.9761276962666435,0.9761265641939868,0.9797836575504765,0.8906441703984259,0.8937861617662979,0.9761738114450511,0.8928256049190928,0.9782965870711035,0.8794158376719612,0.9761688889812934,0.9096555066785873,0.9803727551565579,0.9299434567860413,0.9637560982575933,0.9796295582150657,0.9751147124447527,0.9497445101743888,0.921176564779771,0.979539650343401,0.9795413530088338,0.8980521171651804,0.9149457064138051,0.17754328599374564,0.9784789284789395,0.9098721540282112,0.9730842336492842,0.9067538979919831,0.9708409464775292,0.7617289956775205,0.9239296880316619,0.5741216477653414,0.8865247378987017,0.6803178095453748,0.9330073165922204,0.6259364875277532,0.9665587443584632,0.954477875376959,0.6004232679946725,0.890659208078228,0.9760688449070474,0.7186011447615799,0.9256560033046617,0.9196144919353063,0.9314882164844221,0.6746140540975245,0.8199127373234636,0.9221031925013287,0.9036173829358123,0.7975521698970062,0.9496294724530148,0.9760106633473833,0.8998218018544011,0.9172045098092957,0.9302413559518375,0.9352618382108205,0.9629650785623994,0.40402712586469114,0.5082933020477612,0.9306817031660166,0.9205417411725106,0.9137600151763197,0.9353260288888333,0.9440319173356588,0.8910336997899547,0.932446159217266,0.9192055098417383,0.8952591503241079,0.9805753116433192,0.9607106774405962,0.6352688269154588,0.6246666619414972,0.9873292447897886,0.9763331852428223,0.9744829364723456,0.8906287283629397,0.9795742191747123,0.9783469277361877,0.9748337331678398,0.890429394642914,0.9751014256428732,0.9796463158977438,0.9798304772275799,0.9751141493946309,0.9020859420846584,0.9584026507015536,0.9795061538071588,0.7780457741584139,0.979616631941289,0.9786269707238231,0.9750507717390584,0.0235469643163877,0.4571688119669549,0.9819137993290084,0.8935838293364686
UCSF-PDGM-0190,0.5147094277247848,0.8170654361100216,0.5685618399179736,0.9767942603839714,0.9993615393412233,0.8410353567353422,0.30441665010106755,0.7819639295683123,0.8704390101264866,0.9464557870210997,0.8976306347072301,0.7850299183424103,0.8241769786592221,0.9097447126255861,0.976722501801994,-0.029191530160293973,0.942698805613377,0.46469179705014496,0.9637745287678594,0.9851995667791266,0.42816885391953385,0.8815187880942764,0.6872067931882573,0.9994548790402352,0.5970225450639915,0.7286208638823005,0.8594712266973191,0.9998957742713344,0.8562370000006357,0.7754826770478939,0.996458774100254,0.6999824016063835,0.9056789918026779,0.8531227276840346,0.9902657240092373,0.49430214430768293,0.9714829350159693,0.5197271316106973,0.9999969488631418,0.5943092704989807,0.9820580458288704,0.8591647776782049,0.8619500283753003,0.7903234386438497,0.9963695613593871,0.42645137225566954,0.9870687596962963,0.9475563841921552,0.8278910575352593,0.522618486879175,0.8125773976029843,0.9993914613517766,0.99324204731031,0.8393875023535976,0.876941931384145,0.9699986328874297,0.9829606874029762,0.3987282985147083,0.9092913085719467,0.8311889852781487,0.970139776882999,0.2718719360744747,0.9333778080173508,0.7987412831033641,0.9895193315955556,0.9093502377967205,0.7665263603736832,0.8052161252073907,0.8108976039033562,0.8502622691093056,0.95416432445423,0.5385144505666584,0.9073146714150616,1.0,0.7900717815916852,0.7122863039665959,0.3161465501937491,0.8594254684151013,0.900699826780478,0.9171483375839978,0.8287479476970858,0.41702666483019213,0.8461381813102213,0.8459836707816366,0.8407860160536872,0.8462589747298871,0.8460831416790542,0.8434988634927466,0.8458818099032003,0.8457616407121505,0.9989448342421293,0.8386282344704662,0.9988275702253732,0.9989732725872195,0.8472362310213307,0.8408474718832216,0.8478690963841653,0.8380524747281872,0.9854927556131694,0.8382498516505071,0.8457086295084896,0.8457222807081665,0.8405965815517682,0.8409715732631337,0.9994214453861066,0.8476088667979481,0.838906982004055,0.8463301223654875,0.8405909892678972,0.8405877556934861,0.8465034523317305,0.8455184586583911,0.8521868660332081,0.8407296216065163,0.8499022456276888,0.8434203069331047,0.893731396992693,0.8407140887956375,0.9991576494063305,0.8715140156329769,0.9832272532357617,0.9825819052610406,0.8460273711067361,0.8391188492085385,0.7677799226305427,0.9954886970190437,0.8458038830897682,0.8458079120825923,0.9992560354111027,0.9993579394348127,0.07183018238798178,0.8438978939745088,0.7428411820088049,0.8138379352264015,0.9993902599723992,0.8417783748941697,0.7148893403203572,0.7108799858327255,0.429436666152401,0.6450287571211109,0.612829227571112,0.7421756139540019,0.6793074613409164,0.9823880145835321,0.7727196221924788,0.2955700559429033,0.845663447864622,0.8404309753210967,0.4053932092681671,0.9321129468523704,0.9978734017362716,0.9730859927647253,0.4715134793348541,0.7900686535222181,0.8600007310442443,0.9993261799159383,0.7281117530509306,0.9920804575503258,0.969338514071589,0.8763640313931874,0.998686067332869,0.9845343697847565,0.744760714717528,0.8972008128030052,0.13505915398526058,0.19101849894849188,0.9504785680150508,0.9990144994982625,0.9993991035409276,0.9966158032577402,0.9943252941829507,0.9275912954202911,0.7470110291417946,0.7601745911363944,0.9205481377561094,0.8477299436586648,0.9810603574221137,0.34486558269896184,0.5272696793162526,0.9533997416287303,0.974204692545279,0.9750631657932265,0.8454071577776684,0.8458870748796513,0.8435408133146437,0.8398134156529068,0.8467761600928231,0.8393442058687212,0.8460719674625687,0.8473426846833111,0.8392115520995008,0.9997850784879646,0.8845755333134137,0.8457259209693426,0.8309459645509546,0.8459936994756423,0.8448099403195629,0.8395316596495092,-0.03649388785140642,0.1626164312992976,0.9588232211681326,0.8438810450827662
UCSF-PDGM-0191,0.6778896541788233,0.9944068927123851,0.5676871802388526,0.8454541962057436,0.7827684554610193,0.8515120599118089,0.698859604481935,0.6401630589061249,0.9762104379176868,0.8527256348133746,0.9577638275754695,0.9957286985764686,0.7653789539456107,0.9600806681996795,0.8391791469788797,-0.27740953715803657,0.839236173005441,0.8657226811281937,0.8556133343681134,0.836738575892473,0.30894196948973585,0.9719506520771235,0.9018671786585808,0.7851292505676973,0.9508587402811747,0.753107686489143,0.9677803382627941,0.7848339981676553,0.8939902085260445,0.9203024669414833,0.8343710446990084,0.5878843397675422,0.8711737441740127,0.9632459525684796,0.8630318576299675,0.911132585427797,0.8386003074123188,0.31387501600161716,0.7896868982463167,0.9536170386802969,0.8351582955807823,0.952803927956349,0.8332050934377373,0.99492481247727,0.8176759286598192,0.8149885667147301,0.8294027979597697,0.9184172103855881,0.7908071547114736,0.553277004183181,0.9432908857403299,0.7868872194282838,0.8510131999864197,0.9758578924601573,0.7889988898597918,0.8372377614331634,0.8821323256424654,0.4874384351600954,0.965362179020909,0.8254554952728738,0.9090841585359705,0.2794714282870608,0.9451686488026623,0.8059667028791183,0.8667392636481874,0.952051410077054,0.9633332420175036,0.9841236453061356,0.7808921897891871,0.9146008742584465,0.8388873637681438,0.5168925887854973,0.9606546898364884,0.7900717815916852,1.0,0.6224403006714204,0.7391173889316339,0.9795501567498259,0.8442985007779504,0.8342279927847208,0.7596392304752718,0.4428017927784997,0.9721245258959322,0.9721569488777697,0.975763217032729,0.9720926951918413,0.9721370908749375,0.9711471198373604,0.9721737307082415,0.972189266972223,0.7742965337934462,0.8618099499764061,0.8119457240279542,0.7748312902954384,0.97149885454715,0.9757423273003449,0.8626807602315072,0.8621311980490975,0.8206716811039222,0.974811610446337,0.9721947487388958,0.8618837062026021,0.9758164608633272,0.975694028415299,0.7961989028862723,0.8628069501974713,0.97455585534459,0.9720710047089384,0.9758177966431427,0.9758185632041527,0.9720079180996944,0.862002130387336,0.8649271037437953,0.9757807614888035,0.8641791331208889,0.9711572028477786,0.7819303477163253,0.9757853322784424,0.7943907215718756,0.9337202847488556,0.8367099197881983,0.8846655527822147,0.9721486632204054,0.9744092189218184,0.977373798708115,0.8143560783763977,0.9721843086179273,0.9721838077150513,0.7756106430001658,0.8006690554430312,0.17067932946817613,0.9710630024606014,0.8614534212195462,0.9811711707003671,0.7891124419253247,0.9513042174349818,0.7100392704182885,0.9552805754705836,0.6430086005337574,0.9627372569883897,0.6644589129273178,0.9772333848211006,0.5015309913837671,0.8850466329576007,0.9955923974725556,0.7686252561716503,0.8619200291521407,0.9758508517926587,0.8302591337821128,0.8553031251981814,0.8115686782512299,0.8410606794335221,0.6402323275759484,0.737258567204407,0.8597260304758232,0.7835914973695524,0.7592923918800072,0.8543345921953938,0.9083992041168075,0.8477948778744432,0.8067232501221274,0.8378222273414936,0.9819979998725157,0.8894744349278251,0.43854043981136015,0.5670899412245993,0.8595444667396663,0.808752540442297,0.7985965210549869,0.8298971606909694,0.8415548519579652,0.8097043497898136,0.9511665257174958,0.8998744169554642,0.8295317031295867,0.9823007316174907,0.8836673323056489,0.7477522937392882,0.5939880073633408,0.9315537185040698,0.9022935337819623,0.8924775284139274,0.8620586457756697,0.9721729470479727,0.9711409418486632,0.97333887772409,0.8607134930398707,0.9741962730626764,0.9721395013200399,0.9713704662174202,0.9743300778937654,0.7821309133450006,0.9119366666028152,0.9721930496302779,0.679910906814673,0.9721551067452161,0.9705361508541517,0.9739508333772804,0.025007743675041622,0.46508140015366756,0.9228850679496866,0.8574906262423958
UCSF-PDGM-0197,0.5159157326006147,0.6255744739315076,0.6577579084102231,0.7212693935077166,0.7009485893503901,0.6902240419335224,0.25396651889149524,0.8105456642011226,0.7037105197363897,0.805771500235767,0.7202147251349386,0.6191532443332959,0.7950316721371397,0.713342682233519,0.8115463282872255,0.2732305056458617,0.7221104251927511,0.38615735074356367,0.7108411988495851,0.7229434397560048,0.6731210442760958,0.7002691147348423,0.6311392676405828,0.6979664344458293,0.4543538015408388,0.5903504579319551,0.7111296991868858,0.7064958379679803,0.7416305706613885,0.7010412231374668,0.7133696777888967,0.579205137054073,0.6802798709900306,0.7120190203118459,0.7159896648199858,0.37967570080221685,0.821040710163566,0.5548592269158253,0.7111143892788945,0.47229732665844065,0.7178804793985372,0.7534930710524801,0.7462847878266541,0.6418581667626436,0.7446742265727894,0.5042973035827472,0.7093119567946832,0.7533630784723682,0.912241640331346,0.44181767803386673,0.7143416384077382,0.6971741113859465,0.7211417373921064,0.7059804137224885,0.7742622800669753,0.8072538280929122,0.7320487637204667,0.5055296442739865,0.7055863837689892,0.6483312160408536,0.7114598243473697,0.6311850574649273,0.729493887517294,0.7163700848135444,0.7161713250563256,0.7403643700055476,0.6975680513500956,0.6760530377078554,0.8601661934416617,0.7041142036769079,0.8583133644875603,0.8416845240327242,0.715549518774629,0.7122863039665959,0.6224403006714204,1.0,0.2740623026276705,0.6999176175422546,0.8391906730117465,0.858965690105364,0.7012127982658285,0.34471060680835336,0.7173902037427528,0.7175998479743867,0.7129758774983086,0.7172157885727387,0.7174665304520919,0.7178367757359077,0.7177306031801453,0.7178779448165209,0.692787599372723,0.7128264163788999,0.7035129353763399,0.6929592622880018,0.7152590074745875,0.7128769835528015,0.8471092025065601,0.7136866602507392,0.8097010764183803,0.7134177175799877,0.7179407168439566,0.8466105097103321,0.713262457342921,0.712667267082532,0.6991014497781927,0.8473810014543726,0.7123060549218397,0.7171082837560416,0.7132705309233948,0.7132751897128594,0.716829758255048,0.846850161037908,0.843612092519055,0.7130639658571433,0.8432452542466011,0.7179330986641453,0.9145144174780003,0.7130877999211148,0.7015928401893144,0.7234740515251543,0.7151829655564038,0.7102095384296799,0.7175419894142928,0.7118425005767309,0.665710643604301,0.7102873162608841,0.7178269668567688,0.7178220592736416,0.6963723767146839,0.7003100456891462,0.5035919095011214,0.7172940965425866,0.7048154974043714,0.6855968501078348,0.6997066919232795,0.7440384063697468,0.6370361831591521,0.6809502096363612,0.4571632600522246,0.5414474212540105,0.7856271536397037,0.5750796692263871,0.6745087479642695,0.714009834115165,0.6095083324000914,0.19615274905500205,0.8466825959435085,0.7134930831367687,0.43302395512152403,0.7181995271339094,0.7354017883098328,0.7256693694699436,0.6102476092529624,0.7012441991807865,0.7877650558147502,0.6955831178231431,0.8636135456569887,0.711186602140129,0.7125294677577506,0.8413591344530327,0.7305736426353518,0.7169024222496523,0.5876213327401568,0.7897030524029777,0.24386807750930603,0.29302299448190827,0.7323544762192487,0.7019574566546473,0.7006985382620483,0.7204134057291898,0.7300052357759933,0.750676979300575,0.6561159947378911,0.7052296639170745,0.7097095804692023,0.6760951679936852,0.7069094342656266,0.39736762826332567,0.827970522628661,0.7208943430150092,0.7285653854713111,0.7245333756820485,0.8469699365577651,0.7177239806198712,0.7177840503928103,0.7093568691076014,0.8446124088928313,0.7112560948145435,0.7174817984041979,0.714942493469149,0.7116151303129788,0.7038323829695275,0.6731505224460854,0.7179203858962341,0.6012690127815078,0.717586666397518,0.7155106156563862,0.7106564082081848,0.20267889518152066,0.33101253764136396,0.7117509575986508,0.7173190524410186
UCSF-PDGM-0198,0.42709520755787467,0.6921193871650987,0.15223766928646335,0.38356283468539965,0.307408092556717,0.4708467270296064,0.9190471422841677,0.27446344049641025,0.6933576283963128,0.4456399912074273,0.6654124263459775,0.7645465756284537,0.45698009523879163,0.6423132860316062,0.40131438941735836,-0.22385521542635362,0.3716875078517935,0.8501952054703346,0.39753737591085325,0.37503923428581054,0.08520502306864855,0.651641921211157,0.8576412724594236,0.31006199026421105,0.8755334231948051,0.3626213284501972,0.7153580425352765,0.31009083506381613,0.6760777254803264,0.7658888330738791,0.38009347372605645,0.281665790676071,0.4719857952397116,0.718969773278223,0.4248718470606891,0.8752654946839218,0.4090926773818761,0.05918924016987779,0.3157455566583752,0.8090280980621873,0.3821285725127469,0.6675249581718721,0.42198105575513495,0.7719528489087935,0.35329299975138323,0.8795284052725201,0.3797356553429425,0.5589856739940768,0.48789962765063316,0.2553184442398401,0.7559053850962084,0.31440794906670144,0.4055597674668154,0.7131095822608432,0.34844884533579196,0.40388431780999146,0.45884582148571756,0.2703097655715175,0.628654923840957,0.38120363088890186,0.5046114523628136,0.25083664260452326,0.596532599573896,0.36425207571411455,0.4262707028895078,0.638409747156691,0.7726271462733066,0.7030257151590477,0.49383549498746415,0.6676192233188443,0.4208746025047521,0.3905570842542053,0.6358060249461314,0.3161465501937491,0.7391173889316339,0.2740623026276705,1.0,0.6960240732278724,0.4889553897958879,0.45237100333791386,0.3200321320601484,0.38573997162589724,0.6618257206286277,0.6620381295477392,0.6607295765354086,0.6616493720302451,0.6619029964740797,0.6669595684433666,0.6621708688659086,0.6623207010904076,0.298727229383189,0.48818541136907395,0.34811784754398145,0.2994022410208966,0.6596887743837881,0.6606303973891733,0.4835254554890754,0.4893044531423492,0.36368174684108845,0.6658156026929736,0.6623846200479182,0.488417764577321,0.6610174626907473,0.6604203393309824,0.3269747903425077,0.4839985960340318,0.6647101720969806,0.6615408318681163,0.6610255838796075,0.6610302704200487,0.6612601442582782,0.48881745651327607,0.4909356581360434,0.660817988872147,0.4960461340046391,0.6670566595896572,0.4036414680268607,0.6608419221911332,0.32031278107586947,0.6017758992697512,0.3753490174928299,0.4566986224734653,0.6619794579467917,0.6642513672726992,0.7781960207075319,0.34505809594782716,0.6622688299418631,0.6622638381521819,0.29962644329888627,0.3320815691457354,0.4439886523390834,0.6664142863749337,0.7477537262949434,0.7514851371367584,0.3152514800861125,0.6676173730842273,0.3880847249255151,0.80413480577301,0.3975838018052637,0.8741326791524827,0.4475090269649269,0.8231639131904781,0.11689782848236027,0.46471304402617614,0.7523540437993571,0.7803995632244699,0.4885365299189327,0.661249696294627,0.928693772393228,0.4507952649009795,0.34318304695193835,0.3866063913892587,0.639338919096463,0.42910634138685183,0.49054775353688435,0.3103957334751218,0.5224087752087553,0.4121353836841353,0.49949509513478946,0.4907687134252866,0.3378676960712804,0.37111773869686093,0.803825198456418,0.573908813498159,0.5840294360959623,0.8532531795706735,0.398933304884152,0.3447673900947284,0.32978465746686464,0.36887704976795826,0.3909990901517787,0.3190643904586123,0.6750878019907995,0.606166761446376,0.37851536731825547,0.7016717871357939,0.42564080671556226,0.7573426563403393,0.5521535861139738,0.5485849499329339,0.4916164333991698,0.49141319820024065,0.4890227826193778,0.6621641408059691,0.6669064642061252,0.6618064815381133,0.48546606481211685,0.6636724460398424,0.6619184620616488,0.6593740844375576,0.6640267147778404,0.3062844572888435,0.632630773252738,0.6623639118607672,0.2192358873332047,0.6620247593019103,0.6646380698644826,0.6630819017687241,0.05636997559516904,0.7996472281003674,0.5275834957339269,0.4883112330485747
UCSF-PDGM-0201,0.6547535311242786,0.9730742666680146,0.6006309720782602,0.9014236726069659,0.8535504320644693,0.882537074213991,0.6384218931280345,0.7308665408797739,0.9989797411036202,0.9051433271923667,0.990017287299551,0.9788403118283286,0.7936002001645165,0.9903271569743063,0.905576009573962,-0.23126935154258374,0.8936280752491391,0.7861200302947492,0.9052716659806114,0.8976759194884991,0.40039676114503736,0.9894958515432016,0.9181328078593417,0.8550068397360064,0.898431367449511,0.7707326216925211,0.9901441565358227,0.8548183872732869,0.9460350407985325,0.9475833199354623,0.8960539923990375,0.6483057143633465,0.9077560837388219,0.9906110931673193,0.9190321823161213,0.827828803795449,0.9043614555581689,0.42344114422094836,0.8590579066721333,0.8813837979351425,0.8958189476854953,0.9865372296621633,0.8805103709002953,0.9867056304425632,0.8832330166265676,0.7971240246132856,0.8920806548325994,0.9687769592544208,0.8588211931782892,0.5510653768959656,0.9702372552707433,0.8561195686022988,0.9104991974637937,0.9974002499766456,0.8475392355446415,0.9002022859548254,0.9368044461516268,0.5033468686112373,0.9921459831834125,0.8477376843952871,0.9529270322677684,0.2907899914534069,0.9811633496795696,0.8372358423554194,0.9216333871713982,0.9884675250869589,0.9792694037072265,0.9759386201094283,0.827545781853533,0.9506878484590895,0.9058787982327816,0.5920754163302677,0.9840055656230479,0.8594254684151013,0.9795501567498259,0.6999176175422546,0.6960240732278724,1.0,0.896393493893561,0.8941072461867758,0.8111233544355106,0.44955480453650987,0.9867346265427986,0.9866399761003568,0.9880026573931174,0.9868059811473426,0.9867013238795045,0.9868451080393503,0.9865757066298589,0.9864981490727196,0.8453962051665969,0.9005237241706884,0.8769156127174594,0.8458466431987345,0.9872462377729238,0.9880376147206467,0.899869028693826,0.9003058500875635,0.8917636999218435,0.9881690892688368,0.9864633765523197,0.9004882164936043,0.9878903988337323,0.9881057352743063,0.8637818547416669,0.8997665598541108,0.988533918876893,0.9868468105107246,0.9878869894863085,0.9878850157815482,0.9869421053389499,0.9004154784463253,0.9021082275551642,0.9879699225492878,0.902679722424317,0.9867939353720652,0.8565270493405771,0.9879608006751133,0.8628234037191082,0.9481127259738039,0.8958080630477979,0.9350520843051865,0.9866671065421825,0.9886257570407653,0.9858347982642449,0.8792244884949758,0.9865256173709177,0.98652822584011,0.8466742208370037,0.8674939617688452,0.2140040476748686,0.9870917098880314,0.9002714990028903,0.9957115817825966,0.858573476849933,0.9757763651963568,0.734569816872401,0.9622308529448379,0.6050142995364106,0.9354770910509139,0.6981150838911555,0.9629109756821658,0.5844077759263647,0.9358824411660163,0.9702018751705984,0.6384749409264642,0.9004681675340643,0.9877873492830005,0.7997121725880688,0.9075486671466338,0.8776104152222357,0.899384829707186,0.6754564100517079,0.7938175592771274,0.9071993041128007,0.8532890285447382,0.8034251074512783,0.9110630149770851,0.9514723399401678,0.8942703737952167,0.8735265357288439,0.8964378011567105,0.9666097715939902,0.9486447205184902,0.38228401205187273,0.5408442028373747,0.9077146348655635,0.8743593880285749,0.8660826209537881,0.8929783931388916,0.9043855124336093,0.8697170641528071,0.9285136042028475,0.8966539041513597,0.8856900823896542,0.991963803544346,0.9226456549255647,0.6922533533326898,0.6485073326587891,0.9703027529282897,0.9505168167252561,0.9436512206297587,0.9003721519027971,0.9865790627094709,0.9868721130863101,0.9886899124261798,0.9006175074866533,0.9887005498184811,0.9866945054820082,0.987268242424732,0.9886599218209444,0.8524399305969083,0.9561408275073089,0.9864747550726984,0.7244698605901175,0.9866462263777321,0.9875197811264059,0.9887353154570736,-0.021675803473907594,0.4749293467110897,0.9618700218057135,0.8986749768075007
UCSF-PDGM-0202,0.6275307084388956,0.8595867114601465,0.5801030211928888,0.9249175466997457,0.8878366756671241,0.8658020810490695,0.3988986226109032,0.6963556207106897,0.9042801607026414,0.9913384135147676,0.9167136677205153,0.8543246599830667,0.9334971953539399,0.923322052365209,0.9669836329863069,0.055836867910457375,0.910221960784124,0.5494628888841698,0.9273628517095049,0.9209697886917494,0.35717248817854974,0.916436551461697,0.7782264183833515,0.8897218661871752,0.7117522431981459,0.7809132770979563,0.8997901340427298,0.8946283163660987,0.8696199975068817,0.8218329860782402,0.9087681812575511,0.6723621447795757,0.913257999655657,0.881982446118126,0.9196438051291131,0.6131095293956514,0.9722627081163412,0.3995986844755981,0.9002777867582005,0.7015133631331733,0.9259590225682088,0.8813341965555084,0.8627380558056458,0.8520930594723698,0.9332331912274062,0.564626012264219,0.9224384549225265,0.9234089636799863,0.9477069972293224,0.5725311531731005,0.8655323583933203,0.8870190919893904,0.914564781006005,0.880332648017294,0.8577814092925264,0.9777618434936114,0.9242526529582987,0.42155742194265955,0.9215418669250955,0.8518950519489855,0.930091345372177,0.4985521531107799,0.9220342585065133,0.8244726379810932,0.9198010414735228,0.9192375332406559,0.8360411838496167,0.8357204654291212,0.9771070147330234,0.8818455764675358,0.9796412996195188,0.6908750020034778,0.909400659298213,0.900699826780478,0.8442985007779504,0.8391906730117465,0.4889553897958879,0.896393493893561,1.0,0.9958809416620251,0.8282210395656483,0.4674464905629389,0.9036127726767829,0.9036188327248191,0.899580272255595,0.9036027524535919,0.9036157586735117,0.9038630119982907,0.9036190852868764,0.9036159104978733,0.8806735049022268,0.8998275403491566,0.8993186197723221,0.8809574124355558,0.9032476404551966,0.8995703347477395,0.9811243448451485,0.8998848996490642,0.9415583919261398,0.8998782216619491,0.9036133921306941,0.9811797810023465,0.8996017536397348,0.8995452479069254,0.8918477781747112,0.9810865383573282,0.8997478039229896,0.9035944531799068,0.8996021940493492,0.8996024439304972,0.9035658871344655,0.9811625288058287,0.9827660981887816,0.899588057598461,0.9828022448226502,0.903860614618455,0.9792520934726511,0.8995899872721476,0.8964737247305012,0.8574591771482128,0.9242108888692769,0.9252813273881347,0.9036178395251291,0.8996531607298445,0.840053635244705,0.9110565017128486,0.9036174363894653,0.9036175591227674,0.8840380708177878,0.8937217143218908,0.37275339325237583,0.9038484245108519,0.7834004060626583,0.8738900457182495,0.8931009093982483,0.8577369783475597,0.7419021013492101,0.8042949466626362,0.5815865938695942,0.7716646760517178,0.8683104778927333,0.8372429695356207,0.6280899990648589,0.9257300310798343,0.84216646607017,0.4011161696014125,0.9811762396126161,0.899610555203653,0.5637850498936964,0.9202331191067725,0.9258188427517522,0.9273003405273649,0.5031173741117249,0.8077062110949211,0.8178908682153987,0.8854476818960964,0.9493310066519137,0.9176642825480613,0.9313154453687682,0.9967527217746694,0.9210324376525475,0.9224111390306425,0.8408859894864665,0.8771664057472129,0.1578870808698899,0.30784607043380996,0.9227389794742934,0.8979377989258531,0.8928176598369101,0.9041519815404672,0.9114556502228586,0.8812946821213589,0.7706260266794001,0.7633888530868639,0.9012404324991401,0.9001183876381541,0.9092132017699335,0.4242376321725269,0.8055107522991642,0.931595711023643,0.9285561379806058,0.9295889284559784,0.9811476283046076,0.9036191404809837,0.9038636466256423,0.8988596850179754,0.9808939990579387,0.8995058010613398,0.9036162503995832,0.9031570522924222,0.8995994730413105,0.8918365410735761,0.8744465541052875,0.9036142860732886,0.6930261856719148,0.903618653137749,0.9035428892394729,0.8993272451266664,0.19862888920130092,0.2922238282892987,0.9325586882346453,0.9038500636242985
UCSF-PDGM-0210,0.6195187454927591,0.8520442116975094,0.6084123849966345,0.9364870364053198,0.9058983387530966,0.8642017528065657,0.37231693868525095,0.7303754877251298,0.9033149019874843,0.991825445036941,0.9207634157039515,0.8435094629520988,0.9111299141538584,0.9262767347063714,0.9754100194138353,0.05226376388083221,0.9222010493321527,0.5289453491095967,0.936544084842468,0.9334291941544146,0.39805260457207126,0.9179676116725783,0.7761110499251382,0.9072914840725518,0.6808916716385051,0.7846838779155644,0.9016087074484869,0.9117151191408603,0.8825478288775783,0.8287075820898413,0.9242663908743433,0.6900573113292131,0.9114706146648025,0.8826844859572935,0.9329119712457179,0.5819959105571385,0.9796279639916018,0.43625050283671135,0.9166921900560111,0.6813056273235675,0.938541803823042,0.8867872185140491,0.8713935632330443,0.8428467539151137,0.9454931021579563,0.5465422193455913,0.9343754681537036,0.935068331034848,0.9449251507034313,0.5777334775750946,0.8691734518412303,0.9049311250432531,0.9292916148420601,0.8779857445060033,0.878438299661358,0.9854280750781395,0.9370599485836244,0.42605293321354937,0.9226629232244694,0.8557253049459752,0.9385473888264845,0.4831534304334822,0.9293607655470111,0.8353516309936018,0.9326624176361551,0.9253046068054982,0.8326483181229735,0.8351146564572683,0.970063279124541,0.8941834224433188,0.9883055144376353,0.689018951745737,0.9152994656794159,0.9171483375839978,0.8342279927847208,0.858965690105364,0.45237100333791386,0.8941072461867758,0.9958809416620251,1.0,0.8449839774196303,0.46120054246367514,0.9062647191340862,0.9062558653580745,0.9009135776224549,0.9062668038490175,0.9062623227562275,0.9062019995466661,0.9062466016845279,0.9062324931561948,0.8991900306782243,0.9008961137957557,0.9158471052536369,0.8994477509430557,0.9060327405339188,0.9009100200846668,0.9738053928594229,0.9008967404501382,0.9562169033098075,0.9009084339781539,0.9062252457918962,0.9736190761716358,0.900916152581546,0.900898233319302,0.9092286728449844,0.9737488141592118,0.9008481541955862,0.9062658366326404,0.9009160509367445,0.9009159877869525,0.906255837061318,0.9735861641811643,0.9739370313661202,0.9009156191399766,0.9737258479331425,0.9061924903800046,0.9891800044779822,0.9009159845997649,0.9132514828861091,0.8723133885954912,0.9366497627217198,0.93589012030648,0.906259029448622,0.900780486846933,0.8319056634399896,0.9261268443715128,0.906237827948196,0.9062383158902086,0.9021983878708396,0.91080181610458,0.33924384063721574,0.906225792834218,0.7948991518488457,0.8695066856794569,0.9103434920087095,0.8628165520284402,0.7511530786417766,0.7989751775009257,0.5731598898697409,0.7504345316747619,0.8556464876857274,0.8197290818542219,0.6696307938937203,0.9367174359628395,0.8322887330749331,0.3653140546300593,0.9736108999013747,0.9009092540674232,0.5371212873242025,0.925718146450657,0.9392443889090784,0.9400177584022136,0.5224234118699387,0.8205911413793895,0.83699362433846,0.9034623114820599,0.9395716165059778,0.9315529014124435,0.9403996866779019,0.9919237263546001,0.935053293516582,0.9349417352815361,0.8254438195148806,0.892997352444821,0.16255532154761984,0.2920861344975673,0.9331761245556016,0.9144868314701954,0.910067563534828,0.9207868668336857,0.927810278047247,0.9002972414098444,0.7750564107898862,0.7807221689706798,0.9120425511960317,0.8972791796662909,0.9216346836473146,0.4061091715957183,0.7853675167655545,0.9386917776324349,0.9392009878889428,0.9415918225239965,0.9735631493404753,0.9062471429961891,0.9062064863461972,0.9001155257795458,0.9734441688177731,0.9006656933042994,0.906261731403453,0.9059597166133437,0.9007396207524889,0.9091977183909644,0.8818298046636509,0.9062276761480315,0.7305737242222459,0.9062566357410959,0.9060309280816595,0.9005188694968408,0.1879800464079952,0.289498461044968,0.9401926135497264,0.9062257250855061
UCSF-PDGM-0214,0.8002606856577128,0.7845619708422911,0.8765962216777713,0.913526174846436,0.8302831428826196,0.929600878967729,0.2152831970289936,0.6731174417764242,0.8154062794950157,0.8506946051350387,0.8222542892516245,0.7642268626215889,0.6926017216081143,0.8359508033792988,0.8513437843151568,-0.16355673647336444,0.9611077236840887,0.42665010782749907,0.926280838333837,0.8983915569949023,0.37766213021317646,0.841152230903959,0.6373762554536033,0.8326747817207125,0.6030097337752937,0.9641864369965423,0.8009199322400179,0.8251409919485926,0.753815038261614,0.6998625366871247,0.8416897908327501,0.8733356078838023,0.9386424002353546,0.7792821120534326,0.8495039749140672,0.5068757439016172,0.8465143670190022,0.5370066456619889,0.8282565844502798,0.6185992063932838,0.9050307060506252,0.8007038844006965,0.9206687048454181,0.7572171231662942,0.8450535503584092,0.4627314676970824,0.8916742094791429,0.839939301071498,0.7505980027287802,0.8722474176742994,0.7590181949829853,0.8228464322383943,0.8462330603786579,0.7934516222326501,0.9563108579375058,0.858558542567309,0.8527423166972375,0.5640096150576264,0.8415052637005553,0.9731262324967433,0.8542869296140947,0.1388065265851127,0.8359121736016654,0.9731948906802061,0.850900518984546,0.8335105709205985,0.7450696679264616,0.7535714182063348,0.7514069542215388,0.8070081428514976,0.8519264673638971,0.43996628630010814,0.8199887570447996,0.8287479476970858,0.7596392304752718,0.7012127982658285,0.3200321320601484,0.8111233544355106,0.8282210395656483,0.8449839774196303,1.0,0.5822377767662195,0.8375622865393506,0.8376721799448049,0.8370233632096489,0.8374682573892132,0.8376027037998248,0.837184529517981,0.8377388767644824,0.8378122257860164,0.8170023325417546,0.9552817044641402,0.8334437773351745,0.8172594523841481,0.8362864693428376,0.8369684383973971,0.8371377807858055,0.95556953077287,0.8490795550255958,0.8366595198082512,0.8378428652900393,0.8364374489588385,0.8371786298301745,0.8368498259269617,0.8269182509062967,0.8373247271893897,0.8360308335535985,0.8374091905361536,0.8371829162579966,0.8371853874381376,0.8372524663255388,0.8366061918893137,0.8337443372196232,0.8370717186495477,0.8331361995524482,0.8372324507399791,0.8259940534827547,0.8370847079941077,0.8441769107853888,0.7685854435299342,0.9044633683334422,0.8538120733697256,0.837642206153365,0.8357473080965377,0.7484675770857404,0.8713572156436553,0.8377870715944574,0.8377846374019435,0.8186469996529211,0.8288397607950745,0.019340215265747446,0.8368999113569836,0.6519361423038748,0.7813683707204696,0.8380386030129179,0.7777526404422866,0.8546101427910201,0.7170874308718727,0.7742784367280198,0.6678190019497745,0.6921143614184936,0.7303721479060148,0.896351904618743,0.8514540086129087,0.758126179349177,0.31268895253098494,0.8364885862531095,0.8372990606920453,0.44864013002531805,0.935064118997545,0.8427453438320343,0.9215500810926396,0.38856955324367015,0.874847082486123,0.761896770538184,0.8213343814535654,0.7392797461733612,0.847993368958205,0.8584161504489802,0.8327875034704192,0.8393915675858552,0.9013266772297681,0.7441979051909654,0.7938974124937361,0.041903053352665115,0.15655725388349148,0.9383818376382482,0.83182932981894,0.8279954005987908,0.839532828188816,0.8459018052772586,0.9679590477822249,0.693427892176743,0.6859041372889702,0.9717165193843258,0.8175160019404528,0.8458134102000803,0.33731411617830365,0.5059956239071824,0.8551093630196116,0.8555399621406243,0.8512950083600689,0.8366890802831148,0.8377355342068779,0.837157945414137,0.8340752214946779,0.8349314745128572,0.8353739755432077,0.8376107334457444,0.8360779845836415,0.8356043843725051,0.8238801549562371,0.7568022600232784,0.8378329825198589,0.6743228741106068,0.8376653755969902,0.8358303710087592,0.8349774014582731,-0.04179306614751938,0.1417562280132442,0.8582750526094681,0.9565903905373575
UCSF-PDGM-0223,0.8204978440666902,0.4398431269607119,0.5865944189076432,0.5357202017509577,0.4267599121989253,0.7132207707369888,0.4472525690619189,0.43518587722327506,0.45891914199339334,0.454276671827273,0.47425910713016683,0.44678574098239293,0.45860986717914576,0.4615080080589198,0.4545482949721552,-0.1478978627010843,0.5339643819130596,0.4353548218873905,0.5460515187296252,0.5173064374766819,0.32069109107960486,0.44129235198509986,0.4924015103057829,0.42759894631590734,0.3997383100164246,0.5936803464968194,0.4797994541775091,0.4152401207961662,0.5104916983487009,0.5054608892918169,0.4280974804195745,0.8487353424082537,0.6330407465049367,0.4898267654916001,0.433757481929944,0.3985523433645899,0.4626272430540287,0.5848762782918365,0.4164173141561725,0.40537310999279674,0.525221589161936,0.47890102948254304,0.6843985734912171,0.46323362800421736,0.4283065227862569,0.40922363946076207,0.5121283031689743,0.4711992561534173,0.4979062838017242,0.6867423493198274,0.5090609113636158,0.41416704388557335,0.4340278066109557,0.45760830095572297,0.6695856196957339,0.44001601079368335,0.4438220923951553,0.7317800172323724,0.44413175364722823,0.5884882026617301,0.44113540497225284,0.4396570520236312,0.47059504436135297,0.6286577249175096,0.4319364260062431,0.4779369113609262,0.4671401095306051,0.4762613363418171,0.48558500462453835,0.4109845834696091,0.466651236047201,0.480589438705212,0.4831364604338981,0.41702666483019213,0.4428017927784997,0.34471060680835336,0.38573997162589724,0.44955480453650987,0.4674464905629389,0.46120054246367514,0.5822377767662195,1.0,0.4399269702699785,0.4403756279569676,0.43165784003085295,0.4395598826481168,0.44008934904643243,0.43961967864844814,0.4406598319087501,0.44098437936410023,0.4110689194666623,0.6339092872513692,0.4204261271743741,0.41121524277481325,0.43574259237217555,0.4314543897840729,0.4320953980421052,0.6354159527031835,0.451683013252868,0.4312996342950257,0.4411240928513046,0.43044311602901897,0.43225655515091194,0.4310279665482547,0.4165355759610185,0.4328576122835499,0.4290343770504162,0.4393362537465352,0.43227362826327576,0.43228348547217826,0.4387656360048367,0.43108688034369835,0.4384645874852704,0.43184039360060444,0.4371333268643302,0.43983242939183675,0.42152283073252755,0.4318900081630306,0.4397565727343833,0.4997318827738321,0.5131169013940278,0.4304257008045514,0.44025096262728186,0.4281402175963374,0.4445425347240745,0.473025466397416,0.4408715605542204,0.44086072960874284,0.41176610421150833,0.4170643341462398,0.35002166222897974,0.4384559766241498,0.5234122263623749,0.4555765339516997,0.4336816584413811,0.49263753273318023,0.8820442707630664,0.45760917228725395,0.7153864540099449,0.4159312909610813,0.28262292567127334,0.4335246721503242,0.6145651740997004,0.43931155749338635,0.44186777957808326,0.33180443200201615,0.43063384224002565,0.43274898158602526,0.37907510873587463,0.6446402665852344,0.4243061243859497,0.544044678383585,0.46687414092458746,0.8383692943573359,0.47322560829517724,0.4131497887498108,0.4369317695584545,0.43147018270939386,0.43828409915260996,0.45020485781849656,0.4237235260522178,0.5094434084026839,0.423179071542718,0.49496329658943883,0.4070055806864903,0.4254664285028443,0.5776870460104688,0.41965904752244465,0.41684458202577734,0.4288014726029429,0.43416320643354644,0.5403622490688074,0.4756611082549596,0.48247377927863383,0.5227984954804903,0.441556307960578,0.4396480683482174,0.3869827316750223,0.4638406155292405,0.44970054647544055,0.44731261821676976,0.4491798822679013,0.4314197350907704,0.4406453530456389,0.43950406537914843,0.4237038948013461,0.42583581404791965,0.4270437052647083,0.4401219613385142,0.43516626208664877,0.42771074050323493,0.41246351786693475,0.45349055378697994,0.4410787445632372,0.18270664289304528,0.4403471682611382,0.4349517819334048,0.42595725859868344,0.13399705297899492,0.41374854835962666,0.4401182775059746,0.6435976277080108
UCSF-PDGM-0231,0.6691384915564758,0.9740747156901347,0.6310679726022412,0.8983382083047639,0.8388277434993416,0.8742282258297167,0.5899829830908754,0.697910305506567,0.9885260046185874,0.9096180915013065,0.9839762705975891,0.9767219422647764,0.7784156182094585,0.9849067624429113,0.8976827933471158,-0.23660980031002135,0.8998226015532172,0.7606158079017558,0.9064480935730909,0.8897461776877406,0.3641739262439964,0.9937235147367109,0.9057294147900264,0.8409547972958434,0.8774237579855446,0.8058863335368947,0.9859869156971203,0.8407548221575307,0.935123133709739,0.9345786644325627,0.8847992731714687,0.6546052038057388,0.9049342416148065,0.9721305410368954,0.9098635764319982,0.810982208441669,0.897209626613804,0.38432823915193726,0.8456610497672692,0.884725951723223,0.8931462300665897,0.9681859929593057,0.8700200331531335,0.9755046869093432,0.8736890296579041,0.7543608814320442,0.8854128229136847,0.9587983968122528,0.8433354419379048,0.5947010409028862,0.9618852156743068,0.8413365801154201,0.8995237291068805,0.9788658912292418,0.8559975988334143,0.902286862159006,0.926825762650334,0.4652920260892696,0.9849407629989054,0.8685458640285869,0.9465601383454578,0.28034997279616275,0.9733643755999551,0.8532698134849157,0.9120314855876238,0.9803468804144615,0.9590654933481962,0.9639737894115601,0.8451984025041337,0.9663917048670905,0.903885604403133,0.5547487568352757,0.9796704041556511,0.8461381813102213,0.9721245258959322,0.7173902037427528,0.6618257206286277,0.9867346265427986,0.9036127726767829,0.9062647191340862,0.8375622865393506,0.4399269702699785,1.0,0.9999961719797561,0.9993460064330711,0.9999974719046977,0.9999995009763091,0.999886013873723,0.9999897371049726,0.9999785163132549,0.8297021819085467,0.9154087008478256,0.8644670134738819,0.8302019298264486,0.9996906175991567,0.9993402927420312,0.9153328411991769,0.9155490618209762,0.8811480630762335,0.9992764366535154,0.9999723981474086,0.9154461936000471,0.9993540971676823,0.999323531822834,0.8500212174458398,0.9153821261206876,0.9991898712205967,0.9999934774243382,0.9993541344188195,0.9993541509918995,0.9999750223634203,0.9155006859822276,0.9143888899456232,0.999349861757001,0.914529489219501,0.9998783801505474,0.8708882274167348,0.9993507002776105,0.8501928850239966,0.9486284931706596,0.8928351762234771,0.9267822322254112,0.9999980079270593,0.999107222841752,0.9651078674706001,0.8707093226550346,0.9999828890496428,0.9999832822811308,0.8313003228549475,0.8538282479031682,0.17329762311625613,0.9998968115180926,0.8853383138554285,0.9825830130988941,0.8452608073793055,0.9546500358708249,0.7414918517577115,0.9443325173354555,0.6415128105379987,0.9258614888811331,0.7427342891602274,0.957789781227765,0.6209544451332415,0.9277480939334288,0.9727645525387276,0.620655862518831,0.9154637279602376,0.9993507879596669,0.7599429849477802,0.9025052297128306,0.8680072313420686,0.9001223741966653,0.6400828889838776,0.7932530778864423,0.8821483659414499,0.8382693396853852,0.8292299249834288,0.9031371942256509,0.9479008795177849,0.9076225464341533,0.8632183204986207,0.8918493001277554,0.9654879816087562,0.9280812796647567,0.3453811232381384,0.48887636156081643,0.9094529852710121,0.8614251786362613,0.8520792701984347,0.8800718291721191,0.8928055583555699,0.8772019463359214,0.9205190970223823,0.8965609715845003,0.8950534701494182,0.9936256691116906,0.9166380660467215,0.6374915365828653,0.6421787017298932,0.964849012705589,0.9424222469939212,0.9387907801362597,0.9155235655977002,0.9999901410358865,0.9998894154903636,0.9983333747264918,0.9146938243448572,0.9989707186147629,0.9999992800068099,0.9996029459308544,0.9990582831300926,0.838138604283613,0.9375486704927134,0.9999744695587525,0.7486080305511817,0.9999966438270966,0.9996369616689251,0.9987989106016264,0.03804243744284412,0.4392832976852809,0.9593044613758283,0.9155394075870937
UCSF-PDGM-0232,0.6694274444001334,0.9741209592820463,0.63138491145049,0.898241500627204,0.8386691950028147,0.8743184542193043,0.5903246194747289,0.6978913331567232,0.9884640333119821,0.9095824649740892,0.9839320596777821,0.9767904110771158,0.7786291636271337,0.9848425064873166,0.8975991350784334,-0.23596637264314227,0.8997808174590184,0.7607774020406156,0.9063631961228911,0.889634527848811,0.3642394327448497,0.9937117257211345,0.905783692400482,0.8407945678150065,0.8775335544258195,0.8060033943398549,0.9860201890100486,0.8405978063221141,0.9350169294417497,0.9345559586413192,0.8846618348611366,0.6550030368697646,0.9049360528091729,0.9721290397063093,0.9097300474743469,0.8112198100602452,0.8971345962158971,0.3846870488427888,0.845501279696711,0.8848933529556101,0.8930400278449256,0.9681604082982124,0.8700476372908362,0.9755713483000273,0.8735567366200676,0.7546245790885491,0.8852873376505578,0.9586859011297575,0.8434236043868274,0.5950778726298451,0.9619522379914803,0.8411739883296939,0.8993864577236147,0.9788013097884616,0.856075390914539,0.9021900250805462,0.9267033683110483,0.46559527544346824,0.9848463678758695,0.8685714909882146,0.9464453893958086,0.2808250992371042,0.973277576766733,0.8533914184336233,0.9118938426021206,0.9803248385948925,0.9591023266774993,0.9640177724784501,0.8452094447964014,0.9663608773004352,0.9038392271650187,0.555033930492895,0.9796127375448637,0.8459836707816366,0.9721569488777697,0.7175998479743867,0.6620381295477392,0.9866399761003568,0.9036188327248191,0.9062558653580745,0.8376721799448049,0.4403756279569676,0.9999961719797561,1.0,0.999331475298322,0.9999874221357823,0.999998437207355,0.9998963510588081,0.9999984448797777,0.9999928255136094,0.8295360503414817,0.9154178832002495,0.8643163750988245,0.8300361878481883,0.999617968190692,0.9993223657441338,0.9153575664760114,0.9155885901005582,0.8810620346525792,0.9992743286248329,0.9999891283251534,0.9154615475509441,0.9993496232027269,0.9992985222316046,0.8498646813885439,0.9154197420505613,0.9991501524246791,0.9999796557465673,0.999349948661476,0.9993501316681039,0.999951638005441,0.9155268111764141,0.9144357448659868,0.9993383869896778,0.9145727050615303,0.999892387836059,0.8708802580401219,0.99934005770286,0.85004041058016,0.9486066000894793,0.8927321989651719,0.9266286182478816,0.9999997028387945,0.9990530113765806,0.9650444721560032,0.8705817806970763,0.999995247555736,0.9999954537134764,0.8311352987003356,0.8536721926432265,0.1737961335653708,0.999887302696408,0.8854416948263631,0.9825221047671677,0.8451022029841995,0.9547193572905573,0.7416980419524193,0.9444291531917197,0.6417775285871147,0.9259886778085932,0.7429584811503358,0.9578662179933416,0.621220005081635,0.9276186388361511,0.9728407725781862,0.6209022887114468,0.9154822617116294,0.9993546585986335,0.7600777188214917,0.9024766973683911,0.8678733675514027,0.9000303713935428,0.640287581593914,0.7934238753633113,0.8821507547169767,0.8381061618434117,0.8293885707563842,0.9030088365691437,0.9478054485497743,0.9076333581226331,0.8630789252107859,0.8917338003519768,0.9655561164537396,0.9280653457084587,0.3458461750294786,0.48926407133094835,0.9093880370223495,0.8612733599230274,0.8519202651021679,0.8799181563368005,0.8926681477593866,0.8771854039831148,0.9205928893517065,0.8966492798239001,0.8950186062834281,0.9936353820350928,0.9165309366098195,0.6377622750355333,0.6424508869282328,0.9647733750603892,0.942326268038932,0.9386673133223755,0.9155553032973325,0.9999985996405306,0.9998977636161761,0.9982099101899723,0.9146350532505079,0.9988989909212829,0.9999987723159561,0.9995211546600719,0.9989971780008857,0.8379786607397275,0.9375288027510184,0.9999904132938652,0.7487013552302691,0.9999999844881028,0.9995698719040909,0.9987100939187918,0.038447203288194766,0.4396209538886517,0.9592114242216885,0.9155628267542464
UCSF-PDGM-0233,0.6745888061991842,0.9767516509756103,0.6357528633780588,0.8953186490343593,0.8333069562901527,0.87720548344146,0.5875543403618604,0.6939899719972852,0.9882695884002334,0.9057711365004064,0.9805625420864378,0.9784759905024172,0.7763482717062469,0.9825183268396178,0.8939892969258773,-0.24831395381275773,0.8989182685449568,0.7644295943549844,0.9042730480536745,0.8864001822430829,0.36102973261892296,0.9927828130598917,0.8994029800924045,0.8354966600330768,0.8844885032843778,0.8085916685032648,0.9828063436611738,0.8352606525990338,0.9263643455049402,0.9286028620982222,0.8798763363778066,0.6483615740277503,0.9054554404526496,0.9704578460966155,0.9054351731710315,0.8181141137101039,0.8932121540272192,0.3807272407779209,0.8403134477920028,0.8901166288785876,0.8887836860039432,0.9679059655050873,0.8718486089062945,0.9773747648234068,0.8691732349902554,0.7606842621402385,0.8808913699374356,0.9544704453272057,0.8414941716895747,0.5946528173002098,0.9564577888931649,0.8357487146113081,0.8949247908802511,0.9806246139936288,0.8534990777367578,0.8975940252732332,0.9228341217563326,0.47371188910786777,0.9846159494150089,0.871764659621643,0.9432463981820909,0.27301161650350525,0.970170099405703,0.857421746432037,0.9080554954963255,0.9772570612240684,0.9607283217057755,0.9659641540362034,0.8383783734373226,0.9583624795436954,0.8997099014585648,0.5517967182423738,0.9761911323579627,0.8407860160536872,0.975763217032729,0.7129758774983086,0.6607295765354086,0.9880026573931174,0.899580272255595,0.9009135776224549,0.8370233632096489,0.43165784003085295,0.9993460064330711,0.999331475298322,1.0,0.999352180035988,0.9993416424146736,0.9991937266296622,0.9993182211799317,0.9992991751690644,0.8239008154243459,0.916579867287655,0.8591855102865208,0.8244070141723613,0.9991330627411521,0.9999992468323584,0.9165046032514429,0.9166750639558847,0.8767881650855526,0.9998902071695466,0.999289675722203,0.9166081863366503,0.9999933940841245,0.9999928287782318,0.844509866005443,0.9165346741547491,0.9998585283029053,0.9993534625466238,0.9999930100511589,0.9999927833388216,0.9993483913958827,0.9166466537602675,0.9155812525744844,0.9999993899055588,0.915703284989078,0.9991809688752126,0.8644372791789475,0.9999990124412357,0.845011036523528,0.9435208547081301,0.8890503219144827,0.9233298128656993,0.9993362928156382,0.9997969994046448,0.9685819622185584,0.865995078748722,0.9993062727283052,0.9993069272905539,0.8255750598128048,0.8484839596810433,0.16763412275656261,0.9992322500290374,0.8763797615975141,0.983594223481931,0.8398574498177426,0.9549102696837113,0.738156348308657,0.9467729944973741,0.6490005822445413,0.929618922605042,0.7399466029859205,0.9588936306107508,0.6126525667668253,0.9236525263087763,0.9748581226591436,0.6302746774566268,0.9166209918101313,0.9999778844708354,0.7670495094020197,0.9002086171309652,0.863259176876248,0.8962471446268543,0.6338662766136247,0.7872161669886011,0.8816821951618442,0.832629758880215,0.8246274569335835,0.8982512644779244,0.9444972694512872,0.9049393115232897,0.8582359908241025,0.8884727551835547,0.9674395362595216,0.923894146683118,0.3401707596566698,0.4849243136461601,0.9080477599246636,0.8560948611345731,0.8466996048134707,0.8753719997883754,0.8880096823511112,0.8764867547705855,0.9220641140585133,0.8939422746035043,0.8946811003832448,0.9935896059604351,0.913491471407217,0.6482363608456447,0.6373388726560466,0.9621469638358273,0.9389129370253988,0.933673304380369,0.916661176211484,0.9993189732655656,0.9991999054782766,0.9991238389438668,0.9159656084466439,0.9996859983721258,0.9993406440125475,0.9990582321802576,0.999758099619914,0.8326254828373973,0.9344511415165107,0.999292845470746,0.7422445075466451,0.9993326283215194,0.9990530407161169,0.9995390478940464,0.028249098953827965,0.4280217858033195,0.9563189236487492,0.9154042288554614
UCSF-PDGM-0234,0.6688998974118749,0.9740316425096034,0.6308068499847512,0.8984117332110022,0.8389518596439887,0.8741499709246969,0.5897020214115674,0.6979217881045517,0.988570792042149,0.9096419144939762,0.9840066504923223,0.9766607925729703,0.7782376885741622,0.9849534269218555,0.897745717195481,-0.23713135504146282,0.8998514838008157,0.7604801974495926,0.9065119750293575,0.8898318939653215,0.3641186380553143,0.993727491629742,0.9056801980687924,0.8410802675175063,0.8773295828572296,0.805786658337975,0.9859543157918434,0.8408776819005596,0.9352041687010562,0.9345918464868352,0.8849059746454687,0.6542782088379014,0.9049276668201804,0.9721262792855431,0.9099669595880037,0.8107845456128364,0.8972655415909139,0.38403448106823734,0.845786120105366,0.88458492221436,0.8932275001018751,0.9682013250495434,0.8699926943039551,0.9754450129038251,0.8737916124168735,0.7541423306413338,0.885509807145196,0.9588844110903225,0.8432590401473743,0.5943914507140333,0.9618253251576154,0.841463967938733,0.8996302118947418,0.9789128542818583,0.855929553241113,0.9023604699580072,0.9269200014799157,0.4650429632054961,0.9850119202307293,0.8685201402689551,0.9466480527785612,0.27996227488542724,0.9734294248976227,0.8531661782386399,0.912138199831367,0.9803592647983638,0.9590301521636223,0.9639326102318778,0.8451846627997699,0.9664113077834058,0.9039181964113083,0.554513878931595,0.9797117432546979,0.8462589747298871,0.9720926951918413,0.7172157885727387,0.6616493720302451,0.9868059811473426,0.9036027524535919,0.9062668038490175,0.8374682573892132,0.4395598826481168,0.9999974719046977,0.9999874221357823,0.999352180035988,1.0,0.9999947264828923,0.9998719749024904,0.9999770217080427,0.9999612489160433,0.8298325119824372,0.9153960767306881,0.8645845567870669,0.8303319404784016,0.9997440197492291,0.9993492260648116,0.9153075863716947,0.9155117759420519,0.8812130062975959,0.999272514867246,0.9999531633492917,0.9154285538502814,0.9993520976490888,0.9993382209918927,0.8501436350385821,0.91534639527632,0.9992165147494609,0.9999990708277224,0.9993519006847513,0.9993517820035812,0.9999883870940524,0.9154742925491705,0.9143456565291255,0.9993535515456773,0.9144892123494573,0.999861358347542,0.8708897929015631,0.9993537137705951,0.8503120009313397,0.9486409355399472,0.8929138272088445,0.9269018423022201,0.9999909915681467,0.9991456444727288,0.9651539441852189,0.870808061196248,0.9999672068821303,0.999967752139055,0.8314297439653553,0.8539502533025842,0.17289152558568485,0.9998989005739642,0.8852493077027881,0.9826269701959828,0.8453849326746607,0.9545883177607629,0.7413201076422165,0.944248660011465,0.6412940668614404,0.9257529064066069,0.742547908670457,0.957722263044267,0.6207351332056739,0.9278480655690233,0.972697126037785,0.6204521015439128,0.9154435040097779,0.9993420071204007,0.7598292065962149,0.9025233276447273,0.868111122631125,0.9001920655711494,0.6399129337411227,0.7931098041937857,0.8821414502578899,0.8383972210702257,0.8290963236414118,0.9032364127936343,0.9479730874082407,0.907608642124111,0.8633267340276963,0.891938133241783,0.9654271666674868,0.9280889951473044,0.34500124589907405,0.4885585279470829,0.9095006378323348,0.8615436983178272,0.8522036826790658,0.8801917504794429,0.8929121921600593,0.8772104431465257,0.9204539380393892,0.8964841511779245,0.8950767554861954,0.9936121727559294,0.9167199571242399,0.6372679230312948,0.6419538860328103,0.9649050397520927,0.9424949311062639,0.9388858230542855,0.9154926109678629,0.9999776281277053,0.9998769929320783,0.9984280800342649,0.9147364274169655,0.9990233757819403,0.99999405361131,0.9996637778159378,0.9991023072532152,0.8382638580157474,0.9375595294252391,0.9999558738606974,0.748527967780347,0.999988290038609,0.9996858460125685,0.9988654563033817,0.03771328525508537,0.4390064203384649,0.9593746596010536,0.9155152130199966
UCSF-PDGM-0235,0.6692434104562535,0.9740922723970952,0.6311829623795566,0.8983040848024464,0.8387712394822174,0.8742615753100776,0.5901068537641923,0.6979040717645633,0.9885045025153414,0.9096060316387434,0.9839611769598061,0.9767475258451016,0.7784934073548041,0.9848844322586714,0.897653380825387,-0.23637769623495677,0.8998083098174845,0.760674824038884,0.9064182413788666,0.8897066516498957,0.3641978993224128,0.9937201358099728,0.9057498118666867,0.8408976882286856,0.877464175438029,0.8059293106517081,0.9859997999346748,0.8406988732177688,0.9350856138971791,0.9345712917141153,0.8847504316984413,0.6547494216613492,0.9049356947070181,0.9721308574654215,0.909816168586198,0.8110687119676439,0.8971833288134522,0.38445812872582497,0.8456041107287765,0.8847871741448792,0.8931086739229099,0.9681776104881415,0.8700307680936493,0.9755296168353784,0.8736420361017384,0.7544567570706235,0.885368297694584,0.9587586263582972,0.8433680182177271,0.5948376232110046,0.9619102638873911,0.8412786184625072,0.8994749609069905,0.9788434381921063,0.8560264420180623,0.902252695422867,0.9267823899978587,0.46540192680365405,0.9849075509358912,0.8685558837964615,0.9465195435296049,0.280521767335822,0.9733338959951585,0.8533144731325597,0.9119825942643891,0.9803397878446432,0.9590796391744386,0.9639905210236164,0.8452031357810443,0.9663814278320809,0.9038696578760933,0.5548522102215796,0.9796504484656114,0.8460831416790542,0.9721370908749375,0.7174665304520919,0.6619029964740797,0.9867013238795045,0.9036157586735117,0.9062623227562275,0.8376027037998248,0.44008934904643243,0.9999995009763091,0.999998437207355,0.9993416424146736,0.9999947264828923,1.0,0.9998906291730797,0.9999937641885662,0.9999845658118156,0.8296429319241287,0.9154128245864044,0.8644133880908684,0.8301428209464972,0.9996652699692088,0.9993347026239006,0.9153425767273704,0.9155641422440184,0.8811177801954007,0.999276558003064,0.9999793217474978,0.9154525456606182,0.9993533643517738,0.9993153844814169,0.849965449915741,0.9153965159321421,0.9991764129235344,0.9999893701309892,0.999353505661855,0.9993535823266789,0.9999674623965588,0.9155109271063483,0.9144066146672449,0.9993466012599357,0.9145459001564459,0.999884320697119,0.8708861191149354,0.9993477402488979,0.8501385841129222,0.9486214262930147,0.8927987841955022,0.9267275875158886,0.9999995029859589,0.9990885318153795,0.9650858305409535,0.8706640418704684,0.9999882342433914,0.9999885599312421,0.831241474119087,0.8537726573295471,0.17347776603974385,0.999894261319306,0.8853764219575128,0.9825618895401779,0.8452042888607602,0.9546759077978624,0.7415669526526605,0.9443682421755403,0.6416089549382857,0.9259082287603664,0.742815890797604,0.9578182249614791,0.6210508753506316,0.9277021727707498,0.9727929312465841,0.6207453841269219,0.9154712281203954,0.9993530680050443,0.7599923024472758,0.9024957249617902,0.8679596656395137,0.9000899509902176,0.6401573596131871,0.7933154457604402,0.8821500074501618,0.8382111637250153,0.8292879371905377,0.9030916475659002,0.9478672607473051,0.9076272515773127,0.8631687533901033,0.8918083859067422,0.9655134346876163,0.9280763462159402,0.3455493377005209,0.4890167779908755,0.9094303384971241,0.8613711243995336,0.8520226130259854,0.8800171219615476,0.8927567339592648,0.8771967482905426,0.9205465530542616,0.8965936475064191,0.8950416727877304,0.9936300534894698,0.9166001958727101,0.6375898511310921,0.6422775427726929,0.9648225553879184,0.9423884255315897,0.9387470308274024,0.9155358331673585,0.9999940781556078,0.9998933126321563,0.9982896788221717,0.9146734124940218,0.9989457031392314,0.9999999798053002,0.9995742975048353,0.9990371030659567,0.8380815959685416,0.9375423250901708,0.9999811092113212,0.748642387027898,0.9999987330914334,0.9996136213308826,0.9987677249026851,0.03818861392768109,0.439405598209547,0.9592717169752892,0.9155486717197686
UCSF-PDGM-0236,0.6681228130864656,0.9723265823536603,0.6299498043002143,0.8962935941946197,0.8360894255030714,0.8733994272909598,0.5914245357152718,0.6961349920700084,0.9886625367991764,0.9088123034510956,0.9839618963429737,0.9765042926378384,0.7775516883895756,0.9845823200668445,0.8963332590098977,-0.23568596492124913,0.898478661351406,0.7590745994286751,0.9045432565222764,0.8877012370873434,0.3630046794522955,0.9934586145046711,0.9082784820744523,0.8382374043421539,0.8784002500535618,0.8055238314725536,0.9864123441508691,0.8380471295670148,0.935577940371586,0.9353588185149829,0.8824171952301446,0.6546346339293044,0.9040905968532302,0.9724826264914705,0.9077684401872618,0.8106478474238896,0.8959243233716953,0.3850360907769294,0.8430091824885154,0.8833995195916898,0.8912909543458011,0.96818162865153,0.8688080745269989,0.9754913249113784,0.8715045760982543,0.7579953471483184,0.8835420707447564,0.957841456040043,0.8444144008194661,0.5939892807937601,0.9628560850627308,0.838561382005939,0.8972903224761165,0.9792460412414833,0.8546194171347083,0.9010836871543283,0.925016102378987,0.464145351615457,0.9844163072925902,0.8670791843148159,0.9449673574343077,0.2797716417482713,0.9722658633213636,0.8522038905357561,0.9099052919024005,0.9801069714630981,0.9603628639870853,0.9623028048121534,0.8456745903390919,0.9672317001053529,0.903059186964153,0.5567819440638258,0.978329701970176,0.8434988634927466,0.9711471198373604,0.7178367757359077,0.6669595684433666,0.9868451080393503,0.9038630119982907,0.9062019995466661,0.837184529517981,0.43961967864844814,0.999886013873723,0.9998963510588081,0.9991937266296622,0.9998719749024904,0.9998906291730797,1.0,0.9998989451324961,0.9998980889978957,0.826844584285295,0.9157430855274079,0.8618874541478984,0.8273482838419979,0.9994493349001812,0.9991817277151247,0.9154957332352229,0.9159389630318884,0.8792602943980212,0.9993477255794305,0.9998964506488188,0.9157918720501341,0.9992204327558907,0.9991518586062847,0.8473212532505681,0.9155687251360947,0.9991919047115678,0.999861002265392,0.9992210034914203,0.9992213281406062,0.9998248568185861,0.9158660715661876,0.9146127375334605,0.9992032389839036,0.9149475497040147,0.9999991201140167,0.8712188007716949,0.9992056178362027,0.8475812817242347,0.9459530700252938,0.8908567521856973,0.9248744635059514,0.9998942402467152,0.9990825662211985,0.9661787803328696,0.8683692009035278,0.9998988521967668,0.999898899272388,0.8284725787866318,0.8511521451877301,0.1801316495194721,0.9999742774679737,0.8867368483409781,0.983329007207783,0.8426064174187706,0.9540791782984916,0.7396161583681367,0.94614711898892,0.6408265802185225,0.9280350432764218,0.7460506621574788,0.95925222284853,0.6209965238031011,0.9259004243562413,0.9719553684049825,0.6176960711594712,0.9158152246953618,0.9992325703106574,0.7639370008482478,0.901497139256617,0.8657016932293817,0.8983333920040191,0.6413652634057426,0.7929215339498562,0.8802487077808433,0.835479024306668,0.8317173074125475,0.9009573346457408,0.946315719598717,0.90804927197463,0.8608350648195289,0.889711977570932,0.9667122746746406,0.9277197985987904,0.34312379066206794,0.4923068880538438,0.9074911612619946,0.8588448317254849,0.8494006942877366,0.8774972602580541,0.8905323798084503,0.8755370782144158,0.9177519290827396,0.8938158120322445,0.894452171619624,0.9938197936805813,0.9134141594240198,0.637188598065522,0.6468423246294446,0.9636311659992592,0.9407879576082511,0.9372409308739705,0.9158992179433966,0.9998988880189403,0.9999997416146787,0.9981811511781824,0.9149037522230211,0.9989138008561974,0.9998914370531242,0.9993447588202289,0.9990209302177925,0.8353993369644916,0.9379650156463895,0.9998970668046807,0.7461155852517657,0.9998959211697449,0.9996084408047131,0.998710515681451,0.038100286730347745,0.4444318565649585,0.9579148700937116,0.9159212970294502
UCSF-PDGM-0238,0.6696089413923412,0.9741465421795248,0.6315843980063216,0.8981762730785557,0.8385647896453767,0.8743724706447467,0.5905400116617766,0.6978764525731741,0.9884205854230453,0.9095561237247941,0.9838999499230711,0.9768301491130348,0.7787621615394492,0.9847976168879353,0.897542227464809,-0.2355553251589805,0.8997505906872574,0.7608773588173613,0.9063054636733083,0.8895598109229143,0.36427972982139223,0.9937002418122559,0.9058146689893632,0.8406890825490885,0.8776000301959065,0.8060747859974612,0.9860374574367003,0.8404943701399489,0.9349455020844487,0.934537752978649,0.8845707008706821,0.6552539890329222,0.9049335919952395,0.9721241991350019,0.9096413050604546,0.8113680105971041,0.8970831896484253,0.38491420839188967,0.8453960684441437,0.8849965151855251,0.8929687694898394,0.9681402334655279,0.8700617556370935,0.9756099392004832,0.8734689264632993,0.7547896386893953,0.8852038197363159,0.9586103692236105,0.8434764274581398,0.5953156784642534,0.9619911133459224,0.8410669958735866,0.8992953713033779,0.978756236867528,0.8561215536273039,0.9021246992806065,0.926621655017557,0.4657866989866045,0.9847822683050872,0.8685843550275378,0.9463684702141081,0.28112681111974547,0.9732183650995907,0.8534655171013474,0.9118024693647897,0.9803068732843481,0.9591219717070739,0.964041954935767,0.8452131062628633,0.9663373679592357,0.9038060566241581,0.5552134757285611,0.9795720687229852,0.8458818099032003,0.9721737307082415,0.7177306031801453,0.6621708688659086,0.9865757066298589,0.9036190852868764,0.9062466016845279,0.8377388767644824,0.4406598319087501,0.9999897371049726,0.9999984448797777,0.9993182211799317,0.9999770217080427,0.9999937641885662,0.9998989451324961,1.0,0.9999979508656573,0.8294268482103809,0.915420078704226,0.8642169089955251,0.8299272320332532,0.999567669785093,0.999306947223397,0.9153696688945283,0.9156101266620372,0.8810036824269064,0.999268992913674,0.9999957967627675,0.9154676765039033,0.99934277920181,0.999278589537228,0.8497615139838107,0.9154400604024325,0.999120845041688,0.9999668512289314,0.9993432883556251,0.9993435774421273,0.9999327385851287,0.9155398051913112,0.9144619558517604,0.9993270808962821,0.9145965960420956,0.9998973214112918,0.8708716993864966,0.9993292820216444,0.8499398312448223,0.9485888562956121,0.8926629973513261,0.9265270066318163,0.9999967881294315,0.9990144671146183,0.9650002102010451,0.8704970106454598,0.9999991295740859,0.9999992164948475,0.8310267960173936,0.8535693164757453,0.17411317741469268,0.9998772474549618,0.8855040499427395,0.9824793581300248,0.8449977362984967,0.9547597269312037,0.74182649936851,0.9444869734845092,0.6419436893853891,0.9260660455391141,0.743098407427774,0.957911110206795,0.6213867846129889,0.9275324215345575,0.9728854668323776,0.6210568741318703,0.9154904173076109,0.9993531332206677,0.7601605583282982,0.9024549061623935,0.8677845789409235,0.8999681354683355,0.640415489622081,0.793529567696052,0.8821487530662977,0.837998808105606,0.8294863742160355,0.9029234170652983,0.9477408367358228,0.9076366232241189,0.8629866301153628,0.891656621185449,0.9655956865082339,0.9280514821750462,0.346141205821418,0.4895092332862947,0.9093430076135733,0.861173153658382,0.8518155157813145,0.8798166938147798,0.8925769994479804,0.8771713559385235,0.9206362449743813,0.8967019831815906,0.8949928093181274,0.9936376032325086,0.9164589934244924,0.6379322891303045,0.642621804411696,0.9647213112313209,0.9422613288410596,0.9385848686642184,0.9155718744698307,0.9999999959452692,0.9998990899072944,0.9981272291103698,0.9145939400444514,0.9988492828662162,0.9999944537261842,0.9994650298454965,0.9989542401119191,0.837873368972476,0.93751239411404,0.9999965804673656,0.7487578469946128,0.9999981187372817,0.9995231172692568,0.9986494945214394,0.0387050373775286,0.43983441126953915,0.959148292598249,0.9155740958709098
UCSF-PDGM-0240,0.66981471391827,0.9741721736036414,0.6318109665063166,0.8980979546915452,0.8384417277080941,0.8744311234086876,0.5907849955735057,0.697856695350802,0.9883669218373295,0.9095223991973433,0.9838593186885831,0.9768720188980904,0.7789118435630272,0.9847423122575248,0.8974734619429969,-0.2350825815270062,0.8997124435744814,0.7609891815729558,0.906235717723747,0.8894706327394785,0.36432459000131,0.9936832493615348,0.9058467538210306,0.8405647728422906,0.8776729726373713,0.806153645620701,0.9860534991062685,0.8403724133182128,0.9348599259689369,0.934513271486313,0.8844626967064491,0.6555395440289312,0.9049272974880814,0.9721149152840737,0.9095359500543617,0.8115350186590343,0.8970207405247927,0.38517348845261423,0.8452720552288596,0.8851115415690969,0.8928835483210008,0.9681133627270826,0.8700746260168968,0.9756504968699968,0.8733647802870558,0.7549762161675599,0.8851045556207553,0.9585199907689103,0.8435338288368978,0.5955863726386593,0.9620320497575339,0.8409409546176527,0.8991873652867719,0.9787007449669133,0.8561712611113248,0.9020462529718999,0.9265243036154994,0.46600464768340144,0.9847049126519336,0.8685957912560504,0.9462765462475601,0.28147206757830145,0.9731466645986162,0.8535473023871556,0.911694086156126,0.9802824922012618,0.9591408446744106,0.9640660175414182,0.8452140684906297,0.9663066764588469,0.9037645148159805,0.5554174464588693,0.9795216291493508,0.8457616407121505,0.972189266972223,0.7178779448165209,0.6623207010904076,0.9864981490727196,0.9036159104978733,0.9062324931561948,0.8378122257860164,0.44098437936410023,0.9999785163132549,0.9999928255136094,0.9992991751690644,0.9999612489160433,0.9999845658118156,0.9998980889978957,0.9999979508656573,1.0,0.8292983151049238,0.9154190889657461,0.8640994184598845,0.829798979754953,0.9995060997664533,0.999285416743326,0.9153800514735433,0.9156313377498906,0.8809333220512459,0.9992590366128463,0.9999996172097095,0.9154712017798804,0.9993310912557536,0.9992518773564418,0.8496398301584887,0.9154598737623805,0.9990833722824285,0.9999483188267148,0.9993318112707564,0.9993322221249918,0.99990720998907,0.9155512105793967,0.9144885371027914,0.9993102709848148,0.9146205136482871,0.9998991507913122,0.870858535785229,0.9993130809606485,0.8498211175746403,0.9485648511059145,0.8925801382833926,0.9264068143543571,0.999989608100396,0.9989663917713019,0.9649457019504819,0.8703963655939436,0.9999997514840422,0.999999701532619,0.8308990596722496,0.8534479523609105,0.17447644371959392,0.9998618712840668,0.8855722319893587,0.9824265222897861,0.844874579297095,0.9548024063574477,0.7419711109876902,0.9445497238621909,0.6421319636054724,0.9261513050057095,0.7432561792494632,0.9579589690006679,0.6215758478957168,0.9274298964999418,0.9729330409737977,0.6212319410879186,0.915496268875217,0.9993475504698547,0.7602527349578456,0.9024264318469519,0.8676793313951634,0.8998932442884764,0.640559859435631,0.7936478490862257,0.8821430729944163,0.8378723638994581,0.8295954621195947,0.9028219021780212,0.9476630351061528,0.9076368911178773,0.862877375880224,0.8915646085620053,0.9656374065435768,0.9280320098728136,0.3464785437898079,0.4897887772235602,0.9092878318083626,0.8610548251637792,0.8516920082025864,0.8796968517811965,0.8924689481465835,0.8771518669236258,0.9206824828405378,0.8967590430611003,0.8949597654124463,0.9936363430816714,0.9163728960731425,0.6381250019212192,0.6428155362196046,0.9646578482969406,0.9421831724179671,0.9384866318603672,0.9155873859458634,0.9999977645070169,0.9998967784874694,0.9980284926184019,0.91454323950585,0.99878839326406,0.9999856621950354,0.999396772099061,0.9989011215652864,0.8377492921785077,0.9374899640177983,0.99999982551139,0.7488198228326118,0.9999921428002202,0.9994656153076806,0.9985761035387868,0.03900085612543897,0.440077752065203,0.9590721463367583,0.9155835211208365
UCSF-PDGM-0241,0.49533552054131635,0.801871308314757,0.5577569511125671,0.970236620487647,0.9996318976420453,0.8273050623736401,0.29629621453568145,0.7841664483918123,0.8569700710224551,0.9309690611436415,0.8861724692522822,0.7682566910380993,0.8046929890460307,0.8981295118815171,0.9666933592727186,-0.0323399631745746,0.9334706599448503,0.4518419189779185,0.9553530538765851,0.980070707647305,0.43399463232991964,0.8672270050472286,0.6737018245523698,0.9994787072708786,0.5774828246642121,0.7113180737652637,0.8465034531488356,0.9995016122381934,0.8484176278840045,0.7649384992100704,0.9941960554842639,0.6958526859703986,0.8930957844944373,0.8414764025548914,0.9862118692273529,0.4757485733148808,0.960620843386656,0.5285289863848097,0.9989812070732319,0.5751095828409503,0.9762728251582843,0.8476299120277834,0.8509128223814334,0.7746852807125038,0.9914296849981973,0.4088878467317864,0.9822546496329386,0.9400171030794581,0.8076236037150207,0.509126079378886,0.8002113179940956,0.9997729640660432,0.9900801905719135,0.8254300838712384,0.8683909350619806,0.958192848248729,0.9778533147216469,0.39128355213407234,0.8970720524405976,0.816103740807115,0.9629595561535831,0.2508984943577681,0.9242807508081335,0.7839336635603102,0.9852456548548589,0.8986088365843875,0.7511727757753488,0.7925369639061587,0.7863395967611907,0.8389411980281848,0.9411550856853161,0.5209978028281679,0.897321345535099,0.9989448342421293,0.7742965337934462,0.692787599372723,0.298727229383189,0.8453962051665969,0.8806735049022268,0.8991900306782243,0.8170023325417546,0.4110689194666623,0.8297021819085467,0.8295360503414817,0.8239008154243459,0.8298325119824372,0.8296429319241287,0.826844584285295,0.8294268482103809,0.8292983151049238,1.0,0.820789072516716,0.9977937822064462,0.9999995845727198,0.8309103476086992,0.8239674709373216,0.8229792792515631,0.8201687880164459,0.9791226092727445,0.821151159120899,0.8292417098116047,0.8206709465377434,0.8236961309703715,0.8241024990080484,0.9992753938894519,0.8227048287607702,0.821865926925312,0.8299094816514565,0.8236901049620284,0.8236866210048402,0.830097708777551,0.8204549671961403,0.8276385958460659,0.8238397628995059,0.8251842910502017,0.8267605889793399,0.8759213167388566,0.8238229653531727,0.9983426247690034,0.8642949906741407,0.9774885150227197,0.9769512188659951,0.829582975843533,0.8221008473327873,0.7513589663648339,0.9926189527459248,0.8293434625653685,0.8293477705883049,0.99996770725863,0.9989675602260717,0.04735040224597975,0.8272735286459346,0.7346484965695499,0.7984191728098969,0.9990294443466399,0.831115953852184,0.7046542977590012,0.6937237451645499,0.40535293559847463,0.6243841702520007,0.5792567080049718,0.723812810133182,0.6773452924767125,0.9769668934498654,0.7557684696168466,0.2802321226412487,0.8206084851270087,0.8235180411535421,0.3854979175138715,0.9222560649914856,0.9938412409476779,0.9661300301649212,0.4683738060237008,0.7809312796718526,0.855196525636326,0.9998754392921723,0.6982624954184056,0.9884401667908363,0.961861539975654,0.8538379005287772,0.9952976828703828,0.9790191767454774,0.7257488875663273,0.89077012816963,0.13694898391825533,0.18307137609614,0.9412398342482197,0.9981619807171983,0.9991284521016506,0.99484388994476,0.9916801735984396,0.9199382727265354,0.7360412688254668,0.7523606719739161,0.9099294227113831,0.8320442136812034,0.9767130414141317,0.33308850397642215,0.4967389224443968,0.9445415584056857,0.9677213757241624,0.9689726651852759,0.8203374824009073,0.829432486807132,0.8268894936191018,0.822912058084528,0.8218188098291669,0.8223546933178584,0.8296309127031147,0.8310321942636182,0.822204680592964,0.9996614539149026,0.8764456742047186,0.829260167414479,0.8349681909913169,0.8295468150424151,0.8282772120736479,0.8225706027177193,-0.057466271861980577,0.15576369678223814,0.9501989192029242,0.8264790097866759
UCSF-PDGM-0242,0.8390743223346924,0.8720220163666187,0.7956255573411384,0.9327951961248846,0.8355011004654272,0.976448600471682,0.3839909811674085,0.6770788411502217,0.9016679882015495,0.9050885821281364,0.8988651242887208,0.8656134443404551,0.7748783689743874,0.9078173706677323,0.8929049585254384,-0.2492378888089618,0.960267976595055,0.5732766849724232,0.9482273352438517,0.916928357465951,0.3593382097802485,0.9137018394289197,0.7604964061217105,0.8384670055712715,0.7431160085007774,0.9381477690857266,0.8873068898270374,0.8330424448793672,0.8326396613169861,0.8029937904556992,0.8606000919477759,0.8438848441024783,0.9796204749032901,0.8731889956554794,0.8772577570896251,0.6497755777468355,0.8921673815184176,0.5125682828353567,0.8381584547915957,0.737316463422352,0.9224279005371654,0.8817827025788636,0.958311730570295,0.8628943291393507,0.8674015161947878,0.6095209716351958,0.9100034995357514,0.8949694717142449,0.8423214451740708,0.7918026447675057,0.8494375670894269,0.829581911261693,0.8702773506623459,0.888148613822814,0.9515430749773972,0.8966960857508611,0.887417758342422,0.6120215412280028,0.9136285522644051,0.9711161981984562,0.8985718389224621,0.27107516541266485,0.899897118102065,0.9675866693501723,0.8795104795075094,0.9024930408099202,0.8514281998422278,0.8489370911830355,0.8388424104633067,0.8555615154324729,0.8990388433692272,0.553001461766948,0.8906684871867907,0.8386282344704662,0.8618099499764061,0.7128264163788999,0.48818541136907395,0.9005237241706884,0.8998275403491566,0.9008961137957557,0.9552817044641402,0.6339092872513692,0.9154087008478256,0.9154178832002495,0.916579867287655,0.9153960767306881,0.9154128245864044,0.9157430855274079,0.915420078704226,0.9154190889657461,0.820789072516716,1.0,0.8463784749258814,0.8211660421377256,0.9150114458231564,0.9165692976874767,0.9165979967415864,0.9999396710194062,0.8751767902675813,0.9169433190001188,0.9154175000288642,0.916910686307108,0.9166030704327526,0.916542810107786,0.8358955356871102,0.9166142311969028,0.9168056184815364,0.9153861698137878,0.9166035568719426,0.9166038332501355,0.9153534297619585,0.9169374906614622,0.9156709067798788,0.9165881996321704,0.9159967733448998,0.9157421016766989,0.8648109769274331,0.9165902746509631,0.8517657613846401,0.8383121732201683,0.9205451180691301,0.8891598044020902,0.9154160291481683,0.9167073271976179,0.8598964126163391,0.8829078963978391,0.9154198594013696,0.915419909377468,0.8232612034980166,0.8389163705128949,0.17299895089570402,0.915720493255606,0.7524683736649448,0.8820282818266209,0.8446805916021086,0.8607160333897689,0.8890314441689099,0.8286030882885422,0.8049677511390531,0.7978351514331946,0.742606005447186,0.8447246595194748,0.7829700499235301,0.8873825077191568,0.8573869063363055,0.44535524102021096,0.9169200492070079,0.9166131300626085,0.6088932031886812,0.9694887796985356,0.8613720979809495,0.9378969348463924,0.4939189399815872,0.9142506923695289,0.8150586701981128,0.8273256558161491,0.8266577097945047,0.872486496130123,0.9006099167611243,0.9053450504757066,0.8562882182715714,0.91824628616156,0.8550199424109314,0.8555029765914057,0.14976558473671137,0.30330916888084397,0.960784399250312,0.8442025465782123,0.8376619635887027,0.8569095008510368,0.8663090995045012,0.9486238948880831,0.7880385644353497,0.766341565531858,0.9648087201677891,0.9032065689883654,0.8746859268026559,0.480588120824525,0.6412034477929974,0.9076961194826083,0.8964976466319948,0.8907815302523557,0.916945933986477,0.9154200355767597,0.9157429454262423,0.9158899481170478,0.9163482392279522,0.9165549330770216,0.9154135437668296,0.914916041171486,0.9166517398348077,0.8303844024658308,0.8470108436499545,0.9154180930410473,0.6555745006144086,0.9154175075490035,0.9153882746314386,0.916370805715365,0.027154483246104116,0.265764952814116,0.9062809965152469,0.9993436756098399
UCSF-PDGM-0243,0.5235937621779378,0.8374455113291267,0.5724780328099676,0.9791783995475883,0.9984695308087419,0.8467408595994205,0.33568086397577035,0.7816857821115588,0.8876330264467464,0.9455556989497496,0.9133262900782765,0.8074709603155132,0.8160627933282507,0.9245125782757587,0.9753059647289632,-0.05820965051019562,0.946202023311741,0.49578569784081794,0.9670734707672671,0.9868617733970976,0.42420562513050447,0.8981546815063517,0.7121266615455313,0.9986896827902463,0.6247498420599863,0.7362177070796281,0.8778188529051426,0.9986787877504976,0.8720275902722113,0.7968200952693691,0.9990910584994661,0.7015013537156094,0.9109809666707688,0.8708993291560057,0.9949821036685234,0.5251910708182179,0.9697320724908122,0.5141965950673923,0.9988178874466189,0.6233125210622881,0.984129330673186,0.8751717500535405,0.8661898513935766,0.8123398531347981,0.9953741267335104,0.4544241575913822,0.9886696065161784,0.9582146889383621,0.8237479167807813,0.5288515771165849,0.8323225230868673,0.9989743775092891,0.997022099789849,0.8574661495585535,0.8801378169719664,0.9687818599566633,0.9891331570342894,0.40114345877668267,0.923726523827952,0.8375967864407885,0.9786265664548474,0.25546849851536985,0.9462433957059317,0.8047524859729767,0.994362190854967,0.9236693388523214,0.7876280013995743,0.8258452248310137,0.807229820101531,0.8690329010299686,0.9525877711588239,0.5287018874108955,0.9227144827001509,0.9988275702253732,0.8119457240279542,0.7035129353763399,0.34811784754398145,0.8769156127174594,0.8993186197723221,0.9158471052536369,0.8334437773351745,0.4204261271743741,0.8644670134738819,0.8643163750988245,0.8591855102865208,0.8645845567870669,0.8644133880908684,0.8618874541478984,0.8642169089955251,0.8640994184598845,0.9977937822064462,0.8463784749258814,1.0,0.9978536966109113,0.865523953766036,0.8592451269506567,0.8483322308065641,0.8458342483053308,0.9839863478610174,0.8567083828072333,0.8640475417389906,0.8462760670948563,0.8590013599908016,0.8593653032450788,0.9995970405753516,0.8480899734890788,0.8573448097983978,0.864653688931959,0.8589959155516463,0.8589927672633378,0.8648217564920829,0.8460872148633346,0.8524421118657891,0.8591307474293006,0.8502572666062729,0.8618106374468453,0.8897227936672272,0.8591156549799969,0.9987930369844479,0.8881028010289457,0.9852440471898692,0.9888607267602844,0.8643590106769481,0.8575477887474237,0.7892828195381933,0.9961227414530641,0.8641407365224592,0.8641446763936651,0.9979600662735095,0.9997729341791162,0.0602912805331008,0.8622765170655007,0.7629813872065256,0.8340023180771183,0.9988119629273732,0.8583679774881005,0.7194859013580943,0.7340922202080373,0.44062878357086344,0.6721139681666112,0.6099143997186243,0.7658476371005907,0.6794534941947967,0.9888850698894728,0.7958220389951842,0.32711443595170586,0.8462216543636117,0.8588399535564083,0.4356275370254951,0.9361190139919011,0.99691502335304,0.9757023569098446,0.4910803123329589,0.7940032696923996,0.8697344241151772,0.9987139623785246,0.7260495582356624,0.9962999532943254,0.9778707290133373,0.8757447826309329,0.9976464032335218,0.9864118807507165,0.768413182626323,0.9083972100861959,0.15925988836182936,0.21928529703730162,0.9541040879845579,0.9999790453669322,0.9996833442953651,0.9988439117172999,0.9974371747874564,0.9301903310421141,0.7690003392223312,0.7798441467569537,0.9246710844706818,0.8666018284315117,0.9872241772498219,0.3717368620639722,0.5207516878665299,0.9640061372992034,0.9820027736119303,0.9828534827571423,0.8459837110060843,0.8642220530711866,0.8619284476176323,0.8581928830937916,0.8472267083700805,0.8577617264697964,0.8644024961650788,0.8656240929175972,0.857636085967002,0.998516720419716,0.8993356382785483,0.8640644662076464,0.8393015768733917,0.8643261614863248,0.8631542902296504,0.8579373261614058,-0.04588111474065535,0.18824779124043267,0.9687478596633315,0.8514970636424255
UCSF-PDGM-0244,0.4957415239777447,0.802381158534324,0.5579838894869055,0.9703892323879484,0.9996458246372322,0.8275968676610332,0.296834929680594,0.7841487937220539,0.8574104631272377,0.9311990928433292,0.88656730279087,0.7688141834975677,0.8048765256048579,0.8985145131613061,0.9668403575008883,-0.03267869538192527,0.9336760118552515,0.4524477915936853,0.9555439504677055,0.980193412543794,0.43386419859522724,0.8676754278321855,0.6742403866343216,0.999497844183278,0.578140692613855,0.7116888102550261,0.8469547416661319,0.999520353184838,0.8487588586944615,0.7653898196939635,0.9942924822891376,0.6959616123670981,0.8933690387388555,0.8418985798880421,0.9863607566204005,0.47643514389522107,0.9607745180589655,0.5283510583233305,0.9990089033645516,0.5757846445276811,0.9764108711452774,0.8480259008301351,0.8511464312266747,0.7752198855915619,0.9915138161911548,0.40951290154488174,0.9823724562982105,0.9402905357031074,0.8078669859247019,0.5094254036711436,0.8006704685026805,0.9997917508366163,0.990203994192297,0.8258861472021068,0.8685809002910092,0.9583678262903519,0.9780355206604378,0.39142646622914595,0.8974601766969816,0.8164277849923703,0.9632016282505556,0.2509736718516858,0.9246057365239565,0.7842468509865537,0.9853990621203051,0.8989757676026604,0.7516869433070851,0.7930118725039772,0.7866512552030814,0.8393772225027748,0.9413402622259822,0.5211153714482362,0.8976925234711098,0.9989732725872195,0.7748312902954384,0.6929592622880018,0.2994022410208966,0.8458466431987345,0.8809574124355558,0.8994477509430557,0.8172594523841481,0.41121524277481325,0.8302019298264486,0.8300361878481883,0.8244070141723613,0.8303319404784016,0.8301428209464972,0.8273482838419979,0.8299272320332532,0.829798979754953,0.9999995845727198,0.8211660421377256,0.9978536966109113,1.0,0.8314064215725421,0.8244734943565446,0.8233535601589139,0.8205474993649404,0.9792183241440469,0.8216611972315458,0.8297424952030429,0.8210482740617029,0.8242028444915463,0.82460815429491,0.9993095952772828,0.8230798475337188,0.8223740170929489,0.8304087152684426,0.8241968331363051,0.8241933576384551,0.8305964441666933,0.820832914864898,0.8280056390769815,0.8243461187951809,0.8255547495122014,0.8272644717982591,0.8761389077305551,0.8243293639301204,0.9983788883967782,0.8646434909715631,0.97762542320964,0.9771420530718565,0.8300830051885503,0.8226081617295313,0.7518915145187691,0.9926974664018886,0.8298440296499735,0.8298483283032195,0.9999700623344734,0.999008313604512,0.04752750692568895,0.8277762219862727,0.7350523943048878,0.7989231612785318,0.9990564433530943,0.8315087996631341,0.7048823119708476,0.6942901343075991,0.4058551262215012,0.6250516024012753,0.5797035632435126,0.7244068637127029,0.6774053542704378,0.9771581948780328,0.7563377876291825,0.28087710988347775,0.820985996320471,0.8240251767067577,0.3861831229876478,0.9224741199015681,0.9939137119120269,0.9662916119538895,0.4686885440874743,0.7811363712434952,0.8554151245164293,0.999889298763675,0.6986688958440029,0.988577247128292,0.9621091603286994,0.8541662097431756,0.9953601502198034,0.9791506631256286,0.7263520646927535,0.8910328351869816,0.1372523825071824,0.1835616982456979,0.9414455801733104,0.9982165667661829,0.9991656872901047,0.9949274031800961,0.9917877303694111,0.9201093197129814,0.7365094553072651,0.7527557196751592,0.910162036393393,0.8325405326456446,0.9768860893214834,0.33361591698607446,0.4970827210946133,0.9448349755857707,0.9679446980722272,0.9691904531400813,0.8207157509369141,0.8299328580902737,0.827393093495317,0.8234154720272026,0.8221917144781811,0.8228610514055698,0.8301308300508609,0.8315277569143387,0.8227116210676124,0.9996757630318568,0.8767824959015641,0.8297609136256354,0.8350613748622486,0.830046927863206,0.8287768394615569,0.823076008098935,-0.057294507090753094,0.15620292188018658,0.9504805791974051,0.8268489226269149
UCSF-PDGM-0245,0.6663109523311685,0.9733241357996725,0.6280019462438186,0.8988987028446445,0.839964605135399,0.8731165785060372,0.5867090671012113,0.6978409170909433,0.9887432363206305,0.9096256292325872,0.9840354124227021,0.9757706623469993,0.7762283727211082,0.9851457758904095,0.8981262077210113,-0.2423124414747195,0.8998888593383392,0.7589016892686246,0.9068996339079428,0.8904439461917631,0.36345986571458233,0.9934878541974856,0.9049301111118346,0.84210603859333,0.8761351083165381,0.8045569762057907,0.9853488346352234,0.8418772436735132,0.9357563498443123,0.9344614720649396,0.8857305635704829,0.6508039003783354,0.904606849444771,0.9718098245917368,0.910751107403559,0.8085675175408562,0.8975756448482464,0.38097064938779457,0.8468065432921675,0.8829169628952782,0.893793859203304,0.968083125724406,0.8694727828900287,0.9745700729931058,0.8745778871167807,0.7517310705914206,0.8862364524457195,0.9594800291649458,0.8422529867907869,0.5911091201836383,0.9609520395584752,0.8425089257057735,0.9004484567667929,0.9791099073855348,0.8550040132146218,0.9028471624042536,0.9276073693259385,0.46240605189854583,0.9854506957967206,0.868016894089507,0.9472662335057657,0.27598252000610396,0.9738100027019301,0.8518833171660123,0.9129552536155838,0.9802079845570195,0.9584046655272542,0.9632470027706506,0.8448085657211479,0.9663365847259132,0.9039917546575461,0.5519945164513277,0.9798519840097825,0.8472362310213307,0.97149885454715,0.7152590074745875,0.6596887743837881,0.9872462377729238,0.9032476404551966,0.9060327405339188,0.8362864693428376,0.43574259237217555,0.9996906175991567,0.999617968190692,0.9991330627411521,0.9997440197492291,0.9996652699692088,0.9994493349001812,0.999567669785093,0.9995060997664533,0.8309103476086992,0.9150114458231564,0.865523953766036,0.8314064215725421,1.0,0.9991578775621519,0.9147958917173222,0.9148789688694554,0.8816184681015333,0.9989518414307873,0.9994782207298769,0.9149934471262522,0.9990507434368896,0.9992047902015689,0.8511361403472832,0.9147292813106702,0.9992034015033086,0.9997739335902757,0.9990481898807649,0.9990467103214127,0.9998414469994334,0.9149510944718817,0.9136533342336154,0.9991094420323435,0.9138265980605638,0.9994087084475304,0.870660460871927,0.9991027994077741,0.851271237707657,0.9484991648375669,0.8934539220261215,0.9278444976188122,0.9996389787314298,0.9992510609814389,0.9653459510652103,0.8715564954751713,0.9995280064415684,0.9995300812062441,0.8324979842239228,0.8549375399233713,0.1687567675979472,0.999638531213756,0.8841046140075574,0.9827927325281867,0.8463959598591807,0.9536986797640448,0.7393834189847425,0.943139169736912,0.6389126235092969,0.9243998397482338,0.7404636050954457,0.9567733834765618,0.618353757828426,0.9285928550284519,0.971744954778135,0.6182272775842371,0.9149823911698677,0.9989724229356689,0.7584705535189507,0.9024514408238468,0.8689121621893635,0.9006399616641976,0.6380227822674553,0.7914450068854479,0.8818236153432237,0.8394480080291274,0.8275187210910449,0.9039805511327319,0.948432857952494,0.907213321594896,0.8641746222185475,0.8925809539592398,0.9645435660005491,0.9279054467720101,0.3410818775339668,0.4852230363430117,0.9097241625092821,0.8624937751462112,0.8532156805699149,0.8811506824026072,0.8937338471120158,0.8770490745194864,0.919539284420019,0.8954589072735115,0.8950591592901141,0.9931967541022758,0.917285953884348,0.6348386126253083,0.6395111610743331,0.9651972356903127,0.9429610349861873,0.9395779141458592,0.9149235135360355,0.9995703134509124,0.9994706156653108,0.9991000178920423,0.9149076713127391,0.9992720629086272,0.9996600503039607,0.9999945377254842,0.9992641075427333,0.8392882433879354,0.9374049448805551,0.9994873610244916,0.7475117370857314,0.999622820910729,0.9998963850234017,0.9992539325932772,0.034390783356674205,0.43609697047736307,0.959811000538163,0.9150141281450426
UCSF-PDGM-0248,0.6744566938873792,0.9767244649424603,0.6356084987910529,0.8953544734514998,0.8333702285208154,0.8771595753465655,0.5873981807386857,0.6939926529618421,0.9882897993531139,0.9057796660001507,0.9805744038953933,0.9784387833062759,0.7762475805175623,0.982539233626822,0.894019232342304,-0.24859936279284117,0.8989300735003677,0.7643530122969516,0.9043037134236042,0.8864426411770424,0.360997524533295,0.992780628396243,0.8993712811911064,0.8355606720514318,0.884434555188989,0.8085343202038924,0.9827838771114991,0.8353232355620853,0.9264031867573944,0.9286051381238287,0.8799300102609436,0.6481794139463022,0.9054481105338621,0.9704511403974131,0.9054870104765033,0.8180040017066043,0.8932382189202343,0.38056478121011533,0.8403772395649777,0.8900368197079254,0.8888235412329847,0.967910189886362,0.8718303098316348,0.977338386499593,0.8692247745646778,0.7605628643219974,0.8809398048495126,0.9545126166043968,0.8414486289228085,0.594481403471959,0.9564201744435696,0.8358137502267352,0.8949783353864333,0.980646377307705,0.853457934100735,0.8976296086501178,0.9228809691760232,0.473575406268161,0.9846505500525943,0.8717474718237572,0.943289821197195,0.272797747536304,0.9702009546722156,0.8573622704555133,0.9081092137267782,0.977259173459281,0.9607052538203991,0.965937933352379,0.8383662048185508,0.9583677930019703,0.8997231860089059,0.5516657634289382,0.9762089804010511,0.8408474718832216,0.9757423273003449,0.7128769835528015,0.6606303973891733,0.9880376147206467,0.8995703347477395,0.9009100200846668,0.8369684383973971,0.4314543897840729,0.9993402927420312,0.9993223657441338,0.9999992468323584,0.9993492260648116,0.9993347026239006,0.9991817277151247,0.999306947223397,0.999285416743326,0.8239674709373216,0.9165692976874767,0.8592451269506567,0.8244734943565446,0.9991578775621519,1.0,0.9164871436274152,0.9166510327373345,0.8768191647045775,0.9998839404712606,0.9992748434999719,0.9165948789183206,0.9999881798257305,0.9999967236739884,0.844572165804706,0.9165114962378202,0.9998689451314772,0.9993521816622056,0.9999876679530008,0.999987367416051,0.9993513522434528,0.916628568126665,0.9155539923885262,0.9999972810052495,0.9156776341043645,0.9991673419410972,0.8644334108223775,0.9999965344014058,0.8450715875081118,0.9435228076528199,0.8890888427513267,0.9233905881318588,0.9993281294033792,0.999813845301687,0.9686035765357287,0.866044501816224,0.9992933795145502,0.9992941170517834,0.8256412249595347,0.8485460454290678,0.16741093879054075,0.9992290538697791,0.8763260185481496,0.9836142108119643,0.8399207187514601,0.954872605093898,0.73805898337116,0.9467236471529562,0.6488797440367555,0.9295563772072546,0.7398413364541218,0.9588529245286548,0.6125289618288104,0.9237024805072455,0.9748175627034587,0.6301624442870306,0.9166062737949435,0.9999689688421671,0.7669853707238746,0.9002143032723607,0.8633114169068657,0.8962807323425136,0.6337698522978601,0.7871336794434467,0.8816746165802388,0.8326950683893176,0.8245503248858429,0.8983007846132585,0.9445321039166518,0.9049274555322637,0.8582906803875787,0.8885169006316344,0.9674025910083676,0.9238937561550608,0.3399612248379715,0.4847482214307325,0.9080696832417563,0.8561550154382569,0.8467630053958274,0.8754329414321389,0.888063305927631,0.8764875649807782,0.9220249236883494,0.8938961531267637,0.894689957919405,0.9935780352516551,0.9135317619693657,0.6481134076818782,0.6372127332097254,0.9621730124967968,0.9389480374265475,0.933720358483349,0.9166406008617938,0.9993078098272443,0.9991887887996926,0.9991714088094549,0.9159851862079104,0.9997106148774212,0.9993334575709935,0.999087102589469,0.9997780036729668,0.8326893798064229,0.9344526013304462,0.9992783620654173,0.7421966396972624,0.9993237349355099,0.9990753869142832,0.9995712457528383,0.028067797747803918,0.4278670686899732,0.9563526809026763,0.9153871362172468
UCSF-PDGM-0251,0.6748709090598749,0.8737321505709361,0.6360616507656498,0.8952366022029243,0.8331658972107814,0.8773002035723396,0.38344365365731653,0.6787340517560723,0.9011124664180348,0.9661042129347159,0.8985324701437581,0.8658647036403903,0.910287065137719,0.9077331838150742,0.9361546947605196,-0.006301195263724412,0.8988881238685512,0.5750460935334448,0.9042021069740723,0.8863038400865635,0.3607486918153531,0.9137552396952693,0.7578621359387677,0.8353539905510082,0.7422873768746155,0.8087114710565951,0.886807080415125,0.8402288629372142,0.8315623975459892,0.8018539440056012,0.8623952455269284,0.6487519955936025,0.9054666242427977,0.8726270811845321,0.8787643266012647,0.6506914579164054,0.9414317261250632,0.3810764551247417,0.8472943660804751,0.7389790553510442,0.8886929597707088,0.8815093815460988,0.8718836767054565,0.8629317531246143,0.8893932306789187,0.6066155416200254,0.8807821384085497,0.8953570068724338,0.9428453048518776,0.5950202861227789,0.8484954608875508,0.8316977187291366,0.8719143336138913,0.8873319273708669,0.8535836209941172,0.9458121699497594,0.8886685310429173,0.4740044733094188,0.9136392956542513,0.8717973257071028,0.8996179499384466,0.4830152356573284,0.900504968501779,0.8575458968495003,0.8810322732667538,0.9024863619118709,0.8500538758352315,0.8505341006923628,0.9573231117617487,0.8543745299343389,0.9545214831020967,0.6880980915887714,0.8915977762229286,0.8478690963841653,0.8626807602315072,0.8471092025065601,0.4835254554890754,0.899869028693826,0.9811243448451485,0.9738053928594229,0.8371377807858055,0.4320953980421052,0.9153328411991769,0.9153575664760114,0.9165046032514429,0.9153075863716947,0.9153425767273704,0.9154957332352229,0.9153696688945283,0.9153800514735433,0.8229792792515631,0.9165979967415864,0.8483322308065641,0.8233535601589139,0.9147958917173222,0.9164871436274152,1.0,0.9167222916744612,0.9056238688233188,0.9166941762792941,0.9153833778224344,0.9998945264845784,0.9165482122581677,0.916446286068351,0.8379548090616182,0.9999891132322842,0.9164798157779549,0.9152900223076146,0.916549283475623,0.9165498975506106,0.9152378701454326,0.9999001167154986,0.9995146513042317,0.9165191368601944,0.9994070924246219,0.9155022391134465,0.9570122854341142,0.916522900378729,0.8448757994698994,0.8406654400298033,0.8889624787429065,0.8903913016400493,0.9153513818374556,0.9163519969515522,0.8583650051229931,0.8658837878895351,0.9153768614723695,0.9153765316399566,0.827030364807639,0.8409520714352641,0.35093485823029646,0.9154326529751134,0.7511972253550726,0.8808403294290987,0.8397163641478882,0.8613589031198664,0.7383630137347297,0.8269274702520976,0.6492584466107869,0.7958939102847796,0.8858680261652416,0.8433276105861325,0.6129165988150937,0.8886418217362503,0.8582488622501737,0.4488921492513252,0.9998977579978111,0.9165752034357543,0.605117000100856,0.9001916922958719,0.8798500694806474,0.8961699278901198,0.4931267325843245,0.787390420785989,0.8168235732631096,0.8294559661325759,0.9499166590270449,0.8741016504665734,0.9017246899849954,0.9895199307089346,0.8731110916758934,0.88837275677493,0.8538336905494,0.8556520755192837,0.15340450912296918,0.30100004809721964,0.9079956963151666,0.8461543350805818,0.8396897485791683,0.8588358813893683,0.867990974616444,0.8764804918949224,0.7908067815065462,0.7691487142926543,0.8946573486845157,0.902863627362913,0.8774002926976743,0.48160934941386696,0.8004321975694635,0.9085005659519347,0.8976621414403303,0.8917510182861079,0.9998970060314887,0.9153691198947896,0.9154915346165141,0.9153936136543899,0.9994438467353868,0.9161639240231276,0.9153444248268687,0.9146819339780146,0.916282366711658,0.8369522282485657,0.846331378836498,0.9153823741224238,0.6582270746257639,0.9153562013959942,0.914983041206576,0.9159449975627322,0.18889191034233158,0.2615745487299523,0.9071980054022026,0.915436464618076
UCSF-PDGM-0252,0.8399900952594033,0.8723859457343192,0.7966590969182291,0.9323883567665862,0.8349029269124014,0.9766824321372596,0.38566810475342456,0.6770557614897692,0.9015807355613918,0.9049818877134139,0.8988455947202624,0.8660789695853827,0.775754443848853,0.9077065281872502,0.8926077616366651,-0.24667456322181347,0.9600406637166878,0.5742174365160193,0.947856779496243,0.9164727278532807,0.359616336188714,0.9138036887251663,0.7609538312915636,0.8378609921698685,0.7437766380780048,0.9384415878519152,0.8876147646792125,0.8324568821517278,0.8323983949037632,0.8031266279009446,0.8601178619366875,0.845203460306273,0.9795452078285595,0.8733589085941748,0.8768042089285865,0.6509807661391527,0.8919047800474776,0.5138139164857054,0.8375618092543168,0.7382251249317944,0.9219908829159175,0.8818384704946948,0.9583176110966733,0.8633548650359641,0.8669129165837424,0.6108037681211591,0.9094966878737684,0.8946469293079063,0.8426984971800735,0.7930245826723875,0.8498988762794392,0.8289802171363263,0.8698036838044048,0.888056408230868,0.9517368737878305,0.8963479604491984,0.8870189320472186,0.6130220093583636,0.9133896469367944,0.9710931179359322,0.8982166049682563,0.2729818974026528,0.8996911662989758,0.967926449732517,0.8790405557366379,0.9025506155264948,0.8517625879181437,0.8493109077861034,0.8389215313073941,0.8556324853594911,0.898889801946204,0.5541521197513528,0.8906012000789764,0.8380524747281872,0.8621311980490975,0.7136866602507392,0.4893044531423492,0.9003058500875635,0.8998848996490642,0.9008967404501382,0.95556953077287,0.6354159527031835,0.9155490618209762,0.9155885901005582,0.9166750639558847,0.9155117759420519,0.9155641422440184,0.9159389630318884,0.9156101266620372,0.9156313377498906,0.8201687880164459,0.9999396710194062,0.8458342483053308,0.8205474993649404,0.9148789688694554,0.9166510327373345,0.9167222916744612,1.0,0.8748714467433693,0.917087146735027,0.9156393439764238,0.916997522139795,0.9167381336063793,0.9165964681476173,0.835321625618449,0.9167897030917374,0.9168003478978262,0.915486917553325,0.9167397624674741,0.9167406985683997,0.9154162706922432,0.9170670897377431,0.9158829180355436,0.9166955119192538,0.9161940822370205,0.9159525270034505,0.8648150712290266,0.9167008857656794,0.8511847963444931,0.8384172752612342,0.9201232013876972,0.8886345187038169,0.9155782812552513,0.9166445966066973,0.8598298809019254,0.8824107655441599,0.9156243768287469,0.9156236853550777,0.8226440703406849,0.8383456445730312,0.17498189422500152,0.9158377075054492,0.7531016792250347,0.8819652775485534,0.8440783403924823,0.8611589150492744,0.8896542407478173,0.8291861548954763,0.8057961215436444,0.7985569789555608,0.7435181800236692,0.8452240937289565,0.7838032526907615,0.8869571187730209,0.8578893536696641,0.44661038815594245,0.9170195093041634,0.9167812696178534,0.6096738423328028,0.9693044583881583,0.8608776071180452,0.937503914270405,0.4949661579780654,0.9147738769030966,0.8151942400834032,0.8267203462084889,0.8273161782326302,0.8720503662710493,0.9003303133930578,0.9054191534767283,0.8557720768268126,0.9177766104174383,0.8554828529946407,0.855575385738999,0.15190937337756105,0.30513577953209986,0.9604789599455119,0.8436522671671246,0.8370787544436533,0.856361206371631,0.8658306157031394,0.9484798007611336,0.788555021264178,0.7669115224994301,0.964594967429832,0.9034090413251238,0.8743510860203371,0.48191305934536466,0.6423041355081449,0.9075100953891457,0.8962136850750312,0.8903915120967686,0.917097815286999,0.9156090959526832,0.9159309392921321,0.9155525877649067,0.9161407782746994,0.9164227492061082,0.915567065536806,0.9147473146539605,0.9165616760297067,0.8297872093353683,0.8470944475761569,0.9156368200598871,0.6561049298569133,0.9155862827593932,0.9152772112387886,0.9161708567182949,0.02877709524958284,0.26737373684627935,0.9060196980338181,0.9993409780043618
UCSF-PDGM-0253,0.5742429205670158,0.8389047020107375,0.6278089119257017,0.9769081663290936,0.982434328110608,0.8762658834856217,0.3491090090216523,0.8385851693709439,0.9000812919578522,0.969385230518257,0.921807860438937,0.8141395744025522,0.8697599472986021,0.9295082705160478,0.9953099669288046,4.258701016121602e-05,0.9495171373999887,0.5117428379717202,0.9650903428038381,0.9833418978907286,0.5153594340214884,0.9036465841212528,0.7369630492126935,0.9819119417668426,0.6333352996004827,0.74718222583989,0.8904958949034425,0.9837285204618453,0.8915147645999342,0.8222763566932128,0.9861475531346947,0.7225632362607884,0.9196824712184098,0.8899103651638517,0.9839742724740058,0.5328357627315066,0.9934331989315696,0.5673260184191025,0.9852038804726491,0.6291251146569428,0.9786429227234753,0.903448769319684,0.9036854895278761,0.8259574596101189,0.9921993962335071,0.5115105399986754,0.9803935653353304,0.9653255991452953,0.9053838765047658,0.5403113297511408,0.8556682830101789,0.9813488770172558,0.9869090794801546,0.87914549833494,0.9112844446403722,0.9862407636326329,0.9840591275468162,0.48411180113524843,0.9281943893005119,0.8465356129900219,0.9708361548411312,0.3776897376153157,0.9505040817121478,0.8387581265592955,0.9838570834135366,0.9357045493807736,0.8213155801795793,0.8450741144769629,0.870943532512604,0.8706280705244719,0.9875349368491261,0.6542079875913116,0.9280063911192745,0.9854927556131694,0.8206716811039222,0.8097010764183803,0.36368174684108845,0.8917636999218435,0.9415583919261398,0.9562169033098075,0.8490795550255958,0.451683013252868,0.8811480630762335,0.8810620346525792,0.8767881650855526,0.8812130062975959,0.8811177801954007,0.8792602943980212,0.8810036824269064,0.8809333220512459,0.9791226092727445,0.8751767902675813,0.9839863478610174,0.9792183241440469,0.8816184681015333,0.8768191647045775,0.9056238688233188,0.8748714467433693,1.0,0.8749818056982462,0.880901794132509,0.9039611738802149,0.8766886102473779,0.8768795698461574,0.982371483144918,0.9054646350736052,0.8753018729521496,0.8812502087134,0.8766855866027791,0.8766838361824149,0.8813371876747353,0.903842295174449,0.9090604565032426,0.8767591355031027,0.9073104442869037,0.8792142484828658,0.9444350799257438,0.876751046004553,0.9834479519433673,0.8996913815041784,0.9787664341897377,0.9783658063826673,0.8810866816128229,0.8753820458053663,0.8158673884181334,0.9846727238947405,0.8809582348273979,0.8809606009768722,0.9802843815510274,0.9829588783178096,0.19116402261773002,0.8794824560564894,0.7943384381230122,0.8539086717935844,0.982666989052639,0.8885787165083715,0.7581470709149023,0.7736418618377585,0.48619296704375975,0.6891290340893363,0.6848488422580317,0.7709758131711069,0.7069537511808668,0.9791448242652339,0.8013176577012395,0.32549126670499456,0.903927509239764,0.8765972163382905,0.4788489751836016,0.9477258727111059,0.99054188392287,0.9741357833476814,0.5549634209122745,0.8324299827687149,0.9079178721374408,0.98069770705999,0.8048882319101098,0.9831957412743243,0.9697533704200353,0.9226140882123837,0.9897326131357509,0.9805056635859333,0.7753614709175033,0.9364636147749207,0.19844905773102042,0.2659164470880131,0.9614378491465958,0.9836052301749373,0.9829931540572266,0.9879870898162928,0.9891504768001947,0.9426957768515493,0.7933082396198687,0.8090777785166983,0.928547660902003,0.8739513929203983,0.9754682837033131,0.4222776822279287,0.6389426970012287,0.9620325158500365,0.9778408584243946,0.9758818473408654,0.9037749050838564,0.8810067284040295,0.8792846003436056,0.8754333767292781,0.90440653466664,0.8754468866114221,0.881111582011974,0.8816399166436066,0.8754117521807273,0.9827761468275228,0.8989389411071872,0.8809121097957567,0.8081581707757559,0.8810677119890963,0.8798709502804299,0.87547631885969,0.01021877030649725,0.2416274330522975,0.9625630070018979,0.8794735237845888
UCSF-PDGM-0254,0.6735239327152113,0.9750343887629231,0.634581034491822,0.8933548513576218,0.830673575820887,0.8763870988134848,0.5889438701575049,0.6922716032934492,0.9884600109186278,0.9050283632804756,0.9806097460290166,0.9782781826406595,0.7754811980163682,0.982258304950628,0.8927157186238308,-0.24750728875067768,0.897631481365911,0.7628799121872387,0.9024429808524917,0.8844401367313043,0.35987881158422785,0.9925657476616389,0.9019829626562568,0.8328843182003054,0.8854460511574801,0.8082289465297227,0.9832728054039123,0.8326573573388923,0.9269079642309817,0.929441775181173,0.8775921515408238,0.64835099853281,0.9046515414516603,0.9708533454701838,0.9034346187338576,0.8177376909730771,0.8920015329979513,0.3813794653331517,0.8377659381454596,0.888778732527449,0.8870145742259625,0.9679475718947218,0.8706670401930126,0.9773799399509575,0.8670824704033296,0.7642469994574549,0.8791113707652509,0.953598087523517,0.8425876144771498,0.5938864831664386,0.9574656394329424,0.8330799069088343,0.8927878096701609,0.9810504042195441,0.8521555449472578,0.8964724467839307,0.9211140142253229,0.472495161765022,0.9841566996444984,0.8703255255416347,0.941738615818284,0.2723685014686219,0.9691480502447707,0.8563558654497102,0.9060235139944876,0.9770739548136329,0.96204281343076,0.9643260195313111,0.8389070064690061,0.9592710225623239,0.8989499001635705,0.5537870951406842,0.974923181222907,0.8382498516505071,0.974811610446337,0.7134177175799877,0.6658156026929736,0.9881690892688368,0.8998782216619491,0.9009084339781539,0.8366595198082512,0.4312996342950257,0.9992764366535154,0.9992743286248329,0.9998902071695466,0.999272514867246,0.999276558003064,0.9993477255794305,0.999268992913674,0.9992590366128463,0.821151159120899,0.9169433190001188,0.8567083828072333,0.8216611972315458,0.9989518414307873,0.9998839404712606,0.9166941762792941,0.917087146735027,0.8749818056982462,1.0,0.9992534658859985,0.9169815317937257,0.9998999308576837,0.9998660235213355,0.8419145811830303,0.9167450282001971,0.9999076096057179,0.9992676772468022,0.9999000147978246,0.9999000583300749,0.9992470906453101,0.9170372625243931,0.9158264073743104,0.9998945595107938,0.9161423332321184,0.9993408864240999,0.864825166201734,0.999895533244552,0.8425015447749356,0.9409228233319494,0.8871561042882157,0.9215172400799231,0.9992756847959728,0.9998226809695756,0.9696875446995916,0.8637491147158312,0.9992629686546454,0.9992633196419087,0.8228546318459983,0.845911862962615,0.17434254292756904,0.9993542435548621,0.8778136632976195,0.9843855229889817,0.8373073511068392,0.9543654819361628,0.7362882187198927,0.9485850490762897,0.6482603513089202,0.9317756889173436,0.7432328269863868,0.9603653005741165,0.6126895099663606,0.9218965984836874,0.9740693721465375,0.6272707119339821,0.9169994341544511,0.9998979710575642,0.7709956156589871,0.8992575903560058,0.8610489875956344,0.8945393870444404,0.6351429430596309,0.7869019234911528,0.879831116939024,0.8299461097478037,0.8271140286797337,0.8961666664899048,0.9429931564065303,0.9054071304640497,0.8559503958119863,0.8864219366244276,0.9686737495012342,0.9235905203154002,0.33785650004232853,0.4882815544360968,0.9061541193938223,0.8536172562336425,0.8441257526793738,0.8728991338377994,0.8858336094780669,0.8748738637168192,0.9193297122130728,0.8912399000902383,0.8941288378489791,0.9938208753916004,0.9103591102124198,0.647864359712132,0.6419564448535819,0.9610018065918589,0.9373602588192339,0.9322160106451087,0.9170607781598866,0.999269340664607,0.9993506970138825,0.9990376621791707,0.9162200083044922,0.9996833942395575,0.9992764619197737,0.9988621826331678,0.9997726496442907,0.829991412759248,0.9349180650076648,0.9992553594037937,0.7397990692671167,0.9992746908180719,0.9990821341343387,0.9995088436051809,0.02825241317229964,0.43312071475435604,0.9550076725809971,0.9158162503591133
UCSF-PDGM-0255,0.6699028013616926,0.9741820160903978,0.6319080903961017,0.8980629654634444,0.8383874755137541,0.8744553645851214,0.590890130838894,0.6978472708748613,0.9883424741743986,0.9095066694170709,0.9838405094637563,0.9768888763520833,0.7789755497123177,0.9847171599152976,0.8974426023567054,-0.234877958524532,0.8996948147493355,0.7610365472789862,0.9062044232717176,0.8894309607354735,0.3643435169201772,0.9936746446086612,0.9058594722062208,0.8405099786557583,0.8777033858518952,0.8061867070224952,0.9860591817285411,0.8403186363175607,0.9348217532429453,0.9345015049442454,0.8844148942661487,0.6556621324095415,0.9049234290821966,0.9721096696281093,0.909489260804196,0.8116061719250927,0.8969926115270509,0.3852850634727302,0.8452173832181621,0.8851601344743767,0.8928455822515741,0.9681005209075374,0.87007908508725,0.9756667887631707,0.8733186593872174,0.7550558992847954,0.8850605299080387,0.9584797124094199,0.8435575683429893,0.5957026140620072,0.9620485226213505,0.8408854115600489,0.8991395433683815,0.9786755193479307,0.8561916592045722,0.9020112034464747,0.9264810520590564,0.46609825631948315,0.9846702296712051,0.8685996323468271,0.9462356154316262,0.2816209340494219,0.9731144404956834,0.8535815681749624,0.9116460853472033,0.9802707110012657,0.9591477851509123,0.9640751947873243,0.8452134122656759,0.9662921855571477,0.9037454136276308,0.5555049002540843,0.9794985861584335,0.8457086295084896,0.9721947487388958,0.7179407168439566,0.6623846200479182,0.9864633765523197,0.9036133921306941,0.9062252457918962,0.8378428652900393,0.4411240928513046,0.9999723981474086,0.9999891283251534,0.999289675722203,0.9999531633492917,0.9999793217474978,0.9998964506488188,0.9999957967627675,0.9999996172097095,0.8292417098116047,0.9154175000288642,0.8640475417389906,0.8297424952030429,0.9994782207298769,0.9992748434999719,0.9153833778224344,0.9156393439764238,0.880901794132509,0.9992534658859985,1.0,0.9154715642140391,0.9993247720020718,0.9992390645696155,0.8495861593945474,0.9154672760935794,0.9990659088731808,0.9999390405435552,0.9993255831526033,0.9993260466356234,0.9998949079288629,0.9155549787801113,0.9144988658203985,0.9993017379897595,0.914629690942934,0.9998986731487945,0.8708517416984534,0.9993048111136611,0.8497687303133032,0.9485532726032034,0.8925431935238932,0.9263536908783051,0.9999852363809749,0.9989443459611396,0.964920918923041,0.8703517616826306,0.9999987518325477,0.9999986427235779,0.8308427967167284,0.8533944149488285,0.17463322995572136,0.9998539572672193,0.8856005776909346,0.9824024399223181,0.8448202778552973,0.9548196417411042,0.7420326725118089,0.9445756471289594,0.6422125232096177,0.9261869802769119,0.7433234271226639,0.9579784389580194,0.621656774615469,0.927384407695929,0.97295236890751,0.6213068188830387,0.9154976367254977,0.9993438699254413,0.7602916103339424,0.9024129802648675,0.8676327416834331,0.89985973405843,0.6406214450836795,0.7936979648568147,0.8821394990545773,0.8378166505748444,0.8296415587700732,0.9027768811843623,0.9476282063553347,0.9076358556143019,0.8628290605258724,0.8915237088268626,0.9656542135246757,0.9280224165769876,0.3466239053481539,0.48990897780702825,0.9092628308558298,0.8610025901300407,0.8516375465899964,0.8796439389334162,0.8924211151775883,0.8771423309432185,0.9207012994990165,0.8967825674541835,0.8949443482760647,0.9936345380551896,0.9163345215133267,0.6382074850053829,0.6428984537840244,0.9646291953252928,0.9421481972725887,0.9384429824502869,0.9155929287954586,0.9999955316106798,0.9998945111503434,0.9979845517120692,0.9145201661448072,0.9987608092210787,0.9999805939723118,0.999366002694266,0.9988768961119455,0.8376946022306613,0.937479080335104,0.9999999596061715,0.7488456596082929,0.999988291498908,0.9994394945798722,0.9985431165358224,0.03912866265569363,0.4401823683226831,0.9590380185817641,0.9155864334438499
UCSF-PDGM-0256,0.6729722806487464,0.8721045525822021,0.6339769003933429,0.8935168616916549,0.8309505922334559,0.8762034303063844,0.38433581412733103,0.6770807652166149,0.901659056439028,0.9652872168511186,0.8988699381002465,0.8657165796642801,0.908468672941884,0.9078037014992087,0.9349867050788755,-0.007903163041926491,0.8976922564471532,0.5734736106473816,0.9025833452642325,0.8846301395399468,0.35939828507441085,0.9137314833054188,0.760596866695896,0.8331645115844417,0.7432576252631032,0.8079962411064338,0.8873781755250811,0.8380270449693386,0.8325987327933387,0.8030286543818074,0.8605104314879053,0.6475877239065139,0.9046316767871352,0.8732320857882998,0.8771740925252637,0.6500270301509986,0.9402874669680548,0.38069663635606676,0.8451513665853441,0.7375084662236557,0.8871937107552792,0.881802662817585,0.87060000869971,0.8629964231931111,0.8875977544893271,0.6097878138928461,0.8793267431357665,0.8949126231541883,0.9434206398498334,0.5931675101954076,0.8495396868819038,0.8294676519843833,0.8701895262934327,0.8881385426296938,0.8519913872132888,0.9448179467377896,0.8873453219722699,0.4719222835517082,0.913588895510865,0.8702630215027253,0.898508377030166,0.4805059865505594,0.8998640289571734,0.8561142910712213,0.87942350662262,0.9025135709255727,0.8515045269037609,0.849021412550581,0.9575043620222046,0.855584311045123,0.9537307712080044,0.6889359414319004,0.8906635083424554,0.8457222807081665,0.8618837062026021,0.8466105097103321,0.488417764577321,0.9004882164936043,0.9811797810023465,0.9736190761716358,0.8364374489588385,0.43044311602901897,0.9154461936000471,0.9154615475509441,0.9166081863366503,0.9154285538502814,0.9154525456606182,0.9157918720501341,0.9154676765039033,0.9154712017798804,0.8206709465377434,0.916910686307108,0.8462760670948563,0.8210482740617029,0.9149934471262522,0.9165948789183206,0.9998945264845784,0.916997522139795,0.9039611738802149,0.9169815317937257,0.9154715642140391,1.0,0.9166394974353035,0.9165626810049916,0.835786988615926,0.9998679786424308,0.9168135075215872,0.9154156061273857,0.9166402162157561,0.9166406267657128,0.915375156575906,0.9999923994056132,0.9994010795369963,0.9166189827389772,0.9994983893015853,0.9157938468079982,0.957169439647837,0.9166217286668796,0.8427672712575737,0.8383417417491488,0.8873295044383711,0.8890616667703353,0.9154579740134176,0.9167035295263857,0.8598912866291674,0.8639681558898394,0.9154703998823546,0.9154702990688968,0.8247424784178562,0.8388085005298913,0.35578481440308035,0.9157532816623186,0.7526045249008517,0.8820240895394571,0.8375844964439206,0.8608145157770364,0.7358840316848695,0.8287297664798807,0.64775635313865,0.7979897489667317,0.888147186657617,0.844834486805103,0.6121738601473545,0.8873046689077951,0.8574974701684223,0.44561485560861636,0.9999993376195712,0.9166562839699061,0.6090579146200685,0.8992926947664595,0.8779481561453717,0.8946921122239943,0.49413674229216104,0.7865624780335173,0.8150942077487949,0.8272106391985383,0.951626460243535,0.8724063273241753,0.9005618559248122,0.9897259079235502,0.8711534015093628,0.8866190477107507,0.8551224424444458,0.8555260643289091,0.15020303491631362,0.30368361471832356,0.9062574549265029,0.8440988865120119,0.83755154261193,0.8568063686629037,0.8662202567186823,0.8748875443959528,0.7881512995890847,0.7664649690420775,0.8941775827276924,0.903256574181755,0.8746263788456373,0.48086227338808124,0.8038671746610672,0.9076671593018343,0.8964486592689015,0.8907109180880182,0.9999824147107765,0.9154674325296149,0.9157901286370762,0.915830290481613,0.999640045030268,0.9165370090710826,0.9154537131025815,0.9148906693995864,0.9166423828126846,0.8347295041336034,0.8470361250880413,0.9154715233363163,0.6556887826504453,0.9154607790445863,0.9153746345341867,0.9163390983876015,0.18735163412058442,0.266094731879143,0.9062367138079954,0.9157560028870343
UCSF-PDGM-0257,0.6749741033263389,0.9768235329239089,0.6361747894858285,0.8952046415388496,0.8331122085016796,0.8773336914740567,0.588011624043016,0.6939758997508301,0.9882009997073296,0.9057378720883994,0.9805187479600256,0.9785775354564339,0.7766396142005855,0.9824477282147016,0.8938927417868863,-0.24746650470714546,0.898875364240274,0.764649641609955,0.9041742402439661,0.886266605057298,0.3611219284655,0.9927805103750793,0.8994889106445664,0.8352997019721392,0.8846404578784687,0.8087543636540673,0.9828641950893058,0.8350679288519307,0.9262411291462815,0.9285879159529516,0.8797096031314476,0.6488953222203402,0.9054691473980981,0.9704691299888902,0.9052736532038764,0.818432987419656,0.8931270685301151,0.38120500972288945,0.8401170994368802,0.8903451227816825,0.8886577987762566,0.9678849018934776,0.8718950985948078,0.9774738647559383,0.8690129171978282,0.7610370669073347,0.8807401432318135,0.9543371185527926,0.8416216133439327,0.595155214449757,0.95656073451445,0.8355487228822926,0.8947583078159493,0.9805514954495105,0.8536133850348924,0.8974807115258361,0.9226872258738434,0.47411190484314325,0.9845047771396545,0.8718078589427526,0.9431094634957227,0.27364258912696754,0.9700701469095299,0.8575903113341896,0.9078883819087328,0.9772421702222353,0.9607881491153669,0.9660332723710356,0.838407003191442,0.9583382748994326,0.8996626082543102,0.552179672420369,0.9761296482873247,0.8405965815517682,0.9758164608633272,0.713262457342921,0.6610174626907473,0.9878903988337323,0.8996017536397348,0.900916152581546,0.8371786298301745,0.43225655515091194,0.9993540971676823,0.9993496232027269,0.9999933940841245,0.9993520976490888,0.9993533643517738,0.9992204327558907,0.99934277920181,0.9993310912557536,0.8236961309703715,0.9166030704327526,0.8590013599908016,0.8242028444915463,0.9990507434368896,0.9999881798257305,0.9165482122581677,0.9167381336063793,0.8766886102473779,0.9998999308576837,0.9993247720020718,0.9166394974353035,1.0,0.9999724574222483,0.8443178991336189,0.9165952179446268,0.9998188430595858,0.9993484252070295,0.9999999945751428,0.9999999865005872,0.9993307919711469,0.9166921154746426,0.91565389466059,0.9999967990742922,0.9157711599599037,0.9992124965865251,0.8644410969670161,0.999997514840939,0.8448242444370264,0.9435067335630116,0.8889283842088814,0.9231416644954923,0.9993516386244672,0.999738274653974,0.9685093913516962,0.8658410571952916,0.9993356263778976,0.9993360351992385,0.825371812811889,0.8482925916171694,0.16829361344204086,0.9992328859556417,0.8765311805887782,0.9835263383744731,0.8396626539101553,0.9550133774726962,0.7384381774029555,0.946910773331725,0.6493527165824041,0.9297959398046315,0.7402518172805449,0.9590057107528728,0.6130132161211927,0.923496422292858,0.9749696289699401,0.6306014929564498,0.9166564803582599,0.9999954523418384,0.7672326817306491,0.9001838226390411,0.8630968369024202,0.8961397530450691,0.6341462415588182,0.7874535023260082,0.8816968486077769,0.832428983560081,0.8248486010779991,0.8980966704219596,0.9443857591889921,0.9049664272492299,0.8580664408069381,0.8883341649762955,0.9675404029718322,0.9238871392962151,0.3407883030040387,0.4854415357168117,0.9079748088453327,0.85590914589924,0.8465043585605094,0.875183782458971,0.8878430262206289,0.8764766102429675,0.9221720307764669,0.8940709666844824,0.8946469624694908,0.993615093451631,0.9133640765863626,0.6485947654986588,0.6377068099608988,0.9620613172708415,0.9388006885249466,0.9335257006135379,0.9167140112329893,0.9993432039748386,0.9992239987580726,0.9989741293654786,0.9158995338981878,0.9996042615050784,0.9993530964287531,0.9989639026826371,0.9996903183104399,0.8324288908726318,0.9344385609502995,0.9993269086815587,0.742379712081235,0.9993501360214093,0.9989780330855532,0.9994348597169879,0.028785783140039267,0.4284762071135411,0.9562104991476164,0.9154467607362979
UCSF-PDGM-0259,0.6741778808008545,0.9766630292349413,0.6353043196969183,0.895424851728666,0.8334981545739278,0.877059574039412,0.5870696346707643,0.6939948806775764,0.9883271624814446,0.90579306531022,0.9805943907881349,0.9783564383605925,0.7760338084056161,0.9825780759162391,0.8940773345269154,-0.24919342928103796,0.8989503375606057,0.7641895817461509,0.9043632882060053,0.8865269001235289,0.3609285989833575,0.9927712596910807,0.8993008080352894,0.8356901304466484,0.8843177497589605,0.8084107909430517,0.9827322553601058,0.835449714557662,0.9264797066853467,0.9286053840551881,0.8800376915586348,0.6477963446520137,0.9054284337959256,0.9704324504989553,0.9055907373831651,0.8177703783982813,0.8932882522214288,0.38022409804157653,0.840506215252218,0.889866049222767,0.8889023581462966,0.9679143089429639,0.8717879179083146,0.9772577756492961,0.8693280562699783,0.7603059808558437,0.8810365544409656,0.9545959456429887,0.841349562670646,0.5941210076961327,0.9563370868263602,0.8359453422900827,0.8950856739032157,0.9806870152122115,0.8533679848114805,0.8976994731666831,0.9229742044711782,0.47328845137381503,0.9847179430833055,0.8717073980685252,0.9433758153582237,0.27235036323398604,0.9702606061013452,0.8572340668648176,0.9082168509287251,0.9772588419410208,0.9606524848951241,0.9658785633380003,0.8383367612648637,0.958374229777357,0.8997465321847504,0.5513899597035805,0.976241473816256,0.8409715732631337,0.975694028415299,0.712667267082532,0.6604203393309824,0.9881057352743063,0.8995452479069254,0.900898233319302,0.8368498259269617,0.4310279665482547,0.999323531822834,0.9992985222316046,0.9999928287782318,0.9993382209918927,0.9993153844814169,0.9991518586062847,0.999278589537228,0.9992518773564418,0.8241024990080484,0.916542810107786,0.8593653032450788,0.82460815429491,0.9992047902015689,0.9999967236739884,0.916446286068351,0.9165964681476173,0.8768795698461574,0.9998660235213355,0.9992390645696155,0.9165626810049916,0.9999724574222483,1.0,0.844698009380195,0.9164587120376785,0.9998858247347308,0.9993446660967645,0.9999716789192967,0.9999712244093648,0.9993526835730793,0.9165864042271074,0.915492698527076,0.9999880353375882,0.9156196961293018,0.9991340773758525,0.8644211525979518,0.999986518830842,0.8451937811968736,0.9435223074323112,0.8891648752649769,0.9235128699727534,0.999306259211202,0.9998441341446864,0.9686439620542945,0.8661433845830215,0.9992616446434752,0.9992625552363098,0.8257752221707062,0.8486714233002406,0.16694463722150807,0.9992175442527774,0.8762096800819277,0.9836511301983092,0.8400486061767204,0.9547894204016573,0.7378523338587002,0.9466161354851215,0.6486245690878546,0.9294214218506037,0.7396181981134833,0.9587633769666632,0.6122681925681746,0.9238021915634249,0.974728242530579,0.6299253074113418,0.9165711337742314,0.9999455266617997,0.7668478803088132,0.9002217992262045,0.8634161882020758,0.8963464410887668,0.6335656701297618,0.7869578215203027,0.8816545364461885,0.8328272468237833,0.8243854554451697,0.8983997134799957,0.944600179098843,0.9048983413845252,0.8584005849583399,0.8886046670507577,0.9673208458903686,0.9238884633485931,0.3395225546236152,0.48437859993912213,0.9081110066543477,0.8562763280545207,0.8468911342320042,0.8755558027432133,0.8881708428782263,0.8764850063156876,0.9219387159271908,0.8937956256481854,0.8947040951620594,0.9935490864047152,0.9136113670822811,0.6478538253284235,0.6369465581315338,0.9622226778029833,0.9390166943324425,0.9338139723128868,0.9165932441555171,0.9992796826424034,0.9991607597175688,0.9992657811003975,0.916021579176167,0.9997571112147275,0.9993136250002065,0.9991424742268389,0.9998146710212621,0.8328186121633817,0.9344511165625428,0.9992433106380697,0.7420932051627068,0.9993003422737602,0.9991171511989114,0.9996335550349641,0.027689525591893114,0.4275423045123242,0.9564184520710614,0.9153470494047083
UCSF-PDGM-0260,0.5117237884889414,0.8226626147759128,0.566374503242499,0.975896949364939,0.9995017836376812,0.8388066198243082,0.3186972683430909,0.7827368510443713,0.874888368288672,0.9398684692310503,0.9021157738162064,0.7910868876967233,0.8116171375527512,0.9136637697477425,0.9721139323714829,-0.04714929026293393,0.9413038503338412,0.4770031240671854,0.9626225160188236,0.9844865448262806,0.4280119426953421,0.8853917808511201,0.6958572692659116,0.9995695886231063,0.604771449127752,0.7261148971412159,0.8647985991074609,0.9995729399046772,0.8621915431358923,0.7833716202154908,0.9975286910243449,0.6994213283917169,0.9038434133763307,0.8586037859853697,0.9917600016083685,0.5042195048880095,0.9663202860522057,0.520207285672994,0.9994316634585695,0.6029919670018535,0.9813243508060066,0.8636453242107531,0.85997046327804,0.796558383973787,0.9942335376500328,0.4347926203731658,0.9864787594361408,0.9508419962083795,0.8170998826625671,0.5208556606792547,0.8188542515964353,0.999853721934944,0.9945705990610023,0.8440518406933343,0.8754938847675078,0.9647950616041908,0.9848042312676826,0.3967068050973522,0.912767673279444,0.8289546398642059,0.9724450692030369,0.2534289395154965,0.9372771167016856,0.7962502036804028,0.9909893826954237,0.9133398557252356,0.7722249707245862,0.8118701092051036,0.7987389940336369,0.8566012768348737,0.9481563257632825,0.5252695658762555,0.9122622323400237,0.9994214453861066,0.7961989028862723,0.6991014497781927,0.3269747903425077,0.8637818547416669,0.8918477781747112,0.9092286728449844,0.8269182509062967,0.4165355759610185,0.8500212174458398,0.8498646813885439,0.844509866005443,0.8501436350385821,0.849965449915741,0.8473212532505681,0.8497615139838107,0.8496398301584887,0.9992753938894519,0.8358955356871102,0.9995970405753516,0.9993095952772828,0.8511361403472832,0.844572165804706,0.8379548090616182,0.835321625618449,0.982371483144918,0.8419145811830303,0.8495861593945474,0.835786988615926,0.8443178991336189,0.844698009380195,1.0,0.8376999847687108,0.8425808740746096,0.8502157577653386,0.8443122335553697,0.844308957636685,0.8503915274880878,0.8355875468345801,0.8422977536339991,0.8444527071714785,0.8399943889617911,0.8472417137136375,0.88426507782678,0.8444369654458925,0.9991464606024641,0.8782487168338811,0.9824877092118396,0.9842967248936214,0.8499089490486327,0.8427960911613014,0.7732877071805249,0.9951774220520019,0.8496826018124336,0.8496866814620515,0.9993579562507444,0.9999682658481504,0.05447352057547184,0.847725481995883,0.7509951468450893,0.8190810698168335,0.9994491824002294,0.8469345719321049,0.7134223232261969,0.7169742619766925,0.4258330905421312,0.6519656847964159,0.5972760601974139,0.7482478243368764,0.6788755604298954,0.9843115473396978,0.7790869744227183,0.30713697746082047,0.8357294331588364,0.8441501544442318,0.41409723526975944,0.9306676398613641,0.9961524569081299,0.9721578886472673,0.48110648693516633,0.7887054499215504,0.8636712568223031,0.99974939280452,0.7145775449367544,0.9934810739945972,0.9715560606094839,0.8668822274484856,0.9971927694946775,0.9838018606731208,0.7505532996605577,0.901104020913733,0.14932437453117312,0.20344131803926271,0.9491190607841238,0.9997426743830296,0.9999836543776978,0.9976450770305803,0.9954809621297741,0.9262887821730797,0.7550963571304506,0.7682642122697187,0.9189194034870805,0.8522561032614814,0.9832578409808177,0.35495299847453093,0.5105774762070208,0.9561720873744985,0.976391982259154,0.977428654771709,0.8354785882435138,0.8497668459666667,0.8473637329396537,0.8435052755632612,0.836814822528434,0.8430253623237636,0.8499541288013915,0.8512446545474373,0.8428903521761936,0.9995487994031927,0.8899421439646937,0.8496036654362398,0.8379850851979559,0.8498748399070329,0.8486514966095932,0.8432164934656214,-0.05065106366493082,0.1739899885825243,0.9613373477592554,0.8412665799515344
UCSF-PDGM-0261,0.6753555573813282,0.8738758326631292,0.6365938955283289,0.8950770077477812,0.8329035698215516,0.8774518195602592,0.3841526067784594,0.678715465301626,0.9010654510823844,0.9660095600357838,0.8985141348722143,0.8660525812783014,0.910564167636268,0.9076757687520166,0.9359905435322678,-0.005363826355116796,0.8988197544531469,0.5754383620340299,0.904061892619077,0.8861192550348866,0.3608619323262429,0.9137880893790811,0.7580496115615817,0.8350887933620588,0.7425602835403005,0.8089083741754788,0.8869281701216191,0.8399658420041233,0.8314510278369093,0.8019019915408518,0.8621792834824823,0.6494276048066466,0.9054708324973318,0.8726897209939274,0.8785605523001986,0.6511958173575924,0.9412784482284645,0.38168415854625093,0.847025329907054,0.7393558802043474,0.8885182114110282,0.8815232136100375,0.871930466501564,0.8631176772834847,0.8891615811016403,0.607155793873368,0.8805749773520556,0.8952094388442108,0.9429317790550862,0.5956564427670588,0.8486824929239062,0.8314311187015146,0.871702002686284,0.8872831273669107,0.8537177425235892,0.9456225771822747,0.8884880677549669,0.474510986689664,0.9135273115214345,0.8718398927565122,0.8994560222730769,0.483687343902916,0.9004067686626558,0.8577496132285828,0.8808215019497229,0.9025005556871578,0.8501872044811056,0.8506823214463252,0.9572714975035247,0.8543957072380464,0.9544124311997634,0.6884946534302883,0.8915584254841685,0.8476088667979481,0.8628069501974713,0.8473810014543726,0.4839985960340318,0.8997665598541108,0.9810865383573282,0.9737488141592118,0.8373247271893897,0.4328576122835499,0.9153821261206876,0.9154197420505613,0.9165346741547491,0.91534639527632,0.9153965159321421,0.9155687251360947,0.9154400604024325,0.9154598737623805,0.8227048287607702,0.9166142311969028,0.8480899734890788,0.8230798475337188,0.9147292813106702,0.9165114962378202,0.9999891132322842,0.9167897030917374,0.9054646350736052,0.9167450282001971,0.9154672760935794,0.9998679786424308,0.9165952179446268,0.9164587120376785,0.8376999847687108,1.0,0.9164673334339921,0.9153224800340486,0.916596774450359,0.9165976687683681,0.9152542256703103,0.9998917616673972,0.9995407829457416,0.9165543543094147,0.9994272469552556,0.9155814108237449,0.9569452678868382,0.9165595191261104,0.8446235121067992,0.8406990625995272,0.8887927966143196,0.8901570702782617,0.915409965890586,0.916315107142686,0.8583278982265097,0.8656732592198262,0.9154533995213476,0.9154527547252269,0.8267562171580873,0.8406985814089676,0.35166220625285904,0.9154722296071027,0.7514586921043411,0.8808042504489303,0.8394538781312957,0.8615369601458894,0.738713895733883,0.8271669699700429,0.6497009007592947,0.7961929205478119,0.8861558263084578,0.8435311947130067,0.6133705214983052,0.8884500610563484,0.8584521398743314,0.44941840281011486,0.9998765808041596,0.9166362596513374,0.6054443382186637,0.9001465521570231,0.879618228815957,0.8960188128429908,0.4935668031594443,0.7876834588191067,0.8168707892591711,0.8291878455401475,0.9501084239190262,0.8739052660653186,0.9015948473666079,0.9894873408289966,0.8728711621691044,0.8881817056444254,0.85402149571063,0.855673011802732,0.15431184672151263,0.3017745963945817,0.9078886195588448,0.8459095306537786,0.8394309710365983,0.8585917921946852,0.8677766124577365,0.8764545093018166,0.7910155875229536,0.7693804867684629,0.8946002957172295,0.9029396268223722,0.8772462411187965,0.48216647824967795,0.8007910943606189,0.9084106233129156,0.8975304611733289,0.8915744408744896,0.9998981309067653,0.9154390918846794,0.9155611776123808,0.9152400723965023,0.9992921221978718,0.9160975327050681,0.9153993003164232,0.9145999260649139,0.9162338665875716,0.8366846884601457,0.8463577003591404,0.9154649483353847,0.6584434043215588,0.9154175564052016,0.914925651029265,0.9158498222046226,0.18947808441518046,0.2622581241373457,0.9070760062713343,0.9154775295962416
UCSF-PDGM-0262,0.6720423769137447,0.9747074859131712,0.6329644089795612,0.8937276808777931,0.8313508373000431,0.8758566051908707,0.5872021606662757,0.6922822276702023,0.9886614571302936,0.9051006199774936,0.9807185928901264,0.9778428627509625,0.7743458454283567,0.982466801733741,0.8930245331981633,-0.25066302723427447,0.8977392366344467,0.7620108101913029,0.9027586662106194,0.8848867030181985,0.3595114993234872,0.9925181829063916,0.9016154102855499,0.8335697644213681,0.8848294190921173,0.8075740630136018,0.9830019118718215,0.8333269881548245,0.9273179264347756,0.9294469896725468,0.8781625817969856,0.6463172774628512,0.9045479434805902,0.9707572745489346,0.9039846044134415,0.8164978349948923,0.8922675833090999,0.3795714262686531,0.8384489463939784,0.8878713325848959,0.887432567526896,0.9679720636876946,0.8704419940204348,0.9769541888011445,0.8676298367174301,0.7628903441899814,0.8796246076465427,0.9540418075986642,0.8420653646646153,0.591971763195667,0.9570284403789094,0.8337765913110639,0.893356717361092,0.9812696453641819,0.8516774742616435,0.8968440365587742,0.921608793531286,0.4709695521809863,0.9845165522309761,0.870112342625302,0.942195347666054,0.2699909526714986,0.969465739109004,0.8556750340517565,0.9065942280963268,0.9770744274292043,0.9617672611025009,0.9640102037382876,0.8387536861691591,0.9593093320147209,0.8990749622776683,0.5523265918129941,0.9750961512511015,0.838906982004055,0.97455585534459,0.7123060549218397,0.6647101720969806,0.988533918876893,0.8997478039229896,0.9008481541955862,0.8360308335535985,0.4290343770504162,0.9991898712205967,0.9991501524246791,0.9998585283029053,0.9992165147494609,0.9991764129235344,0.9991919047115678,0.999120845041688,0.9990833722824285,0.821865926925312,0.9168056184815364,0.8573448097983978,0.8223740170929489,0.9992034015033086,0.9998689451314772,0.9164798157779549,0.9168003478978262,0.8753018729521496,0.9999076096057179,0.9990659088731808,0.9168135075215872,0.9998188430595858,0.9998858247347308,0.8425808740746096,0.9164673334339921,1.0,0.9992302074816335,0.9998175111115012,0.9998167369999961,0.999256600580082,0.9168163155455655,0.9155035562404445,0.9998478651576582,0.9158376552386224,0.9991670345490302,0.8647629785172479,0.9998447504727105,0.8431485968655771,0.9409180558471817,0.8875590832146547,0.9221661935349252,0.9991619875407836,0.9999862785651557,0.9699066112057927,0.8642728259299196,0.9990968868711295,0.9990981568380413,0.8235639781706668,0.8465757326410689,0.17187715800686554,0.9992959176334809,0.8772003305871297,0.9845856580262173,0.8379845712335638,0.9539250270566022,0.7351888473919216,0.9480194671667148,0.6469048994076754,0.9310648503846598,0.7420549314092325,0.9598946009689759,0.6113056076734458,0.9224257250905789,0.973595939321197,0.626007065424644,0.9168157863167274,0.9997758888667807,0.7702740351154004,0.8992980986591049,0.8616040427735198,0.8948878591091726,0.6340619504546003,0.7859690265908669,0.8797234680827016,0.8306458754589647,0.8262445512637594,0.8966909913928411,0.9433546873686597,0.9052556274059771,0.856532580095773,0.8868869849679978,0.9682441112924532,0.923564279658237,0.33552248354397635,0.4863247938584731,0.9063727258530907,0.8542597120250872,0.8448042315616532,0.8735498772423524,0.8864034845492912,0.8748597194858165,0.9188692502134884,0.8907033346291745,0.894205322167365,0.9936700657394818,0.9107789539243164,0.6464861364027981,0.6405519556462635,0.9612661973085873,0.9377247805204517,0.9327132927290477,0.9168122556297682,0.9991224168268441,0.999204647300187,0.9995415616159068,0.9164162232429919,0.9999330585308198,0.9991735850665459,0.9991586623832538,0.9999701190449412,0.8306756121494654,0.9349134434089742,0.9990716656616815,0.7392471133455765,0.9991529087759436,0.9993067093573009,0.9998424793085692,0.02624258329340094,0.43140521907395774,0.9553573321861716,0.9156063742473187
UCSF-PDGM-0263,0.6687536030531619,0.9740031315047767,0.6306469915234966,0.8984540959308116,0.8390250396696598,0.8741003768997235,0.5895302367170601,0.697927031262347,0.988595510713956,0.9096541177941646,0.9840226458394719,0.976621316215127,0.778127902888246,0.9849792924633606,0.8977816546661899,-0.23744696369168736,0.899866778375426,0.7603961114739173,0.9065484714685887,0.8898816688230983,0.36408422320659617,0.9937274562325754,0.9056481308135288,0.8411542632122572,0.8772703293731514,0.805724246563928,0.985932124855966,0.8409500954920139,0.9352509938313901,0.9345975372982703,0.8849684839001669,0.6540783574980295,0.9049214530749988,0.9721213023907533,0.9100273954173665,0.8106627165584002,0.8972972311172651,0.3838554448751304,0.845859861785797,0.8844972454122343,0.8932745710669547,0.9682082365789481,0.8699739783597711,0.9754064341734717,0.8738516520632653,0.7540079777086379,0.8855664238375018,0.9589341966153034,0.843210645620805,0.5942022984481073,0.961786648696765,0.8415391252344055,0.8996925523224617,0.9789389157044378,0.8558861934650152,0.9024028732104172,0.9269748518281442,0.4648908240372446,0.9850526343536201,0.8685024070975864,0.9466990203958888,0.2797265439033922,0.9734664646010671,0.8531012490465641,0.9122006497866254,0.9803643593507565,0.9590063656105464,0.9639052723266933,0.8451742524069146,0.9664208129067829,0.9039357300157994,0.5543701191418892,0.979734393190086,0.8463301223654875,0.9720710047089384,0.7171082837560416,0.6615408318681163,0.9868468105107246,0.9035944531799068,0.9062658366326404,0.8374091905361536,0.4393362537465352,0.9999934774243382,0.9999796557465673,0.9993534625466238,0.9999990708277224,0.9999893701309892,0.999861002265392,0.9999668512289314,0.9999483188267148,0.8299094816514565,0.9153861698137878,0.864653688931959,0.8304087152684426,0.9997739335902757,0.9993521816622056,0.9152900223076146,0.915486917553325,0.8812502087134,0.9992676772468022,0.9999390405435552,0.9154156061273857,0.9993484252070295,0.9993446660967645,0.8502157577653386,0.9153224800340486,0.9992302074816335,1.0,0.9993480862501035,0.9993478855713698,0.9999940276578569,0.9154560377953392,0.9143171953180004,0.9993533282411667,0.9144625431904803,0.999848577395554,0.8708885979942311,0.9993530804615889,0.8503821215976497,0.9486461433310818,0.8929593111477672,0.926972074007521,0.9999842760950346,0.9991664778508694,0.9651795021376962,0.8708657776315682,0.9999552378232478,0.9999558752442139,0.8315061586433751,0.8540221167659934,0.17264490342858868,0.9998977054830297,0.8851931684119251,0.982651200115246,0.8454581024108182,0.9545485511381604,0.7412141628109399,0.9441954969503576,0.6411598748049238,0.925684799262482,0.7424330875182529,0.9576789724133369,0.6206006472597108,0.9279063891447463,0.9726538541238233,0.62032704405593,0.9154289895790446,0.9993342235291992,0.7597583579287657,0.9025320776529819,0.8681719695579556,0.9002320998304046,0.6398083230606684,0.793020992051927,0.8821350859446548,0.8384726851372604,0.8290132867670675,0.903294340411995,0.9480145296759568,0.9075979782619141,0.863390334339771,0.8919897924956841,0.9653879209073445,0.9280913878598919,0.34477009602183084,0.488364638649462,0.9095272881504345,0.8616134298718838,0.8522770097346261,0.8802622858604455,0.8929746406801916,0.8772134347933713,0.9204121694214423,0.8964353718343363,0.8950886686895685,0.9936015444898918,0.9167673467615981,0.6371307885259336,0.6418160111909874,0.9649366307035789,0.9425366755696675,0.938941131423123,0.9154715909445134,0.999967580405855,0.9998670002325766,0.9984830371440895,0.914760003593855,0.999052839751393,0.9999884232955368,0.9996981961295424,0.9991265372475254,0.8383377293972947,0.9375638045387596,0.9999421385025431,0.748477586997114,0.9999807637557984,0.9997130210777967,0.9989033405822644,0.03751364397884322,0.4388374827563882,0.9594148554409937,0.9154982912273717
UCSF-PDGM-0264,0.6749850132884022,0.9768254026172394,0.6361867566742296,0.8952012001210929,0.8331064654132159,0.8773371946687819,0.5880246138466555,0.6939753613470478,0.9881988417399512,0.9057367424614184,0.9805173020226202,0.9785802548563206,0.7766478119221615,0.9824455137693482,0.8938898007540447,-0.2474421713017183,0.8988739597007303,0.7646557985698168,0.9041712326545807,0.8862626045744899,0.3611245001863335,0.9927802510636944,0.8994911979858757,0.8352938951182739,0.8846446401518466,0.8087588684951632,0.9828656615359204,0.8350622433852674,0.9262374177878537,0.9285873068200946,0.879704653777443,0.6489104913996611,0.9054693638742848,0.9704692643706039,0.905268848267922,0.8184419659605524,0.8931244563301051,0.3812186268408878,0.8401113091171694,0.8903514973191927,0.8886540181977381,0.9678841098010607,0.8718962610587911,0.9774765143041444,0.8690081537734436,0.7610470289819186,0.8807356380456433,0.9543331119906434,0.8416251015308739,0.5951694956719314,0.9565634983403611,0.8355428290445844,0.8947533627009451,0.9805492091604798,0.8536164944974904,0.8974772895454927,0.9226828366270572,0.47412327570786233,0.9845013995809825,0.8718089271321803,0.9431053557285614,0.2736606175243848,0.970067093685163,0.8575949748740289,0.9078834161681077,0.9772415531951937,0.9607896764862316,0.9660350649691104,0.8384076603672026,0.9583373946539449,0.8996610777894588,0.5521905391526098,0.9761276962666435,0.8405909892678972,0.9758177966431427,0.7132705309233948,0.6610255838796075,0.9878869894863085,0.8996021940493492,0.9009160509367445,0.8371829162579966,0.43227362826327576,0.9993541344188195,0.999349948661476,0.9999930100511589,0.9993519006847513,0.999353505661855,0.9992210034914203,0.9993432883556251,0.9993318112707564,0.8236901049620284,0.9166035568719426,0.8589959155516463,0.8241968331363051,0.9990481898807649,0.9999876679530008,0.916549283475623,0.9167397624674741,0.8766855866027791,0.9999000147978246,0.9993255831526033,0.9166402162157561,0.9999999945751428,0.9999716789192967,0.8443122335553697,0.916596774450359,0.9998175111115012,0.9993480862501035,1.0,0.9999999981909146,0.9993300930279466,0.9166932397568288,0.9156557980486075,0.9999965301003148,0.9157729267146094,0.9992132054950092,0.8644410380405416,0.999997277195371,0.8448187270531897,0.9435061451669201,0.8889247167585083,0.9231360929941294,0.9993518837836095,0.9997363971093962,0.9685071231023203,0.8658364748188976,0.9993362729606583,0.999336674739761,0.8253658276701085,0.8482869424248756,0.16831247959165704,0.9992327095991161,0.8765353490925858,0.9835242014799275,0.8396569081671846,0.9550161462471382,0.7384461099394642,0.9469145372467039,0.6493626811928462,0.9298008315000658,0.74026041960991,0.9590087358692091,0.6130234318215049,0.9234917690124589,0.9749726345334351,0.6306107356603303,0.9166573188479209,0.9999957610528991,0.767237781468524,0.9001829368147717,0.8630920166807355,0.8961365010364228,0.6341541409834199,0.7874601502671571,0.881697096836849,0.8324230678746302,0.8248547777487334,0.8980920653583286,0.9443823797570399,0.9049670280766349,0.8580614149477367,0.8883300204335006,0.9675431050847083,0.9238867585784942,0.3408059334855378,0.48545626313892565,0.9079725414881399,0.8559036572160008,0.8464985985797797,0.8751782183202722,0.8878380774927043,0.8764761488569273,0.9221749437548143,0.894074480491264,0.8946458099704349,0.9936156303564526,0.9133602479939402,0.6486049099441366,0.6377172297022948,0.9620586755688615,0.9387972890249974,0.9335212889704494,0.9167153468066201,0.9993437037488248,0.9992244946169765,0.9989696446317347,0.9158974620574858,0.9996017245319796,0.999353258672112,0.9989610049691916,0.9996881812428124,0.8324230950689591,0.9344380184681776,0.999327690227176,0.7423834420531511,0.999350443133818,0.9989756890730763,0.9994316793931994,0.028801157209324114,0.42848914595692544,0.9562072058412124,0.9154478013012104
UCSF-PDGM-0265,0.6749913102147588,0.976826477496527,0.6361936643171684,0.8951992083544609,0.8331031447894722,0.8773392133506818,0.5880321122653063,0.6939750470012596,0.9881975906779741,0.9057360856508102,0.9805164621801794,0.978581820413696,0.7766525420871705,0.9824442301210206,0.8938880979551244,-0.24742811807497103,0.8988731441681067,0.7646593502992934,0.9041694913699183,0.8862602900043173,0.36112598351367436,0.9927800964109579,0.8994925144298138,0.8352905376606099,0.8846470509505506,0.8087614659446104,0.9828665035192905,0.835058956027175,0.9262352699830733,0.9285869504704181,0.8797017912875302,0.6489192480587223,0.9054694844098321,0.970469337177189,0.905266069049908,0.8184471468249257,0.8931229434286613,0.3812264885417168,0.8401079611838073,0.8903551740737877,0.8886518306056156,0.9678836476020836,0.8718969280472996,0.9774780395291722,0.8690053987066381,0.7610527780988985,0.8807330320477448,0.9543307935733932,0.8416271117225929,0.5951777398209405,0.9565650896615872,0.835539421354443,0.8947505025845932,0.980547884033387,0.8536182859250107,0.897475308992289,0.9226802973742956,0.4741298397879406,0.9844994442502552,0.8718095396796479,0.9431029789231387,0.2736710271731334,0.9700653257216615,0.8575976637271546,0.9078805440760294,0.9772411920463596,0.9607905537611052,0.9660360953809153,0.8384080357284225,0.9583368815956953,0.8996601895338625,0.5521968117215273,0.9761265641939868,0.8405877556934861,0.9758185632041527,0.7132751897128594,0.6610302704200487,0.9878850157815482,0.8996024439304972,0.9009159877869525,0.8371853874381376,0.43228348547217826,0.9993541509918995,0.9993501316681039,0.9999927833388216,0.9993517820035812,0.9993535823266789,0.9992213281406062,0.9993435774421273,0.9993322221249918,0.8236866210048402,0.9166038332501355,0.8589927672633378,0.8241933576384551,0.9990467103214127,0.999987367416051,0.9165498975506106,0.9167406985683997,0.8766838361824149,0.9999000583300749,0.9993260466356234,0.9166406267657128,0.9999999865005872,0.9999712244093648,0.844308957636685,0.9165976687683681,0.9998167369999961,0.9993478855713698,0.9999999981909146,1.0,0.9993296844651833,0.9166938844748145,0.9156568926881211,0.9999963698319829,0.9157739424508261,0.9992136099360618,0.8644409997398921,0.9999971350184997,0.8448155367110006,0.9435058007185413,0.888922594494052,0.9231328710132343,0.9993520204189793,0.9997353079283734,0.9685058084522395,0.8658338243189796,0.9993366414093745,0.9993370391217382,0.8253623673041758,0.8482836759490757,0.1683233735444001,0.9992326028190908,0.8765377519797419,0.9835229626101469,0.8396535859781504,0.9550177404336777,0.7384506871547427,0.9469167061449505,0.6493684323261523,0.9298036517511773,0.7402653836067964,0.9590104780677976,0.6130293281332444,0.9234890772821225,0.9749743653617993,0.6306160700012179,0.9166577985272162,0.9999959343849156,0.767240722662905,0.900182420822288,0.8630892288439805,0.8961346186447445,0.634158699592696,0.7874639854147825,0.8816972358264642,0.8324196475833175,0.824858340563311,0.8980894015976314,0.9443804235427956,0.9049673705690001,0.8580585083847203,0.8883276226616522,0.9675446607137608,0.9238865341567408,0.3408161130148164,0.4854647655007232,0.907971227652426,0.8559004833929927,0.846495268134944,0.8751750008281521,0.8878352153241447,0.8764758780852967,0.9221766213782182,0.8940765052186797,0.8946451400065181,0.9936159354968529,0.9133580325527554,0.6486107649319462,0.6377232437212194,0.9620571452900212,0.9387953212495285,0.9335187367307566,0.9167161135406369,0.999343987418681,0.9992247760265484,0.9989670498603691,0.9158962610890614,0.9996002545462229,0.9993533474254422,0.9989593266670224,0.9996869421932013,0.832419744006724,0.934437700578915,0.9993281366140017,0.7423855923607849,0.9993506155458373,0.9989743305209088,0.9994298378874759,0.02881003525228115,0.4284966157355504,0.956205299304133,0.9154483976804749
UCSF-PDGM-0266,0.66837713841368,0.9739227369618669,0.6302364556185409,0.8985540143649082,0.839203583124019,0.8739673632699815,0.5890898070508713,0.6979345117007906,0.9886499460773622,0.9096774807785605,0.9840550033304469,0.9765130997723481,0.7778430866012953,0.9850366655634601,0.8978652889796409,-0.23824513835802968,0.8998980600746229,0.7601765984803619,0.906633449905964,0.8900004503960756,0.3639939402743896,0.9937190906875454,0.9055592894902343,0.8413348568730958,0.8771128000378814,0.8055593059597028,0.9858676540289201,0.8411266797991995,0.9353619192206609,0.9346041816562665,0.885119591484162,0.6535662338380475,0.9048981633494348,0.9721005887677788,0.9101730376232724,0.8103470961677218,0.8973700997926928,0.3833983435935074,0.846039772264141,0.8842675951961456,0.893386469294299,0.9682176958713842,0.8699192832681044,0.97530050357346,0.8739965911127374,0.7536610777681586,0.8857025872239926,0.9590524301601528,0.8430809302905234,0.5937177984454759,0.9616805837500102,0.8417226606583563,0.8998431092623659,0.9789968357198336,0.8557691370079876,0.9025028615198891,0.9271061922100102,0.46450123902389256,0.9851476519584277,0.868450215852524,0.9468203527552858,0.27912657339516844,0.973552263062327,0.8529295315583185,0.912351380240104,0.9803691108849888,0.9589380737070297,0.9638279359997595,0.8451408206369896,0.9664368625376641,0.9039726543667321,0.5540010329015105,0.9797836575504765,0.8465034523317305,0.9720079180996944,0.716829758255048,0.6612601442582782,0.9869421053389499,0.9035658871344655,0.906255837061318,0.8372524663255388,0.4387656360048367,0.9999750223634203,0.999951638005441,0.9993483913958827,0.9999883870940524,0.9999674623965588,0.9998248568185861,0.9999327385851287,0.99990720998907,0.830097708777551,0.9153534297619585,0.8648217564920829,0.8305964441666933,0.9998414469994334,0.9993513522434528,0.9152378701454326,0.9154162706922432,0.8813371876747353,0.9992470906453101,0.9998949079288629,0.915375156575906,0.9993307919711469,0.9993526835730793,0.8503915274880878,0.9152542256703103,0.999256600580082,0.9999940276578569,0.9993300930279466,0.9993296844651833,1.0,0.9154021331677746,0.9142374240823802,0.9993444394483869,0.9143873140747223,0.9998078474915087,0.8708783157887098,0.9993431522000848,0.8505528141775206,0.9486514461063655,0.8930671884658732,0.927142410256537,0.999958922668142,0.999210974922757,0.9652362603110244,0.8710048515876148,0.9999165653965707,0.9999174364726633,0.8316929654220178,0.8541971974874674,0.17201821266613027,0.9998863484187908,0.8850434684056059,0.9827044458650187,0.8456365662036996,0.9544397826196819,0.740939391534433,0.944052851106688,0.6408143225321967,0.9255044203390574,0.7421358022486837,0.9575612435232428,0.6202545211169319,0.9280465273271071,0.9725360479747973,0.6200048238482779,0.915384567893732,0.9993061675516337,0.7595724103545931,0.9025467449336149,0.8683190025793609,0.9003261001884592,0.6395377787245252,0.7927892252647589,0.8821116042547201,0.8386570238459032,0.8287958620785904,0.9034336797069684,0.9481117017770525,0.907563384012185,0.8635443877490471,0.8921133339590629,0.9652803826434481,0.928089724840841,0.34418119815110104,0.4878690104280685,0.9095872792360283,0.8617830424135704,0.8524558155860228,0.8804337810094542,0.8931255276102497,0.8772137139461826,0.9202986095998346,0.8963042376324964,0.8951114175028071,0.9935663242446313,0.9168798572593742,0.6367778099147217,0.6414611166105889,0.965008686161678,0.9426346594372568,0.939073533353759,0.9154106754914013,0.9999337789783888,0.9998333391390802,0.9986140526719315,0.9148121573330092,0.9991192186213318,0.9999658209974862,0.9997771302091993,0.999179645980266,0.8385180313472065,0.9375668350216279,0.999898988145044,0.7483436249171146,0.999953354739241,0.9997735914668151,0.9989910684282315,0.03700718766290076,0.4384055262553878,0.9595087725727338,0.9154477656602181
UCSF-PDGM-0268,0.6733879065215767,0.8722381784814237,0.6344318067555916,0.8933975593893186,0.8307448386027089,0.876343459181534,0.38493306379675574,0.6770760285464618,0.9016326879233483,0.9652227206557,0.8988675933830215,0.8658862340120766,0.908714362655605,0.9077689912225908,0.9348639092869996,-0.007119551945549833,0.8976489250668763,0.5738104532501251,0.9024803075863694,0.8844898110268673,0.3594988390516918,0.9137722973718763,0.7607631094946186,0.8329563797595341,0.7434959061621024,0.80817289160201,0.8874919830454584,0.8378208084223662,0.8325173452704276,0.8030799026148427,0.8603436573464225,0.6481620734130042,0.9046488697876566,0.8732968520896539,0.8770175839312934,0.6504581242277618,0.9401738172459014,0.38120994969219596,0.8449401790605693,0.7378347557207308,0.8870615420762196,0.8818269575400712,0.8706525065595647,0.8631642927099276,0.887418226996246,0.6102462492969036,0.8791673655377616,0.8948027050520184,0.9435063547079188,0.5937084809848272,0.8497077622020185,0.8292583161141065,0.870025841004316,0.8881103470841106,0.8521167152376401,0.9446739537745636,0.8872082885918191,0.4723533276847084,0.9135087593648579,0.8703121214024357,0.898386873544713,0.48107568565738956,0.8997955194898655,0.8562977179473413,0.879261197051216,0.9025386126592011,0.8516275621115346,0.8491584300835299,0.9574751644000979,0.8556138678596605,0.9536540661791375,0.6892767727174531,0.8906441703984259,0.8455184586583911,0.862002130387336,0.846850161037908,0.48881745651327607,0.9004154784463253,0.9811625288058287,0.9735861641811643,0.8366061918893137,0.43108688034369835,0.9155006859822276,0.9155268111764141,0.9166466537602675,0.9154742925491705,0.9155109271063483,0.9158660715661876,0.9155398051913112,0.9155512105793967,0.8204549671961403,0.9169374906614622,0.8460872148633346,0.820832914864898,0.9149510944718817,0.916628568126665,0.9999001167154986,0.9170670897377431,0.903842295174449,0.9170372625243931,0.9155549787801113,0.9999923994056132,0.9166921154746426,0.9165864042271074,0.8355875468345801,0.9998917616673972,0.9168163155455655,0.9154560377953392,0.9166932397568288,0.9166938844748145,0.9154021331677746,1.0,0.9994375839145502,0.9166617506079309,0.9995297938324971,0.9158732100252006,0.9571273854599747,0.9166656674554621,0.8425700187421996,0.8383833256260252,0.8872016403093027,0.8888797558918659,0.9155202366257613,0.9166859417903904,0.8598720597683691,0.8638059866174282,0.9155476644637536,0.9155473004751651,0.8245268006524015,0.8386102043620249,0.3563948978555594,0.9157995597752205,0.7528331549499977,0.8820062276788859,0.8373786628539679,0.8609761078583346,0.7361891684763759,0.8289409529062154,0.648136158849095,0.7982500311462689,0.8883993273725991,0.8450160704355539,0.6125623185092907,0.8871582070136428,0.857680187918397,0.4460626391590686,0.9999962245525502,0.9167206424236868,0.6093381075680901,0.8992686290387797,0.877768384694616,0.894579779871114,0.49451096985288323,0.7868191651154357,0.8151464874248765,0.8270000085090782,0.951799626558053,0.8722559769550601,0.90046720769164,0.9897130572275258,0.8709668047834673,0.8864733906375298,0.8552911146634309,0.8555561316917558,0.15096473061671373,0.3043335126266918,0.9061822106078317,0.8439078747559474,0.8373488091658692,0.8566161263007656,0.866054841418381,0.8748794919241097,0.7883386360572093,0.7666711844971443,0.8941432691417569,0.9033330505353434,0.8745119919570405,0.4813350089892958,0.8041768443792094,0.9076057629169042,0.896352443123113,0.8905770282970663,0.9999979362713625,0.9155392106775541,0.9158615298783864,0.9157152195587465,0.9995278456625485,0.9164947683225673,0.9155128768950977,0.9148354495836574,0.9166150929500729,0.8345194564460192,0.84707012266567,0.915553831560853,0.6558804025715134,0.915525357020558,0.9153398844826075,0.9162728036697937,0.18784475748412852,0.2666671212759068,0.9061485917814365,0.9158035246588424
UCSF-PDGM-0269,0.6722661405223377,0.8751689206731388,0.6279198361424658,0.897728837138469,0.8376342111834761,0.8800448842663239,0.3936839981592307,0.68251060565692,0.903440034348611,0.9682481590410024,0.9008538658766976,0.8678180518786889,0.9199379953542237,0.9099728698293372,0.9394141215430077,0.0004350577320283734,0.8993705847111635,0.5794683462875674,0.9059595335146358,0.8896182321499612,0.36338371948362214,0.9140468571372227,0.7607130567512922,0.8397482164850785,0.7474396465763924,0.8039471133507605,0.8889669103776834,0.8446678078934121,0.8341695889793588,0.804185573105779,0.8662421395985227,0.6511879817841363,0.9085261529581391,0.8764495235492229,0.8822120612371113,0.6549826713745981,0.9447699974062171,0.38728688558427476,0.8516170020867323,0.7394623053884831,0.8913544632272361,0.8840724032999012,0.8735721178695818,0.865854563457243,0.8932013595196447,0.6107898925910625,0.8842887445567087,0.8980584307907435,0.9464281871060066,0.5902396723678301,0.8508323446298174,0.8361804605570472,0.8755803305984254,0.8900440998353736,0.8528905521710953,0.9477395231039711,0.8919606773641279,0.4772136178409228,0.9157741739567758,0.8694761839314472,0.9025922207982261,0.4869981456555206,0.903165178565847,0.8542665240934708,0.8844426545199803,0.9049314458556806,0.8524775934151814,0.8525472958264062,0.9572953782089345,0.8532031054784144,0.9565554673244653,0.694195551049673,0.8937861617662979,0.8521868660332081,0.8649271037437953,0.843612092519055,0.4909356581360434,0.9021082275551642,0.9827660981887816,0.9739370313661202,0.8337443372196232,0.4384645874852704,0.9143888899456232,0.9144357448659868,0.9155812525744844,0.9143456565291255,0.9144066146672449,0.9146127375334605,0.9144619558517604,0.9144885371027914,0.8276385958460659,0.9156709067798788,0.8524421118657891,0.8280056390769815,0.9136533342336154,0.9155539923885262,0.9995146513042317,0.9158829180355436,0.9090604565032426,0.9158264073743104,0.9144988658203985,0.9994010795369963,0.91565389466059,0.915492698527076,0.8422977536339991,0.9995407829457416,0.9155035562404445,0.9143171953180004,0.9156557980486075,0.9156568926881211,0.9142374240823802,0.9994375839145502,1.0,0.9156046080856518,0.9998984460923619,0.914629854590023,0.9564020014560032,0.9156107738320581,0.8490506178234679,0.8414961230907334,0.891584003280109,0.8935017334761093,0.9144233937989537,0.9153339748993925,0.8608121740618015,0.869450715707849,0.9144797054865239,0.91447883464132,0.8316492060906083,0.8452509079112497,0.35927796123834294,0.9144923115812436,0.7544490296707986,0.8828188708455691,0.8439992333580212,0.8647352695792168,0.7390101945665389,0.828536144788273,0.6412930089168812,0.798276209639351,0.8800776388647175,0.8464436898298879,0.607828116842432,0.8919710615304862,0.8592312201427933,0.4530235273504565,0.9994134364279001,0.9157049839146023,0.6090283344544545,0.9032756395739195,0.8836421708734997,0.8980664179224196,0.49638596190966744,0.7892624349571031,0.8198684142372507,0.8339919941521652,0.9474791939906951,0.8774893956064989,0.9042110732448959,0.9893602941425731,0.8770488085260659,0.8910928119169289,0.8556389065875817,0.8591312017301368,0.15826396704360596,0.3085024019363838,0.9091309109824471,0.8503708448231677,0.8440224114327984,0.862706065797918,0.8715920793244609,0.8760207397232318,0.7914967869483518,0.7684148152539173,0.8944780924356686,0.9035507707800476,0.8804763579071824,0.4873401401722712,0.8029508281288212,0.9110794429297796,0.9007358646893646,0.8944844512183829,0.9994505847127652,0.9144606863696784,0.9146027893447277,0.9141763565946947,0.9987378778326401,0.9150954582488114,0.9144100700469755,0.9135130381622731,0.9152444879696295,0.8414249073253557,0.8492172573388922,0.9144955873569316,0.6559682512661009,0.9144329708702458,0.9138765836105842,0.9148273517546698,0.17984145567905552,0.26600584777594943,0.9093909058890383,0.914498676349302
UCSF-PDGM-0272,0.674706841231847,0.9767748609625775,0.635881975736924,0.8952852531649383,0.8332489366762598,0.8772456718918753,0.5876941305807613,0.6939866652402398,0.9882501252619121,0.9057622931719672,0.9805506032807438,0.978508217527302,0.7764378960007932,0.9824982448430788,0.8939612029938991,-0.2480567598709674,0.8989064860633177,0.764497535272445,0.9042442839030208,0.8863608266547386,0.3610582555853947,0.9927835006376133,0.8994303513783157,0.835437971774349,0.8845359185251653,0.8086422417517892,0.9828252982149106,0.8352032508242947,0.9263281944342286,0.9285996176224898,0.8798268955002879,0.6485246868920616,0.9054608713431731,0.97046263145572,0.9053873523334929,0.8182121631445984,0.8931875446491654,0.38087296746562616,0.8402549515549426,0.8901873123856885,0.8887466707352747,0.9679009168471401,0.8718639555535734,0.977406247263989,0.8691257288209344,0.7607925430142994,0.880846642937435,0.9544312609641797,0.8415340773317282,0.5948063274839863,0.9564904108133684,0.8356891047689133,0.8948754470629036,0.980603763543805,0.8535350086062761,0.8975608434145481,0.922790769512441,0.47383411642983625,0.9845835399616264,0.8717790062044274,0.9432061016845869,0.2732037514723483,0.970141079471256,0.8574741717437832,0.9080059784116182,0.9772539014984337,0.9607478459100091,0.9659865090822229,0.8383882456529117,0.9583564629850366,0.899696786290579,0.5519138696534571,0.9761738114450511,0.8407296216065163,0.9757807614888035,0.7130639658571433,0.660817988872147,0.9879699225492878,0.899588057598461,0.9009156191399766,0.8370717186495477,0.43184039360060444,0.999349861757001,0.9993383869896778,0.9999993899055588,0.9993535515456773,0.9993466012599357,0.9992032389839036,0.9993270808962821,0.9993102709848148,0.8238397628995059,0.9165881996321704,0.8591307474293006,0.8243461187951809,0.9991094420323435,0.9999972810052495,0.9165191368601944,0.9166955119192538,0.8767591355031027,0.9998945595107938,0.9993017379897595,0.9166189827389772,0.9999967990742922,0.9999880353375882,0.8444527071714785,0.9165543543094147,0.9998478651576582,0.9993533282411667,0.9999965301003148,0.9999963698319829,0.9993444394483869,0.9166617506079309,0.9156046080856518,1.0,0.9157251919378899,0.999191946497964,0.8644396474200111,0.9999999547695446,0.8449554510143023,0.9435178817982642,0.889014507283619,0.9232739246267581,0.999342352953027,0.9997805500409438,0.9685612613795723,0.8659494815737695,0.9993165898258161,0.9993171697079798,0.8255144464716032,0.8484269883792456,0.167834777143635,0.9992338396675919,0.8764270027362847,0.9835749676305942,0.8397994247343882,0.9549429387243173,0.7382430280964488,0.9468161887448966,0.6491085033016007,0.929674017473727,0.7400403920700499,0.9589290319283731,0.6127630247544875,0.9236063768441525,0.9748933718982558,0.6303748779154216,0.9166330577629943,0.9999846207925689,0.7671062476398558,0.9002023400495318,0.863211047898603,0.8962157606402419,0.6339522441435204,0.787289393621244,0.8816878804731861,0.8325699065448091,0.8246958153209075,0.8982055383951509,0.94446470121926,0.904948816639381,0.8581856636847073,0.8884318790274118,0.9674715417428986,0.9238933082267661,0.34035890730174917,0.48508217580348034,0.9080268589449142,0.8560396183710165,0.8466414524311241,0.8753160235738746,0.8879602762751778,0.8764848966832782,0.9220981986383053,0.8939826335457588,0.8946719760986247,0.993598740138322,0.9134540325068673,0.6483461863921395,0.6374515799598238,0.9621222802815932,0.938880136637941,0.9336297521566947,0.9166785138376197,0.999327733512216,0.9992086237935283,0.999079738225176,0.9159468083189022,0.9996625554394895,0.999345824850019,0.9990309614525971,0.999738897901176,0.8325669018234659,0.9344486241162004,0.9993045937916252,0.7422866336420885,0.999339345455454,0.9990316419231747,0.9995087817720626,0.02841223749292331,0.428160483204593,0.9562873097039829,0.9154184335864528
UCSF-PDGM-0274,0.6705864019244785,0.8735966318352831,0.6260894971852273,0.895923872913197,0.8352793946498666,0.8790059848551739,0.3948744755682018,0.6808323425939043,0.9039634598380177,0.9673806591277878,0.901180183206224,0.8677507804058736,0.918212350111157,0.9100135307919504,0.9381594497374225,-0.0007682361926796443,0.8981386766891194,0.5780553166113168,0.9042667947613084,0.8878459758595629,0.36207186993337753,0.9140389296759847,0.7635393495062541,0.837418252122167,0.7485256164604414,0.8033321530762421,0.8895914833336844,0.8423263211959258,0.8351550288853302,0.8053828912203741,0.8642420900496064,0.6503188567035801,0.9076827824630112,0.8770771931417135,0.8805146010766383,0.6545332110816986,0.9435438882302286,0.38716443486632013,0.8493322145844031,0.7381556071664244,0.8897636953176007,0.8843682033986914,0.8723008261074293,0.8659975810551598,0.891284124385559,0.6142116142825633,0.8827250681986806,0.8975396900024795,0.9470376264282137,0.588680295357067,0.8519615672994213,0.8338088367984603,0.8737431895774118,0.8908268982585097,0.8513551657537832,0.9466515259242368,0.8905424883022601,0.47534327485169353,0.9156689396784897,0.8679619763301525,0.9013979411084009,0.4847716392646856,0.9024714308762953,0.8529310063385109,0.8827235124304935,0.9049604491797226,0.8539906052395301,0.851090909933432,0.9574561305052828,0.8544330440292778,0.9557081291795949,0.6952018240223311,0.8928256049190928,0.8499022456276888,0.8641791331208889,0.8432452542466011,0.4960461340046391,0.902679722424317,0.9828022448226502,0.9737258479331425,0.8331361995524482,0.4371333268643302,0.914529489219501,0.9145727050615303,0.915703284989078,0.9144892123494573,0.9145459001564459,0.9149475497040147,0.9145965960420956,0.9146205136482871,0.8251842910502017,0.9159967733448998,0.8502572666062729,0.8255547495122014,0.9138265980605638,0.9156776341043645,0.9994070924246219,0.9161940822370205,0.9073104442869037,0.9161423332321184,0.914629690942934,0.9994983893015853,0.9157711599599037,0.9156196961293018,0.8399943889617911,0.9994272469552556,0.9158376552386224,0.9144625431904803,0.9157729267146094,0.9157739424508261,0.9143873140747223,0.9995297938324971,0.9998984460923619,0.9157251919378899,1.0,0.9149628834958781,0.9565331410047292,0.9157309632431038,0.8468084394446405,0.8391762076354926,0.8898612843523883,0.892053240005542,0.9145613680129646,0.9156750610744884,0.8623239656426006,0.8674229251293578,0.9146126097098419,0.9146118278263473,0.8292156980150297,0.842972635624341,0.3644581858423531,0.9148367553168982,0.7559740640410312,0.8839883077036665,0.8417286870844676,0.8642615837997417,0.7366781826967223,0.830452667920285,0.6400069629589278,0.8005124459981814,0.8825151960486335,0.8480431165913004,0.607302352496326,0.8905336486843958,0.858567423084945,0.4499588711211091,0.9995092408218386,0.915818292702972,0.6131266217493887,0.9023455009386117,0.8816179363686718,0.896509960605143,0.49759215515486366,0.7885598220578112,0.8181457578929411,0.8316042020014518,0.9492923343526335,0.8756898509486537,0.9029791273867415,0.9895549230581394,0.8749644672279472,0.8892388506325625,0.8570155968624149,0.8590064356626904,0.15544544733366059,0.3115296027785466,0.9073348187755277,0.8481852730815808,0.8417470417602906,0.860547834751154,0.8697080596401563,0.8744115716957022,0.7889231174444109,0.7658269415391961,0.8939725451656931,0.9039799486420412,0.8776131720454058,0.48682730951506714,0.8065592414077426,0.9101962984802386,0.899450609541067,0.8933539713451567,0.999540136655,0.9145954450346404,0.9149385676239091,0.9145507115145124,0.9988702403731533,0.9154449777750615,0.9145490912283877,0.9136906345087398,0.9155888946706341,0.8390602730037303,0.8499311660525868,0.9146267865252202,0.6535234078151707,0.9145701627496308,0.9142488732811686,0.9151850867592566,0.17858410275471606,0.27084529854285616,0.9083658015493583,0.9148426914759018
UCSF-PDGM-0277,0.6682577416968049,0.9723434296827115,0.6300984005602587,0.8962423541633222,0.8360089928003952,0.8734377852994482,0.5915847387907422,0.6961221627150392,0.9886270272936285,0.90879006974109,0.9839349625994461,0.9765314997404066,0.7776497743670677,0.9845458222054326,0.8962881527942136,-0.23537606433448124,0.8984536316251824,0.7591479916579424,0.9044976092142427,0.8876428783032263,0.36303420845071493,0.9934472262327407,0.9082987734160974,0.8381561488411711,0.8784476381325678,0.8055753728406343,0.9864224906438998,0.8379674152174817,0.9355214600711902,0.9353423402997828,0.8823465560862429,0.6548216880703595,0.9040863590291796,0.9724761835552684,0.907699476833261,0.8107571857720682,0.8958833472272432,0.3852058677004403,0.8429281076922981,0.8834749353555058,0.8912351537150581,0.9681637212314406,0.8688164838130876,0.9755176335301359,0.8714364329841904,0.7581167886706058,0.8834770665883054,0.9577820850459424,0.8444515886240267,0.5941667470618728,0.9628824609917281,0.8384790017904271,0.8972196497837314,0.979209289863319,0.8546520179649898,0.9010322038209541,0.9249523287025018,0.4642883500035865,0.984365386966109,0.867086701490513,0.9449070961767175,0.2799980709035261,0.9722187627875495,0.8522574686333764,0.9098343479859337,0.9800907373318186,0.9603747111352513,0.9623186118723585,0.845674880689478,0.9672111289412655,0.9030318326151923,0.5569151517396176,0.9782965870711035,0.8434203069331047,0.9711572028477786,0.7179330986641453,0.6670566595896572,0.9867939353720652,0.903860614618455,0.9061924903800046,0.8372324507399791,0.43983242939183675,0.9998783801505474,0.999892387836059,0.9991809688752126,0.999861358347542,0.999884320697119,0.9999991201140167,0.9998973214112918,0.9998991507913122,0.8267605889793399,0.9157421016766989,0.8618106374468453,0.8272644717982591,0.9994087084475304,0.9991673419410972,0.9155022391134465,0.9159525270034505,0.8792142484828658,0.9993408864240999,0.9998986731487945,0.9157938468079982,0.9992124965865251,0.9991340773758525,0.8472417137136375,0.9155814108237449,0.9991670345490302,0.999848577395554,0.9992132054950092,0.9992136099360618,0.9998078474915087,0.9158732100252006,0.914629854590023,0.999191946497964,0.9149628834958781,1.0,0.87120984779106,0.9991947243171221,0.8475036732131848,0.9459375498412104,0.89080252376669,0.9247957302729769,0.9998892543530622,0.9990507484043152,0.9661425481682073,0.8683033838304197,0.9998989787580679,0.9998989361440411,0.8283890998711839,0.8510728096841581,0.18036852653293714,0.9999638828593639,0.8867810330450692,0.9832939276486337,0.8425259046824771,0.9541069893096775,0.7397111206466167,0.9461876460762656,0.6409499804756019,0.9280902687944577,0.7461532774997199,0.9592830469348065,0.6211203106311226,0.9258332649180955,0.9719864285897042,0.617811244455276,0.9158187238313582,0.9992286347500847,0.7639964692583266,0.9014783885584443,0.8656328523461014,0.8982843507762283,0.6414595033279499,0.7929989242726145,0.8802450782421019,0.8353963836086907,0.8317881282357981,0.9008909074006914,0.9462647173037161,0.9080490977697487,0.8607636125677971,0.8896517768372658,0.9667391157389352,0.9277068218151935,0.3433453236669237,0.49248941002428903,0.9074550782245867,0.8587674665803371,0.8493199541815176,0.8774188959760719,0.8904616868957266,0.8755243507052343,0.9177824967434126,0.8938534792613587,0.8944303501005324,0.9938186356475572,0.9133580346426038,0.6373148380494605,0.6469682974189714,0.9635894922636281,0.9407367335226382,0.9371765241754357,0.9159090470528315,0.9998971448376075,0.9999979081053217,0.998116136276388,0.9148701938808559,0.9988735861317039,0.9998853951748093,0.9992997500612639,0.9989858076969731,0.8353182391476455,0.9379499501813795,0.999898912254336,0.7461564725715388,0.9998917242932657,0.9995704420043983,0.9986621090839605,0.038294249195683,0.444590329775316,0.9578649131478835,0.9159271338875402
UCSF-PDGM-0280,0.572858540742818,0.7978385177386941,0.6141741685698067,0.9036193459162521,0.882365109260658,0.8237393029516578,0.32821081373287725,0.7648782733389371,0.8660883519335922,0.9687576040990948,0.8877898033969619,0.7913983394490163,0.9005789101965329,0.889926767938423,0.9587749124343243,0.1388231126738904,0.8927035435780992,0.47079953450233397,0.8993932275495767,0.9033196923738592,0.47134285904024237,0.8770689495940339,0.7521666792110595,0.8826474117429137,0.6172613944163154,0.7469009199156319,0.8686619037172476,0.8883910717409249,0.8683825286642488,0.8097618862901871,0.8974130209211717,0.6757895670713192,0.8666853543764342,0.8518416143945715,0.9033334834793384,0.5136195721960402,0.964216463712908,0.47783208405027294,0.8931503032949395,0.6161277963010511,0.9070081788823974,0.863740202917802,0.844823515487305,0.7960802197770385,0.9218936383597242,0.5219030934328803,0.9029142001417916,0.9104589460473331,0.9532531291256107,0.5466190817334039,0.8427995051211733,0.8808485314071824,0.9022267328259052,0.8439345914611339,0.865186782926226,0.9672534344785402,0.909101977005853,0.4178949107584322,0.8837277368236172,0.814309812785903,0.9036054999956964,0.5116939320582211,0.8971360116333347,0.8087772894569086,0.9026433479889292,0.8954598871224847,0.8035188313840658,0.7944968168996535,0.9634505726638702,0.8721109086031799,0.979719602431142,0.7338890343949153,0.8794158376719612,0.893731396992693,0.7819303477163253,0.9145144174780003,0.4036414680268607,0.8565270493405771,0.9792520934726511,0.9891800044779822,0.8259940534827547,0.42152283073252755,0.8708882274167348,0.8708802580401219,0.8644372791789475,0.8708897929015631,0.8708861191149354,0.8712188007716949,0.8708716993864966,0.870858535785229,0.8759213167388566,0.8648109769274331,0.8897227936672272,0.8761389077305551,0.870660460871927,0.8644334108223775,0.9570122854341142,0.8648150712290266,0.9444350799257438,0.864825166201734,0.8708517416984534,0.957169439647837,0.8644410969670161,0.8644211525979518,0.88426507782678,0.9569452678868382,0.8647629785172479,0.8708885979942311,0.8644410380405416,0.8644409997398921,0.8708783157887098,0.9571273854599747,0.9564020014560032,0.8644396474200111,0.9565331410047292,0.87120984779106,1.0,0.8644401095494486,0.8874182685759722,0.8438894402416869,0.9044915152525476,0.9029096351793615,0.8708831485031912,0.8646963558764622,0.7948568401752502,0.8977083103772078,0.8708635250533148,0.8708639807831815,0.8790382235142207,0.8854972427395672,0.38436206771927917,0.8712406531527301,0.7873486023252478,0.8322702874934386,0.8852055014269055,0.8390164176018884,0.7196252202185687,0.7706968446087419,0.5213949146376456,0.697656549769269,0.8605304340319403,0.76557394561285,0.6926142539389886,0.904661434396751,0.7779667025366,0.2908837317438361,0.957158538498342,0.8644355954398312,0.49831285289934574,0.8900284868196958,0.9151816082353657,0.908669133092954,0.5438677416255399,0.7986061543165439,0.8319400367700612,0.8794959898843195,0.9394846852417502,0.901730062857304,0.9051463003836946,0.9743337864461804,0.9111349200692054,0.902989274216496,0.7718103625333026,0.8841857624949268,0.15267830505558289,0.27534938358196875,0.8990050305666484,0.8885153554860117,0.8851572852786762,0.8960654735296962,0.9036381963961286,0.8818931802554896,0.7374009685153142,0.7594610419805096,0.8836859774363723,0.8529916263066866,0.8874480217182583,0.37319472809537435,0.8097608972028114,0.9037535386947758,0.9082803047104243,0.9114060307548265,0.957099705968723,0.8708722020327092,0.8712230118924373,0.864050069171919,0.9570642227339415,0.8645841470652743,0.8708855899794867,0.8705896440999504,0.8646563343259904,0.8860486325274926,0.8480334374738399,0.8708540218396004,0.7209747300866658,0.8708809640533967,0.871050344815445,0.8644412399579338,0.17765151848968436,0.29543757372761914,0.9036446778888917,0.8712406335549427
UCSF-PDGM-0281,0.674738837306606,0.9767809741573622,0.6359169961603857,0.8952759708948607,0.8332329629447203,0.8772564290313973,0.5877320685648026,0.6939856182014936,0.9882446169590221,0.90575969387293,0.980547145336385,0.9785167855219835,0.77646213487664,0.9824925692526276,0.893953364619389,-0.2479866784742974,0.8989030879382729,0.7645158727047421,0.904236260867535,0.8863499235538193,0.36106594553259036,0.992783478029556,0.8994376139614432,0.8354218155210165,0.8845486418401279,0.808655840971539,0.9828302514582147,0.8351874449054509,0.9263181554149109,0.9285985379568988,0.879813247749761,0.6485689623281142,0.9054621587035038,0.9704637293122872,0.9053741402865993,0.818238687195349,0.8931806552152727,0.3809125655472293,0.8402388465673657,0.8902063700082541,0.8887364043542111,0.967899337631155,0.8718679498846422,0.9774146127555645,0.8691126101159549,0.7608218650250224,0.8808342784696973,0.9544203900981127,0.8415447650155468,0.5948479996478035,0.956499090983868,0.8356726975329726,0.8948618225595242,0.9805978791186776,0.8535446114994821,0.897551618934543,0.9227787704996029,0.473867296438392,0.9845745074007246,0.871782728255096,0.943194930378071,0.2732560083931705,0.9701329728636361,0.8574882649242721,0.9079923039557604,0.9772528346257074,0.9607529589242157,0.9659923917730986,0.8383907564763833,0.9583546222454739,0.8996930251336104,0.5519456510870133,0.9761688889812934,0.8407140887956375,0.9757853322784424,0.7130877999211148,0.6608419221911332,0.9879608006751133,0.8995899872721476,0.9009159845997649,0.8370847079941077,0.4318900081630306,0.9993507002776105,0.99934005770286,0.9999990124412357,0.9993537137705951,0.9993477402488979,0.9992056178362027,0.9993292820216444,0.9993130809606485,0.8238229653531727,0.9165902746509631,0.8591156549799969,0.8243293639301204,0.9991027994077741,0.9999965344014058,0.916522900378729,0.9167008857656794,0.876751046004553,0.999895533244552,0.9993048111136611,0.9166217286668796,0.999997514840939,0.999986518830842,0.8444369654458925,0.9165595191261104,0.9998447504727105,0.9993530804615889,0.999997277195371,0.9999971350184997,0.9993431522000848,0.9166656674554621,0.9156107738320581,0.9999999547695446,0.9157309632431038,0.9991947243171221,0.8644401095494486,1.0,0.8449401375685706,0.9435168729219058,0.8890045677565628,0.9232585122011294,0.999343791803581,0.9997758598940724,0.9685554202357547,0.8659368833225827,0.9993191877702944,0.9993197473183827,0.8254977681525993,0.8484112968751123,0.16788937600787557,0.999234061310111,0.8764396803604108,0.9835695167560513,0.8397834481291904,0.9549516320518519,0.7382664733120484,0.9468277496016878,0.6491377509452027,0.9296888222640435,0.7400657726306282,0.9589384683600105,0.6127929708370906,0.9235936160294579,0.9749027635478132,0.6304020273477069,0.9166361493621491,0.9999862436193911,0.7671215342463129,0.9002004406653472,0.8631977608649316,0.8962070259705509,0.6339755174665668,0.7873091654352629,0.8816892421317801,0.8325534339419134,0.8247142536994768,0.8981928982276051,0.944455633904997,0.9049512134413027,0.8581717791959129,0.8884205614673744,0.967480051748656,0.9238928846687073,0.3404100643578225,0.48512505611602663,0.9080209761004024,0.8560243959057371,0.8466254397188108,0.875300597329971,0.8879466362814851,0.8764842055189411,0.9221072843316245,0.8939934335696197,0.8946693026445259,0.9936010172049594,0.9134436455571955,0.6483759527527493,0.63748213327014,0.9621153560817707,0.9388710072924968,0.9336176964024115,0.9166830408025483,0.9993299075537515,0.999210786443123,0.9990675192935468,0.9159414958221807,0.999655961103058,0.9993470242833605,0.9990233250145857,0.9997334583496947,0.8325507753776251,0.9344477411831096,0.9993075814332729,0.742297946888385,0.9993409631941845,0.9990256043000627,0.9995003296447225,0.028456650978913724,0.428198157352414,0.9562784997251343,0.915422107790521
UCSF-PDGM-0282,0.5375529896814647,0.8213697218493947,0.5882814860081522,0.9824140600424651,0.9994225020597741,0.8550442363915426,0.30642103849182406,0.7801102544198658,0.8736475672793079,0.9435182858663684,0.900195910602615,0.7895221821476774,0.8143481232014557,0.9124580817027469,0.9742248704618899,-0.055270783362581975,0.9515299370636217,0.46844341912631643,0.9706440650393825,0.9896465513318975,0.4249812842011496,0.8850915395253313,0.6899509809918406,0.999677517845068,0.6024905092803768,0.7471478541865446,0.8624338830284685,0.9991117495976071,0.8573698204315503,0.7775044880967475,0.996738186025096,0.7213349032010673,0.916778468631462,0.8556651198022835,0.9910347135613342,0.4998084215519701,0.9685194153994333,0.5300495326823506,0.999157894751388,0.6000047065541617,0.986983431872405,0.8616267588795019,0.8736902164126258,0.7943605145892926,0.9950979156105497,0.4304737901243043,0.9912448725703051,0.9490159948325322,0.8211367129745829,0.5475142725296597,0.815106452529732,0.9989715334475905,0.9937442964504734,0.8426780909314316,0.8891865435862923,0.9673533257920285,0.9839487781817525,0.4150106120688855,0.91227845606497,0.8460260145744495,0.971784396745882,0.25370380038727225,0.9354147543385097,0.8143143825249893,0.990365649379269,0.9116850118831927,0.7700304646413765,0.808516554229886,0.8036543636104794,0.8526562300127407,0.9509317064851271,0.5267391072633513,0.9096555066785873,0.9991576494063305,0.7943907215718756,0.7015928401893144,0.32031278107586947,0.8628234037191082,0.8964737247305012,0.9132514828861091,0.8441769107853888,0.4397565727343833,0.8501928850239966,0.85004041058016,0.845011036523528,0.8503120009313397,0.8501385841129222,0.8475812817242347,0.8499398312448223,0.8498211175746403,0.9983426247690034,0.8517657613846401,0.9987930369844479,0.9983788883967782,0.851271237707657,0.8450715875081118,0.8448757994698994,0.8511847963444931,0.9834479519433673,0.8425015447749356,0.8497687303133032,0.8427672712575737,0.8448242444370264,0.8451937811968736,0.9991464606024641,0.8446235121067992,0.8431485968655771,0.8503821215976497,0.8448187270531897,0.8448155367110006,0.8505528141775206,0.8425700187421996,0.8490506178234679,0.8449554510143023,0.8468084394446405,0.8475036732131848,0.8874182685759722,0.8449401375685706,1.0,0.8731212865989808,0.987973373744628,0.9838207404415523,0.850083546736429,0.8433563708304522,0.7717608932557514,0.9979341481240668,0.8498628549540037,0.8498668354110034,0.998567334933774,0.999152395048814,0.0566874784983292,0.8479750618573976,0.7439646145430088,0.8175351718745386,0.999902732788338,0.8440950796472934,0.7334755047023899,0.7148554809038374,0.45289031118044676,0.65039155751516,0.6051340402299094,0.7469298011330059,0.6970798190442925,0.9835313614810375,0.7773873121373291,0.30088060230050506,0.8427103731317243,0.8446607882535109,0.41026049087669253,0.9417546236978354,0.9967747751518583,0.9791733348692769,0.4710635888085173,0.8052462553054536,0.8605681059666097,0.9988619351229521,0.7214505059209865,0.992749655495843,0.9710754536426104,0.8725263766713449,0.9976032463575121,0.9890684954749132,0.7497406323019246,0.8980441927621242,0.13428167352460738,0.1922463861452834,0.9584597761252582,0.9989290070250565,0.9991548194531842,0.996751879788607,0.9946472546382864,0.9370841238983898,0.7499138672734542,0.7619224091428394,0.9305742699339951,0.8516938330580405,0.9821464768722833,0.34803012467071515,0.5161350204225534,0.9554576623469895,0.9755943672295043,0.9763031550081275,0.8424621588664182,0.8499450310886968,0.8476227147952818,0.8440297653737509,0.8437771628041629,0.843576624490917,0.8501275580140175,0.8513748860271516,0.8434470857434442,0.9990036243617978,0.886299587963831,0.8497858194300519,0.8297754115591277,0.8500503105888596,0.8488706868672594,0.8437589353426697,-0.04859318241629335,0.16294575123426064,0.9608718377600192,0.8569042802109894
UCSF-PDGM-0283,0.631182792247868,0.9342073358978097,0.6053347667659353,0.8910429651411143,0.8695036350928085,0.8418098059015665,0.6377931851005818,0.8056378144981376,0.9539176655951896,0.876529866015259,0.9640817986324042,0.9243183213897632,0.7639492146496853,0.9585244578179614,0.8947439949211369,-0.18218481208063214,0.8601996548842424,0.7947432266862984,0.8845299284321706,0.8907235995584563,0.5132880306772898,0.9483256398508275,0.8941898661792806,0.8690181635756634,0.8010041475356605,0.6963314563692881,0.9617900529662444,0.86905735909639,0.9595598086933782,0.950836609929926,0.9034412954546337,0.6639729254196453,0.8573000595835119,0.9623380956756589,0.9184460714953918,0.7636408480048007,0.8945279135997926,0.494765930623668,0.8710219197403241,0.8340993999983142,0.8877153157535885,0.9637009908430468,0.8677940322980425,0.9371372833789031,0.8824617585331148,0.7245759109172455,0.8837623223298966,0.9639709599257354,0.8310910841491079,0.5134127697534014,0.9581786252682154,0.8725132487151571,0.9150662370961737,0.9468065420233688,0.8599067605642812,0.8850350138060922,0.9338150076253506,0.5385530559201696,0.9499597997439699,0.7890054127034886,0.937458828891149,0.3827219533943781,0.9692073453528506,0.800434447040642,0.9191489048442887,0.9682037969238512,0.9297500203995862,0.9675602896949013,0.80567941279547,0.9338405312717386,0.8964468328319362,0.6120907341948018,0.9803727551565579,0.8715140156329769,0.9337202847488556,0.7234740515251543,0.6017758992697512,0.9481127259738039,0.8574591771482128,0.8723133885954912,0.7685854435299342,0.4997318827738321,0.9486284931706596,0.9486066000894793,0.9435208547081301,0.9486409355399472,0.9486214262930147,0.9459530700252938,0.9485888562956121,0.9485648511059145,0.8642949906741407,0.8383121732201683,0.8881028010289457,0.8646434909715631,0.9484991648375669,0.9435228076528199,0.8406654400298033,0.8384172752612342,0.8996913815041784,0.9409228233319494,0.9485532726032034,0.8383417417491488,0.9435067335630116,0.9435223074323112,0.8782487168338811,0.8406990625995272,0.9409180558471817,0.9486461433310818,0.9435061451669201,0.9435058007185413,0.9486514461063655,0.8383833256260252,0.8414961230907334,0.9435178817982642,0.8391762076354926,0.9459375498412104,0.8438894402416869,0.9435168729219058,0.8731212865989808,1.0,0.8861157260995268,0.923895935603331,0.9486134297508813,0.9408698055691347,0.9186913483417473,0.8818698203612928,0.9485736521067725,0.9485744713557441,0.8644667285328876,0.880679443191016,0.17193571648603875,0.9460081521220305,0.9241771164886855,0.9406103534084623,0.870943354293849,0.9661734037505255,0.7722922782358805,0.9069682896442622,0.551348789985452,0.8428096875724888,0.6080258569919738,0.8818711847202612,0.6243499772898513,0.9288331097208392,0.9241276669027151,0.6072270976590455,0.8383553434603529,0.9434855549564198,0.6976202772669308,0.8820123196928082,0.8798733222912548,0.8892318840752721,0.7481335481420729,0.8163950998487527,0.9458470991826843,0.8700934035167939,0.747894672368742,0.9131520703733687,0.9364079206440832,0.8461008340254128,0.8783218870019235,0.8881121138563992,0.8860740954154276,0.9603342193353466,0.5234930096272538,0.5503758575321122,0.8926018680090527,0.8856927882309422,0.8797115589438222,0.9048387939503136,0.9131647929447546,0.8564083305748668,0.9632718005576489,0.9725051819678189,0.8343560109253888,0.9399388443932161,0.9332793974583039,0.6742309235947053,0.5954357931083821,0.9501352757061964,0.9417075278916468,0.9398340526909502,0.8383999434705486,0.9485898338111686,0.945960784982554,0.9402824570495713,0.8377099848316016,0.9407770140243671,0.948619890278962,0.94843780363332,0.940837790052509,0.867135253041887,0.9287817345229609,0.9485571134645284,0.7936147845792074,0.9486082101778587,0.9458924876718745,0.9406501086851637,0.0793531282027891,0.5022358453646304,0.941913338542839,0.8427470979809842
UCSF-PDGM-0284,0.6441637961650454,0.8622306619733305,0.66259077227533,0.9990364034536254,0.9824033739522217,0.9148061189183875,0.3327831185127967,0.7567377102719189,0.9048297420635946,0.9617343351687986,0.9244865253304052,0.8354981967180043,0.8261343041426028,0.9370424080198475,0.9780003414404416,-0.11258562875130304,0.9843856811412278,0.5093943086593866,0.9958524255233611,0.9989193970649388,0.39421945549864107,0.9199422215660756,0.7253052390821738,0.9837457526018725,0.6604436704839216,0.8326741869101209,0.8928937622193537,0.9815841558435358,0.8699924190211967,0.8014656123788061,0.9874697576593497,0.7799451095442633,0.9647030657258723,0.8807918595614332,0.9881045759740344,0.5588872349283351,0.973475228767631,0.5235151705310128,0.9831201069766846,0.6605336314042777,0.9997395720565155,0.8858913939608446,0.9199723077885039,0.8356200537017512,0.9883622699851796,0.4820632480004356,0.9990729713894648,0.9586206209855133,0.84280680010187,0.6459185169156517,0.8445731322747176,0.9804479063394415,0.9875914750322236,0.8754038210130368,0.9315365689507978,0.9761545943263238,0.9845918339875476,0.4708194613091379,0.9386127369969891,0.9130792419558192,0.9800874954397761,0.2596265913410122,0.9511645061608442,0.8829933135760016,0.9881494716940536,0.933148295236562,0.8088577168035265,0.8402463730133516,0.8383763697178093,0.8790666246136981,0.9615103530952019,0.5323085756993499,0.9299434567860413,0.9832272532357617,0.8367099197881983,0.7151829655564038,0.3753490174928299,0.8958080630477979,0.9242108888692769,0.9366497627217198,0.9044633683334422,0.5131169013940278,0.8928351762234771,0.8927321989651719,0.8890503219144827,0.8929138272088445,0.8927987841955022,0.8908567521856973,0.8926629973513261,0.8925801382833926,0.9774885150227197,0.9205451180691301,0.9852440471898692,0.97762542320964,0.8934539220261215,0.8890888427513267,0.8889624787429065,0.9201232013876972,0.9787664341897377,0.8871561042882157,0.8925431935238932,0.8873295044383711,0.8889283842088814,0.8891648752649769,0.9824877092118396,0.8887927966143196,0.8875590832146547,0.8929593111477672,0.8889247167585083,0.888922594494052,0.8930671884658732,0.8872016403093027,0.891584003280109,0.889014507283619,0.8898612843523883,0.89080252376669,0.9044915152525476,0.8890045677565628,0.987973373744628,0.8861157260995268,1.0,0.9863883295040744,0.892761577156483,0.8876706043740213,0.8140965001586051,0.9958441643307714,0.8926094091559965,0.8926121929467311,0.9783667870305296,0.9833215159143,0.07983992876348366,0.8911228016138883,0.7602142126094565,0.8562414574609798,0.9857865304604858,0.8663102973389999,0.8012929231704652,0.7610326198032045,0.5757412445899458,0.7107432847400322,0.6662497199057076,0.7979751090731668,0.7418750479545614,0.9855031331516981,0.8250287784287501,0.35572946607607064,0.8872931609120633,0.8888182962072397,0.47040537478948496,0.978581294575123,0.9881212635677935,0.9984632723305424,0.4739259907272363,0.8589836998177238,0.8615373035949097,0.9797532610614169,0.772966395184816,0.9885221721901613,0.9805779281102945,0.9084694619060601,0.9872885411298896,0.9997945059190253,0.8030996745307758,0.9038458959647161,0.13228158885329375,0.21811499183942468,0.9891596305503377,0.9847164615654396,0.9828794520697185,0.9857289492859017,0.9866108256528908,0.9679772172849518,0.7781976614075885,0.7791487900561835,0.9705417439196129,0.8918032425068608,0.9816431285242656,0.383661464180543,0.559448902720061,0.9698287970987721,0.9812920623995416,0.9809147580973566,0.8871296683554114,0.8926665982002291,0.8908854837211352,0.8878671182932267,0.8878435519203547,0.887772887692554,0.8927913556407011,0.8934945314242397,0.8877151048217331,0.9807562475359285,0.8986260773746472,0.8925552698017808,0.8033529894849188,0.8927389578754018,0.8916352475797289,0.8878383787001044,-0.018507436166615685,0.1851158185858026,0.9745414413034834,0.9244638576164069
UCSF-PDGM-0285,0.5766673915327342,0.9041017396594493,0.5910322840099208,0.9831427702962121,0.9798995858889148,0.877363039956203,0.42006400099116936,0.7614169317135306,0.9429431102740153,0.9620800203715307,0.9589900033125529,0.8830368994072921,0.8293220161762772,0.9687584495264572,0.9785431567027537,-0.12056927355531685,0.9588709172323782,0.5876854444976213,0.977454531313805,0.98624518282773,0.39187840011731134,0.9524656286980377,0.7854686490744642,0.9809844427127963,0.7251200453079484,0.7779794436982219,0.933018756127085,0.9808737022246588,0.9086520710545739,0.8536511891373086,0.9938985572103051,0.6978315434209645,0.9373173599789526,0.9232125941969815,0.9985653575116931,0.6304089566743839,0.9739839820143408,0.47072119253071504,0.9825089443089654,0.7218597469724407,0.9853458424540286,0.9230920125043388,0.886284878220638,0.88468176675548,0.9882253976257012,0.5520384186013216,0.9870763476167725,0.9829836083002043,0.845902312004041,0.5597065481460777,0.8889296379202648,0.981238732521313,0.9964576984230654,0.9172040620752177,0.8890910603543891,0.975852151928015,0.9984033856173117,0.41714525540034886,0.9695248777272516,0.8714855893917283,0.9981060694270675,0.25566143091043403,0.9798892305979583,0.8367151448429043,0.9988989851957336,0.9643586490272479,0.857706117764568,0.8871289122325918,0.8376879116877813,0.919026176198759,0.9615500598435647,0.5355690039193117,0.9637560982575933,0.9825819052610406,0.8846655527822147,0.7102095384296799,0.4566986224734653,0.9350520843051865,0.9252813273881347,0.93589012030648,0.8538120733697256,0.4304257008045514,0.9267822322254112,0.9266286182478816,0.9233298128656993,0.9269018423022201,0.9267275875158886,0.9248744635059514,0.9265270066318163,0.9264068143543571,0.9769512188659951,0.8891598044020902,0.9888607267602844,0.9771420530718565,0.9278444976188122,0.9233905881318588,0.8903913016400493,0.8886345187038169,0.9783658063826673,0.9215172400799231,0.9263536908783051,0.8890616667703353,0.9231416644954923,0.9235128699727534,0.9842967248936214,0.8901570702782617,0.9221661935349252,0.926972074007521,0.9231360929941294,0.9231328710132343,0.927142410256537,0.8888797558918659,0.8935017334761093,0.9232739246267581,0.892053240005542,0.9247957302729769,0.9029096351793615,0.9232585122011294,0.9838207404415523,0.923895935603331,0.9863883295040744,1.0,0.9266721308254103,0.9223708025314368,0.8641061463773572,0.9877737845270185,0.9264491022796405,0.9264531335341953,0.9775611546350967,0.9855923345438835,0.08818363126612022,0.925271968905832,0.8108639275489143,0.9016553717522956,0.9823509875175855,0.9054976156379294,0.737038099228938,0.8135612105822295,0.5097927138769927,0.7704560165570834,0.664461794465564,0.8493800205930471,0.665235609330239,0.9997047869299179,0.8728960789809457,0.4300656410600667,0.8890093708549909,0.9229762975670208,0.545439015281838,0.9519126974143587,0.9877230208970244,0.980587053092436,0.5302986320832683,0.8065360501737502,0.8874245046027688,0.9801858682312495,0.7728956010916774,0.9976104639479308,0.9977819504817281,0.9091677679221123,0.9868210106517185,0.9869404450463611,0.8530131089470312,0.9320976479914784,0.20171874677913307,0.29650054493479866,0.9669228723695895,0.9880171370148725,0.9849617320567878,0.9917196451750884,0.9940694339165487,0.9366627550705462,0.8289341151198991,0.8248681333424724,0.9423478756423967,0.93005843329847,0.9944738717773292,0.4559703093158645,0.564126876753462,0.9920396385484149,0.9980643612965219,0.9974946607482469,0.8887796112318439,0.9265322649572548,0.9249164492403639,0.9229991116842301,0.889946904824513,0.9225843358334646,0.9267164830205883,0.9279424418619528,0.9224592507696987,0.9800206692689188,0.9363384628619535,0.9263710255808297,0.8306619437617294,0.9266386082707996,0.9261558932779417,0.9227570354175157,-0.02857414815945401,0.2543226072703115,0.9945391612153617,0.8923210706511585
UCSF-PDGM-0298,0.6693474519616636,0.9741088244636618,0.6312970923348792,0.8982691362386668,0.8387140147511525,0.8742939876526636,0.5902298875871106,0.6978971561505568,0.9884820601584924,0.9095930909971759,0.9839451346721925,0.9767720859639062,0.7785702650816186,0.9848611670920044,0.8976231343941565,-0.23614582478838408,0.8997931515503841,0.7607329643266468,0.9063875474400346,0.8896663199947261,0.364221461691871,0.9937157749106125,0.9057692665807969,0.840839857551249,0.8775036383197569,0.8059713992159502,0.9860116771013526,0.8406422005271885,0.9350472392700074,0.9345630039279681,0.884700808315992,0.6548926973331125,0.904936244430481,0.972130205954942,0.9097679510001319,0.8111542340968075,0.8971561912932444,0.3845873739445844,0.8455464450542528,0.8848473927744092,0.893070304806242,0.9681682815451883,0.8700406156883239,0.9755535258292649,0.8735942679646748,0.7545516887525467,0.8853229812513708,0.9587179820707482,0.8433996896583212,0.5949733383397302,0.9619343044815963,0.8412199365387601,0.8994253959986124,0.9788200564311498,0.8560543752924199,0.902217699783415,0.9267381825898003,0.4655111429110414,0.9848734258010953,0.8685650191275621,0.9464780887200298,0.28069293647618115,0.9733025093271594,0.8533581936885506,0.9119328940353411,0.9803317341013404,0.9590928021733492,0.9640062597099154,0.8452070185134268,0.9663702099312477,0.9038528441119331,0.5549549029903157,0.9796295582150657,0.8460273711067361,0.9721486632204054,0.7175419894142928,0.6619794579467917,0.9866671065421825,0.9036178395251291,0.906259029448622,0.837642206153365,0.44025096262728186,0.9999980079270593,0.9999997028387945,0.9993362928156382,0.9999909915681467,0.9999995029859589,0.9998942402467152,0.9999967881294315,0.999989608100396,0.829582975843533,0.9154160291481683,0.8643590106769481,0.8300830051885503,0.9996389787314298,0.9993281294033792,0.9153513818374556,0.9155782812552513,0.8810866816128229,0.9992756847959728,0.9999852363809749,0.9154579740134176,0.9993516386244672,0.999306259211202,0.8499089490486327,0.915409965890586,0.9991619875407836,0.9999842760950346,0.9993518837836095,0.9993520204189793,0.999958922668142,0.9155202366257613,0.9144233937989537,0.999342352953027,0.9145613680129646,0.9998892543530622,0.8708831485031912,0.999343791803581,0.850083546736429,0.9486134297508813,0.892761577156483,0.9266721308254103,1.0,0.9990688843379162,0.9650628777380325,0.8706179860159202,0.9999925736431149,0.999992831923146,0.8311819168876865,0.8537163292739481,0.17365737324902134,0.9998907213340514,0.8854135722706584,0.9825398308779496,0.845147043256414,0.954700777644148,0.7416411642905495,0.9444029553316757,0.6417042671273593,0.9259539531219039,0.7428965888322107,0.95784565830397,0.6211464932366566,0.9276554210740834,0.9728202847939741,0.6208341076326992,0.9154778022400681,0.9993543490665582,0.7600407643252307,0.9024853413566128,0.8679113321634258,0.9000566975181766,0.6402310431615873,0.793376898550811,0.8821507678828359,0.8381522709779873,0.8293450072995792,0.9030452941055668,0.9478327665810783,0.9076310441186645,0.8631184273092224,0.8917666667751505,0.9655378757462753,0.9280704992454798,0.3457168692751448,0.4891564248085543,0.9094068324581611,0.8613163220234517,0.8519652222627582,0.8799616493744011,0.8927071196525919,0.8771906878836667,0.9205730377722441,0.8966253654270713,0.8950290086099396,0.9936334403364487,0.9165614899838602,0.6376873330930652,0.642375545503627,0.9647951913687294,0.9423537345336753,0.9387024356169563,0.9155471650229982,0.9999970123136205,0.9998962069930855,0.9982450776617859,0.9146521316563471,0.9989197441023658,0.9999996831613942,0.999544712214631,0.9990149716188387,0.8380238686422163,0.9375350595929844,0.9999867404678272,0.7486759293322235,0.9999998231139903,0.9995893333904788,0.9987356082562826,0.038334457778502085,0.43952721500078223,0.9592380840688153,0.9155570061794145
UCSF-PDGM-0302,0.6714382573697331,0.9745334227304353,0.6323101631956819,0.8938272786255097,0.8315708354642689,0.8756089572106458,0.5865019667121683,0.6922521737235248,0.9886903234800366,0.9050838204476861,0.9807121646320652,0.9776268625990809,0.7738701010815351,0.9824986908342259,0.8930994952253526,-0.25186683722295194,0.8977364808416722,0.7616382833039126,0.9028357959767221,0.8850151539172245,0.3593522089224457,0.9924508939032306,0.901429286819777,0.8337928074092791,0.8845481320365796,0.8072818452189399,0.9828490247026027,0.8335439480970923,0.9274301776480816,0.9294031521360413,0.8783390997043454,0.6455016306136736,0.9044633994478007,0.9706723654003548,0.9041519695550339,0.8159797373564341,0.8923261019656792,0.37885591175322697,0.8386708091467077,0.8874778378788193,0.8875498812428317,0.9679337549971456,0.8703123280178834,0.9767419201347316,0.8677979856776985,0.7623298781618171,0.879779011962842,0.9541657503745823,0.8418225605569217,0.5912046583126733,0.956812742744685,0.8340039551240886,0.8935318990086326,0.9813057342337829,0.8514512219906868,0.8969430028056847,0.9217540136063446,0.4703583733489286,0.9846066704909042,0.8699872648055053,0.9423248893390342,0.2690613629136248,0.9695403505157214,0.8553704436389121,0.9067694529368256,0.9770264131109357,0.961613625951046,0.9638409410099761,0.8386532253468028,0.9592767757532178,0.8990788103971672,0.551736490836381,0.9751147124447527,0.8391188492085385,0.9744092189218184,0.7118425005767309,0.6642513672726992,0.9886257570407653,0.8996531607298445,0.900780486846933,0.8357473080965377,0.4281402175963374,0.999107222841752,0.9990530113765806,0.9997969994046448,0.9991456444727288,0.9990885318153795,0.9990825662211985,0.9990144671146183,0.9989663917713019,0.8221008473327873,0.9167073271976179,0.8575477887474237,0.8226081617295313,0.9992510609814389,0.999813845301687,0.9163519969515522,0.9166445966066973,0.8753820458053663,0.9998226809695756,0.9989443459611396,0.9167035295263857,0.999738274653974,0.9998441341446864,0.8427960911613014,0.916315107142686,0.9999862785651557,0.9991664778508694,0.9997363971093962,0.9997353079283734,0.999210974922757,0.9166859417903904,0.9153339748993925,0.9997805500409438,0.9156750610744884,0.9990507484043152,0.8646963558764622,0.9997758598940724,0.8433563708304522,0.9408698055691347,0.8876706043740213,0.9223708025314368,0.9990688843379162,1.0,0.9699431932803019,0.8644320241599436,0.9989835986639527,0.9989852227292643,0.823796725460439,0.8467898188019369,0.17091855720760352,0.9992241471100166,0.8769206913761733,0.984614220117123,0.8382042262369017,0.9537082277588457,0.734728901195362,0.9477547370841078,0.6463506183893746,0.9307449768926921,0.74156438445327,0.9596658513422357,0.6107421183161715,0.922584141805855,0.9733654605019548,0.6254891956685134,0.9166997871200726,0.9996795239527494,0.7699579531917818,0.8992693499948138,0.861775452143391,0.8949780126285416,0.6336140754618375,0.7855707323048012,0.8796385874238793,0.8308745811922779,0.8258687112171615,0.8968488270283572,0.9434474828537599,0.9051525865593355,0.8567146947798789,0.8870224599073466,0.9680307742562451,0.9235086099551352,0.33460643799006096,0.4855466984341646,0.9064122645883006,0.8544651665633681,0.8450240352750715,0.87375757417102,0.8865793819950614,0.874811114029999,0.9186464696775333,0.8904526143037258,0.8941906893355279,0.9935629308743702,0.9108958291464894,0.6459231002800623,0.639979089755575,0.9613206728659299,0.9378190062999534,0.9328589295822718,0.9166712548688646,0.9990165105467674,0.9990990738382738,0.9996864522391412,0.9164466372014658,0.9999799514111195,0.9990846513130608,0.9992236354416998,0.9999968949651402,0.8308983173881318,0.9348655455446483,0.9989515913125567,0.7389979326949234,0.9990566902646599,0.9993439641811721,0.9999217379861352,0.025466730372014013,0.4307228125760758,0.9554449605692106,0.9154803267222567
UCSF-PDGM-0303,0.6569988406742732,0.9572575596123222,0.5746882483824811,0.8235960779656134,0.7612817040096131,0.8464119086750225,0.7215600584880484,0.7006651743923759,0.9804399123148267,0.8360675749813712,0.9603379359722195,0.9756425375458049,0.7438336576738844,0.9554862647754242,0.833628544268176,-0.26402244614597536,0.8209620843474287,0.846238034224461,0.8299409618665261,0.8182969836866498,0.408018925106392,0.9587036561888886,0.9409996834937566,0.7625074405342459,0.9361263107059925,0.7211164173949981,0.971904581008752,0.7623209669443104,0.9256950232902786,0.9529978086074553,0.8136552236680229,0.599330073072359,0.8515914726315205,0.9812862188649452,0.843050824558222,0.8798387304390108,0.8339380701491134,0.4033125480431431,0.767289023621455,0.9093641030170169,0.8146744751236988,0.976395781397794,0.842209603310982,0.9892732903480154,0.7974852688975099,0.8840338037647143,0.8094325855509876,0.9215577619942401,0.8322698540098399,0.5105812777385043,0.9670076423632192,0.7642148848787761,0.8327955608189571,0.9923070676014216,0.7910419641706968,0.8241726582776427,0.8686690260494715,0.5356453011593707,0.9573789356971081,0.7908144119450999,0.8896283547589866,0.3041006011031448,0.9390232248780307,0.7958273091983429,0.8465649008243434,0.956853883413732,0.9953684183010942,0.9753196551894929,0.7815060974281115,0.9183789297725471,0.840999317432074,0.6082647098390321,0.9497445101743888,0.7677799226305427,0.977373798708115,0.665710643604301,0.7781960207075319,0.9858347982642449,0.840053635244705,0.8319056634399896,0.7484675770857404,0.4445425347240745,0.9651078674706001,0.9650444721560032,0.9685819622185584,0.9651539441852189,0.9650858305409535,0.9661787803328696,0.9650002102010451,0.9649457019504819,0.7513589663648339,0.8598964126163391,0.7892828195381933,0.7518915145187691,0.9653459510652103,0.9686035765357287,0.8583650051229931,0.8598298809019254,0.8158673884181334,0.9696875446995916,0.964920918923041,0.8598912866291674,0.9685093913516962,0.9686439620542945,0.7732877071805249,0.8583278982265097,0.9699066112057927,0.9651795021376962,0.9685071231023203,0.9685058084522395,0.9652362603110244,0.8598720597683691,0.8608121740618015,0.9685612613795723,0.8623239656426006,0.9661425481682073,0.7948568401752502,0.9685554202357547,0.7717608932557514,0.9186913483417473,0.8140965001586051,0.8641061463773572,0.9650628777380325,0.9699431932803019,1.0,0.7918698772757937,0.964965133285303,0.964966971565234,0.7527704511924169,0.7778543432352639,0.2758890058682002,0.9663452316576502,0.9083461645258283,0.9952043307920224,0.7666795009847975,0.9707081880764347,0.7020032066058274,0.9908706057535777,0.6102016439574635,0.9665655156325623,0.669089317314348,0.9680143364400384,0.5181047660267836,0.8657121907916139,0.9670296062934384,0.7039657146485082,0.8598869704949335,0.9684394655395234,0.8870199638658648,0.8471294376844752,0.7898543260192664,0.8211152198456747,0.729122560763221,0.7564970104319867,0.8859451433121218,0.7607660169231544,0.7745695103539684,0.8319669260845262,0.8870666168625673,0.8425461945694214,0.7847561499158012,0.8151564054682826,0.9706761547347099,0.9217626806572227,0.4658562058029402,0.6454605077048009,0.8387611858354863,0.7861781578440308,0.7762734119814605,0.8110339176674051,0.8257935153510336,0.7987124116201526,0.9356479615123882,0.8930834909430769,0.8159523895087368,0.9725913324185742,0.8492579359321254,0.7839573443121501,0.6615944587861603,0.9168212033703563,0.8873894779139998,0.8772656401843748,0.8598568609943761,0.9650025430278807,0.9661977042847922,0.9697503128585423,0.8596690945781148,0.9699518789236424,0.9650812810512103,0.965332628319906,0.9699512526062187,0.7594151328575842,0.9265158147907915,0.9649290505912541,0.6391787997394044,0.9650487279001699,0.9665467856089979,0.969922864049448,-0.030379550971718634,0.569992468887523,0.9027662417681788,0.8557309143272976
UCSF-PDGM-0304,0.5835662972980884,0.8407027172799464,0.6207321993172242,0.9921885667420434,0.9953050632525523,0.8824750371388984,0.3196883057197581,0.7737603894629337,0.8894307145168036,0.9540733763622915,0.9133798704541252,0.8110813540892773,0.8221392682333222,0.9256232939716992,0.9788996382082523,-0.0788462576195764,0.9676947247262898,0.4874828434002072,0.9838667484945023,0.99641714581216,0.4149898015796537,0.9023077184372393,0.7078886046093487,0.9959938700371838,0.6283060649153395,0.7840878372387275,0.8781866028946915,0.9947774019999761,0.8662267978582845,0.7908604680907102,0.9958735154994798,0.7484510772860332,0.939296383330408,0.8692133353551379,0.9927922378185543,0.5259199982603029,0.9737345512619463,0.5302659382308509,0.9954387835892795,0.6269101867610718,0.9952195299555842,0.8747550550163332,0.8957551763530636,0.8141128028335556,0.9952630816748886,0.4540013563301114,0.9974382186765229,0.9562124663876092,0.8334585079672525,0.5893573110279418,0.8306678847469017,0.9942216177619178,0.9941929875845826,0.8590202561698734,0.9097576932358109,0.9740374057598583,0.9872455614720876,0.44022072989322925,0.9259745244754295,0.8757132979956002,0.9781585476151076,0.25901925809000265,0.9450414262649891,0.8449645408358839,0.9923882392319997,0.9237239170132091,0.7889631888922168,0.8244480781090915,0.8212470948575633,0.8666565879544398,0.9585462170486391,0.5324447948395165,0.921176564779771,0.9954886970190437,0.8143560783763977,0.7102873162608841,0.34505809594782716,0.8792244884949758,0.9110565017128486,0.9261268443715128,0.8713572156436553,0.473025466397416,0.8707093226550346,0.8705817806970763,0.865995078748722,0.870808061196248,0.8706640418704684,0.8683692009035278,0.8704970106454598,0.8703963655939436,0.9926189527459248,0.8829078963978391,0.9961227414530641,0.9926974664018886,0.8715564954751713,0.866044501816224,0.8658837878895351,0.8824107655441599,0.9846727238947405,0.8637491147158312,0.8703517616826306,0.8639681558898394,0.8658410571952916,0.8661433845830215,0.9951774220520019,0.8656732592198262,0.8642728259299196,0.8708657776315682,0.8658364748188976,0.8658338243189796,0.8710048515876148,0.8638059866174282,0.869450715707849,0.8659494815737695,0.8674229251293578,0.8683033838304197,0.8977083103772078,0.8659368833225827,0.9979341481240668,0.8818698203612928,0.9958441643307714,0.9877737845270185,0.8706179860159202,0.8644320241599436,0.7918698772757937,1.0,0.870431820131921,0.8704351975212586,0.9931151958512874,0.9955215765154087,0.0685741539207719,0.8686985933798549,0.7544490609840971,0.8363293797195094,0.9969756424015281,0.8564071046063685,0.7646589149033141,0.7367181317749764,0.504967335497131,0.6776071322080021,0.632387615944881,0.7705292333208199,0.718209381534859,0.9873196307420797,0.7995583559053437,0.32438858781939045,0.8639216482067971,0.8657045803606133,0.43698663203826144,0.9599968411850746,0.9961316170270856,0.9900910000648563,0.47569842768398335,0.8309888342641608,0.8642233915902927,0.9938656852904276,0.7457026224362306,0.993970195749038,0.9779363540000752,0.8903376970182976,0.996277411874012,0.9963860584082982,0.7742321586953465,0.9039201310628707,0.13583526941820112,0.20535953076180807,0.9740010051339186,0.9959817448488114,0.9953421428462768,0.9951659327791327,0.9943435433533795,0.9524674599567307,0.764451806958408,0.7723239698920241,0.9495062320874056,0.8710179355678702,0.984815469393544,0.364462790082325,0.5371766082692832,0.96437291926249,0.9809665996924669,0.981296039429425,0.8637162799332935,0.8705014047821766,0.868404228887064,0.864865240645734,0.8647278936197368,0.8645927891319988,0.8706548278543306,0.8716284789724067,0.8644994285093172,0.9943578836645307,0.8945073807336018,0.8703663241398071,0.8216880936395757,0.870590098266901,0.8694013610145049,0.8647162405654097,-0.03506061619266955,0.1749181049480314,0.9694409225480733,0.887653353143945
UCSF-PDGM-0305,0.6697433650005614,0.9741637005240178,0.6317323576986296,0.8981256468347134,0.838484974082428,0.8744111042318895,0.5906999545029454,0.6978639003901107,0.9883860699100757,0.9095345668068123,0.9838739261381451,0.976857892052003,0.7788600789482303,0.9847620301396013,0.8974978270027885,-0.2352473242101537,0.8997261467902403,0.7609505931426688,0.9062604282935809,0.889502102802877,0.36430913685403093,0.9936896291548677,0.9058360015591504,0.840608454740775,0.8776479785767479,0.8061265576333998,0.9860483711922827,0.8404152757331312,0.934890162719718,0.9345222318246013,0.8845007206035059,0.6554404041630285,0.9049299104339318,0.9721186005200172,0.9095730630414705,0.8114772354104889,0.8970429056833193,0.3850833731075243,0.8453156360632793,0.8850718952017124,0.8929136419382445,0.9681231707495267,0.8700705485657094,0.9756368264010679,0.8734014554751128,0.7549115915488847,0.8851395360874151,0.9585519109423636,0.8435142310857581,0.5954923801817136,0.9620182410574721,0.840985239704466,0.8992253966773142,0.9787205252560748,0.8561543486427939,0.9020739915002414,0.9265586372423444,0.4659289636130817,0.9847323098028793,0.8685922125613929,0.9463089989523619,0.28135196265288087,0.9731720869626005,0.8535192175781645,0.911732254720938,0.9802914388590629,0.959134718241731,0.9640580861037368,0.8452141265003263,0.9663178142244022,0.9037794021217265,0.5553466718121303,0.979539650343401,0.8458038830897682,0.9721843086179273,0.7178269668567688,0.6622688299418631,0.9865256173709177,0.9036174363894653,0.906237827948196,0.8377870715944574,0.4408715605542204,0.9999828890496428,0.999995247555736,0.9993062727283052,0.9999672068821303,0.9999882342433914,0.9998988521967668,0.9999991295740859,0.9999997514840422,0.8293434625653685,0.9154198594013696,0.8641407365224592,0.8298440296499735,0.9995280064415684,0.9992933795145502,0.9153768614723695,0.9156243768287469,0.8809582348273979,0.9992629686546454,0.9999987518325477,0.9154703998823546,0.9993356263778976,0.9992616446434752,0.8496826018124336,0.9154533995213476,0.9990968868711295,0.9999552378232478,0.9993362729606583,0.9993366414093745,0.9999165653965707,0.9155476644637536,0.9144797054865239,0.9993165898258161,0.9146126097098419,0.9998989787580679,0.8708635250533148,0.9993191877702944,0.8498628549540037,0.9485736521067725,0.8926094091559965,0.9264491022796405,0.9999925736431149,0.9989835986639527,0.964965133285303,0.870431820131921,1.0,0.9999999977144013,0.8309439304047804,0.853490614446568,0.17435001708750164,0.9998676910803175,0.885548899413958,0.9824453793366493,0.8449178617694824,0.9547879872886663,0.7419210949642568,0.9445283103000689,0.6420666956115794,0.9261220440783703,0.7432015807726874,0.9579427476810842,0.6215102955495464,0.9274660322696412,0.9729169257490498,0.6211712628137314,0.9154946568564338,0.9993499594605393,0.7602209879641103,0.9024367677655888,0.8677163874917498,0.8999197437390032,0.6405098804551617,0.7936070266207322,0.8821454613658235,0.8379167878868136,0.8295578580122663,0.9028576747180068,0.9476905703407206,0.9076372199625956,0.8629158250762095,0.8915970666952993,0.9656233266227651,0.9280392227422383,0.3463612267192037,0.4896916536235242,0.9093074697333299,0.8610964336302005,0.851735415934571,0.8797389960091206,0.8925069921828765,0.8771590619490621,0.9206668086731536,0.8967395889922183,0.8949716892218077,0.9936372440672018,0.9164033057464634,0.6380581863278681,0.6427483679343245,0.9646803979736657,0.9422108286609614,0.9385212793927328,0.9155824098986418,0.9999990067028408,0.9998980484899717,0.9980633418602765,0.9145613213599227,0.9988100626497888,0.9999891889428156,0.9994210077298689,0.9989200847271588,0.8377928916554426,0.9374982113402098,0.9999991605188501,0.7487985879712188,0.9999946890181274,0.9994861052598485,0.9986021264415126,0.03889785514963124,0.43999321311767997,0.9590991103943771,0.9155806646049148
UCSF-PDGM-0307,0.6697365050791723,0.9741628625039599,0.6317248025397164,0.898128279079726,0.8384890995506457,0.8744091615355822,0.5906917835556448,0.6978645731330264,0.988387880413186,0.9095357099363767,0.9838753013090482,0.976856511760026,0.7788550943300461,0.9847638953826199,0.8975001401937562,-0.23526311704496455,0.8997274374420815,0.7609468726008098,0.9062627743904224,0.8895050975792469,0.3643076453673785,0.9936902150293854,0.9058349467479765,0.8406126219207085,0.8776455586998345,0.8061239388149708,0.9860478536663633,0.8404193643288613,0.9348930380347727,0.9345230667211852,0.8845043440293507,0.6554308794369961,0.9049301373824853,0.9721189285473362,0.9095765984553373,0.8114716727477245,0.8970450079135573,0.3850747209028968,0.845319793428129,0.8850680699608211,0.8929165046230221,0.9681240860622163,0.8700701348093344,0.9756354899079842,0.8734049498483851,0.7549053742696651,0.8851428676287216,0.958554947081235,0.8435123296115503,0.5954833506628217,0.9620168916635895,0.8409894647208899,0.8992290204372045,0.978722396641787,0.8561527043595872,0.902076628090511,0.9265619056692956,0.46592169326978655,0.9847349114958213,0.8685918466748527,0.9463120864812599,0.281340437128447,0.9731744995735412,0.8535165019257671,0.9117358913093101,0.9802922712482516,0.959134105659869,0.964057300291597,0.845214109987774,0.9663188571078672,0.9037808062230521,0.555339869951742,0.9795413530088338,0.8458079120825923,0.9721838077150513,0.7178220592736416,0.6622638381521819,0.98652822584011,0.9036175591227674,0.9062383158902086,0.8377846374019435,0.44086072960874284,0.9999832822811308,0.9999954537134764,0.9993069272905539,0.999967752139055,0.9999885599312421,0.999898899272388,0.9999992164948475,0.999999701532619,0.8293477705883049,0.915419909377468,0.8641446763936651,0.8298483283032195,0.9995300812062441,0.9992941170517834,0.9153765316399566,0.9156236853550777,0.8809606009768722,0.9992633196419087,0.9999986427235779,0.9154702990688968,0.9993360351992385,0.9992625552363098,0.8496866814620515,0.9154527547252269,0.9990981568380413,0.9999558752442139,0.999336674739761,0.9993370391217382,0.9999174364726633,0.9155473004751651,0.91447883464132,0.9993171697079798,0.9146118278263473,0.9998989361440411,0.8708639807831815,0.9993197473183827,0.8498668354110034,0.9485744713557441,0.8926121929467311,0.9264531335341953,0.999992831923146,0.9989852227292643,0.964966971565234,0.8704351975212586,0.9999999977144013,1.0,0.8309482118474464,0.8534946834890242,0.1743378881001509,0.9998682230892234,0.8855466386686884,0.9824471620852643,0.84492199053152,0.9547865795486896,0.7419162790024295,0.944526232049533,0.6420604195794088,0.9261192137388328,0.7431963253158063,0.9579411670211535,0.6215039927846262,0.9274694735000966,0.9729153548726105,0.6211654274857791,0.9154944783509479,0.999350164383488,0.7602179235415433,0.9024377354196538,0.8677199185429959,0.8999222615568042,0.6405050706944999,0.7936030909798467,0.8821456673725715,0.837921026304074,0.8295542300759904,0.9028610817571228,0.9476931862434881,0.9076372277929796,0.8629194898523891,0.8916001561737892,0.9656219511243964,0.9280398902242322,0.34634996685473796,0.4896823265884063,0.9093093292791469,0.8611004014309226,0.8517395565310584,0.8797430147029615,0.8925106173309811,0.877159729048715,0.9206652814592282,0.8967376999071078,0.8949728093510719,0.9936373045202378,0.9164061981278027,0.6380517619841422,0.6427419096446085,0.9646825353129714,0.942213456311674,0.9385245776110738,0.915581908777355,0.9999990997121069,0.9998981441685612,0.9980666578675998,0.9145630315398465,0.9988121146769398,0.9999895010430314,0.9994233058463926,0.9989218772220086,0.83779705100461,0.9374989777801689,0.9999990706269443,0.7487965319704215,0.9999949070844573,0.9994880441605482,0.9986045959804917,0.03888797624268253,0.43998509426068966,0.9591016712227607,0.9155803667487296
UCSF-PDGM-0308,0.49794448002884506,0.8031887593831282,0.5592123057293544,0.971224336587263,0.9997096800024851,0.8292383751235243,0.2957024884510577,0.7837437503968525,0.858168255592406,0.9335891310911592,0.8871197528343184,0.7696906087496479,0.808393376313074,0.8991736395916405,0.9684530340953634,-0.03019905733813379,0.9348205075907765,0.4520745576493628,0.9565943213523973,0.9808697391626602,0.4331176230987405,0.868596694783152,0.6743586385193469,0.9995911090595546,0.5790735963225033,0.7137249220542903,0.8475248718123235,0.9997082861002553,0.8487084176442369,0.765335206378596,0.9944708383496711,0.6963876178508164,0.8948961830116517,0.8423168280343254,0.9866524964717391,0.4769708395618059,0.9625316288749075,0.5273135352018928,0.9992871279231907,0.5765473000951364,0.9771507272978399,0.8485499202455967,0.8524695220971701,0.775947702057273,0.9923593034170922,0.41001678929757246,0.9830083980069813,0.9406309123329156,0.8111399715886061,0.5109430918511334,0.8010088439874963,0.9998056867885641,0.9904292531950354,0.8266485402162947,0.8695770355794642,0.9602306970804748,0.9783689413521759,0.39227951114195564,0.8982509998575143,0.8182432081540576,0.9636829214561196,0.2551577944736877,0.925026599041856,0.7859997812582054,0.9857166991214826,0.8995168262633159,0.7524026855370126,0.7933860737038295,0.7905394909247699,0.8396454781275676,0.943384288370049,0.5243112642679131,0.8980521171651804,0.9992560354111027,0.7756106430001658,0.6963723767146839,0.29962644329888627,0.8466742208370037,0.8840380708177878,0.9021983878708396,0.8186469996529211,0.41176610421150833,0.8313003228549475,0.8311352987003356,0.8255750598128048,0.8314297439653553,0.831241474119087,0.8284725787866318,0.8310267960173936,0.8308990596722496,0.99996770725863,0.8232612034980166,0.9979600662735095,0.9999700623344734,0.8324979842239228,0.8256412249595347,0.827030364807639,0.8226440703406849,0.9802843815510274,0.8228546318459983,0.8308427967167284,0.8247424784178562,0.825371812811889,0.8257752221707062,0.9993579562507444,0.8267562171580873,0.8235639781706668,0.8315061586433751,0.8253658276701085,0.8253623673041758,0.8316929654220178,0.8245268006524015,0.8316492060906083,0.8255144464716032,0.8292156980150297,0.8283890998711839,0.8790382235142207,0.8254977681525993,0.998567334933774,0.8644667285328876,0.9783667870305296,0.9775611546350967,0.8311819168876865,0.823796725460439,0.7527704511924169,0.9931151958512874,0.8309439304047804,0.8309482118474464,1.0,0.9990758872990081,0.05187360877967142,0.8288986815017382,0.7346957367388037,0.7997465313752888,0.9991928422108103,0.8318524328967469,0.7060112817053349,0.695106992125398,0.40860180714005395,0.6261534279097895,0.5848609582044476,0.7254316132381838,0.6775598534747401,0.9775229597565688,0.7571922005940849,0.28090737659841386,0.8246801124740228,0.8251948988629095,0.3869087321625162,0.923665655702124,0.9946220792960766,0.9671607482476811,0.46755733266852717,0.782137378902745,0.8553703558430175,0.9998929736177156,0.703202538677637,0.9888436761503406,0.962628617880881,0.8575620547886476,0.9959788724409601,0.9798715908443009,0.7274749451397067,0.891123739629946,0.1350393369799547,0.18254017229998257,0.942580781975313,0.9983117763642968,0.999224828389617,0.9950610062827887,0.9919801776389547,0.9210613358926742,0.7365037456563296,0.7524065360768166,0.9114681904178044,0.8335067704601636,0.9771213336411787,0.33336961842252055,0.5019991389265428,0.9454007622477024,0.968363332628062,0.9695465770082611,0.8244094484723226,0.8310323990193704,0.8285172070904717,0.8245969059429418,0.8258865880005396,0.8240478825316893,0.8312295354235515,0.8326183610807883,0.8238995086297268,0.9998278789023287,0.8769148539865681,0.8308611432470671,0.833829017108095,0.8311459932716784,0.8298936465599392,0.8242611027333281,-0.05360488747212075,0.1551498616895164,0.9510675922234513,0.8288806104046323
UCSF-PDGM-0317,0.5153178610973026,0.8268001363862238,0.5686504144965824,0.9769281296318676,0.9993270580763709,0.8414519988409525,0.3228083495440797,0.7829008923088687,0.8783743473164822,0.9413523353463741,0.9049738026243381,0.7955140218617043,0.8129827498892199,0.9165157399552453,0.9730978807657084,-0.05072859143035844,0.9428719161740283,0.4821241300059637,0.9639750619592793,0.9852940228146988,0.4275498494032424,0.888771974773314,0.6995998636412329,0.9994304383817111,0.6104249744890513,0.7290251957637729,0.8680888290048553,0.9994277535245549,0.8643136725265569,0.7865563407625228,0.9980115783668172,0.6998314476773909,0.906047859757362,0.8619061214130082,0.9926681039260808,0.5100635193404259,0.9673295169162931,0.5191190906212347,0.9993632766014638,0.6085413934375554,0.9821213501918735,0.8669204635774181,0.8621751061709926,0.8009036716630088,0.9946440521569769,0.4404080247726003,0.9871233588974959,0.9527668289806358,0.8190883009489258,0.5229426960238513,0.8220805411348937,0.999705764680857,0.9952954229506165,0.847896159403611,0.8769342811216129,0.9658335619147141,0.9860256021016268,0.3990333691371211,0.9158191078341894,0.8316558140922032,0.974128173817183,0.25358547144923954,0.9396492870258215,0.7990820742831914,0.9919729768133587,0.916045133815782,0.77652766759701,0.8158577052699246,0.8005591381470326,0.8592717999848074,0.9493917074190762,0.5264211494203724,0.9149457064138051,0.9993579394348127,0.8006690554430312,0.7003100456891462,0.3320815691457354,0.8674939617688452,0.8937217143218908,0.91080181610458,0.8288397607950745,0.4170643341462398,0.8538282479031682,0.8536721926432265,0.8484839596810433,0.8539502533025842,0.8537726573295471,0.8511521451877301,0.8535693164757453,0.8534479523609105,0.9989675602260717,0.8389163705128949,0.9997729341791162,0.999008313604512,0.8549375399233713,0.8485460454290678,0.8409520714352641,0.8383456445730312,0.9829588783178096,0.845911862962615,0.8533944149488285,0.8388085005298913,0.8482925916171694,0.8486714233002406,0.9999682658481504,0.8406985814089676,0.8465757326410689,0.8540221167659934,0.8482869424248756,0.8482836759490757,0.8541971974874674,0.8386102043620249,0.8452509079112497,0.8484269883792456,0.842972635624341,0.8510728096841581,0.8854972427395672,0.8484112968751123,0.999152395048814,0.880679443191016,0.9833215159143,0.9855923345438835,0.8537163292739481,0.8467898188019369,0.7778543432352639,0.9955215765154087,0.853490614446568,0.8534946834890242,0.9990758872990081,1.0,0.05558850471290102,0.8515551539985845,0.7535976495670242,0.8231774623273408,0.9993703541693868,0.8502505153136283,0.7150421673845062,0.7217225381350666,0.43014221547443227,0.6573920054579968,0.6002196781939998,0.752864689922123,0.6787481539656852,0.9855594858838856,0.7836093387573111,0.312849661487026,0.8387512880472761,0.8481253039053224,0.42014128997128514,0.9322778134827999,0.9964516507041395,0.973167713934349,0.4835053686067187,0.7899641293412458,0.8657430668646517,0.9995597717099691,0.7172363798443738,0.9942476565083058,0.9732535834328171,0.8691708872758407,0.9974007396333253,0.9846437193890567,0.7553000081068839,0.9030984243034369,0.15158747052981048,0.20719134302153436,0.9506856298130584,0.9998754464905799,0.9999891385961274,0.9980758905498356,0.9960825350527527,0.9276802638056992,0.7590326202448635,0.7713257026534134,0.9207082833490009,0.8560727945253358,0.9844485407018069,0.36029201226513463,0.5129426371410024,0.9582998221014143,0.9779463105983203,0.9787865156998792,0.8385018245162643,0.8535746338743274,0.8511945114942606,0.8474920833208212,0.8398272056494385,0.8470175766337082,0.8537613713540373,0.8550451288237134,0.8468835033646276,0.9993694538183248,0.8923803251636808,0.8534118779914638,0.8381660625092997,0.8536823214243796,0.8524765137032182,0.8472070768122093,-0.050570407230706965,0.17670430614828833,0.9633229300397972,0.8441151096552975
UCSF-PDGM-0320,0.1949297605015053,0.1270421908629059,0.002441178865827333,0.08866639493562313,0.055009229364731155,0.1918434434303323,0.4318563629285336,0.26111763435475616,0.2154507639343352,0.2673999958326105,0.21630736381331256,0.1912566552639195,0.4732544758161609,0.18498797806691628,0.23046573378680923,0.4385458912756953,0.054808537484183094,0.24557322223490047,0.08335783216820986,0.09173987705239456,0.30982251440580305,0.16046793045317378,0.3962364254779131,0.052657961588540164,0.2392741380433443,0.000193133747095995,0.2456707740247632,0.06446911915254948,0.3096513370815269,0.3427483422193261,0.07380354886731365,0.1671037381419635,0.1409882340266717,0.2733172955987903,0.08627169933474463,0.2200060274901048,0.2550125923419564,0.24804879399289825,0.07077180574359254,0.15654983044480272,0.09134912070835496,0.2616975116787068,0.1970144368264011,0.22881237778426394,0.12086980459116448,0.4461711651815954,0.09046971699731533,0.1846785000814698,0.5494043477587767,-0.04386871514965876,0.3107473733445084,0.05165201433869783,0.0861513035633858,0.24609903965258934,0.13928582453606844,0.2208699408787507,0.1119293844244657,0.29152637617449295,0.16296923833851573,0.020429263543873043,0.10798667482187874,0.8170478132597462,0.17332414251038952,0.0789294788685281,0.08443936373671358,0.21307947315204626,0.31076177321125076,0.20051298238941978,0.5021429635926846,0.17930516829853752,0.2957187641401515,0.7797268817718892,0.17754328599374564,0.07183018238798178,0.17067932946817613,0.5035919095011214,0.4439886523390834,0.2140040476748686,0.37275339325237583,0.33924384063721574,0.019340215265747446,0.35002166222897974,0.17329762311625613,0.1737961335653708,0.16763412275656261,0.17289152558568485,0.17347776603974385,0.1801316495194721,0.17411317741469268,0.17447644371959392,0.04735040224597975,0.17299895089570402,0.0602912805331008,0.04752750692568895,0.1687567675979472,0.16741093879054075,0.35093485823029646,0.17498189422500152,0.19116402261773002,0.17434254292756904,0.17463322995572136,0.35578481440308035,0.16829361344204086,0.16694463722150807,0.05447352057547184,0.35166220625285904,0.17187715800686554,0.17264490342858868,0.16831247959165704,0.1683233735444001,0.17201821266613027,0.3563948978555594,0.35927796123834294,0.167834777143635,0.3644581858423531,0.18036852653293714,0.38436206771927917,0.16788937600787557,0.0566874784983292,0.17193571648603875,0.07983992876348366,0.08818363126612022,0.17365737324902134,0.17091855720760352,0.2758890058682002,0.0685741539207719,0.17435001708750164,0.1743378881001509,0.05187360877967142,0.05558850471290102,1.0,0.1788454105519469,0.39975746492869746,0.2528212162253863,0.055125516389533995,0.2645412587752633,0.23561586194291503,0.33123149868480783,0.12693037620991962,0.27611189275610415,0.46102726063084215,0.23356748920488984,0.01420957075594942,0.09867520717364311,0.16684131940701655,0.1323400275392252,0.3559654796307918,0.16883911331775983,0.4153331616309902,0.1643294732803324,0.10465752956151225,0.0935549019614399,0.4808743366831451,0.29502727683779734,0.2220459132825593,0.050317249860194896,0.5437652461826212,0.07802876025327772,0.10175517662065633,0.3681980842511825,0.09876969121351203,0.07798201895033298,0.215363944135529,0.2724400708551637,0.34893791964580695,0.5221450739541528,0.1003458913043106,0.05980043867017651,0.05608149121411493,0.07421902810161284,0.08868261897252122,0.039783851805556165,0.18068920627981655,0.19417088045864458,0.049120284778378605,0.18344536457443153,0.05692223370629664,0.3392777556631773,0.8339797293169833,0.1330092531924843,0.11799360771471716,0.11947244711711545,0.3567106521929628,0.1740970015903098,0.18000315295008065,0.16627173243818152,0.3514400543603276,0.16975357371219127,0.17351398405236343,0.1681455018651127,0.1704609029097257,0.05983667476954908,0.23705289835599988,0.17458231328603335,-0.13577578767770138,0.17376443957029453,0.17506127276348882,0.16861025976276195,0.3399478760878358,0.5757769386792587,0.11128758037112375,0.17890289489871417
UCSF-PDGM-0327,0.6673729156527014,0.9722058556537466,0.6291271720161109,0.8965433202692906,0.8364988257692986,0.8731654117641883,0.59054032185329,0.6961831398016264,0.9888243955419503,0.9089048163417386,0.9840775308606773,0.9763274252936147,0.7769976566221721,0.9847496470248052,0.8965498195112177,-0.23735435425938498,0.898586606733827,0.7586546452008645,0.9047624923661741,0.8879897147871612,0.36283395747361546,0.9934899081804547,0.9081410864392324,0.8386511878507935,0.8781172582431305,0.8052206048912637,0.9863274182531906,0.838452586164961,0.9358548021928215,0.9354194034139847,0.8827722315366769,0.6536033148686533,0.9040859533578455,0.9724878210317955,0.9081136431156845,0.8100319674788867,0.8961185658344559,0.38410640365570203,0.8434218435177991,0.8829648350887767,0.8915654911868073,0.968248940551013,0.8687361259411791,0.9753193463719271,0.8718464494658812,0.7573156325059609,0.8838666054690034,0.9581332686977364,0.8441875958217563,0.593011649987573,0.9626841277106548,0.8389812367554731,0.8976450868413319,0.9794149015651724,0.8544171019790585,0.9013345827150678,0.9253327200094845,0.4633580396552121,0.9846616188125709,0.8670121118951603,0.9452643759772345,0.2785388553282034,0.9724908922995433,0.8518882289447052,0.910261138221105,0.9801648727276366,0.9602695369590525,0.96218800817014,0.8456472443875983,0.9673134433113791,0.9031795615217865,0.5560447450523367,0.9784789284789395,0.8438978939745088,0.9710630024606014,0.7172940965425866,0.6664142863749337,0.9870917098880314,0.9038484245108519,0.906225792834218,0.8368999113569836,0.4384559766241498,0.9998968115180926,0.999887302696408,0.9992322500290374,0.9998989005739642,0.999894261319306,0.9999742774679737,0.9998772474549618,0.9998618712840668,0.8272735286459346,0.915720493255606,0.8622765170655007,0.8277762219862727,0.999638531213756,0.9992290538697791,0.9154326529751134,0.9158377075054492,0.8794824560564894,0.9993542435548621,0.9998539572672193,0.9157532816623186,0.9992328859556417,0.9992175442527774,0.847725481995883,0.9154722296071027,0.9992959176334809,0.9998977054830297,0.9992327095991161,0.9992326028190908,0.9998863484187908,0.9157995597752205,0.9144923115812436,0.9992338396675919,0.9148367553168982,0.9999638828593639,0.8712406531527301,0.999234061310111,0.8479750618573976,0.9460081521220305,0.8911228016138883,0.925271968905832,0.9998907213340514,0.9992241471100166,0.9663452316576502,0.8686985933798549,0.9998676910803175,0.9998682230892234,0.8288986815017382,0.8515551539985845,0.1788454105519469,1.0,0.8864709224654698,0.9834887038783426,0.8430160517741091,0.9538997292516156,0.7390801721134889,0.9458991583260036,0.6401398463659801,0.9277081630727441,0.7454731011320883,0.9590563250087217,0.620308304253902,0.9262353211964957,0.9717578068354806,0.6170545239241204,0.9157683915756212,0.9992233926161498,0.7635921818342393,0.9015710431359488,0.8660475161726369,0.8985711673970775,0.6408361774710087,0.7924789311460871,0.8802415021020339,0.8359003813849002,0.831309042140832,0.9012890329214271,0.9465626356091188,0.9080225366098731,0.8611951552654421,0.8900103530514376,0.9665376848889405,0.92776168476541,0.34191554582038636,0.4913050213048296,0.9076585950774726,0.8592369527139463,0.8498113508997196,0.877894214863433,0.8908874594826203,0.8755792071265411,0.9175586826120633,0.8935849091275341,0.8945428935685442,0.9937957634083602,0.9136897745723073,0.636486621239954,0.64614149822812,0.963827116505457,0.941036241283617,0.9375605985216262,0.9158181573114487,0.9998778362411477,0.9999791751491754,0.9985022498119583,0.9150573095605532,0.9991007873576353,0.9998936277323965,0.9995576526108559,0.9991803808855113,0.8358123544092808,0.9380178826394772,0.9998566120430519,0.7458717738237125,0.9998881361413453,0.9997834250566381,0.9989418002648492,0.037050407594948126,0.44356147607495605,0.9581557805606405,0.9158618210617211
UCSF-PDGM-0329,0.5396866164672165,0.8407949056412427,0.4912225518299319,0.764495509958309,0.7412083875598291,0.7447673706733878,0.771444740278759,0.7850164934772965,0.9073917603046969,0.7733882721781588,0.9202408633456637,0.8698270988310262,0.6846352054993978,0.8961067743402935,0.793685861490106,-0.1278442189319227,0.7308785590488704,0.7819815008108393,0.7548706315992009,0.7674934598426634,0.5610957028935823,0.8751281534782039,0.9745844953615297,0.7396355870115274,0.7878442873961174,0.5678259767239349,0.9353107589029555,0.7399841263846293,0.9759594033468167,0.9900812361176742,0.7835052883035777,0.6329775157135821,0.7474309019143404,0.9461687920328004,0.8042832429438905,0.7460641408373062,0.7980698058774794,0.5499203226909858,0.7421200059102515,0.7750546275574436,0.7672882210279703,0.9352721320639824,0.7733797358781049,0.8987602512582197,0.7583833287041448,0.8326294969117655,0.7644937358626183,0.899835490045932,0.819744698761529,0.3926771560932473,0.9663381165032419,0.744204233319335,0.8002478684394682,0.9147809671244109,0.7605149054203837,0.7783399270152012,0.8309204447040339,0.5076238226630325,0.8746867631532369,0.6441511386418857,0.8338538881245979,0.4308418037616009,0.8980969715751658,0.6731774695116963,0.8033572437192702,0.9169762535720153,0.9355284002322204,0.9049180861392223,0.7608010856798504,0.9115334874046939,0.8118077116231628,0.7088184473579683,0.9098721540282112,0.7428411820088049,0.8614534212195462,0.7048154974043714,0.7477537262949434,0.9002714990028903,0.7834004060626583,0.7948991518488457,0.6519361423038748,0.5234122263623749,0.8853383138554285,0.8854416948263631,0.8763797615975141,0.8852493077027881,0.8853764219575128,0.8867368483409781,0.8855040499427395,0.8855722319893587,0.7346484965695499,0.7524683736649448,0.7629813872065256,0.7350523943048878,0.8841046140075574,0.8763260185481496,0.7511972253550726,0.7531016792250347,0.7943384381230122,0.8778136632976195,0.8856005776909346,0.7526045249008517,0.8765311805887782,0.8762096800819277,0.7509951468450893,0.7514586921043411,0.8772003305871297,0.8851931684119251,0.8765353490925858,0.8765377519797419,0.8850434684056059,0.7528331549499977,0.7544490296707986,0.8764270027362847,0.7559740640410312,0.8867810330450692,0.7873486023252478,0.8764396803604108,0.7439646145430088,0.9241771164886855,0.7602142126094565,0.8108639275489143,0.8854135722706584,0.8769206913761733,0.9083461645258283,0.7544490609840971,0.885548899413958,0.8855466386686884,0.7346957367388037,0.7535976495670242,0.39975746492869746,0.8864709224654698,1.0,0.9171854430053623,0.7421154824738784,0.9354948943842436,0.7025887162885591,0.926789311863786,0.4519973435730575,0.8487987231454946,0.5703699753402839,0.859624415354379,0.5599068314977668,0.8208772863023426,0.8570029565373889,0.5641317418706945,0.7526732088849435,0.8766480243710228,0.8002925734130096,0.7848419464725709,0.7532639132833572,0.7683722905403876,0.8924871855858335,0.7873606857685254,0.8864793138455505,0.7413799685673632,0.7284059445473219,0.7957620759109775,0.8300408535706347,0.7669768862544921,0.751483945135804,0.7596930989650191,0.85371589262721,0.9407949950645011,0.6187457757809882,0.7385473000372396,0.7644500731300689,0.7605631894505426,0.7529711710216224,0.7837413519982753,0.7991259123139557,0.7221148524893314,0.8866512221349516,0.9065727684176783,0.7130940012052654,0.8813477044677398,0.7991065003650122,0.7222032108629625,0.6941722527216048,0.8579130834635901,0.8411497472437945,0.8444022010974362,0.7529477538996036,0.8855009326811435,0.8867122526330817,0.8752515704040518,0.7507210178562471,0.8765505480076482,0.8853839813147791,0.8838994988699777,0.8767792197495266,0.7374241901324757,0.9168443650145135,0.8855914440620086,0.6609598774016511,0.8854353159396854,0.8854411827249523,0.8761554942907939,-0.0062384446843586055,0.7416437338162013,0.8405581838237366,0.7606860313176282
UCSF-PDGM-0330,0.6553416921551541,0.9686669127796013,0.5827924557141166,0.8631719444407121,0.807424506339713,0.8613069560363448,0.6910085696243066,0.7105197949723163,0.9940519387932617,0.8745804142467497,0.9820333274854832,0.9830665727606246,0.7688400303294667,0.9784760506902974,0.8704804397632844,-0.24258725397264375,0.8571335422534943,0.8212773883827408,0.8685365692236324,0.8580913791785846,0.3959225456253972,0.980147508653965,0.9438988002809334,0.808888621735342,0.9201959832397536,0.7480637153242129,0.9891278330402292,0.808726995702483,0.9470415770057415,0.9611561784500263,0.8561501088038465,0.6275178530687241,0.8794828911627717,0.9908159653669762,0.8830943790767468,0.8579178388771631,0.870519917522465,0.40469382323957903,0.8133949066967198,0.9012438944379959,0.8572113432959922,0.9837964109242778,0.8574481211838586,0.9924557200332091,0.840999678465439,0.8423198578415444,0.8523368422791904,0.949622435780701,0.8460741045083789,0.5357165350040722,0.979170113743702,0.8104125035715608,0.8731457591598318,0.9968725038085867,0.8197961610437502,0.8655469133867758,0.9048699330234057,0.5059387116509413,0.9780864553517407,0.8184640552332911,0.9244339104009635,0.30354759586971497,0.9647309249646701,0.813486342824904,0.885723359403294,0.978150401844383,0.9908445527290906,0.9778094423261102,0.8147988645330393,0.9488812718958745,0.8758576757442064,0.5985443129861423,0.9730842336492842,0.8138379352264015,0.9811711707003671,0.6855968501078348,0.7514851371367584,0.9957115817825966,0.8738900457182495,0.8695066856794569,0.7813683707204696,0.4555765339516997,0.9825830130988941,0.9825221047671677,0.983594223481931,0.9826269701959828,0.9825618895401779,0.983329007207783,0.9824793581300248,0.9824265222897861,0.7984191728098969,0.8820282818266209,0.8340023180771183,0.7989231612785318,0.9827927325281867,0.9836142108119643,0.8808403294290987,0.8819652775485534,0.8539086717935844,0.9843855229889817,0.9824024399223181,0.8820240895394571,0.9835263383744731,0.9836511301983092,0.8190810698168335,0.8808042504489303,0.9845856580262173,0.982651200115246,0.9835242014799275,0.9835229626101469,0.9827044458650187,0.8820062276788859,0.8828188708455691,0.9835749676305942,0.8839883077036665,0.9832939276486337,0.8322702874934386,0.9835695167560513,0.8175351718745386,0.9406103534084623,0.8562414574609798,0.9016553717522956,0.9825398308779496,0.984614220117123,0.9952043307920224,0.8363293797195094,0.9824453793366493,0.9824471620852643,0.7997465313752888,0.8231774623273408,0.2528212162253863,0.9834887038783426,0.9171854430053623,1.0,0.8128976883124543,0.9745377725611529,0.7214458830787214,0.9808027717822044,0.6090556691969902,0.9579358152539996,0.6952617152326613,0.9734256664409127,0.5571391985966105,0.9035341149457583,0.9745438954740239,0.6728846804599412,0.8820202113671983,0.983460149795257,0.846775158393924,0.8785234071902279,0.8344054988321271,0.8622617334895032,0.7093514512896618,0.7801480309346367,0.893628423642501,0.8072238693096301,0.7998298357521993,0.8739153674724306,0.9227927638014038,0.8740134260885464,0.8298276002600076,0.8563958914379801,0.9759452303215668,0.9381879711667528,0.4321476643960717,0.6044883169303154,0.8733754498619017,0.8310989984566962,0.8216225188745669,0.8525629768993344,0.8663253890059991,0.8325574892469397,0.9346413397446616,0.9002651542271367,0.8510481517350049,0.9885313777513306,0.8870525191968874,0.7319571129164347,0.6641108609665489,0.9471772007530467,0.9216096761925809,0.9150524242558999,0.8819916068356839,0.9824816148985644,0.9833472939516247,0.9843774426129567,0.8817833803158548,0.9846126740277501,0.98255752168383,0.9827748280760344,0.9846183230074885,0.8060040678278099,0.9465974800824604,0.9824103454518115,0.6864018922771031,0.982526206185454,0.9836656666794639,0.9845731087030799,-0.0071797167132987404,0.541725403823165,0.9362365953342242,0.8803643069161188
UCSF-PDGM-0331,0.5273952899898832,0.8162265289910398,0.5808839121017163,0.9797827128157394,0.9997684879892036,0.8484957088783328,0.30361733281913245,0.7811776061392073,0.8696524087086439,0.9408367685151692,0.8970092837553928,0.784126397070623,0.8120804785219713,0.9091428822055838,0.9726978343128813,-0.04946206035103629,0.9474616971368403,0.46364477424467304,0.9672424678007392,0.9876464733817611,0.4271656313683368,0.8808040895033916,0.6864108860835598,0.9999282826643966,0.5958927487895628,0.7387771254932697,0.8587293371710231,0.9994906054696119,0.8557503536586876,0.7747364169061542,0.9963638430647879,0.715954753509368,0.9113437050453909,0.852297838219723,0.9900931844020742,0.4931381650405553,0.9669234330594657,0.5300784805395999,0.9994010781172691,0.5932339349817171,0.9847974672264236,0.8582240618889969,0.8683593454770121,0.7893513518131645,0.9944915427143345,0.42481958589907465,0.9894792259944045,0.9470864865435672,0.8181706058864238,0.5386607687209097,0.8117933483413552,0.999440836224423,0.9930847780559409,0.8384310517856339,0.8845572838188195,0.965525316056931,0.9826790018652716,0.40896776815932595,0.9086384217875523,0.8389156820658734,0.9698212303471969,0.2531323146524125,0.9328558135373723,0.8070360883082451,0.9893248419448633,0.9086887575254177,0.7653749917857177,0.8042257476176786,0.8000936634356212,0.8498352130838066,0.9489178837678678,0.5255857706252393,0.9067538979919831,0.9993902599723992,0.7891124419253247,0.6997066919232795,0.3152514800861125,0.858573476849933,0.8931009093982483,0.9103434920087095,0.8380386030129179,0.4336816584413811,0.8452608073793055,0.8451022029841995,0.8398574498177426,0.8453849326746607,0.8452042888607602,0.8426064174187706,0.8449977362984967,0.844874579297095,0.9990294443466399,0.8446805916021086,0.9988119629273732,0.9990564433530943,0.8463959598591807,0.8399207187514601,0.8397163641478882,0.8440783403924823,0.982666989052639,0.8373073511068392,0.8448202778552973,0.8375844964439206,0.8396626539101553,0.8400486061767204,0.9994491824002294,0.8394538781312957,0.8379845712335638,0.8454581024108182,0.8396569081671846,0.8396535859781504,0.8456365662036996,0.8373786628539679,0.8439992333580212,0.8397994247343882,0.8417286870844676,0.8425259046824771,0.8852055014269055,0.8397834481291904,0.999902732788338,0.870943354293849,0.9857865304604858,0.9823509875175855,0.845147043256414,0.8382042262369017,0.7666795009847975,0.9969756424015281,0.8449178617694824,0.84492199053152,0.9991928422108103,0.9993703541693868,0.055125516389533995,0.8430160517741091,0.7421154824738784,0.8128976883124543,1.0,0.8407621109244343,0.7269713114624007,0.7095934654765141,0.44133644146485684,0.6438829017651471,0.5994257113756621,0.7412952792648713,0.6932087861866267,0.9821585858222419,0.771811033048561,0.29453675047233896,0.8375250569050658,0.8394926086204682,0.4039100342593942,0.9374768197175817,0.9963456246074116,0.9764188415059246,0.4704459091128764,0.8000913384632957,0.8590753912598953,0.9993856745382562,0.7164488338244217,0.9919530264520481,0.9690146421870045,0.8683963338724053,0.9973333914487985,0.9869482940138846,0.7438274384608182,0.8964713187697635,0.13426388066440417,0.189979363104383,0.9545547597243809,0.9990089905859547,0.9994153238158668,0.996507564832647,0.9941669195016474,0.9332004466864622,0.7459906898993637,0.7592740727316324,0.9259471403067236,0.846928658063777,0.9808277286131167,0.34325620601091955,0.5121383424319093,0.9529451865646205,0.9738565456720102,0.9748164090246048,0.837266362839034,0.8450031342664824,0.8426494279529122,0.8389363644083743,0.8386555724206621,0.8384390300134292,0.8451928172459306,0.8465073830120944,0.8383006426063457,0.9994459852036699,0.8840525693701686,0.8448379883698494,0.8309575087670766,0.8451124920800984,0.8439591223389592,0.8386357369672023,-0.05026203262901141,0.16182403992263214,0.9584407355567729,0.8500255021958232
UCSF-PDGM-0335,0.6534069651346269,0.938353213607222,0.6327828019552363,0.8749864132388873,0.8390991002419316,0.8721110304390669,0.6793246851900588,0.8342572995465459,0.9743515408013452,0.8660565307470717,0.968150192474837,0.9407508886088468,0.7778890323986335,0.9616612146859196,0.8892933392513998,-0.17996098770846808,0.8589348890987958,0.8088123650880182,0.8705096281636349,0.8754626871811061,0.5649706375571609,0.950331472182736,0.9159908952673803,0.8382257384900642,0.8540256010740402,0.7082622263641187,0.9695280717861015,0.8382688564981666,0.9573855885644508,0.9629059341927804,0.8773527958050944,0.6717114635322803,0.8680138435692554,0.9887676205680416,0.8959292687003072,0.8030142961943957,0.8891752615052857,0.5484522167004093,0.841122067631149,0.847455291559751,0.8670935061698418,0.9961181602126904,0.8937140873078855,0.9650745588525736,0.8600508034930462,0.8334256623183974,0.8633928398821209,0.9598426971603202,0.8761063158149043,0.5119765012879205,0.973028396266799,0.8407108178312108,0.8924987075277105,0.9852582675687263,0.8582581269730938,0.8691477181591665,0.9183681722752717,0.611810015617443,0.9588428164609314,0.7967697413313374,0.9223914974305817,0.37813734388049147,0.964677527742956,0.8231799138320914,0.8983279890496542,0.9754326712634278,0.9817201802890902,0.9835662345446565,0.7960554190256118,0.9161079220211038,0.8934844510445616,0.6879714452814948,0.9708409464775292,0.8417783748941697,0.9513042174349818,0.7440384063697468,0.6676173730842273,0.9757763651963568,0.8577369783475597,0.8628165520284402,0.7777526404422866,0.49263753273318023,0.9546500358708249,0.9547193572905573,0.9549102696837113,0.9545883177607629,0.9546759077978624,0.9540791782984916,0.9547597269312037,0.9548024063574477,0.831115953852184,0.8607160333897689,0.8583679774881005,0.8315087996631341,0.9536986797640448,0.954872605093898,0.8613589031198664,0.8611589150492744,0.8885787165083715,0.9543654819361628,0.9548196417411042,0.8608145157770364,0.9550133774726962,0.9547894204016573,0.8469345719321049,0.8615369601458894,0.9539250270566022,0.9545485511381604,0.9550161462471382,0.9550177404336777,0.9544397826196819,0.8609761078583346,0.8647352695792168,0.9549429387243173,0.8642615837997417,0.9541069893096775,0.8390164176018884,0.9549516320518519,0.8440950796472934,0.9661734037505255,0.8663102973389999,0.9054976156379294,0.954700777644148,0.9537082277588457,0.9707081880764347,0.8564071046063685,0.9547879872886663,0.9547865795486896,0.8318524328967469,0.8502505153136283,0.2645412587752633,0.9538997292516156,0.9354948943842436,0.9745377725611529,0.8407621109244343,1.0,0.7612928029655851,0.9655239070999291,0.5722041032675147,0.8910500814752563,0.6260753052630376,0.908456939846422,0.6054736248513984,0.9094121884983194,0.9332336743393813,0.6296942891494719,0.8608635806204249,0.9550893497766617,0.8015846339311435,0.8859100674459695,0.8546990372141897,0.8707767662971981,0.7907585248730751,0.8201053022803463,0.9651023564952674,0.8379345549368024,0.7613564628535461,0.8866923888029912,0.9191937456125348,0.8496454642867917,0.8516967812079279,0.8691931050488807,0.9117490544490069,0.978895899178351,0.525366307019737,0.6244468255190114,0.883340619365639,0.8558927898168532,0.8493894419471718,0.8797753354867184,0.8907048500497013,0.8554121605032543,0.9590322011323742,0.9435365113579288,0.8415311954252723,0.9512741527982813,0.9050392914409189,0.7691882791926196,0.6542882916708187,0.9423413030221712,0.9287257024287169,0.9183705249368018,0.8610551232885907,0.9547577375141558,0.9540634060182994,0.9523103629474059,0.8593476979226854,0.9534112299263277,0.95468099727611,0.9535278422425113,0.9535959095366715,0.8360263575537987,0.9403477418734445,0.954814123062125,0.708553054989741,0.9547151623376484,0.9531012683983726,0.9530845784508664,-0.0461300403419683,0.5580562593925358,0.9278090620045385,0.8599046442650563
UCSF-PDGM-0337,0.9218074005632948,0.7165748632942908,0.8240717223046025,0.822140508395293,0.7205268785306119,0.9339959919911073,0.4131742430756727,0.6932200056307631,0.7391068664753212,0.7459637839349389,0.7489089003607519,0.7013005019571213,0.6646571610734737,0.7471649661934671,0.7564934147295018,-0.22164905822472522,0.832244509259231,0.5529298319910915,0.8311629442243827,0.8052500359942618,0.4821384753028547,0.7380771340418534,0.6597658051370153,0.7212355306522094,0.5806995624215169,0.8299540567131974,0.7420484377740116,0.7117517614741645,0.7401230506487032,0.7175149409032406,0.7297361047536853,0.9371093973108674,0.8782169096340939,0.7438967996743602,0.73701608965573,0.5410616661035104,0.7593191437292914,0.6710846155374476,0.7141975627959641,0.6095900110153273,0.8076071074414229,0.7582728764315918,0.9308218361970422,0.7137061675854279,0.7309703504723262,0.5343471885187019,0.7923104497571655,0.7627378931509923,0.7457447807980119,0.8023947364169203,0.7365956694511648,0.7100283000674925,0.7372305582834088,0.7343250963122285,0.9280804347571783,0.7440318045270724,0.7481415633282905,0.8019035239115471,0.7421752057788409,0.8588119520141758,0.7434172719457585,0.4210791366973291,0.7600322466382379,0.9032722200505976,0.7377004491227869,0.7600389796109327,0.7167637312989594,0.7441926776960865,0.71548944007945,0.6834990057285334,0.7681641096518845,0.5966715489484655,0.7617289956775205,0.7148893403203572,0.7100392704182885,0.6370361831591521,0.3880847249255151,0.734569816872401,0.7419021013492101,0.7511530786417766,0.8546101427910201,0.8820442707630664,0.7414918517577115,0.7416980419524193,0.738156348308657,0.7413201076422165,0.7415669526526605,0.7396161583681367,0.74182649936851,0.7419711109876902,0.7046542977590012,0.8890314441689099,0.7194859013580943,0.7048823119708476,0.7393834189847425,0.73805898337116,0.7383630137347297,0.8896542407478173,0.7581470709149023,0.7362882187198927,0.7420326725118089,0.7358840316848695,0.7384381774029555,0.7378523338587002,0.7134223232261969,0.738713895733883,0.7351888473919216,0.7412141628109399,0.7384461099394642,0.7384506871547427,0.740939391534433,0.7361891684763759,0.7390101945665389,0.7382430280964488,0.7366781826967223,0.7397111206466167,0.7196252202185687,0.7382664733120484,0.7334755047023899,0.7722922782358805,0.8012929231704652,0.737038099228938,0.7416411642905495,0.734728901195362,0.7020032066058274,0.7646589149033141,0.7419210949642568,0.7419162790024295,0.7060112817053349,0.7150421673845062,0.23561586194291503,0.7390801721134889,0.7025887162885591,0.7214458830787214,0.7269713114624007,0.7612928029655851,1.0,0.6962884321876948,0.8358117033508375,0.6215764282897466,0.5255668488654256,0.6582746291353364,0.8128972585548134,0.740669587041197,0.6999660405261439,0.40816728137426844,0.7359752747648847,0.7386646089611308,0.4948697886078271,0.8888109012095424,0.7267786683813972,0.8272913371621723,0.5686171031589289,0.9771607121873703,0.7654849915666121,0.7083574873817196,0.6716433166734544,0.733264157422165,0.7434180745416427,0.7355784480955642,0.7244138175236293,0.8006713974176662,0.6646120145962413,0.7672179667191964,0.3536328267114031,0.3673647310299862,0.8629772114885177,0.7178030532111598,0.7145594408546891,0.7327936069110771,0.7387030167882527,0.8482964583525013,0.7343800844226527,0.7465527415657212,0.8196284638076758,0.7243462916569227,0.7476422414242038,0.4915421322322771,0.5756222422313688,0.751254418854739,0.7511034781018767,0.7463907152242816,0.7363437337084995,0.7418199959540436,0.739564154351776,0.7322518393096279,0.7334809621513595,0.7341460183993319,0.74158197110447,0.7390688063039019,0.7345030268840391,0.7091075991308327,0.7099983314871131,0.7420127368134691,0.5264514810279135,0.7416850857474129,0.7373097666521855,0.7335488846593412,0.10659541429325961,0.3361584077006402,0.7447949126819907,0.8933734204341249
UCSF-PDGM-0339,0.6589881585572218,0.9282170591950533,0.585808737770199,0.7726105332736857,0.7047343535751817,0.8168506959063163,0.7586372198221727,0.7120316005476499,0.9567736997132968,0.7904352758768113,0.9361560674116011,0.9544748366186743,0.7052842319490292,0.9252480277419685,0.789346928329177,-0.24781635475809827,0.7732540535134286,0.8644205176691044,0.778208669043087,0.7666822073618338,0.4603843427970344,0.929608879853048,0.9544361999116413,0.705201155459421,0.9231083483022441,0.6851774874573303,0.9553288900467397,0.7051538888890905,0.9211930862602865,0.9598125881658716,0.7612479750278157,0.5898320207206307,0.805272119679654,0.9683218146823344,0.7927330627636142,0.8794577460586775,0.7912133402251244,0.4275108918790203,0.710141329326635,0.9013499147140674,0.7629055484522569,0.9666485533025577,0.8202247541821742,0.9737263577268872,0.7427221251266661,0.9250287320578989,0.7554743128266066,0.8914513811113328,0.8230685982571515,0.49459785425601877,0.9673159780624061,0.707391202035259,0.7828477088989503,0.9756714731586877,0.7709078459188757,0.7775111399285258,0.8236303847470171,0.568579821691055,0.9229223942439716,0.7464670809315945,0.8432554228777092,0.3424641156160334,0.9076785365212396,0.7730672160103417,0.7960377861352189,0.9338832373788258,0.9960335659667875,0.965062014753171,0.7596630570287534,0.9026962854520546,0.8059517925724113,0.6430025616074669,0.9239296880316619,0.7108799858327255,0.9552805754705836,0.6809502096363612,0.80413480577301,0.9622308529448379,0.8042949466626362,0.7989751775009257,0.7170874308718727,0.45760917228725395,0.9443325173354555,0.9444291531917197,0.9467729944973741,0.944248660011465,0.9443682421755403,0.94614711898892,0.9444869734845092,0.9445497238621909,0.6937237451645499,0.8286030882885422,0.7340922202080373,0.6942901343075991,0.943139169736912,0.9467236471529562,0.8269274702520976,0.8291861548954763,0.7736418618377585,0.9485850490762897,0.9445756471289594,0.8287297664798807,0.946910773331725,0.9466161354851215,0.7169742619766925,0.8271669699700429,0.9480194671667148,0.9441954969503576,0.9469145372467039,0.9469167061449505,0.944052851106688,0.8289409529062154,0.828536144788273,0.9468161887448966,0.830452667920285,0.9461876460762656,0.7706968446087419,0.9468277496016878,0.7148554809038374,0.9069682896442622,0.7610326198032045,0.8135612105822295,0.9444029553316757,0.9477547370841078,0.9908706057535777,0.7367181317749764,0.9445283103000689,0.944526232049533,0.695106992125398,0.7217225381350666,0.33123149868480783,0.9458991583260036,0.926789311863786,0.9808027717822044,0.7095934654765141,0.9655239070999291,0.6962884321876948,1.0,0.6102057425601468,0.9610098366642329,0.6571027807797415,0.9478660032065425,0.5189705019040092,0.8172013991124354,0.9464311824968037,0.7085094461207609,0.8287934213197989,0.9470155938922419,0.9163699241744705,0.8063062941532599,0.7342559749849438,0.7718508055396114,0.7895915768812448,0.7500813396409309,0.8829490966078185,0.7036264078519489,0.765093694709802,0.7804248963933109,0.8408295097586146,0.8089813587626832,0.7288308175089481,0.7619004874169906,0.9505523526880834,0.9130488875919041,0.5410824942638738,0.7150670599834685,0.7936853329007892,0.7306409032307838,0.7201863273587854,0.7597164643391879,0.7771477240966538,0.7597940489638768,0.9376749463268564,0.9035140539331137,0.7687469827098855,0.9472243856730598,0.7992029326666792,0.8239752873389793,0.6829068807164508,0.8766679960321935,0.8439656172671053,0.8335687559380012,0.8290460038685351,0.9444840922253539,0.9461244616727311,0.9461300247101145,0.826934908821612,0.9474000203562875,0.9443753149842002,0.9429366672727846,0.9476196754560774,0.7019242792659363,0.90064865229649,0.9445673053686956,0.6028008413558881,0.9444232171374626,0.9449042390540289,0.9470172810156496,-0.005225847683296672,0.6519502416092315,0.858723856408562,0.8254818952246307
UCSF-PDGM-0340,0.9668312382567249,0.6523441556440087,0.8138207606672333,0.6044311645661549,0.427093828434654,0.806077333962295,0.3121061175250639,0.3349006779863969,0.5973608981569968,0.56277401887468,0.5698071237220315,0.6423886908206893,0.47058157211415547,0.5797203406696445,0.5145705618559198,-0.3573112359400064,0.6717188054867569,0.5216467834384472,0.6438599848377239,0.5660942256228896,0.14096786070854728,0.6238974539291676,0.5030935073248476,0.43202251433791866,0.6056480039994566,0.8621321319235579,0.583672305051016,0.421736025964137,0.48303749090852116,0.5127723683026795,0.46110148542369084,0.7326313439971402,0.7388702335345062,0.5602307650815608,0.4877142025511874,0.5971665096400638,0.517300543165536,0.29573447689813254,0.42871083323610454,0.6609768829844747,0.5774376878689467,0.5752778614446787,0.753645044302824,0.6239894807312244,0.4713156134737677,0.5058657221269421,0.5494985746938881,0.5284845796190285,0.535037016429404,0.8726045304282979,0.5577511682864572,0.41709066578371085,0.47545903392977196,0.5978558191310269,0.7340904047791069,0.5279792338198047,0.5034593246004236,0.6689993753121213,0.5928922135722027,0.8221789899178341,0.5312808098979149,0.24356902508630832,0.5557711810258634,0.8460782730065134,0.49243541978080657,0.5696772890113017,0.5963781051523128,0.6175725684124563,0.5750214407047046,0.528508415701962,0.5397094172739063,0.3304546712712313,0.5741216477653414,0.429436666152401,0.6430086005337574,0.4571632600522246,0.3975838018052637,0.6050142995364106,0.5815865938695942,0.5731598898697409,0.7742784367280198,0.7153864540099449,0.6415128105379987,0.6417775285871147,0.6490005822445413,0.6412940668614404,0.6416089549382857,0.6408265802185225,0.6419436893853891,0.6421319636054724,0.40535293559847463,0.8049677511390531,0.44062878357086344,0.4058551262215012,0.6389126235092969,0.6488797440367555,0.6492584466107869,0.8057961215436444,0.48619296704375975,0.6482603513089202,0.6422125232096177,0.64775635313865,0.6493527165824041,0.6486245690878546,0.4258330905421312,0.6497009007592947,0.6469048994076754,0.6411598748049238,0.6493626811928462,0.6493684323261523,0.6408143225321967,0.648136158849095,0.6412930089168812,0.6491085033016007,0.6400069629589278,0.6409499804756019,0.5213949146376456,0.6491377509452027,0.45289031118044676,0.551348789985452,0.5757412445899458,0.5097927138769927,0.6417042671273593,0.6463506183893746,0.6102016439574635,0.504967335497131,0.6420666956115794,0.6420604195794088,0.40860180714005395,0.43014221547443227,0.12693037620991962,0.6401398463659801,0.4519973435730575,0.6090556691969902,0.44133644146485684,0.5722041032675147,0.8358117033508375,0.6102057425601468,1.0,0.6262264498294559,0.5767500060729807,0.6157635263265191,0.639063177484127,0.5059527110640658,0.6562145707812523,0.5290358258767572,0.6478694998486096,0.6496383746855027,0.5188049411885487,0.6940740857085084,0.46308757280953466,0.6125421251184275,0.2964388812204217,0.7529264488998074,0.49686691707870817,0.41399524528136594,0.6096825968576752,0.4814379421982064,0.5377898849475004,0.6159805296612731,0.45516242519729827,0.5728410924303204,0.6363296797540248,0.49650559151485035,0.18221248005447313,0.2563031698453795,0.6807342267237789,0.4369461688507977,0.4279073995591526,0.45697460459103173,0.4687434286873459,0.6721478537549375,0.6022646818199189,0.5515980233788295,0.6865251172152014,0.6305748848139328,0.5164120413981519,0.45540385895999946,0.46396607348995644,0.5557117847234899,0.52449476058101,0.5122895014230691,0.6483301628982542,0.6419352532282433,0.6407592382333486,0.6434561520367529,0.644875805519792,0.6456569447731498,0.6416282187160354,0.6385373440108325,0.6460807201406669,0.4178214945199725,0.49785157561715854,0.6421864076868372,0.280904473765972,0.6417608238793041,0.637960855140042,0.644955125210882,0.1954048597554149,0.18703061762839257,0.5531319776556095,0.7985710726817149
UCSF-PDGM-0341,0.6391462487882186,0.9418367138455659,0.47536458403423526,0.7203620977366327,0.6350561088404669,0.7664895463212131,0.7789197763838223,0.5119103161525721,0.9305285052995196,0.7561941111747741,0.9027843674188003,0.9728456097812588,0.6837167148148389,0.897877477251132,0.7217165697380319,-0.29799411534873255,0.7257051454602893,0.8822368582040908,0.7375170028182275,0.7079776216002219,0.2087571059281424,0.9179858630501838,0.9302013786443275,0.638389217586422,0.9840744900477971,0.6898011265330327,0.9295818876278563,0.6381260392780264,0.8487877920310972,0.9024247943282436,0.7011052459320556,0.50483779342992,0.7819178856161334,0.9218764791079725,0.7403799471483332,0.9467357450049846,0.7238061886116423,0.21250367836777384,0.6445576608675744,0.9580710526680197,0.7115752302382188,0.8980911543972557,0.7305421875475764,0.97071061591128,0.6835780630900762,0.8875324260810274,0.7042615757192514,0.8299094170797054,0.7270217257375601,0.5028205760111091,0.9205586533807215,0.6399910631056044,0.7230419279838306,0.9374464057996675,0.6746335815350611,0.7262676783713631,0.7670730631922755,0.4193790063074552,0.8997004508729399,0.7342019207067689,0.8065090121622378,0.25084712967810135,0.8637756966431906,0.7129324219346168,0.7440353273073341,0.8873905119464238,0.951038746391447,0.9275677051156201,0.728427420631726,0.880859500077771,0.7327765122187467,0.48328319515645074,0.8865247378987017,0.6450287571211109,0.9627372569883897,0.5414474212540105,0.8741326791524827,0.9354770910509139,0.7716646760517178,0.7504345316747619,0.6678190019497745,0.4159312909610813,0.9258614888811331,0.9259886778085932,0.929618922605042,0.9257529064066069,0.9259082287603664,0.9280350432764218,0.9260660455391141,0.9261513050057095,0.6243841702520007,0.7978351514331946,0.6721139681666112,0.6250516024012753,0.9243998397482338,0.9295563772072546,0.7958939102847796,0.7985569789555608,0.6891290340893363,0.9317756889173436,0.9261869802769119,0.7979897489667317,0.9297959398046315,0.9294214218506037,0.6519656847964159,0.7961929205478119,0.9310648503846598,0.925684799262482,0.9298008315000658,0.9298036517511773,0.9255044203390574,0.7982500311462689,0.798276209639351,0.929674017473727,0.8005124459981814,0.9280902687944577,0.697656549769269,0.9296888222640435,0.65039155751516,0.8428096875724888,0.7107432847400322,0.7704560165570834,0.9259539531219039,0.9307449768926921,0.9665655156325623,0.6776071322080021,0.9261220440783703,0.9261192137388328,0.6261534279097895,0.6573920054579968,0.27611189275610415,0.9277081630727441,0.8487987231454946,0.9579358152539996,0.6438829017651471,0.8910500814752563,0.6215764282897466,0.9610098366642329,0.6262264498294559,1.0,0.67112983378017,0.986994787683444,0.4014311349463199,0.7720478925414983,0.9678355801920774,0.7993603669129771,0.7980678487405448,0.9299334885645542,0.9230829536078363,0.7552567628500134,0.6746620439930634,0.7202756800561735,0.6415756856506759,0.6570508542989902,0.7522741536933575,0.6359997932806274,0.7435263273355387,0.7292100637012973,0.8056716005875802,0.7823248561451726,0.6680869449991785,0.7090683146251693,0.9867468157317658,0.809369463652802,0.4497927423418103,0.6688307544587466,0.7411769105858457,0.6683763993832906,0.654890034098539,0.6923439396065423,0.7103280940746104,0.6840755674578456,0.8851416648957952,0.8194313988943109,0.7291593053931509,0.9449625541013214,0.7515681215669049,0.7722693634720228,0.6271038999694688,0.8406020978831036,0.7952338284840705,0.7875350623826745,0.7983808497372127,0.9260621647574561,0.9280044341665906,0.9288631330932542,0.7958697280241882,0.9303242279515791,0.9259175196646583,0.9241625571320925,0.9305838472994397,0.634598655407322,0.857257871333444,0.9261754690763756,0.5437729284863563,0.9259807926317821,0.9264895540627521,0.9298777165445241,0.03942428119344156,0.5840592829591604,0.8279075152904942,0.7933303983940542
UCSF-PDGM-0342,0.5356844693604129,0.6797041194582835,0.4902619009855884,0.6674572480672586,0.5897276688158875,0.6493503983200637,0.2519170827144929,0.40668549215761207,0.703972167179103,0.8170862354426314,0.7040803481870024,0.6947547204410255,0.7922458851312936,0.7108072952755715,0.7373184888491517,0.23370083198817587,0.6990706612407108,0.39818883744105826,0.6867266234015763,0.6509173668852721,0.1355521891786942,0.7365591505718404,0.6201060391643997,0.5937097807265068,0.5935412761146709,0.7176399414787168,0.7037384859184727,0.6024684557609025,0.6405956953285606,0.6165694439028336,0.6257789171858433,0.4734901864336577,0.6951406100334112,0.6619951332556481,0.6483659985709042,0.5093270826019254,0.7483015512036927,0.11634313964669066,0.6121080184255893,0.5972407826867977,0.6680033035467541,0.661021829232451,0.6250294570794981,0.673546896163655,0.6708432291889671,0.46891518733455684,0.655305521279546,0.6731864715052281,0.8030147097939357,0.5621952775604802,0.6788886292707477,0.5891028398452941,0.6357540510234487,0.6795742497961922,0.6351987634967983,0.7774020634149107,0.657130686268894,0.2231289669121245,0.7098685347351048,0.712865283527251,0.6802774223051782,0.4936553163110967,0.682009327437915,0.6737899904012293,0.6488712634583262,0.6989448122214087,0.6602679282968318,0.6232274540099566,0.9064290514954937,0.7319287455706588,0.7788029273129137,0.5733522315798568,0.6803178095453748,0.612829227571112,0.6644589129273178,0.7856271536397037,0.4475090269649269,0.6981150838911555,0.8683104778927333,0.8556464876857274,0.6921143614184936,0.28262292567127334,0.7427342891602274,0.7429584811503358,0.7399466029859205,0.742547908670457,0.742815890797604,0.7460506621574788,0.743098407427774,0.7432561792494632,0.5792567080049718,0.742606005447186,0.6099143997186243,0.5797035632435126,0.7404636050954457,0.7398413364541218,0.8858680261652416,0.7435181800236692,0.6848488422580317,0.7432328269863868,0.7433234271226639,0.888147186657617,0.7402518172805449,0.7396181981134833,0.5972760601974139,0.8861558263084578,0.7420549314092325,0.7424330875182529,0.74026041960991,0.7402653836067964,0.7421358022486837,0.8883993273725991,0.8800776388647175,0.7400403920700499,0.8825151960486335,0.7461532774997199,0.8605304340319403,0.7400657726306282,0.6051340402299094,0.6080258569919738,0.6662497199057076,0.664461794465564,0.7428965888322107,0.74156438445327,0.669089317314348,0.632387615944881,0.7432015807726874,0.7431963253158063,0.5848609582044476,0.6002196781939998,0.46102726063084215,0.7454731011320883,0.5703699753402839,0.6952617152326613,0.5994257113756621,0.6260753052630376,0.5255668488654256,0.6571027807797415,0.5767500060729807,0.67112983378017,1.0,0.7046123676156347,0.4888228735424336,0.6632479558926725,0.6878586825422668,0.3199335632628305,0.8882230255655856,0.7404976336423329,0.4947053116913363,0.6798545190095894,0.6585029405709681,0.6797848280769704,0.29555556670521815,0.5760663711073115,0.5394952534476632,0.5867418012953391,0.9573176762728612,0.6462799600077453,0.6872622338984429,0.8943909293865793,0.6492303972454996,0.6595056312537795,0.7143302117899879,0.6163180199286296,-0.001920098261726825,0.2158505625610394,0.6842237811839013,0.6073634427949511,0.5984639967994441,0.6151225267583053,0.6296227739569169,0.6659827402419042,0.5553252960905765,0.5318177765981251,0.7181435869804563,0.7322959664978996,0.634063802279662,0.273099474285131,0.8287385572184592,0.6941144205197468,0.6716857266232891,0.6756434197162877,0.8885253605412446,0.7430913184842954,0.7459945061996155,0.7389384621841126,0.8860460205482683,0.7409442621513143,0.7428322168379764,0.7401273815415854,0.7413238874694513,0.5986475620841553,0.6314135075803786,0.7433016443467775,0.42351420539994755,0.7429443792937092,0.7435802036946967,0.7403105285595111,0.3988127985444687,0.24004948990167096,0.6974160542282491,0.7454996414995051
UCSF-PDGM-0345,0.6376390649977951,0.9676457188348232,0.4905998583261229,0.8035440765528444,0.7327628656460833,0.8090812338066347,0.72357993164339,0.5474822983503524,0.9626541624530709,0.8329597623791669,0.9461583707778302,0.9897627655679526,0.7477077126259173,0.9453005672406611,0.8006130826932375,-0.2629513032115092,0.8017303788445568,0.8398922702937699,0.817710646152355,0.7933290632546227,0.20349343718779245,0.9590026339786273,0.9293272980985433,0.736329805166562,0.9655241807339746,0.7385045602653936,0.9623983628944873,0.736078854825272,0.886483138808561,0.9149285359655172,0.7901513074570073,0.5583986758062652,0.8459119407584592,0.9470754511258881,0.8238685669251048,0.9115918236740589,0.8016466584744738,0.2344580972782803,0.7418505526525495,0.9418354907894239,0.7988412540612746,0.9210555648317875,0.7734646622314021,0.9828836413953239,0.7753368725551304,0.8202140786469985,0.793855948012586,0.8883226906135993,0.7636382438793765,0.541478786586993,0.9413207862369941,0.7374977870121602,0.807920517349804,0.9565144479748505,0.7332493953521037,0.808952896536245,0.8434615122893889,0.38800145940520253,0.9458196362880611,0.7912500921042631,0.8789038844626695,0.24294819497419687,0.917433294588077,0.7526179974119096,0.8264411562805963,0.9317379393821492,0.950442155825158,0.9391753134956414,0.7843313419767982,0.9268635657149187,0.8044774289258526,0.4778286479854539,0.9330073165922204,0.7421756139540019,0.9772333848211006,0.5750796692263871,0.8231639131904781,0.9629109756821658,0.8372429695356207,0.8197290818542219,0.7303721479060148,0.4335246721503242,0.957789781227765,0.9578662179933416,0.9588936306107508,0.957722263044267,0.9578182249614791,0.95925222284853,0.957911110206795,0.9579589690006679,0.723812810133182,0.8447246595194748,0.7658476371005907,0.7244068637127029,0.9567733834765618,0.9588529245286548,0.8433276105861325,0.8452240937289565,0.7709758131711069,0.9603653005741165,0.9579784389580194,0.844834486805103,0.9590057107528728,0.9587633769666632,0.7482478243368764,0.8435311947130067,0.9598946009689759,0.9576789724133369,0.9590087358692091,0.9590104780677976,0.9575612435232428,0.8450160704355539,0.8464436898298879,0.9589290319283731,0.8480431165913004,0.9592830469348065,0.76557394561285,0.9589384683600105,0.7469298011330059,0.8818711847202612,0.7979751090731668,0.8493800205930471,0.95784565830397,0.9596658513422357,0.9680143364400384,0.7705292333208199,0.9579427476810842,0.9579411670211535,0.7254316132381838,0.752864689922123,0.23356748920488984,0.9590563250087217,0.859624415354379,0.9734256664409127,0.7412952792648713,0.908456939846422,0.6582746291353364,0.9478660032065425,0.6157635263265191,0.986994787683444,0.7046123676156347,1.0,0.46473461444832775,0.8507628669297258,0.9830007214704797,0.7465931012800853,0.8448894280783981,0.9590890874922114,0.8573883365145704,0.8239983014241025,0.7681066825847823,0.8040278952427691,0.6032226339065381,0.7022077058996982,0.781061685497632,0.7340754658063927,0.7806744029992487,0.8155012402558529,0.8784677285496056,0.8413976801867953,0.7626074055325295,0.7956169530175643,0.9984703496000595,0.8483591363975345,0.3798857121090219,0.5910301028231955,0.8142109425131717,0.7626892482735675,0.7505371105685313,0.7805960076393845,0.795704742684123,0.756262398230973,0.8868543972678017,0.8299759808340212,0.8024643855624327,0.9761888548108557,0.8308388761007836,0.6944179804446109,0.6286697866787959,0.9037956620622853,0.867077034045597,0.8632432349827346,0.8451055991783999,0.9579088900948687,0.9592348139735877,0.9582086063150698,0.8432366916395951,0.9593541901294094,0.9578238314251579,0.9565937597739581,0.9595477909433461,0.7330228841691725,0.8979476511673669,0.9579721946526313,0.6250457792825651,0.9578615708173015,0.9582086358989195,0.9590130009038392,0.042229502390327585,0.5164454898266388,0.8959018998675344,0.8429522760813791
UCSF-PDGM-0346,0.7036847806351434,0.5211273590624157,0.9003338035353848,0.7510232161302349,0.689946006790913,0.7728353752575647,0.06711214468013288,0.7004552664775594,0.5954117041836331,0.6486520691517514,0.6259852713864429,0.5050433177781007,0.4909631223919831,0.6268191438772125,0.6807309272236143,-0.07181293563047958,0.8003384594611817,0.2195978378579284,0.7506045563700029,0.7414987038404045,0.547567307531458,0.6138722660098174,0.48500393565934813,0.6891080183230494,0.3082959889552321,0.7995345862410752,0.6047629920475481,0.6788338237199666,0.6329433669046372,0.5596884882206037,0.6817534367580086,0.8852511164711886,0.7505061096515009,0.5869980650526431,0.676707823759547,0.22314702735837796,0.6764406878223552,0.6981739961608883,0.6785253975235562,0.3374687884041683,0.747394974336454,0.6241068922081613,0.8019256842660292,0.5130620586420777,0.6783187558562449,0.2892429051019246,0.7330451106483372,0.6728373616788732,0.6046969326706687,0.8101108060235874,0.594802072257514,0.6786221989977324,0.6824919392921742,0.5762192776362394,0.889569913519607,0.6794001878304821,0.6802896594379223,0.5909336109755763,0.6173093064019294,0.786767898040233,0.6579709400196196,0.12271188357503549,0.645421676362854,0.8479024110567763,0.6750725709216953,0.646378701171983,0.5452247891071891,0.5401538855330434,0.5723311208566056,0.6430812425950564,0.6939105303229736,0.41824784314928054,0.6259364875277532,0.6793074613409164,0.5015309913837671,0.6745087479642695,0.11689782848236027,0.5844077759263647,0.6280899990648589,0.6696307938937203,0.896351904618743,0.6145651740997004,0.6209544451332415,0.621220005081635,0.6126525667668253,0.6207351332056739,0.6210508753506316,0.6209965238031011,0.6213867846129889,0.6215758478957168,0.6773452924767125,0.7829700499235301,0.6794534941947967,0.6774053542704378,0.618353757828426,0.6125289618288104,0.6129165988150937,0.7838032526907615,0.7069537511808668,0.6126895099663606,0.621656774615469,0.6121738601473545,0.6130132161211927,0.6122681925681746,0.6788755604298954,0.6133705214983052,0.6113056076734458,0.6206006472597108,0.6130234318215049,0.6130293281332444,0.6202545211169319,0.6125623185092907,0.607828116842432,0.6127630247544875,0.607302352496326,0.6211203106311226,0.6926142539389886,0.6127929708370906,0.6970798190442925,0.6243499772898513,0.7418750479545614,0.665235609330239,0.6211464932366566,0.6107421183161715,0.5181047660267836,0.718209381534859,0.6215102955495464,0.6215039927846262,0.6775598534747401,0.6787481539656852,0.01420957075594942,0.620308304253902,0.5599068314977668,0.5571391985966105,0.6932087861866267,0.6054736248513984,0.8128972585548134,0.5189705019040092,0.639063177484127,0.4014311349463199,0.4888228735424336,0.46473461444832775,1.0,0.668246228530423,0.4961117743425166,0.04150106311710279,0.6122895049347664,0.6133063036763681,0.22914173922640502,0.7800292773522653,0.6791764393347898,0.765679983867806,0.4090809211061817,0.830551160216096,0.6638496132016397,0.6780019357447389,0.5576574029404175,0.6773812627658298,0.6615290652743512,0.621667202436633,0.6790733062753546,0.7382182833650286,0.4758746097143309,0.6743103022925969,0.06493210885044051,0.09446331765390574,0.7762309230820417,0.6787404451371732,0.6792299156043563,0.6859230360651295,0.6914385319761058,0.8494816674618634,0.5168891355489337,0.5776759269763856,0.8075867416398502,0.5779765772257727,0.6612247267830933,0.1695659775750812,0.39192368029825503,0.6545464883760211,0.6718742150892152,0.674784042611899,0.6127610455738962,0.6213783153129685,0.6209289869133494,0.6078171373781109,0.6092484412888213,0.6100386184947445,0.6210701991044769,0.617979369363612,0.61046818263902,0.6785158520767486,0.5615294362853722,0.621630538111035,0.6260494733562688,0.6212032420905202,0.6181307773743471,0.6093285875430896,-0.04285310673989256,0.15791663357561708,0.6546886844110948,0.7924125071993311
UCSF-PDGM-0347,0.5759526145923219,0.9039117503311281,0.5891970887689926,0.9822006265784147,0.9798731148170557,0.8763909237382951,0.43182082114465337,0.7680851449472599,0.9443983334763331,0.961707479883519,0.9616579903118606,0.8840378129078241,0.8312943704274118,0.9702787612760011,0.9787297796167251,-0.11312410811990253,0.9565555833329628,0.5935772606578193,0.9758342458976282,0.9855996022699782,0.4015440770209198,0.9528281458311746,0.79356731769879,0.9808209385894918,0.7257027810282746,0.7733264597933365,0.9363836087505641,0.980743704609603,0.9158742026997516,0.8610723610773888,0.9940846355297561,0.7020417289821074,0.935523541834673,0.9270646331443145,0.998749639506997,0.6324130203655374,0.9745094270853367,0.4780320127639565,0.9822891773645811,0.7226587105266428,0.9848548769362395,0.9262540321512878,0.8863463209301303,0.8866290005780686,0.987768379382834,0.5580583108289165,0.9866623481906834,0.9854356441570918,0.8489399999088015,0.5579169699815082,0.895284628277319,0.9812446971959616,0.996800815515842,0.9187873253247181,0.8901367571352677,0.9756676384361107,0.9990269462614213,0.42041971879556617,0.9696701541832872,0.8669327102420619,0.9982676699651732,0.2654829016862817,0.9818713541380808,0.8337261322284242,0.9988751353200255,0.9670642862047877,0.8611003906202723,0.8896943252623197,0.8402146532116779,0.9231685782222433,0.9624544467844284,0.5441476788537724,0.9665587443584632,0.9823880145835321,0.8850466329576007,0.714009834115165,0.46471304402617614,0.9358824411660163,0.9257300310798343,0.9367174359628395,0.8514540086129087,0.43931155749338635,0.9277480939334288,0.9276186388361511,0.9236525263087763,0.9278480655690233,0.9277021727707498,0.9259004243562413,0.9275324215345575,0.9274298964999418,0.9769668934498654,0.8873825077191568,0.9888850698894728,0.9771581948780328,0.9285928550284519,0.9237024805072455,0.8886418217362503,0.8869571187730209,0.9791448242652339,0.9218965984836874,0.927384407695929,0.8873046689077951,0.923496422292858,0.9238021915634249,0.9843115473396978,0.8884500610563484,0.9224257250905789,0.9279063891447463,0.9234917690124589,0.9234890772821225,0.9280465273271071,0.8871582070136428,0.8919710615304862,0.9236063768441525,0.8905336486843958,0.9258332649180955,0.904661434396751,0.9235936160294579,0.9835313614810375,0.9288331097208392,0.9855031331516981,0.9997047869299179,0.9276554210740834,0.922584141805855,0.8657121907916139,0.9873196307420797,0.9274660322696412,0.9274694735000966,0.9775229597565688,0.9855594858838856,0.09867520717364311,0.9262353211964957,0.8208772863023426,0.9035341149457583,0.9821585858222419,0.9094121884983194,0.740669587041197,0.8172013991124354,0.5059527110640658,0.7720478925414983,0.6632479558926725,0.8507628669297258,0.668246228530423,1.0,0.8736384773695227,0.4317319670437183,0.8872628351003289,0.9233576394065497,0.5496926702554313,0.9520045323934138,0.9872565410286473,0.9799414137354995,0.5435863753154722,0.8114685347427929,0.8916007925003802,0.9801803610526318,0.7744453813654703,0.9977922283168964,0.9978057837631863,0.908645918015075,0.9864667016977293,0.9859304825899319,0.8536190003127603,0.9371463425214489,0.21728690996425673,0.31099492532708417,0.9655832127933633,0.988040984343386,0.9849523705569081,0.991982707484313,0.9945810714410094,0.9349172033856231,0.832842235001452,0.8307071289226572,0.9394513554406128,0.9306336561124262,0.9944109759660066,0.4613675536427644,0.5701347411301703,0.9925853217722783,0.998660331185153,0.998591634535627,0.8870765444266755,0.9275368938687802,0.9259361374733297,0.9229915752225224,0.8879467009412704,0.9227418317337399,0.9276928230534642,0.9286618616250993,0.9226506142462189,0.979868699641164,0.938591435377693,0.927399262394788,0.8304632746774696,0.9276270912045663,0.9269373046437559,0.9228600350953463,-0.025403258560940226,0.27152621124776455,0.9945907869405395,0.891183208616654
UCSF-PDGM-0348,0.6744037776400092,0.9949976067956701,0.55323441910542,0.8327600794924679,0.7643549320935163,0.8341951595638161,0.7006278244394107,0.5958117530158131,0.968975815166128,0.8476473109129459,0.9529212280785798,0.9982693825172179,0.7519773555099489,0.9546881708124481,0.8238046047568631,-0.2706695782217665,0.829275757552635,0.8597114013271012,0.8461284339064802,0.821182144246701,0.25530239771546126,0.971776085975641,0.9060528836092037,0.7673841345489638,0.952012833582817,0.7630652844516708,0.9656621366188102,0.7670791240510931,0.8878897250889362,0.9164028789078545,0.8190486276780424,0.5806999862641646,0.8614171036209283,0.9523745730119259,0.8498818885643322,0.916948488898824,0.8239713598823915,0.264473051712864,0.7723291272552033,0.9643607008347581,0.8240091627534815,0.9367885354298374,0.8088298974713105,0.9913905992254173,0.8024114268362169,0.8014515980983838,0.8166861035507945,0.9064785127457716,0.7719541543728893,0.5696486896058133,0.9407699741580164,0.7689673653703886,0.8359365079317087,0.9634032992640927,0.7725694125075008,0.8287860959690029,0.8682978609821252,0.43949772738046156,0.9578819586044931,0.8249454140620469,0.8995404096702767,0.2713744789675524,0.9359989793951511,0.7944647895767671,0.853106874316483,0.9436590220042652,0.9520062371918726,0.9730603523515043,0.7876654970495829,0.9245765971143187,0.8257811410593264,0.4861305623375408,0.954477875376959,0.7727196221924788,0.9955923974725556,0.6095083324000914,0.7523540437993571,0.9702018751705984,0.84216646607017,0.8322887330749331,0.758126179349177,0.44186777957808326,0.9727645525387276,0.9728407725781862,0.9748581226591436,0.972697126037785,0.9727929312465841,0.9719553684049825,0.9728854668323776,0.9729330409737977,0.7557684696168466,0.8573869063363055,0.7958220389951842,0.7563377876291825,0.971744954778135,0.9748175627034587,0.8582488622501737,0.8578893536696641,0.8013176577012395,0.9740693721465375,0.97295236890751,0.8574974701684223,0.9749696289699401,0.974728242530579,0.7790869744227183,0.8584521398743314,0.973595939321197,0.9726538541238233,0.9749726345334351,0.9749743653617993,0.9725360479747973,0.857680187918397,0.8592312201427933,0.9748933718982558,0.858567423084945,0.9719864285897042,0.7779667025366,0.9749027635478132,0.7773873121373291,0.9241276669027151,0.8250287784287501,0.8728960789809457,0.9728202847939741,0.9733654605019548,0.9670296062934384,0.7995583559053437,0.9729169257490498,0.9729153548726105,0.7571922005940849,0.7836093387573111,0.16684131940701655,0.9717578068354806,0.8570029565373889,0.9745438954740239,0.771811033048561,0.9332336743393813,0.6999660405261439,0.9464311824968037,0.6562145707812523,0.9678355801920774,0.6878586825422668,0.9830007214704797,0.4961117743425166,0.8736384773695227,1.0,0.7779580396118445,0.8575527662699831,0.9750523694974308,0.8246890311954117,0.8430492332603869,0.7963209833196796,0.8308368918057909,0.6187528665811042,0.7262145215909487,0.8260144312606662,0.765555328600331,0.7706933396949628,0.842003893860023,0.9002281371294181,0.8484004588543208,0.7911548012037167,0.824676734325801,0.9880199763048793,0.8689599760613368,0.4258975814204634,0.5621861297072831,0.8475074453173872,0.7924022118971176,0.7812776472424657,0.8124724270961543,0.8252033794821068,0.7937322730614307,0.9366812228954432,0.883478414412837,0.8222853181845744,0.9831956115685206,0.8712343814681407,0.7220166274759912,0.5943101711138384,0.9228848747131723,0.8903958630504404,0.8835835178534169,0.8577702313348793,0.972883257957043,0.9719378222484923,0.9718947560931033,0.8558866505480613,0.9730512072245917,0.9727985228234813,0.9715642085576051,0.9732464455640507,0.7642151579967374,0.9054712528707173,0.9729461719950074,0.6682598589622446,0.9728361426149841,0.9709015915772908,0.9727069593378801,0.04932536910258125,0.4698328286799492,0.9159175509453984,0.8546068127901382
UCSF-PDGM-0350,0.5247521305672975,0.7526441034551856,0.2442984747292772,0.37321533368601045,0.28747563815111205,0.47985461545540903,0.8281520198229507,0.21357280924576424,0.6261050339163756,0.3935081275593303,0.5788998588739858,0.7580988018753368,0.43462465672304645,0.5762328958412936,0.3521717781460819,-0.3013377917229699,0.36507817438946594,0.9200626663781422,0.39567724484951405,0.35554143106306935,0.017803435787665186,0.6114978828949541,0.6611687768997887,0.290658063911162,0.8731486528366504,0.4047626783969978,0.6242143788421394,0.29020305201009966,0.512348086180757,0.6257093008729199,0.3561833613869348,0.21504232830562817,0.4592870450474934,0.6268045593737955,0.3966904781475302,0.9487185446450662,0.3561879917325034,-0.07087589984718623,0.2952599264904713,0.9091987312795305,0.3523542999282975,0.5966411622888594,0.42127504179264824,0.7474350882842706,0.3267510789042117,0.7568546067499625,0.34441075138667343,0.48687139569824084,0.3689803920255677,0.3310209922183886,0.6230136452766528,0.29544746016845136,0.3785839410560181,0.6467002855985369,0.33465980630461384,0.3500260816547871,0.4225727853227024,0.3361130008517882,0.5852148666397772,0.4438956470650295,0.47234306365142853,0.21763372146573318,0.5467675186128708,0.41628431742570315,0.40257159190664193,0.5614409945991216,0.6795506186286615,0.7360451449160751,0.38767677138027246,0.5301583469625503,0.3546980689955871,0.2282160492239419,0.6004232679946725,0.2955700559429033,0.7686252561716503,0.19615274905500205,0.7803995632244699,0.6384749409264642,0.4011161696014125,0.3653140546300593,0.31268895253098494,0.33180443200201615,0.620655862518831,0.6209022887114468,0.6302746774566268,0.6204521015439128,0.6207453841269219,0.6176960711594712,0.6210568741318703,0.6212319410879186,0.2802321226412487,0.44535524102021096,0.32711443595170586,0.28087710988347775,0.6182272775842371,0.6301624442870306,0.4488921492513252,0.44661038815594245,0.32549126670499456,0.6272707119339821,0.6213068188830387,0.44561485560861636,0.6306014929564498,0.6299253074113418,0.30713697746082047,0.44941840281011486,0.626007065424644,0.62032704405593,0.6306107356603303,0.6306160700012179,0.6200048238482779,0.4460626391590686,0.4530235273504565,0.6303748779154216,0.4499588711211091,0.617811244455276,0.2908837317438361,0.6304020273477069,0.30088060230050506,0.6072270976590455,0.35572946607607064,0.4300656410600667,0.6208341076326992,0.6254891956685134,0.7039657146485082,0.32438858781939045,0.6211712628137314,0.6211654274857791,0.28090737659841386,0.312849661487026,0.1323400275392252,0.6170545239241204,0.5641317418706945,0.6728846804599412,0.29453675047233896,0.6296942891494719,0.40816728137426844,0.7085094461207609,0.5290358258767572,0.7993603669129771,0.3199335632628305,0.7465931012800853,0.04150106311710279,0.4317319670437183,0.7779580396118445,1.0,0.44574775037644376,0.6308663317540568,0.7993587224472282,0.4105734076357639,0.31942552376108674,0.3622576630517217,0.47903293699850236,0.3486895952278823,0.4768744140689953,0.2914200591339753,0.3800395320207248,0.38498051996267096,0.47024059067335816,0.415139699106913,0.3140949400197599,0.3586714905729225,0.7460592866795388,0.47432976179570757,0.6240762573698035,0.6673691549664088,0.4061945486003,0.3229342422672259,0.3097439328393056,0.3507774595530628,0.3625263614556205,0.3246725754289058,0.7512097283937341,0.6442222147462011,0.3522711922799176,0.6537881773603573,0.4593460480120663,0.8225162123046068,0.3128544228065118,0.5111872475689109,0.457514476461127,0.44073827279488903,0.4462932823344852,0.6210490274646561,0.6176332043868926,0.6227766810915597,0.4423498752029314,0.6248402989179266,0.6207633181288161,0.6178757646228697,0.6252368192605399,0.2870874780939405,0.5263732532324793,0.6212825473162347,0.22858737772851967,0.6208867436441856,0.6150133655263824,0.624182975747626,0.05294494848344433,0.488656317906711,0.49611787564402904,0.4347320171347724
UCSF-PDGM-0351,0.6730960416966696,0.8721453793894582,0.6341121957584914,0.8934830554848362,0.8308911658085545,0.8762461538165892,0.38451273584719076,0.677080437633579,0.9016526980696282,0.9652697034391837,0.8988706673800922,0.8657680323195485,0.9085426395874583,0.9077948902775878,0.9349519331397912,-0.007671845891277661,0.8976808842014052,0.5735739567584259,0.9025543548710432,0.8845901121370017,0.35942853793913326,0.913744976981597,0.7606471459933739,0.8331043865944662,0.7433291434912379,0.8080496678145294,0.8874131759068938,0.8379674871734776,0.8325760230644184,0.8030450532615974,0.8604625589345324,0.6477583015783696,0.9046381829036225,0.8732525863528317,0.8771292768135075,0.650155321278417,0.9402554034206438,0.3808487734956341,0.8450903584788089,0.7376059563578017,0.887156096269032,0.8818112293301962,0.8706168833381553,0.8630473446472167,0.8875461598576111,0.6099241128132404,0.8792810838701783,0.8948815894621498,0.9434474356283277,0.593328148084456,0.8495906478108146,0.8294071657022819,0.8701425809058614,0.8881316235220279,0.8520297326001003,0.9447769327337251,0.8873062716184184,0.4720502782823058,0.9135666832776018,0.8702788924972428,0.8984739289061227,0.48067492715775245,0.8998452273286549,0.8561697943264012,0.8793769819628706,0.9025223907151763,0.8515421946588105,0.8490632040978076,0.9574972567861244,0.8555943895172788,0.9537096353539615,0.6890376476319552,0.890659208078228,0.845663447864622,0.8619200291521407,0.8466825959435085,0.4885365299189327,0.9004681675340643,0.9811762396126161,0.9736108999013747,0.8364885862531095,0.43063384224002565,0.9154637279602376,0.9154822617116294,0.9166209918101313,0.9154435040097779,0.9154712281203954,0.9158152246953618,0.9154904173076109,0.915496268875217,0.8206084851270087,0.9169200492070079,0.8462216543636117,0.820985996320471,0.9149823911698677,0.9166062737949435,0.9998977579978111,0.9170195093041634,0.903927509239764,0.9169994341544511,0.9154976367254977,0.9999993376195712,0.9166564803582599,0.9165711337742314,0.8357294331588364,0.9998765808041596,0.9168157863167274,0.9154289895790446,0.9166573188479209,0.9166577985272162,0.915384567893732,0.9999962245525502,0.9994134364279001,0.9166330577629943,0.9995092408218386,0.9158187238313582,0.957158538498342,0.9166361493621491,0.8427103731317243,0.8383553434603529,0.8872931609120633,0.8890093708549909,0.9154778022400681,0.9166997871200726,0.8598869704949335,0.8639216482067971,0.9154946568564338,0.9154944783509479,0.8246801124740228,0.8387512880472761,0.3559654796307918,0.9157683915756212,0.7526732088849435,0.8820202113671983,0.8375250569050658,0.8608635806204249,0.7359752747648847,0.8287934213197989,0.6478694998486096,0.7980678487405448,0.8882230255655856,0.8448894280783981,0.6122895049347664,0.8872628351003289,0.8575527662699831,0.44574775037644376,1.0,0.9166767328044119,0.6091415934724184,0.8992870124604281,0.8778964742351965,0.8946603654728543,0.49424799934544145,0.786639498428439,0.815110930200982,0.8271497671039524,0.9516790855226412,0.8723633220408465,0.9005353389808678,0.9897236794145052,0.8710996939661563,0.8865774504100495,0.8551735884122424,0.8555362934278012,0.15042813245548203,0.3038759511699753,0.9062366752145827,0.8440438328250617,0.837493018213716,0.8567515622040305,0.8661727943379534,0.8748865507653919,0.7882078495180614,0.766527057937847,0.8941688670648371,0.9032805791484737,0.8745939938437531,0.4810025899848708,0.8039598634131077,0.9076504698644889,0.8964216729572752,0.8906728010748054,0.9999885781885044,0.9154900698502623,0.9158126552015139,0.9157977687055554,0.9996085035011804,0.9165259885913715,0.9154726265206169,0.9148758147689134,0.916635776147144,0.8346688160371173,0.847047500998822,0.9154972692448842,0.6557463876217623,0.915481290793628,0.9153658235432008,0.9163209766282634,0.18749750522935274,0.26626412761854246,0.9062121324381395,0.9157714799448949
UCSF-PDGM-0352,0.6752870200603996,0.9768733780320676,0.6365184868468418,0.8951010703887965,0.8329422688292683,0.8774312687866536,0.5883851410355335,0.6939572641781682,0.988134180473874,0.9057011888462179,0.980472578129999,0.9786519747396216,0.776873556035718,0.9823792990132737,0.8938036642310392,-0.24676088386840542,0.8988307514808792,0.7648245491403642,0.904083190509421,0.8861468863280634,0.3611948029356007,0.9927686435418279,0.8995511876176637,0.8351279064714846,0.8847576647317936,0.808881243117594,0.9829023383203124,0.8348996489385849,0.9261296060331081,0.9285662024493383,0.8795624401637496,0.6493316721880217,0.9054714395712435,0.9704687598613342,0.9051305593854803,0.8186893531150912,0.8930475151576959,0.38159759758901657,0.8399457615046511,0.8905257780428993,0.8885444365205556,0.9678577185553823,0.8719249277212472,0.9775462864426916,0.868871184485692,0.7613221612285542,0.8806058358991754,0.9542169249363545,0.841718912927564,0.5955660910082492,0.9566365567479237,0.8353744078120969,0.8946112015089446,0.980480994456422,0.8536996666180509,0.8973776931612819,0.9225560912057046,0.474439048170176,0.984402662845593,0.8718349588852685,0.9429863889482277,0.274163370701408,0.9699774865661399,0.8577215712439805,0.9077406207715347,0.9772200145344145,0.9608281532361584,0.9660809326866271,0.8384223495488631,0.9583085811473795,0.8996143460752613,0.5524918766450114,0.9760688449070474,0.8404309753210967,0.9758508517926587,0.7134930831367687,0.661249696294627,0.9877873492830005,0.899610555203653,0.9009092540674232,0.8372990606920453,0.43274898158602526,0.9993507879596669,0.9993546585986335,0.9999778844708354,0.9993420071204007,0.9993530680050443,0.9992325703106574,0.9993531332206677,0.9993475504698547,0.8235180411535421,0.9166131300626085,0.8588399535564083,0.8240251767067577,0.9989724229356689,0.9999689688421671,0.9165752034357543,0.9167812696178534,0.8765972163382905,0.9998979710575642,0.9993438699254413,0.9166562839699061,0.9999954523418384,0.9999455266617997,0.8441501544442318,0.9166362596513374,0.9997758888667807,0.9993342235291992,0.9999957610528991,0.9999959343849156,0.9993061675516337,0.9167206424236868,0.9157049839146023,0.9999846207925689,0.915818292702972,0.9992286347500847,0.8644355954398312,0.9999862436193911,0.8446607882535109,0.9434855549564198,0.8888182962072397,0.9229762975670208,0.9993543490665582,0.9996795239527494,0.9684394655395234,0.8657045803606133,0.9993499594605393,0.999350164383488,0.8251948988629095,0.8481253039053224,0.16883911331775983,0.9992233926161498,0.8766480243710228,0.983460149795257,0.8394926086204682,0.9550893497766617,0.7386646089611308,0.9470155938922419,0.6496383746855027,0.9299334885645542,0.7404976336423329,0.9590890874922114,0.6133063036763681,0.9233576394065497,0.9750523694974308,0.6308663317540568,0.9166767328044119,1.0,0.7673769677708896,0.9001542226947797,0.862953485691597,0.8960416618231205,0.6343721723185488,0.7876425253013953,0.8817001645086764,0.832254049621406,0.8250238149958147,0.8979593950939336,0.9442837668033017,0.9049798498961885,0.8579171577815238,0.8882102661458255,0.9676143901971748,0.9238720598218403,0.3412972687586944,0.48586581297916176,0.9079051746474205,0.8557464720257467,0.8463338710004652,0.8750188392679122,0.8876958456695279,0.8764594033083595,0.9222523224636906,0.8941687777654602,0.894609665699089,0.993626276103823,0.9132492156907525,0.6488856337615847,0.6380056967754979,0.9619806070546588,0.9386981396246852,0.9333938699094688,0.916748655687219,0.9993532864140905,0.999233968365845,0.9988398950827111,0.9158355257691563,0.9995264187082208,0.9993534061723236,0.9988756180452805,0.9996240537505018,0.8322574279169451,0.9344187515229173,0.9993451494332362,0.7424844478874563,0.9993546402265124,0.9989057799002661,0.9993383904874251,0.02923078801141853,0.42884894908910576,0.9561109484699986,0.9154728692552104
UCSF-PDGM-0355,0.5473741204724815,0.778484970292042,0.36551272843083077,0.48644632605448807,0.3976225954945328,0.6080351023956804,0.8765918686609032,0.467130024348518,0.7862620969186912,0.5262999100073723,0.7421258818895766,0.832775963141423,0.5027728104711432,0.7235291595885002,0.5087044003295094,-0.29811888249095797,0.49197073545567044,0.8957294695024486,0.4996554545192842,0.4775585834755387,0.29679428030036303,0.7374675563300374,0.879008119216412,0.39871781657986544,0.9174225658092826,0.4702315437782318,0.7846820161300708,0.39860740040405107,0.7359783322687369,0.8299044476385173,0.47003827024338257,0.3693953318079624,0.5704748794293024,0.8113166893402015,0.5133596958926249,0.9110716249736922,0.5133768718220858,0.24314084800708238,0.40469726884923396,0.864837722379029,0.47300295672241244,0.7937769382934922,0.5879356917887794,0.855696522377763,0.44581776192776346,0.9852537709845942,0.4658274297117312,0.654497376825093,0.6191391622824806,0.3187074437765793,0.8207969896507552,0.40214796707622064,0.4982299757643173,0.8268867718496378,0.49489080430049753,0.4937284454474393,0.5541729447282978,0.4918246433191329,0.7226333360496712,0.5073937695170231,0.5893574053615269,0.29250546654451265,0.6862852150923543,0.5366699178715155,0.5180599972416563,0.7296889435184882,0.8863298374566576,0.823486522301324,0.5440175681095936,0.7054883992642422,0.5306477558411494,0.5323105788332911,0.7186011447615799,0.4053932092681671,0.8302591337821128,0.43302395512152403,0.928693772393228,0.7997121725880688,0.5637850498936964,0.5371212873242025,0.44864013002531805,0.37907510873587463,0.7599429849477802,0.7600777188214917,0.7670495094020197,0.7598292065962149,0.7599923024472758,0.7639370008482478,0.7601605583282982,0.7602527349578456,0.3854979175138715,0.6088932031886812,0.4356275370254951,0.3861831229876478,0.7584705535189507,0.7669853707238746,0.605117000100856,0.6096738423328028,0.4788489751836016,0.7709956156589871,0.7602916103339424,0.6090579146200685,0.7672326817306491,0.7668478803088132,0.41409723526975944,0.6054443382186637,0.7702740351154004,0.7597583579287657,0.767237781468524,0.767240722662905,0.7595724103545931,0.6093381075680901,0.6090283344544545,0.7671062476398558,0.6131266217493887,0.7639964692583266,0.49831285289934574,0.7671215342463129,0.41026049087669253,0.6976202772669308,0.47040537478948496,0.545439015281838,0.7600407643252307,0.7699579531917818,0.8870199638658648,0.43698663203826144,0.7602209879641103,0.7602179235415433,0.3869087321625162,0.42014128997128514,0.4153331616309902,0.7635921818342393,0.8002925734130096,0.846775158393924,0.4039100342593942,0.8015846339311435,0.4948697886078271,0.9163699241744705,0.5188049411885487,0.9230829536078363,0.4947053116913363,0.8573883365145704,0.22914173922640502,0.5496926702554313,0.8246890311954117,0.7993587224472282,0.6091415934724184,0.7673769677708896,1.0,0.5527721564635143,0.4344500558854763,0.4839307665854769,0.7482146123878145,0.5321952761927814,0.6667537613137572,0.3976582965462619,0.5821187742967834,0.4966591736020817,0.5845121167695072,0.5761021348752459,0.4276318364674111,0.47108756626978626,0.8531900677153008,0.6990697931778642,0.6261078918679172,0.8533489728371556,0.5181215988344647,0.43164091063122473,0.41813597472211794,0.4662352988802138,0.48796635226942164,0.4659501272185542,0.8044096444486993,0.7338317780223038,0.49604657928214196,0.7825745741337552,0.5235689959653775,0.9028375536851113,0.5980623302572493,0.6380753410263525,0.584998679296631,0.5705388283679758,0.6094804392812999,0.7601563856444263,0.7639042131510013,0.7681551927211799,0.6068787726377517,0.7695476777236702,0.7600021318919079,0.7582395661304017,0.7698001760095916,0.39468505055438774,0.719894295321648,0.7602790456655988,0.3051093072227842,0.7600693155008909,0.7623693150336409,0.7691176002342232,-0.025648135471150146,0.7648890465793297,0.6124279768240645,0.6008898864281244
UCSF-PDGM-0356,0.7682207515826563,0.8704428165477583,0.7368800204940269,0.9851846308202417,0.9320143701988632,0.9737108844670657,0.4001803063064985,0.7580159315616765,0.9134955622542147,0.9430090207573704,0.9243643755096472,0.85446026016082,0.8264010114820851,0.9330789110470981,0.9527341903399156,-0.16360158054717538,0.9837907862724415,0.5648809878031655,0.988126535284305,0.9791488727111893,0.4227319151382761,0.9189592079825658,0.7611737892143592,0.9335983186217222,0.707185806521563,0.8824623421722206,0.9013660708354881,0.9291373309693041,0.8759879988044031,0.8240550484634618,0.9432551300780517,0.8566263980091581,0.9921660319188547,0.8962756288491073,0.9495749293702404,0.6121586047272422,0.9506939933897339,0.5757435719839498,0.9318225459344589,0.6976671141831663,0.9804911153860872,0.9020285908313811,0.9691970994410067,0.8592911435917281,0.9459002236305672,0.5664105482436682,0.9754492639519827,0.9445278331166725,0.8650763877888896,0.7291350738381402,0.8665601721607374,0.9272627265872995,0.9476188741804643,0.8943985975401749,0.9660038844683894,0.9477310610155454,0.9530468420277209,0.5973626937023464,0.9342481122431905,0.9457328656652177,0.9523982647046239,0.3074500515729913,0.9406520445829719,0.9351137819591022,0.950316462827861,0.9327303384405959,0.8445217342296573,0.8598765251761463,0.8471822981244513,0.8682649694208144,0.9452286343551745,0.5857775036600105,0.9256560033046617,0.9321129468523704,0.8553031251981814,0.7181995271339094,0.4507952649009795,0.9075486671466338,0.9202331191067725,0.925718146450657,0.935064118997545,0.6446402665852344,0.9025052297128306,0.9024766973683911,0.9002086171309652,0.9025233276447273,0.9024957249617902,0.901497139256617,0.9024549061623935,0.9024264318469519,0.9222560649914856,0.9694887796985356,0.9361190139919011,0.9224741199015681,0.9024514408238468,0.9002143032723607,0.9001916922958719,0.9693044583881583,0.9477258727111059,0.8992575903560058,0.9024129802648675,0.8992926947664595,0.9001838226390411,0.9002217992262045,0.9306676398613641,0.9001465521570231,0.8992980986591049,0.9025320776529819,0.9001829368147717,0.900182420822288,0.9025467449336149,0.8992686290387797,0.9032756395739195,0.9002023400495318,0.9023455009386117,0.9014783885584443,0.8900284868196958,0.9002004406653472,0.9417546236978354,0.8820123196928082,0.978581294575123,0.9519126974143587,0.9024853413566128,0.8992693499948138,0.8471294376844752,0.9599968411850746,0.9024367677655888,0.9024377354196538,0.923665655702124,0.9322778134827999,0.1643294732803324,0.9015710431359488,0.7848419464725709,0.8785234071902279,0.9374768197175817,0.8859100674459695,0.8888109012095424,0.8063062941532599,0.6940740857085084,0.7552567628500134,0.6798545190095894,0.8239983014241025,0.7800292773522653,0.9520045323934138,0.8430492332603869,0.4105734076357639,0.8992870124604281,0.9001542226947797,0.5527721564635143,1.0,0.9429758876030961,0.9864134802788709,0.525731649715434,0.930463973725048,0.8676388043244442,0.9259729685336614,0.7960126255232198,0.9473124239646854,0.9520347167990099,0.9087516968634162,0.9408101389571083,0.9777685234333898,0.8279690351971144,0.906404764685574,0.19508830003667066,0.307651297853001,0.9927541718148182,0.9350772284378489,0.9316788554945804,0.9418209029127788,0.946066710720346,0.9718679398678624,0.8009650418108163,0.7921014749273031,0.9749380283613313,0.8994128151736027,0.9445800495482529,0.46364774214898635,0.6178065146702486,0.9506688492730169,0.9541281215229207,0.9508041262312135,0.899250671501323,0.9024560868712285,0.9015066375199375,0.8987909895805481,0.8990875562988602,0.8992016553097922,0.9024937040883788,0.9024022622209387,0.899247012137296,0.9274487087927733,0.8877701093822429,0.9024174257142679,0.719107321774658,0.9024787195665794,0.90152293109499,0.8991008456117652,-0.006745566178054964,0.2688924490670891,0.950427708438125,0.9721880844206663
UCSF-PDGM-0357,0.5407614439933868,0.8376943747352708,0.5811099185924776,0.9828138231504219,0.9953597463339291,0.8575125627560062,0.3177784401207225,0.7741469740545934,0.8878691387106998,0.9650816548995858,0.9121042132206747,0.8082438472231868,0.8479151140854735,0.9243521468157742,0.9871229718800728,-0.026987328976991853,0.9526638550237674,0.4839050358419689,0.9726451455237872,0.9890466240517259,0.41524422280937173,0.9003199791063009,0.7061738034104224,0.9958437497462698,0.6252731522942819,0.7515047063986233,0.8764834894579863,0.9968309348137987,0.865458962267807,0.7892980432677339,0.9964013996139376,0.7031917903052787,0.9207439943888291,0.8678935269001191,0.9929826278869324,0.5218875977246652,0.9830427034121251,0.502881564456995,0.997815618957044,0.6223738812573875,0.987032028924213,0.8733055794292857,0.8740619761883892,0.8116176474532231,0.9997550869827496,0.4515171782071682,0.9906096334172554,0.9556431863275684,0.8524195131056034,0.5408779934452809,0.8288914242296056,0.9953057560521256,0.9945323370841433,0.8574187525733833,0.8855928630412647,0.9831983646487539,0.9872184583843311,0.4059981955789795,0.9246659979937765,0.8502292543541465,0.9777443829459747,0.29847899747332907,0.9440320522608523,0.8168808121078959,0.9925383274059544,0.9225105203494008,0.7869547106844804,0.8217824728739158,0.842607459425532,0.8653846171693451,0.9687626791383165,0.558814413529953,0.9196144919353063,0.9978734017362716,0.8115686782512299,0.7354017883098328,0.34318304695193835,0.8776104152222357,0.9258188427517522,0.9392443889090784,0.8427453438320343,0.4243061243859497,0.8680072313420686,0.8678733675514027,0.863259176876248,0.868111122631125,0.8679596656395137,0.8657016932293817,0.8677845789409235,0.8676793313951634,0.9938412409476779,0.8613720979809495,0.99691502335304,0.9939137119120269,0.8689121621893635,0.8633114169068657,0.8798500694806474,0.8608776071180452,0.99054188392287,0.8610489875956344,0.8676327416834331,0.8779481561453717,0.8630968369024202,0.8634161882020758,0.9961524569081299,0.879618228815957,0.8616040427735198,0.8681719695579556,0.8630920166807355,0.8630892288439805,0.8683190025793609,0.877768384694616,0.8836421708734997,0.863211047898603,0.8816179363686718,0.8656328523461014,0.9151816082353657,0.8631977608649316,0.9967747751518583,0.8798733222912548,0.9881212635677935,0.9877230208970244,0.8679113321634258,0.861775452143391,0.7898543260192664,0.9961316170270856,0.8677163874917498,0.8677199185429959,0.9946220792960766,0.9964516507041395,0.10465752956151225,0.8660475161726369,0.7532639132833572,0.8344054988321271,0.9963456246074116,0.8546990372141897,0.7267786683813972,0.7342559749849438,0.46308757280953466,0.6746620439930634,0.6585029405709681,0.7681066825847823,0.6791764393347898,0.9872565410286473,0.7963209833196796,0.31942552376108674,0.8778964742351965,0.862953485691597,0.4344500558854763,0.9429758876030961,1.0,0.9797584929440066,0.4746463958030449,0.8000721591065547,0.8633810619106481,0.9949894137708301,0.7677900100725236,0.994217228895264,0.9774176678696278,0.9051995885608763,0.9998934284579326,0.9890406248197796,0.7715570687175086,0.9034043906219981,0.13328844663211603,0.20371216129716477,0.9603814191096062,0.9968270827753956,0.9963022522785582,0.9957243121037681,0.9947592386682482,0.9349626280192704,0.7613156415292552,0.7696422185649137,0.9326756235954781,0.868837267925578,0.9843128755991164,0.36150475805289134,0.5676137446811438,0.9635775013771737,0.9806328757524772,0.9810449608753604,0.8776694217817929,0.8677891780695536,0.8657383617829669,0.8622680439527836,0.8788232540524129,0.8619510748219104,0.8679499922978632,0.8689919439489595,0.861848690940767,0.9963331689545298,0.8943818372944479,0.8676479489910159,0.823212206115347,0.8678820869317807,0.8667987292595356,0.8620891260246069,-0.006131577684848546,0.1737964646543039,0.9686916297484325,0.8660330613695635
UCSF-PDGM-0359,0.6786129804040589,0.865455963134388,0.6922229014301857,0.9992239873054386,0.9723741502110134,0.9302316410716808,0.3391728390375983,0.7585104601882597,0.9081605483652927,0.9609156986998459,0.9269734754900574,0.8408479440313832,0.8230698243488447,0.9384804953655513,0.9744777982060926,-0.12509093457984857,0.9896589696011671,0.5175286284083133,0.9979543308535047,0.9969792128262407,0.4023076472711498,0.9234398245218125,0.7354186830949495,0.9738276412685514,0.6668118098968238,0.854353814070578,0.8975526541841559,0.9710430235382754,0.8747310155512126,0.8091097959079112,0.9792318392806438,0.8039650154196384,0.9734190395258457,0.8844793219976975,0.9813924798565651,0.5666693491933648,0.9705680216410316,0.5353390925363836,0.9729206250344515,0.6693090999729618,0.9988560693985474,0.8905991450152687,0.9341455606129291,0.8408735267260377,0.9805704849503671,0.49630018649455127,0.9963575595225378,0.9579796909813973,0.8489712430365008,0.6769094936920593,0.8520306234150183,0.9696820591075717,0.9804001082816668,0.8798650679531914,0.9469804623284571,0.973591535132169,0.9795048647104916,0.4973838085228388,0.9394514000250087,0.9278751240799752,0.9759467195117989,0.26899664812063667,0.951002674905132,0.9027988006257923,0.9814943167209991,0.9353823677583393,0.817047871379968,0.8451011256408294,0.8462951491961834,0.8840973976093044,0.9616271639348237,0.5420069702653857,0.9314882164844221,0.9730859927647253,0.8410606794335221,0.7256693694699436,0.3866063913892587,0.899384829707186,0.9273003405273649,0.9400177584022136,0.9215500810926396,0.544044678383585,0.9001223741966653,0.9000303713935428,0.8962471446268543,0.9001920655711494,0.9000899509902176,0.8983333920040191,0.8999681354683355,0.8998932442884764,0.9661300301649212,0.9378969348463924,0.9757023569098446,0.9662916119538895,0.9006399616641976,0.8962807323425136,0.8961699278901198,0.937503914270405,0.9741357833476814,0.8945393870444404,0.89985973405843,0.8946921122239943,0.8961397530450691,0.8963464410887668,0.9721578886472673,0.8960188128429908,0.8948878591091726,0.9002320998304046,0.8961365010364228,0.8961346186447445,0.9003261001884592,0.894579779871114,0.8980664179224196,0.8962157606402419,0.896509960605143,0.8982843507762283,0.908669133092954,0.8962070259705509,0.9791733348692769,0.8892318840752721,0.9984632723305424,0.980587053092436,0.9000566975181766,0.8949780126285416,0.8211152198456747,0.9900910000648563,0.8999197437390032,0.8999222615568042,0.9671607482476811,0.973167713934349,0.0935549019614399,0.8985711673970775,0.7683722905403876,0.8622617334895032,0.9764188415059246,0.8707767662971981,0.8272913371621723,0.7718508055396114,0.6125421251184275,0.7202756800561735,0.6797848280769704,0.8040278952427691,0.765679983867806,0.9799414137354995,0.8308368918057909,0.3622576630517217,0.8946603654728543,0.8960416618231205,0.4839307665854769,0.9864134802788709,0.9797584929440066,1.0,0.48570883953928784,0.8805454794386428,0.8636476298127824,0.9688105468397391,0.7859313578077383,0.9813806878223976,0.9767319411855608,0.913668358789887,0.9785353401425463,0.9978484582060583,0.8098274033396795,0.9060022399178251,0.14158842009431064,0.2311135691597978,0.9943745312830629,0.9749705476925804,0.972664890930053,0.9774601981920659,0.9794385442948207,0.9754717147942168,0.7847547298581259,0.7864941771728715,0.97768235781343,0.8963808944309927,0.9752398236106159,0.39304035569001133,0.5748504609207978,0.9678015259100724,0.9772627513407794,0.9769864501360012,0.8945158567435453,0.8999713811845826,0.8983593070931434,0.8950696207017987,0.8950962476936389,0.8950541998131117,0.9000833199547842,0.9006667940769442,0.8950122780678578,0.9699958731503229,0.8967614003837449,0.8998706952585287,0.7921676523866136,0.9000364333687466,0.8989994064688318,0.895093945634853,-0.00600045680124911,0.20200597935132242,0.9718239894444174,0.9419730284663422
UCSF-PDGM-0360,0.4124530834590321,0.5941268639508256,0.40704700049853776,0.4860742778973194,0.4751200390918985,0.534375104110706,0.7732204580506864,0.7822683655418697,0.6746479118599412,0.4794392140488125,0.678684303182164,0.6285006401989343,0.44336441676367094,0.6400689412181064,0.5360801599150574,-0.0986994668591675,0.4473632699658254,0.7202046242534003,0.46605069547734823,0.4950366670687332,0.7466705002224665,0.6092164330660917,0.8227619327127981,0.469593810711081,0.5909157240997445,0.279950604542052,0.7056524053607972,0.4702094255705061,0.7975260823088126,0.8454624601750497,0.5131465278090246,0.48678533492165815,0.46694037528993987,0.7549213633453588,0.5297313781354376,0.5976881058612509,0.5425495036434087,0.6567011483418703,0.47040409114886433,0.5831965401436588,0.48185307579302167,0.765325798558558,0.602269709218173,0.687911890083279,0.48034235274763526,0.8304379170707716,0.4781303313254563,0.6665014340229257,0.6659112795417932,0.16250899855131876,0.7818182397783235,0.4765788902840271,0.5333034722755071,0.7177962772855346,0.5679928533961598,0.49337253728219144,0.5686375590295558,0.6191198715600696,0.6154713213120326,0.3586062286259586,0.5545095975851714,0.5013187956868711,0.6549931605916849,0.4643641892103394,0.529706914368159,0.6862082677429676,0.7820954242064004,0.7393933659870117,0.5070776745852402,0.649048808844646,0.5668391923939373,0.7620475578539385,0.6746140540975245,0.4715134793348541,0.6402323275759484,0.6102476092529624,0.639338919096463,0.6754564100517079,0.5031173741117249,0.5224234118699387,0.38856955324367015,0.46687414092458746,0.6400828889838776,0.640287581593914,0.6338662766136247,0.6399129337411227,0.6401573596131871,0.6413652634057426,0.640415489622081,0.640559859435631,0.4683738060237008,0.4939189399815872,0.4910803123329589,0.4686885440874743,0.6380227822674553,0.6337698522978601,0.4931267325843245,0.4949661579780654,0.5549634209122745,0.6351429430596309,0.6406214450836795,0.49413674229216104,0.6341462415588182,0.6335656701297618,0.48110648693516633,0.4935668031594443,0.6340619504546003,0.6398083230606684,0.6341541409834199,0.634158699592696,0.6395377787245252,0.49451096985288323,0.49638596190966744,0.6339522441435204,0.49759215515486366,0.6414595033279499,0.5438677416255399,0.6339755174665668,0.4710635888085173,0.7481335481420729,0.4739259907272363,0.5302986320832683,0.6402310431615873,0.6336140754618375,0.729122560763221,0.47569842768398335,0.6405098804551617,0.6405050706944999,0.46755733266852717,0.4835053686067187,0.4808743366831451,0.6408361774710087,0.8924871855858335,0.7093514512896618,0.4704459091128764,0.7907585248730751,0.5686171031589289,0.7895915768812448,0.2964388812204217,0.6415756856506759,0.29555556670521815,0.6032226339065381,0.4090809211061817,0.5435863753154722,0.6187528665811042,0.47903293699850236,0.49424799934544145,0.6343721723185488,0.7482146123878145,0.525731649715434,0.4746463958030449,0.48570883953928784,1.0,0.6392746010886554,0.7960350479303445,0.4736929969886462,0.4840464740428583,0.5168230092800786,0.5472493517710435,0.48565630499753193,0.4739223015846861,0.478163640462987,0.5987504222742623,0.7908011926531461,0.8180147144490706,0.8410984258264043,0.4981653870550312,0.4886477527471246,0.48386283205217584,0.5234987280131548,0.5391652598561455,0.47643020548703413,0.771561720707925,0.8152536365156073,0.42010196704727243,0.6236104412481321,0.5325335128470748,0.8041243597289521,0.5910206906901854,0.5889493921747511,0.5755416076459334,0.5703097627438594,0.4947029927225772,0.6404090066189188,0.6413137230695164,0.6312330489839754,0.49135790944323066,0.633049488197729,0.6401722635041155,0.6377193121236019,0.6333949174144431,0.4677745665756634,0.706282768484988,0.640601493034913,0.4458938060295344,0.6402746975819275,0.6391144030593124,0.6324741141652493,-0.06335517998179757,0.8442589712048839,0.5587294201377664,0.49934932882319766
UCSF-PDGM-0364,0.8471977308740353,0.7412642085028527,0.7883779594817102,0.874051569147147,0.7950114167867032,0.9429690468720159,0.43670125542492405,0.7684272709726248,0.8012549155179728,0.8111251726959103,0.8185184569677333,0.7362649771768398,0.7100482915268694,0.8127849613621324,0.8306865661336222,-0.16801920612775323,0.8755736887075182,0.5368766991153959,0.8765330577489115,0.8636167077603565,0.5376230616154517,0.7929094645811742,0.733965388864303,0.7950668638647759,0.5953217862410528,0.8198264394389321,0.8067303638108223,0.7872982651019158,0.8278502110567557,0.7915569591719046,0.8034020933966153,0.9473302158372012,0.9059601873807543,0.8132828435500853,0.8091137803439357,0.5298509642013501,0.8331861399239562,0.7287792684982587,0.7893826165354587,0.5998701354108792,0.8663169620274388,0.8245192853500053,0.9515074152336157,0.7563609411388297,0.8040436750653329,0.5762131899215576,0.854885891805629,0.8383446524891387,0.8209909811513616,0.7463770231226812,0.808030008129498,0.7857316343565648,0.8104415162911359,0.7954232826191875,0.9522734163244494,0.8160706355617406,0.8207118592293309,0.7572132172994464,0.8028890689270506,0.860445359518393,0.8110566038230155,0.4310910542934958,0.826660274600774,0.8998165485087372,0.8086539805369575,0.8295528558886618,0.7771660618958837,0.7778167025680686,0.774512479497273,0.7628669119903944,0.8407348830858968,0.6711100466656843,0.8199127373234636,0.7900686535222181,0.737258567204407,0.7012441991807865,0.42910634138685183,0.7938175592771274,0.8077062110949211,0.8205911413793895,0.874847082486123,0.8383692943573359,0.7932530778864423,0.7934238753633113,0.7872161669886011,0.7931098041937857,0.7933154457604402,0.7929215339498562,0.793529567696052,0.7936478490862257,0.7809312796718526,0.9142506923695289,0.7940032696923996,0.7811363712434952,0.7914450068854479,0.7871336794434467,0.787390420785989,0.9147738769030966,0.8324299827687149,0.7869019234911528,0.7936979648568147,0.7865624780335173,0.7874535023260082,0.7869578215203027,0.7887054499215504,0.7876834588191067,0.7859690265908669,0.793020992051927,0.7874601502671571,0.7874639854147825,0.7927892252647589,0.7868191651154357,0.7892624349571031,0.787289393621244,0.7885598220578112,0.7929989242726145,0.7986061543165439,0.7873091654352629,0.8052462553054536,0.8163950998487527,0.8589836998177238,0.8065360501737502,0.793376898550811,0.7855707323048012,0.7564970104319867,0.8309888342641608,0.7936070266207322,0.7936030909798467,0.782137378902745,0.7899641293412458,0.29502727683779734,0.7924789311460871,0.7873606857685254,0.7801480309346367,0.8000913384632957,0.8201053022803463,0.9771607121873703,0.7500813396409309,0.7529264488998074,0.6570508542989902,0.5760663711073115,0.7022077058996982,0.830551160216096,0.8114685347427929,0.7262145215909487,0.3486895952278823,0.786639498428439,0.7876425253013953,0.5321952761927814,0.930463973725048,0.8000721591065547,0.8805454794386428,0.6392746010886554,1.0,0.823717019002373,0.7842386700241591,0.7292278450221974,0.8054757160109131,0.8101307704760102,0.7951430865620308,0.7982258434159282,0.8575209032296524,0.7050763367625436,0.8497415821498396,0.3453307128798333,0.410346855901357,0.9007220218938728,0.7927033032224174,0.7898203280017971,0.805821914623128,0.8129564934324207,0.8859938264511423,0.7482703442887082,0.7692963253700531,0.8642292478942971,0.7772799226050723,0.8042083789350477,0.49062232890716795,0.6438369967651015,0.8171520462100271,0.8207492764675508,0.8194386357666555,0.7869481792406793,0.7935242306119408,0.792879013022197,0.7833690849600164,0.7844719065154008,0.7850605095396564,0.7933278965002376,0.7911678826853347,0.7853736961810897,0.7848707256846665,0.7983994744540895,0.7936817515995206,0.5868151011568216,0.7934131839526141,0.790963930002588,0.784532307158798,0.04417249876797352,0.4065903927501661,0.8098699197295653,0.921125004605656
UCSF-PDGM-0366,0.6132538945746359,0.8461101721406844,0.6775931666182172,0.8702178989491987,0.8614822452950741,0.8498066103512757,0.5500225252152973,0.9365467812621513,0.9060940616391229,0.8371489912473156,0.9090281566436289,0.834045221341871,0.7478587774512503,0.9029909041772489,0.8899340567070603,-0.1343589797739969,0.8465146558894858,0.7067380712700018,0.8542650986935172,0.8778173643384993,0.7200482648239939,0.8776687051554416,0.8177847532582765,0.8582859125928165,0.7066982961449612,0.6472298055918835,0.8978765968154073,0.8584712973261809,0.9193816582405859,0.9002992263396414,0.8823656798310142,0.683180362283389,0.829727989521767,0.9295144711316998,0.8887625148414465,0.651031814415172,0.888094590906575,0.6794391264876637,0.8592841413355025,0.7089514281818433,0.8619378308563554,0.9569685932021469,0.9045666592533429,0.8706706885686473,0.8666658511878476,0.7327936008631317,0.8601869791341155,0.9355511645455571,0.8707730158325073,0.46403670715282896,0.9062607977812563,0.8610120671112945,0.8931761172924478,0.9204292193609092,0.8816480829525557,0.8577576112361442,0.9081369154941886,0.684317149945349,0.8997041789759184,0.75275013126163,0.8928353182389922,0.4036577313300663,0.9247708004161044,0.8142305398802167,0.8907468005212107,0.9287872610345377,0.9092463392901615,0.9240967060254941,0.7485715512726357,0.8432746682200256,0.8924065321264462,0.7282037823673654,0.9221031925013287,0.8600007310442443,0.8597260304758232,0.7877650558147502,0.49054775353688435,0.9071993041128007,0.8178908682153987,0.83699362433846,0.761896770538184,0.47322560829517724,0.8821483659414499,0.8821507547169767,0.8816821951618442,0.8821414502578899,0.8821500074501618,0.8802487077808433,0.8821487530662977,0.8821430729944163,0.855196525636326,0.8150586701981128,0.8697344241151772,0.8554151245164293,0.8818236153432237,0.8816746165802388,0.8168235732631096,0.8151942400834032,0.9079178721374408,0.879831116939024,0.8821394990545773,0.8150942077487949,0.8816968486077769,0.8816545364461885,0.8636712568223031,0.8168707892591711,0.8797234680827016,0.8821350859446548,0.881697096836849,0.8816972358264642,0.8821116042547201,0.8151464874248765,0.8198684142372507,0.8816878804731861,0.8181457578929411,0.8802450782421019,0.8319400367700612,0.8816892421317801,0.8605681059666097,0.9458470991826843,0.8615373035949097,0.8874245046027688,0.8821507678828359,0.8796385874238793,0.8859451433121218,0.8642233915902927,0.8821454613658235,0.8821456673725715,0.8553703558430175,0.8657430668646517,0.2220459132825593,0.8802415021020339,0.8864793138455505,0.893628423642501,0.8590753912598953,0.9651023564952674,0.7654849915666121,0.8829490966078185,0.49686691707870817,0.7522741536933575,0.5394952534476632,0.781061685497632,0.6638496132016397,0.8916007925003802,0.8260144312606662,0.4768744140689953,0.815110930200982,0.8817001645086764,0.6667537613137572,0.8676388043244442,0.8633810619106481,0.8636476298127824,0.7960350479303445,0.823717019002373,1.0,0.8590347619837987,0.6964957526879257,0.8807554383182687,0.8885939951045543,0.802580554708233,0.8622991049854576,0.8672569524741043,0.7871978631691134,0.9759147771354605,0.5151279398584389,0.5344952115038647,0.8744537938505154,0.8680670543562733,0.8658591848421768,0.8913463130104764,0.8978501427637409,0.870276545276414,0.9219126096922194,0.9408520659201425,0.8194676430474351,0.8646257044614521,0.8953325275616604,0.7030830598977617,0.6021818776651471,0.9046440639862169,0.9083700686958318,0.8961379429983902,0.8151688186041083,0.882148921747525,0.8802500274787944,0.8788993639516888,0.814398435192632,0.8795037615788505,0.8821502312971068,0.8817393910493406,0.8795897365759702,0.8570488676235234,0.8836708110594139,0.8821407340925681,0.7503053445054737,0.882150803933549,0.8799642599043549,0.8793382088462056,-0.04509522266723162,0.48153841917184,0.8897901605630054,0.8151116316585537
UCSF-PDGM-0367,0.5023263697250637,0.8106500637880198,0.5616513408789502,0.9727949410219058,0.9997624977229701,0.832425671658442,0.30545707687182466,0.7839134492775883,0.8646181511965632,0.9348146581966454,0.8929135396394807,0.7778662443540019,0.8077492660400728,0.9047304905663345,0.9691696670213042,-0.03877768154087865,0.9369815143563418,0.4623139196564478,0.9585786566926457,0.9821267409855882,0.4318583486556328,0.8749081309817643,0.6828563364396999,0.9996988418178908,0.5890342684257619,0.7176477100776428,0.8541927204786667,0.9997127113334031,0.8541382618028273,0.7726076212356727,0.9957529656498608,0.6973869866625164,0.8978272916742873,0.8487735675782293,0.988685178999713,0.4876719422688758,0.9631992511889277,0.5254441820883857,0.9993520829577568,0.5867371922797642,0.978543894555561,0.8545371031503488,0.8550385663262916,0.7839456731823115,0.992789932202308,0.4199521774996745,0.9841909610691154,0.9446703886489968,0.811853708086423,0.5139893075632407,0.8079806969255783,0.9999836044800708,0.9921231088985716,0.8334489333148073,0.8715596606035731,0.9610945043317081,0.9809233936360713,0.394038483731041,0.9038048800616202,0.8217008949746666,0.967064163174112,0.25177891104874134,0.929825935017684,0.7893859644510737,0.987813562394112,0.9048767285615311,0.7601737759707076,0.8007542503543011,0.791476015459798,0.8461983681057179,0.9442637253156339,0.5230498386566553,0.9036173829358123,0.9993261799159383,0.7835914973695524,0.6955831178231431,0.3103957334751218,0.8532890285447382,0.8854476818960964,0.9034623114820599,0.8213343814535654,0.4131497887498108,0.8382693396853852,0.8381061618434117,0.832629758880215,0.8383972210702257,0.8382111637250153,0.835479024306668,0.837998808105606,0.8378723638994581,0.9998754392921723,0.8273256558161491,0.9987139623785246,0.999889298763675,0.8394480080291274,0.8326950683893176,0.8294559661325759,0.8267203462084889,0.98069770705999,0.8299461097478037,0.8378166505748444,0.8272106391985383,0.832428983560081,0.8328272468237833,0.99974939280452,0.8291878455401475,0.8306458754589647,0.8384726851372604,0.8324230678746302,0.8324196475833175,0.8386570238459032,0.8270000085090782,0.8339919941521652,0.8325699065448091,0.8316042020014518,0.8353963836086907,0.8794959898843195,0.8325534339419134,0.9988619351229521,0.8700934035167939,0.9797532610614169,0.9801858682312495,0.8381522709779873,0.8308745811922779,0.7607660169231544,0.9938656852904276,0.8379167878868136,0.837921026304074,0.9998929736177156,0.9995597717099691,0.050317249860194896,0.8359003813849002,0.7413799685673632,0.8072238693096301,0.9993856745382562,0.8379345549368024,0.7083574873817196,0.7036264078519489,0.41399524528136594,0.6359997932806274,0.5867418012953391,0.7340754658063927,0.6780019357447389,0.9801803610526318,0.765555328600331,0.2914200591339753,0.8271497671039524,0.832254049621406,0.3976582965462619,0.9259729685336614,0.9949894137708301,0.9688105468397391,0.4736929969886462,0.7842386700241591,0.8590347619837987,1.0,0.7050670852185443,0.9906857810690683,0.9660407822447545,0.8594019679492226,0.9962684897971694,0.9812105735900547,0.7361826962709411,0.895268071301691,0.14182234117362613,0.19142569432968737,0.9447434230369979,0.9989907866702312,0.9996617315715706,0.9961967832154919,0.9934419539722478,0.9228629034420733,0.7440799778410593,0.7590012314889074,0.9139349361334423,0.8405826406249278,0.9795875394177748,0.34252687971643786,0.5025702892756988,0.9495402383253126,0.9714984795225093,0.9726069160589503,0.8268852713523848,0.8380043529653227,0.8355231932276296,0.831652759944456,0.8283190014984669,0.8311205936821316,0.8381993595297329,0.839565537329459,0.8309753736102781,0.9997968096266571,0.8822083775517967,0.8378348191454418,0.8362312113487862,0.8381167404746702,0.8368795378906507,0.8313285205992894,-0.055219806949519126,0.16304722819188766,0.9549774871898693,0.8328420262632684
UCSF-PDGM-0368,0.6186489579729695,0.7665144540161544,0.5428729572760417,0.7771291941666311,0.7088692336220459,0.765489409642668,0.38908313787916105,0.5775617943621547,0.8101870242220411,0.9027923300319489,0.8168403725014796,0.7810234468446716,0.8780069459665518,0.8166040618944359,0.8468271791108971,0.14426164357913532,0.779734078145866,0.5124764429272023,0.7880324987838446,0.7656088045911577,0.3002269295156968,0.8251635821549658,0.7477875987423909,0.7113086443352816,0.6674056401057618,0.7235469506428479,0.8161487342407562,0.7189256678788305,0.7836069808664411,0.7589478501458103,0.741788373921743,0.5835407069534106,0.7955084640689879,0.7890382476890215,0.761397385737397,0.5831151600445719,0.8586145254740611,0.2928419378507071,0.7273516881858941,0.6633869978507472,0.7771072392312819,0.788407638424975,0.7562329987267451,0.7749883345447995,0.7798056626611539,0.5771127354684764,0.7669073361835926,0.7979617599717256,0.9213809305795176,0.5448360825970112,0.7998337445789645,0.7073972886252433,0.7524945423517843,0.7923327706139902,0.7529007583261083,0.8701811596892517,0.7736685402969506,0.3794282354121795,0.8108331844280328,0.7582038693186288,0.7876256314277424,0.6061027408793839,0.8005151909051132,0.7458622883396351,0.7614795198382854,0.8143294745559,0.7757603477608563,0.7438968378998272,0.9810996603583283,0.8099381236265427,0.8868616389063463,0.7265222229632353,0.7975521698970062,0.7281117530509306,0.7592923918800072,0.8636135456569887,0.5224087752087553,0.8034251074512783,0.9493310066519137,0.9395716165059778,0.7392797461733612,0.4369317695584545,0.8292299249834288,0.8293885707563842,0.8246274569335835,0.8290963236414118,0.8292879371905377,0.8317173074125475,0.8294863742160355,0.8295954621195947,0.6982624954184056,0.8266577097945047,0.7260495582356624,0.6986688958440029,0.8275187210910449,0.8245503248858429,0.9499166590270449,0.8273161782326302,0.8048882319101098,0.8271140286797337,0.8296415587700732,0.951626460243535,0.8248486010779991,0.8243854554451697,0.7145775449367544,0.9501084239190262,0.8262445512637594,0.8290132867670675,0.8248547777487334,0.824858340563311,0.8287958620785904,0.951799626558053,0.9474791939906951,0.8246958153209075,0.9492923343526335,0.8317881282357981,0.9394846852417502,0.8247142536994768,0.7214505059209865,0.747894672368742,0.772966395184816,0.7728956010916774,0.8293450072995792,0.8258687112171615,0.7745695103539684,0.7457026224362306,0.8295578580122663,0.8295542300759904,0.703202538677637,0.7172363798443738,0.5437652461826212,0.831309042140832,0.7284059445473219,0.7998298357521993,0.7164488338244217,0.7613564628535461,0.6716433166734544,0.765093694709802,0.6096825968576752,0.7435263273355387,0.9573176762728612,0.7806744029992487,0.5576574029404175,0.7744453813654703,0.7706933396949628,0.3800395320207248,0.9516790855226412,0.8250238149958147,0.5821187742967834,0.7960126255232198,0.7677900100725236,0.7859313578077383,0.4840464740428583,0.7292278450221974,0.6964957526879257,0.7050670852185443,1.0,0.7578151944971093,0.791246631258741,0.9621038187039321,0.7599555195036808,0.7686963636835815,0.7864830402322456,0.765531811918598,0.15714418749255,0.34482307964451764,0.7912037229661742,0.7237479797547972,0.7159523410339523,0.7349635473897336,0.7486854601727674,0.7511399643335093,0.685933483412316,0.6803307447547996,0.7817195568425152,0.819015053748857,0.7477161356059892,0.4012474152694399,0.9113342957068221,0.8012099872130749,0.7846676572427145,0.7880638157732259,0.9518841259297062,0.8294814426642947,0.8316783179875317,0.8237591146973793,0.9500425604045171,0.8253841540255582,0.8292995073733664,0.827252788854534,0.8256819684475245,0.7147403413302043,0.7628865019727957,0.8296266541241742,0.5352551384916479,0.8293786610919741,0.8298823645533647,0.8248794367034564,0.3620558002091146,0.3624109512756968,0.7994451353863286,0.831328136102193
UCSF-PDGM-0371,0.5549199862390539,0.877185834644207,0.5843650333636895,0.9837938375457574,0.9903689304423305,0.8643983365668328,0.3863096610336297,0.7710847673387298,0.9209773786935347,0.9582239505125476,0.9426231372865466,0.852565936042618,0.8252541085994884,0.9525371790382741,0.9795134131494219,-0.08851143841530294,0.955379476389463,0.5493171452771147,0.9752911937799884,0.9886612040334244,0.40561324100229085,0.932018416071153,0.7586067969987131,0.9910943124723622,0.6810890222300041,0.7623789866235489,0.9127915834523863,0.9910460338121784,0.8979836024019212,0.8335202067178248,0.9988076966606809,0.7039695997311064,0.9271654931901182,0.9029147577108136,0.9997375557008336,0.5851868807957878,0.9747011639371252,0.48930571360492897,0.9920160214841632,0.6810552833723776,0.9876934265420755,0.9039895817471009,0.8780473158593489,0.8551145789238681,0.9937570052443568,0.5088604651845565,0.9904122807237004,0.9753577812322336,0.8379199668291616,0.5508024068800695,0.8692227046652361,0.9914024174896611,0.9993285953965049,0.8921790260297506,0.88814533526171,0.9760693336584956,0.9970141409075702,0.4069877343266956,0.9515969190376011,0.8582304726514021,0.9923742771138881,0.26047659758444064,0.968307565252805,0.8238567083659524,0.9994541802051442,0.9499314017680216,0.8285869227820107,0.8623113332925025,0.829931455358769,0.9037918444691544,0.9606012380339944,0.5334901028909592,0.9496294724530148,0.9920804575503258,0.8543345921953938,0.711186602140129,0.4121353836841353,0.9110630149770851,0.9176642825480613,0.9315529014124435,0.847993368958205,0.43147018270939386,0.9031371942256509,0.9030088365691437,0.8982512644779244,0.9032364127936343,0.9030916475659002,0.9009573346457408,0.9029234170652983,0.9028219021780212,0.9884401667908363,0.872486496130123,0.9962999532943254,0.988577247128292,0.9039805511327319,0.8983007846132585,0.8741016504665734,0.8720503662710493,0.9831957412743243,0.8961666664899048,0.9027768811843623,0.8724063273241753,0.8980966704219596,0.8983997134799957,0.9934810739945972,0.8739052660653186,0.8966909913928411,0.903294340411995,0.8980920653583286,0.8980894015976314,0.9034336797069684,0.8722559769550601,0.8774893956064989,0.8982055383951509,0.8756898509486537,0.9008909074006914,0.901730062857304,0.8981928982276051,0.992749655495843,0.9131520703733687,0.9885221721901613,0.9976104639479308,0.9030452941055668,0.8968488270283572,0.8319669260845262,0.993970195749038,0.9028576747180068,0.9028610817571228,0.9888436761503406,0.9942476565083058,0.07802876025327772,0.9012890329214271,0.7957620759109775,0.8739153674724306,0.9919530264520481,0.8866923888029912,0.733264157422165,0.7804248963933109,0.4814379421982064,0.7292100637012973,0.6462799600077453,0.8155012402558529,0.6773812627658298,0.9977922283168964,0.842003893860023,0.38498051996267096,0.8723633220408465,0.8979593950939336,0.4966591736020817,0.9473124239646854,0.994217228895264,0.9813806878223976,0.5168230092800786,0.8054757160109131,0.8807554383182687,0.9906857810690683,0.7578151944971093,1.0,0.9920920791262843,0.8981960336229026,0.9940567782137938,0.989068764914116,0.8185135989076117,0.9245448443525175,0.18809863476693736,0.26648670275729586,0.9635068591452539,0.9957871629165232,0.9938318754890393,0.9972405680823554,0.9981540827336242,0.9357619762105973,0.8053653829258866,0.8094775521342086,0.9365794526789377,0.9053492275517641,0.9939522872410658,0.41645769081694545,0.5488790838817988,0.9826394945065006,0.9938082575669922,0.9946026729392612,0.8721723779420908,0.9029278468078792,0.9009926693239884,0.8972632400947068,0.8730812585297804,0.8970067573700576,0.9030823761540832,0.9040505174333578,0.8969152709395338,0.9904697264189894,0.9229115775375357,0.9027915818511519,0.8389415834029708,0.9030172134626643,0.9019890002465594,0.8971261900173663,-0.026697326326990633,0.23238661582896109,0.986286447562135,0.8771406992714414
UCSF-PDGM-0374,0.5967020784725836,0.9262829279952532,0.5975630676305471,0.9783084709848533,0.9656932947171171,0.8828094735006187,0.45533474023537174,0.7478685961778102,0.9591187441411669,0.963538810823642,0.9726904705927468,0.9091114358682694,0.8291944632231044,0.9812001047000909,0.9733485677854022,-0.1377340617113979,0.9575740420646169,0.6231924384069122,0.9753275134238986,0.979139339969588,0.37595679559563006,0.9697766991758372,0.8139330639427961,0.967122212419424,0.7594211326838404,0.7915477194834744,0.9515467554626553,0.9670043382575848,0.9207533534427759,0.8743754350101207,0.9854071856248434,0.6966217396234227,0.940896343622029,0.9389395425068299,0.9936873658151342,0.6697595440254999,0.9694602443969725,0.4500064005348007,0.9691954335452413,0.7594833559453958,0.9797833883066189,0.9364175395409813,0.8875394504377625,0.9088206272274082,0.97863923238944,0.5872053088371918,0.9799207477852504,0.9874149258865066,0.8493184916115207,0.5740329242923062,0.9096589268112188,0.9674223052437049,0.9898037487983224,0.9341871687856745,0.8888553886066868,0.9731610072527823,0.9958035233983661,0.4185294922567143,0.9813943358576748,0.8795902965006103,0.9997588510501816,0.2614995548348623,0.9880142842993399,0.8445704064089445,0.9941865541891268,0.9758790377633128,0.8803432091426445,0.9071769723625721,0.8484542987019018,0.9381949491884809,0.9597094459692198,0.5356939622870662,0.9760106633473833,0.969338514071589,0.9083992041168075,0.7125294677577506,0.49949509513478946,0.9514723399401678,0.9313154453687682,0.9403996866779019,0.8584161504489802,0.43828409915260996,0.9479008795177849,0.9478054485497743,0.9444972694512872,0.9479730874082407,0.9478672607473051,0.946315719598717,0.9477408367358228,0.9476630351061528,0.961861539975654,0.9006099167611243,0.9778707290133373,0.9621091603286994,0.948432857952494,0.9445321039166518,0.9017246899849954,0.9003303133930578,0.9697533704200353,0.9429931564065303,0.9476282063553347,0.9005618559248122,0.9443857591889921,0.944600179098843,0.9715560606094839,0.9015948473666079,0.9433546873686597,0.9480145296759568,0.9443823797570399,0.9443804235427956,0.9481117017770525,0.90046720769164,0.9042110732448959,0.94446470121926,0.9029791273867415,0.9462647173037161,0.9051463003836946,0.944455633904997,0.9710754536426104,0.9364079206440832,0.9805779281102945,0.9977819504817281,0.9478327665810783,0.9434474828537599,0.8870666168625673,0.9779363540000752,0.9476905703407206,0.9476931862434881,0.962628617880881,0.9732535834328171,0.10175517662065633,0.9465626356091188,0.8300408535706347,0.9227927638014038,0.9690146421870045,0.9191937456125348,0.7434180745416427,0.8408295097586146,0.5377898849475004,0.8056716005875802,0.6872622338984429,0.8784677285496056,0.6615290652743512,0.9978057837631863,0.9002281371294181,0.47024059067335816,0.9005353389808678,0.9442837668033017,0.5845121167695072,0.9520347167990099,0.9774176678696278,0.9767319411855608,0.5472493517710435,0.8101307704760102,0.8885939951045543,0.9660407822447545,0.791246631258741,0.9920920791262843,1.0,0.9184403138170275,0.9758705249316717,0.9805720530445278,0.8825381184271374,0.9366196193101362,0.22613750064701074,0.3305921753749961,0.9659018206550659,0.9766518667358886,0.9723703986544667,0.9822011213485686,0.986322443705516,0.9332429506746921,0.8503097642652727,0.8423661150045981,0.9429708297157795,0.9509775262750342,0.9914911218065503,0.4851946411509365,0.5811318378535891,0.9974842850175712,0.9984423153950969,0.9979523315981399,0.9004124639106306,0.947744207369905,0.9463426621176861,0.9435333428095167,0.9008418841906519,0.9435250878930749,0.947860383441959,0.9484593767765284,0.9434825382058579,0.9658393553595562,0.9462321541198639,0.9476395998815561,0.8263289608257829,0.9478117396522164,0.9470034208494414,0.9435643437412252,-0.008356081428356145,0.28732744190037546,0.9991865507486604,0.9036886904728254
UCSF-PDGM-0375,0.6456691907149847,0.8630611018777758,0.5976419130019963,0.9105490936928754,0.8621161935287545,0.8633107450322122,0.3860689827070323,0.6695097773108337,0.9004807295030957,0.9837520704710969,0.9083324816884356,0.858283379087791,0.9186345188815077,0.9160320977838289,0.9521263391441962,0.03663237046697372,0.903930962788831,0.5525839738565363,0.9168690878524132,0.9035411111043908,0.3319522728338792,0.9167148335234241,0.7711948460465967,0.8644566748422757,0.72043662165361,0.7974614364845197,0.8939036251978012,0.8694801936936901,0.8525131293344095,0.8110572268331356,0.8870054895583818,0.6575706742557601,0.9073202242064391,0.8729388391172029,0.9006806141629906,0.624638647830351,0.9575731845801306,0.36727060599385547,0.8758940194647831,0.7165351981486674,0.9096768226822104,0.8744399462661009,0.8572722727312809,0.8529459040572939,0.9133895303793957,0.5728491860816239,0.9037714776634151,0.9086810507088368,0.9412814288570225,0.5883094708034583,0.8577967835138121,0.8612387976434795,0.894091188147999,0.8777721747744301,0.8507286750416363,0.9662275862146649,0.9066651801645204,0.4202940635575617,0.9164396225607098,0.8605318614075632,0.9160676220700491,0.49315561847482153,0.9103595412147918,0.8344674149850988,0.9014104686392056,0.9100131465760207,0.8362116598822859,0.8343932178187536,0.9779777352735697,0.8770463500003682,0.9684404604522291,0.6777476473053664,0.8998218018544011,0.8763640313931874,0.8477948778744432,0.8413591344530327,0.4907687134252866,0.8942703737952167,0.9967527217746694,0.9919237263546001,0.8327875034704192,0.45020485781849656,0.9076225464341533,0.9076333581226331,0.9049393115232897,0.907608642124111,0.9076272515773127,0.90804927197463,0.9076366232241189,0.9076368911178773,0.8538379005287772,0.9053450504757066,0.8757447826309329,0.8541662097431756,0.907213321594896,0.9049274555322637,0.9895199307089346,0.9054191534767283,0.9226140882123837,0.9054071304640497,0.9076358556143019,0.9897259079235502,0.9049664272492299,0.9048983413845252,0.8668822274484856,0.9894873408289966,0.9052556274059771,0.9075979782619141,0.9049670280766349,0.9049673705690001,0.907563384012185,0.9897130572275258,0.9893602941425731,0.904948816639381,0.9895549230581394,0.9080490977697487,0.9743337864461804,0.9049512134413027,0.8725263766713449,0.8461008340254128,0.9084694619060601,0.9091677679221123,0.9076310441186645,0.9051525865593355,0.8425461945694214,0.8903376970182976,0.9076372199625956,0.9076372277929796,0.8575620547886476,0.8691708872758407,0.3681980842511825,0.9080225366098731,0.7669768862544921,0.8740134260885464,0.8683963338724053,0.8496454642867917,0.7355784480955642,0.8089813587626832,0.6159805296612731,0.7823248561451726,0.8943909293865793,0.8413976801867953,0.621667202436633,0.908645918015075,0.8484004588543208,0.415139699106913,0.9897236794145052,0.9049798498961885,0.5761021348752459,0.9087516968634162,0.9051995885608763,0.913668358789887,0.48565630499753193,0.7951430865620308,0.802580554708233,0.8594019679492226,0.9621038187039321,0.8981960336229026,0.9184403138170275,1.0,0.8994643707339613,0.9064568552213842,0.8481670139641558,0.8598647647208413,0.1433457410443507,0.2989368850822592,0.9142494436707618,0.8739929018403096,0.8680421821917069,0.8817757947145347,0.890269627055004,0.8749037788417433,0.770209844455197,0.758058987931685,0.8982600865337452,0.9023902951869784,0.8923018628020098,0.4290389193325267,0.8103527189591071,0.9204268639705329,0.9133018100085631,0.9132857702142548,0.989700398743,0.9076365248941842,0.9080486987812093,0.9043168858122872,0.9894063153311801,0.9049948746420076,0.9076280886563399,0.9071166895402811,0.9050948511210833,0.8664130082380217,0.8624567622871387,0.9076362681927688,0.6778254924136757,0.9076328769766584,0.9076805384106755,0.9048060051614646,0.22482287636877948,0.281168281701526,0.9216718094320703,0.9080247213541366
UCSF-PDGM-0383,0.5347467783957178,0.8331296489863753,0.5772193979835467,0.981682489974498,0.996552824804162,0.8537039078909187,0.3154837879541268,0.7755835262419662,0.8840713004746218,0.9615985784069014,0.9091753690318163,0.8031953674351079,0.8438499329696112,0.9213379557902595,0.9852195337560933,-0.02580806661448706,0.9504019611501513,0.47974411245242293,0.9708506206945673,0.9884028383459694,0.41754570026843435,0.8962443047470785,0.7025208555338542,0.9969555913595111,0.6189674728702887,0.7461939586116436,0.8729821514057478,0.997847089650403,0.8640176149390223,0.7866376375168206,0.9967001679981154,0.7026721584057102,0.917525402221074,0.8647584270432785,0.9926583450563095,0.5157449522368645,0.9809553724383052,0.5058883195411027,0.9986421630906895,0.6161251907446551,0.9862365219753486,0.8700765224156445,0.8711002667410027,0.8069218387136352,0.9993806214744191,0.4454462734301196,0.9901637329041666,0.9540994436059861,0.8474665162961751,0.5368519936750615,0.8257068284268861,0.9965260292677002,0.9945125196212062,0.8532929140488071,0.8835652631465204,0.9808200405244963,0.9865034914323384,0.40342279662049485,0.9213251928680487,0.8457621013685386,0.9763139018736802,0.29412874244104514,0.9419101851999865,0.8122864140193542,0.9921119117696684,0.9198009701030364,0.7822557150915562,0.8179838195631147,0.8368226480987796,0.8625502256264138,0.9659848042484461,0.5548378617734435,0.9172045098092957,0.998686067332869,0.8067232501221274,0.7305736426353518,0.3378676960712804,0.8735265357288439,0.9210324376525475,0.935053293516582,0.8393915675858552,0.4237235260522178,0.8632183204986207,0.8630789252107859,0.8582359908241025,0.8633267340276963,0.8631687533901033,0.8608350648195289,0.8629866301153628,0.862877375880224,0.9952976828703828,0.8562882182715714,0.9976464032335218,0.9953601502198034,0.8641746222185475,0.8582906803875787,0.8731110916758934,0.8557720768268126,0.9897326131357509,0.8559503958119863,0.8628290605258724,0.8711534015093628,0.8580664408069381,0.8584005849583399,0.9971927694946775,0.8728711621691044,0.856532580095773,0.863390334339771,0.8580614149477367,0.8580585083847203,0.8635443877490471,0.8709668047834673,0.8770488085260659,0.8581856636847073,0.8749644672279472,0.8607636125677971,0.9111349200692054,0.8581717791959129,0.9976032463575121,0.8783218870019235,0.9872885411298896,0.9868210106517185,0.8631184273092224,0.8567146947798789,0.7847561499158012,0.996277411874012,0.8629158250762095,0.8629194898523891,0.9959788724409601,0.9974007396333253,0.09876969121351203,0.8611951552654421,0.751483945135804,0.8298276002600076,0.9973333914487985,0.8516967812079279,0.7244138175236293,0.7288308175089481,0.45516242519729827,0.6680869449991785,0.6492303972454996,0.7626074055325295,0.6790733062753546,0.9864667016977293,0.7911548012037167,0.3140949400197599,0.8710996939661563,0.8579171577815238,0.4276318364674111,0.9408101389571083,0.9998934284579326,0.9785353401425463,0.4739223015846861,0.7982258434159282,0.8622991049854576,0.9962684897971694,0.7599555195036808,0.9940567782137938,0.9758705249316717,0.8994643707339613,1.0,0.9882569831196147,0.7657326461013604,0.902098027898904,0.13400210636172688,0.2013592999970886,0.9582542790498951,0.9976238048067548,0.9972937180184832,0.9961705536686329,0.9949122234025267,0.9330949250641571,0.7579758950372139,0.7674704107999004,0.9298769522556823,0.8642305011393006,0.9838158990224531,0.35700817248056566,0.5598288514428819,0.9615201738164574,0.9794267100202754,0.980076431133646,0.8708643263411205,0.8629914079311543,0.86087315205694,0.857260375715781,0.8720782664469949,0.8569034430536144,0.863158678007991,0.8642614509806715,0.8567930748595155,0.9974302376492534,0.8922238283818542,0.8628448279977106,0.8245844604359773,0.8630879956154087,0.8619891789415307,0.8570544968803695,-0.011352301926523617,0.17216427009132654,0.9667311268252842,0.8611800596818364
UCSF-PDGM-0386,0.6431465219459188,0.8628178118505024,0.6635277066840674,0.9991010332830917,0.9838274271643132,0.9152650691742108,0.3334137324648986,0.7637529378497148,0.9049011863461449,0.9606918680798944,0.9238252288547331,0.8349018179218473,0.8267610037055038,0.9365502460147264,0.9788858858479953,-0.11517054240204126,0.983458672735485,0.5127165636562966,0.9953776814563529,0.9994294409281321,0.4035686335568465,0.9189628240647215,0.7229413790395872,0.9850328052833902,0.6604119228135913,0.8278287166186218,0.8919243589688685,0.982964244766099,0.8691954075877861,0.8012139119163018,0.9885414261312018,0.7763029256583287,0.9635679502997321,0.8814736690493585,0.9888286805397115,0.5597516029171199,0.9742381289077181,0.528487381840761,0.9844291717758461,0.660767919847688,0.9992963503064528,0.8878022039123764,0.9219741150555252,0.8359897005397475,0.9892639978504301,0.4843681037464525,0.9988328703236891,0.9592120919926374,0.8443528769340225,0.6392608378526689,0.843445772674048,0.9818969690809646,0.9886649371970755,0.8766430546467708,0.9317145855330554,0.9756798294858091,0.9854814765381061,0.47817333113217336,0.9387215030527757,0.9109189227946559,0.9802848588270746,0.2624308663173408,0.9516012887903478,0.8828970510502676,0.9890256750135384,0.9331529832624161,0.8099871816313874,0.8430220007867817,0.835411531082172,0.8752193729316479,0.9620033132481467,0.5367962611312728,0.9302413559518375,0.9845343697847565,0.8378222273414936,0.7169024222496523,0.37111773869686093,0.8964378011567105,0.9224111390306425,0.9349417352815361,0.9013266772297681,0.5094434084026839,0.8918493001277554,0.8917338003519768,0.8884727551835547,0.891938133241783,0.8918083859067422,0.889711977570932,0.891656621185449,0.8915646085620053,0.9790191767454774,0.91824628616156,0.9864118807507165,0.9791506631256286,0.8925809539592398,0.8885169006316344,0.88837275677493,0.9177766104174383,0.9805056635859333,0.8864219366244276,0.8915237088268626,0.8866190477107507,0.8883341649762955,0.8886046670507577,0.9838018606731208,0.8881817056444254,0.8868869849679978,0.8919897924956841,0.8883300204335006,0.8883276226616522,0.8921133339590629,0.8864733906375298,0.8910928119169289,0.8884318790274118,0.8892388506325625,0.8896517768372658,0.902989274216496,0.8884205614673744,0.9890684954749132,0.8881121138563992,0.9997945059190253,0.9869404450463611,0.8917666667751505,0.8870224599073466,0.8151564054682826,0.9963860584082982,0.8915970666952993,0.8916001561737892,0.9798715908443009,0.9846437193890567,0.07798201895033298,0.8900103530514376,0.7596930989650191,0.8563958914379801,0.9869482940138846,0.8691931050488807,0.8006713974176662,0.7619004874169906,0.5728410924303204,0.7090683146251693,0.6595056312537795,0.7956169530175643,0.7382182833650286,0.9859304825899319,0.824676734325801,0.3586714905729225,0.8865774504100495,0.8882102661458255,0.47108756626978626,0.9777685234333898,0.9890406248197796,0.9978484582060583,0.478163640462987,0.8575209032296524,0.8672569524741043,0.9812105735900547,0.7686963636835815,0.989068764914116,0.9805720530445278,0.9064568552213842,0.9882569831196147,1.0,0.8010445767623684,0.9061124523029315,0.13820215207372785,0.21890992085682656,0.9892464236038937,0.9858963757204696,0.9842355661282777,0.9872962390022665,0.9878992862227123,0.9681381483280225,0.7824484141347497,0.7833113197803804,0.9686019476269625,0.8906730283042086,0.983281999019812,0.39116678527640014,0.5568740819422292,0.9699753914290576,0.9819215312192265,0.9808164091654221,0.8863921515509061,0.8916606293096045,0.889743946357509,0.8873337164238563,0.8872558242890164,0.8871537214330829,0.8918000477523599,0.8926366076602871,0.8870783614501127,0.9821606933683849,0.8986806386734255,0.8915370697758963,0.8052489758745576,0.891741356179549,0.890616917866522,0.8872475123575359,-0.02301466174701783,0.1826526861962081,0.9743823247333452,0.9217415796395689
UCSF-PDGM-0388,0.6502007779523854,0.9740831808630283,0.5148289289858227,0.8093737033806863,0.735106837894835,0.8166337658284876,0.7038863562379633,0.5513506386695028,0.965407385948659,0.8373172696520605,0.9474206463625982,0.9928728487499435,0.7415874011825292,0.947717425616818,0.8049361575211523,-0.2780200423619064,0.8112766407415462,0.8360164226528459,0.8247831049569859,0.7979356268259956,0.20701558639158213,0.964973858802103,0.9222213302957051,0.7387475110845606,0.9631648944255974,0.7542803778791001,0.9632465781651576,0.738455987210894,0.8825587272877925,0.91198889078401,0.7930181665162761,0.5609223442828852,0.8512111897211756,0.9467002287664505,0.8269757246513638,0.9102786932306609,0.8055191915608229,0.23617144777267665,0.7444073657666442,0.9470827164553695,0.8033025407677443,0.9244102689137396,0.7829157820942353,0.9849614702201261,0.7787880725015447,0.8173799460977362,0.7969534976280261,0.8905468179667149,0.7666851377431477,0.5529298957692697,0.9388210577481353,0.7396819457036542,0.8109571896310772,0.9596940956832284,0.7438537449745292,0.8137834682071561,0.8467320135534001,0.3971220317709949,0.9500339410596051,0.8060566633742041,0.882209091978871,0.23877740117878188,0.9199887795039022,0.7700118458506104,0.8299261784100247,0.9337422292506649,0.952557863863726,0.9447720251422183,0.7868315534599282,0.9279432403889571,0.8097697552326721,0.47552333403711294,0.9352618382108205,0.744760714717528,0.9819979998725157,0.5876213327401568,0.803825198456418,0.9666097715939902,0.8408859894864665,0.8254438195148806,0.7441979051909654,0.423179071542718,0.9654879816087562,0.9655561164537396,0.9674395362595216,0.9654271666674868,0.9655134346876163,0.9667122746746406,0.9655956865082339,0.9656374065435768,0.7257488875663273,0.8550199424109314,0.768413182626323,0.7263520646927535,0.9645435660005491,0.9674025910083676,0.8538336905494,0.8554828529946407,0.7753614709175033,0.9686737495012342,0.9656542135246757,0.8551224424444458,0.9675404029718322,0.9673208458903686,0.7505532996605577,0.85402149571063,0.9682441112924532,0.9653879209073445,0.9675431050847083,0.9675446607137608,0.9652803826434481,0.8552911146634309,0.8556389065875817,0.9674715417428986,0.8570155968624149,0.9667391157389352,0.7718103625333026,0.967480051748656,0.7497406323019246,0.8860740954154276,0.8030996745307758,0.8530131089470312,0.9655378757462753,0.9680307742562451,0.9706761547347099,0.7742321586953465,0.9656233266227651,0.9656219511243964,0.7274749451397067,0.7553000081068839,0.215363944135529,0.9665376848889405,0.85371589262721,0.9759452303215668,0.7438274384608182,0.9117490544490069,0.6646120145962413,0.9505523526880834,0.6363296797540248,0.9867468157317658,0.7143302117899879,0.9984703496000595,0.4758746097143309,0.8536190003127603,0.9880199763048793,0.7460592866795388,0.8551735884122424,0.9676143901971748,0.8531900677153008,0.8279690351971144,0.7715570687175086,0.8098274033396795,0.5987504222742623,0.7050763367625436,0.7871978631691134,0.7361826962709411,0.7864830402322456,0.8185135989076117,0.8825381184271374,0.8481670139641558,0.7657326461013604,0.8010445767623684,1.0,0.8497634677009386,0.37013069403628307,0.5723417176103408,0.8228222965119013,0.7650895174166211,0.7529136459212522,0.7838059377503593,0.7989299164214019,0.7680298717580128,0.8940706351012094,0.8377163881567388,0.8124138724609662,0.9811332187244824,0.8359961150545976,0.6949920788589367,0.6247838372864382,0.907538879314491,0.8705649531599259,0.8657365199063707,0.8553738536486389,0.9655937387363066,0.9666970187228299,0.9666440285582253,0.8536092515767445,0.9677374367800086,0.965518438600343,0.96437314566703,0.9679199650778034,0.735361896300115,0.9003926698879523,0.96564883492002,0.6373133887934558,0.9655519995071519,0.9657496430168372,0.9674138032317121,0.04675054662865593,0.49576240793476556,0.9001701437061167,0.8524089528770737
UCSF-PDGM-0390,0.595813455152657,0.8816913581191358,0.6289981071749329,0.907691333060354,0.8967745027755859,0.8622782873446084,0.5894206009128375,0.8947469125602387,0.952635603815879,0.8909124281911315,0.9633494193506377,0.8823538948047862,0.7840591396030633,0.9550117991936976,0.9283461706861506,-0.11337985047572799,0.8822729196821238,0.6966574897278126,0.8950363868227561,0.9138446322769367,0.629780357539947,0.9295708234494643,0.8907726556644525,0.8949322502755418,0.7510206281018549,0.6883431524664347,0.9539705083442299,0.8951264401926189,0.976310656146729,0.9521903418241905,0.9214820295798342,0.7128873236559445,0.8705363698110329,0.9716544092308186,0.9312186619368275,0.6777634991447037,0.9277169993881329,0.6356262370435887,0.8966102871643482,0.7381569786860807,0.9063681560672331,0.982278884869687,0.9006458930035388,0.9112922502398233,0.9068682943631988,0.7440434971161689,0.9055010040707855,0.9785768000224266,0.8988712741708041,0.486956109329383,0.9578036359035428,0.8972527740290822,0.932098838746341,0.9555515834324293,0.8882093970371806,0.9070657521429808,0.9485765293347272,0.5847104991632578,0.9464439287093579,0.7835972169149227,0.9401078085415234,0.386997039546511,0.9686538264445942,0.8128405369718447,0.9317290917382292,0.9738418051074584,0.9410877547870149,0.9350703330311375,0.8141408325160636,0.920715907794637,0.9312490292616038,0.7209861917383821,0.9629650785623994,0.8972008128030052,0.8894744349278251,0.7897030524029777,0.573908813498159,0.9486447205184902,0.8771664057472129,0.892997352444821,0.7938974124937361,0.49496329658943883,0.9280812796647567,0.9280653457084587,0.923894146683118,0.9280889951473044,0.9280763462159402,0.9277197985987904,0.9280514821750462,0.9280320098728136,0.89077012816963,0.8555029765914057,0.9083972100861959,0.8910328351869816,0.9279054467720101,0.9238937561550608,0.8556520755192837,0.855575385738999,0.9364636147749207,0.9235905203154002,0.9280224165769876,0.8555260643289091,0.9238871392962151,0.9238884633485931,0.901104020913733,0.855673011802732,0.923564279658237,0.9280913878598919,0.9238867585784942,0.9238865341567408,0.928089724840841,0.8555561316917558,0.8591312017301368,0.9238933082267661,0.8590064356626904,0.9277068218151935,0.8841857624949268,0.9238928846687073,0.8980441927621242,0.9603342193353466,0.9038458959647161,0.9320976479914784,0.9280704992454798,0.9235086099551352,0.9217626806572227,0.9039201310628707,0.9280392227422383,0.9280398902242322,0.891123739629946,0.9030984243034369,0.2724400708551637,0.92776168476541,0.9407949950645011,0.9381879711667528,0.8964713187697635,0.978895899178351,0.7672179667191964,0.9130488875919041,0.49650559151485035,0.809369463652802,0.6163180199286296,0.8483591363975345,0.6743103022925969,0.9371463425214489,0.8689599760613368,0.47432976179570757,0.8555362934278012,0.9238720598218403,0.6990697931778642,0.906404764685574,0.9034043906219981,0.9060022399178251,0.7908011926531461,0.8497415821498396,0.9759147771354605,0.895268071301691,0.765531811918598,0.9245448443525175,0.9366196193101362,0.8598647647208413,0.902098027898904,0.9061124523029315,0.8497634677009386,1.0,0.46063556122197796,0.5514298956400361,0.9039515242387008,0.9068051169080457,0.9029437702384692,0.9252153752159094,0.9339602070066015,0.8847127557793804,0.9043325296958674,0.9189769766808954,0.8622112874050559,0.9186863564791017,0.9264134420785038,0.65656259637244,0.6632202391839538,0.950849885655919,0.9505573765264584,0.9460497778541467,0.8555666450759085,0.9280522600085609,0.9277261486871881,0.9228923795029966,0.8549664701199289,0.9234074860975727,0.9280752418561486,0.9278388650017468,0.923473232235005,0.8934898542217012,0.9484586888525693,0.9280256108287939,0.7643287822128888,0.9280665717703217,0.927613045521415,0.9232731217178498,-0.06269348536603674,0.5261666326589323,0.9389237949853483,0.8592484521171275
UCSF-PDGM-0391,0.2909443130968797,0.39278993770759313,0.1571908764342542,0.1486204474307894,0.1398643080767616,0.2445900214687376,0.8207593740668933,0.46509880249461266,0.38018060836444084,0.139018989868543,0.37195253269300577,0.4143550979922894,0.19565047773610555,0.33454274120348026,0.17906249592470047,-0.07308259428969577,0.09476663717553499,0.7605140983304712,0.132620557930917,0.15275135228850212,0.518528651052143,0.3164727507407175,0.5724119724834497,0.13461791049101465,0.4662996136449596,-0.00021884381749076717,0.41257048944293506,0.1352072159566937,0.48705462010736633,0.5766479282269167,0.1810423306152129,0.20618087323896556,0.14907150348559867,0.47029904663467514,0.1993770701929909,0.5782414413033834,0.18745700174607705,0.3479438581517924,0.1340609091494032,0.5147096121432905,0.13834793266777487,0.4667059269034724,0.292074861118541,0.46490948544795785,0.13694700836160587,0.696670722946348,0.13456623948588955,0.3361301004416676,0.3095921777987856,0.010232051825531475,0.5184790551266055,0.14462843249047702,0.20093998886932862,0.4288754185874837,0.23017062318048656,0.13713175065841235,0.23561820094083577,0.5185384768070131,0.30896782959566743,0.06192636786158542,0.2334415403604408,0.4835945793909827,0.3484008206255716,0.1607222395007025,0.1997706019896058,0.37834581480472107,0.5156289450233126,0.5399614167157869,0.19769153362398184,0.33551345342396555,0.19896537410156706,0.4883670327483462,0.40402712586469114,0.13505915398526058,0.43854043981136015,0.24386807750930603,0.5840294360959623,0.38228401205187273,0.1578870808698899,0.16255532154761984,0.041903053352665115,0.4070055806864903,0.3453811232381384,0.3458461750294786,0.3401707596566698,0.34500124589907405,0.3455493377005209,0.34312379066206794,0.346141205821418,0.3464785437898079,0.13694898391825533,0.14976558473671137,0.15925988836182936,0.1372523825071824,0.3410818775339668,0.3399612248379715,0.15340450912296918,0.15190937337756105,0.19844905773102042,0.33785650004232853,0.3466239053481539,0.15020303491631362,0.3407883030040387,0.3395225546236152,0.14932437453117312,0.15431184672151263,0.33552248354397635,0.34477009602183084,0.3408059334855378,0.3408161130148164,0.34418119815110104,0.15096473061671373,0.15826396704360596,0.34035890730174917,0.15544544733366059,0.3433453236669237,0.15267830505558289,0.3404100643578225,0.13428167352460738,0.5234930096272538,0.13228158885329375,0.20171874677913307,0.3457168692751448,0.33460643799006096,0.4658562058029402,0.13583526941820112,0.3463612267192037,0.34634996685473796,0.1350393369799547,0.15158747052981048,0.34893791964580695,0.34191554582038636,0.6187457757809882,0.4321476643960717,0.13426388066440417,0.525366307019737,0.3536328267114031,0.5410824942638738,0.18221248005447313,0.4497927423418103,-0.001920098261726825,0.3798857121090219,0.06493210885044051,0.21728690996425673,0.4258975814204634,0.6240762573698035,0.15042813245548203,0.3412972687586944,0.6261078918679172,0.19508830003667066,0.13328844663211603,0.14158842009431064,0.8180147144490706,0.3453307128798333,0.5151279398584389,0.14182234117362613,0.15714418749255,0.18809863476693736,0.22613750064701074,0.1433457410443507,0.13400210636172688,0.13820215207372785,0.37013069403628307,0.46063556122197796,1.0,0.8812333326686473,0.16802848856440225,0.15651501344335306,0.1512998204702274,0.19171568055115526,0.20283699435943958,0.12351178547109058,0.6351210649370953,0.6440820954741918,0.054888857369667456,0.34623907933576226,0.24031077521557442,0.81473875185579,0.29529182291513356,0.2720107905092166,0.2498589414885313,0.2412372100971033,0.15136072438981144,0.3461261669941738,0.3430034892108731,0.33010096357816315,0.14489975810063155,0.3334868971018156,0.3455831353437393,0.34049469192543774,0.33416745059335123,0.13302899020070322,0.375340130090937,0.34657671437493615,0.13044877607503289,0.3458166501665186,0.3383102224651775,0.3323815960303855,0.10022162443473803,0.8183980195941171,0.24098285036608943,0.15399994832062333
UCSF-PDGM-0391_FU016d,0.3442576433362837,0.5054881445612412,0.15715074530525333,0.23188124116623687,0.19026689376404704,0.3496376880622941,0.9331890368007493,0.4375823537514393,0.5370563371661305,0.2636893025967315,0.5166669549304507,0.5700814039089928,0.3078873802895748,0.47767909229486394,0.2739191758102345,-0.1023476842210473,0.2005368069644391,0.8142579080683329,0.2261623573385374,0.23324263192506378,0.4175792042778263,0.4628165868559829,0.7587032701771776,0.18749330269832165,0.6634868218803269,0.1368471462607928,0.5645429921961148,0.18799841601681952,0.6144813969286433,0.7084836575700327,0.24865395500313484,0.26108801561750455,0.28042533667290737,0.6157634350384363,0.28100848429487746,0.7146667110048655,0.2836012369139895,0.3002106104512288,0.19010803400387116,0.6284690018198235,0.22693366803016551,0.5926993177053274,0.3629847741802912,0.6170697111749948,0.2121698397305792,0.8824526608766974,0.22439220747334068,0.4442756149564301,0.438681287350205,0.09397256099350841,0.6696233034156346,0.195025357201421,0.27431534885859205,0.5864313008844222,0.282533916131775,0.24381954614430965,0.3237653418040851,0.46679155416305074,0.45240225699986275,0.17362018560110826,0.3390553021802617,0.42280601361494397,0.46087705112040156,0.2427617322925393,0.2815208510190112,0.5108263710973666,0.6816376756250632,0.6210910315707626,0.3394272676523127,0.4975402523037016,0.30008448366261103,0.5475573402121112,0.5082933020477612,0.19101849894849188,0.5670899412245993,0.29302299448190827,0.8532531795706735,0.5408442028373747,0.30784607043380996,0.2920861344975673,0.15655725388349148,0.4254664285028443,0.48887636156081643,0.48926407133094835,0.4849243136461601,0.4885585279470829,0.4890167779908755,0.4923068880538438,0.4895092332862947,0.4897887772235602,0.18307137609614,0.30330916888084397,0.21928529703730162,0.1835616982456979,0.4852230363430117,0.4847482214307325,0.30100004809721964,0.30513577953209986,0.2659164470880131,0.4882815544360968,0.48990897780702825,0.30368361471832356,0.4854415357168117,0.48437859993912213,0.20344131803926271,0.3017745963945817,0.4863247938584731,0.488364638649462,0.48545626313892565,0.4854647655007232,0.4878690104280685,0.3043335126266918,0.3085024019363838,0.48508217580348034,0.3115296027785466,0.49248941002428903,0.27534938358196875,0.48512505611602663,0.1922463861452834,0.5503758575321122,0.21811499183942468,0.29650054493479866,0.4891564248085543,0.4855466984341646,0.6454605077048009,0.20535953076180807,0.4896916536235242,0.4896823265884063,0.18254017229998257,0.20719134302153436,0.5221450739541528,0.4913050213048296,0.7385473000372396,0.6044883169303154,0.189979363104383,0.6244468255190114,0.3673647310299862,0.7150670599834685,0.2563031698453795,0.6688307544587466,0.2158505625610394,0.5910301028231955,0.09446331765390574,0.31099492532708417,0.5621861297072831,0.6673691549664088,0.3038759511699753,0.48586581297916176,0.8533489728371556,0.307651297853001,0.20371216129716477,0.2311135691597978,0.8410984258264043,0.410346855901357,0.5344952115038647,0.19142569432968737,0.34482307964451764,0.26648670275729586,0.3305921753749961,0.2989368850822592,0.2013592999970886,0.21890992085682656,0.5723417176103408,0.5514298956400361,0.8812333326686473,1.0,0.25077524041999105,0.21629070595726668,0.2063810792004602,0.2506419258887671,0.2705069194462909,0.19697143637407782,0.6521527556466898,0.6244479896766191,0.18688106091350007,0.50859553175042,0.2908671515056526,0.8615463318910613,0.492513887226618,0.3867968582447306,0.34662459146448077,0.34074358840387303,0.3046703270493248,0.4894967516728766,0.492207617082806,0.481643386212786,0.29908636381473847,0.4845883770417704,0.48904496626928373,0.48471496983170426,0.4851718802289117,0.18476026470183934,0.5113877490961928,0.489869972297046,0.09856968100484506,0.48923950254780024,0.4882550057883301,0.48363454838233016,0.025343667937342145,0.9612734099836516,0.35352669733703784,0.30630712957611117
UCSF-PDGM-0394,0.742937682427171,0.8806269865483689,0.743682486481971,0.994345161695747,0.9496752423653527,0.9595929011591946,0.35405663234537127,0.7605814764478894,0.9131548414058532,0.9523331920537399,0.9243621072858567,0.8548388914229423,0.819547657158251,0.9364588566042413,0.9635720686344951,-0.1675896923356885,0.9928308697823389,0.5518720052050063,0.9968030494243382,0.9886555151650904,0.41653760085290126,0.9270455328633387,0.7364821213928909,0.9512499124346897,0.6929488777482645,0.8826425969948051,0.8986261374483372,0.9476980188940448,0.864838505934384,0.8101374560970416,0.9601183223095026,0.8221374170208801,0.9858488674600839,0.8886195333821509,0.9650125276171292,0.6006302314272923,0.9600549629790857,0.5462547438579881,0.9502152314149069,0.7005037906205915,0.9891294647760525,0.8995496279579646,0.9608159186979109,0.8555941336091508,0.9623507887708702,0.5325934011713622,0.9837850902943508,0.9500381851443409,0.8554059526065276,0.7146819926732519,0.8538022337135222,0.945965456144709,0.9633580854681343,0.8910056725574033,0.9646133102219181,0.9606614430341104,0.9662933421917279,0.5640775278312467,0.940637509425418,0.9516679346070627,0.9649474341764057,0.2840107203465709,0.9466925463072501,0.9383130891262393,0.9661580670044725,0.9339567394219119,0.8337315216762671,0.8641509361192036,0.8437318314903247,0.8715634272635873,0.9543779442669,0.555711626912411,0.9306817031660166,0.9504785680150508,0.8595444667396663,0.7323544762192487,0.398933304884152,0.9077146348655635,0.9227389794742934,0.9331761245556016,0.9383818376382482,0.5776870460104688,0.9094529852710121,0.9093880370223495,0.9080477599246636,0.9095006378323348,0.9094303384971241,0.9074911612619946,0.9093430076135733,0.9092878318083626,0.9412398342482197,0.960784399250312,0.9541040879845579,0.9414455801733104,0.9097241625092821,0.9080696832417563,0.9079956963151666,0.9604789599455119,0.9614378491465958,0.9061541193938223,0.9092628308558298,0.9062574549265029,0.9079748088453327,0.9081110066543477,0.9491190607841238,0.9078886195588448,0.9063727258530907,0.9095272881504345,0.9079725414881399,0.907971227652426,0.9095872792360283,0.9061822106078317,0.9091309109824471,0.9080268589449142,0.9073348187755277,0.9074550782245867,0.8990050305666484,0.9080209761004024,0.9584597761252582,0.8926018680090527,0.9891596305503377,0.9669228723695895,0.9094068324581611,0.9064122645883006,0.8387611858354863,0.9740010051339186,0.9093074697333299,0.9093093292791469,0.942580781975313,0.9506856298130584,0.1003458913043106,0.9076585950774726,0.7644500731300689,0.8733754498619017,0.9545547597243809,0.883340619365639,0.8629772114885177,0.7936853329007892,0.6807342267237789,0.7411769105858457,0.6842237811839013,0.8142109425131717,0.7762309230820417,0.9655832127933633,0.8475074453173872,0.4061945486003,0.9062366752145827,0.9079051746474205,0.5181215988344647,0.9927541718148182,0.9603814191096062,0.9943745312830629,0.4981653870550312,0.9007220218938728,0.8744537938505154,0.9447434230369979,0.7912037229661742,0.9635068591452539,0.9659018206550659,0.9142494436707618,0.9582542790498951,0.9892464236038937,0.8228222965119013,0.9039515242387008,0.16802848856440225,0.25077524041999105,1.0,0.9529640869178188,0.9500195902825365,0.9592393329978625,0.9621584082548577,0.9832582610715768,0.8101932600757181,0.8048611683528643,0.9817821077924896,0.9031770223395954,0.9647653940363087,0.44238862554389147,0.5841614372082863,0.9610663453958791,0.9665269654367784,0.9624856208521877,0.9061375433601263,0.909345375434319,0.9075100475485345,0.9062576035283597,0.9064016135868834,0.9064268515639449,0.9094256730374979,0.9097178279112647,0.9064223423542334,0.9462712065186417,0.8878616005644906,0.909271028643351,0.7684545927969584,0.9093923789225207,0.9078800898604487,0.9064060503504958,0.0049766351790228175,0.20685480075004442,0.963230161257371,0.9624766878571949
UCSF-PDGM-0395,0.5206757267364248,0.834363317296944,0.5701798357843237,0.9785043945309897,0.9987372059379637,0.8450673356529287,0.3326901856897457,0.7813366413985848,0.8851675229151573,0.944503491590026,0.9111606149993843,0.8042463214413308,0.8155734679565364,0.9224224576489393,0.9746915848652571,-0.055781371923104554,0.9451357944366846,0.49184173604454023,0.9661566926354866,0.9864143067504642,0.42409688605446105,0.8955804819626879,0.7091026111874617,0.998935043058646,0.6211321179318431,0.7339214369166428,0.8752866483459788,0.9989274282562375,0.870083402301474,0.7940986670114483,0.9988238752294397,0.7009203847369913,0.9096796029445056,0.8685221787041171,0.9943886536162355,0.5210906018633648,0.9690746884856803,0.5150778295656808,0.9990111235559788,0.6190568479980567,0.9836045634078467,0.8727702241190777,0.8646582729471467,0.8092328963333538,0.995216693145436,0.45059868349735405,0.9883341715528279,0.9567315146264603,0.8224061169382245,0.5268364667643152,0.8296441565471476,0.9992162187750517,0.9965652467821915,0.8548349373821386,0.8787847825448218,0.9680127348428025,0.9882939390545478,0.3995503325179149,0.9216087685194423,0.8356155603774217,0.9774625387639372,0.2546087512805178,0.9444471848710494,0.8025454306915597,0.9937317124330213,0.9216171733085259,0.7845554539211395,0.8227559014423192,0.8055218926799107,0.8665567497582141,0.9516476235496812,0.5278512255559605,0.9205417411725106,0.9990144994982625,0.808752540442297,0.7019574566546473,0.3447673900947284,0.8743593880285749,0.8979377989258531,0.9144868314701954,0.83182932981894,0.41965904752244465,0.8614251786362613,0.8612733599230274,0.8560948611345731,0.8615436983178272,0.8613711243995336,0.8588448317254849,0.861173153658382,0.8610548251637792,0.9981619807171983,0.8442025465782123,0.9999790453669322,0.9982165667661829,0.8624937751462112,0.8561550154382569,0.8461543350805818,0.8436522671671246,0.9836052301749373,0.8536172562336425,0.8610025901300407,0.8440988865120119,0.85590914589924,0.8562763280545207,0.9997426743830296,0.8459095306537786,0.8542597120250872,0.8616134298718838,0.8559036572160008,0.8559004833929927,0.8617830424135704,0.8439078747559474,0.8503708448231677,0.8560396183710165,0.8481852730815808,0.8587674665803371,0.8885153554860117,0.8560243959057371,0.9989290070250565,0.8856927882309422,0.9847164615654396,0.9880171370148725,0.8613163220234517,0.8544651665633681,0.7861781578440308,0.9959817448488114,0.8610964336302005,0.8611004014309226,0.9983117763642968,0.9998754464905799,0.05980043867017651,0.8592369527139463,0.7605631894505426,0.8310989984566962,0.9990089905859547,0.8558927898168532,0.7178030532111598,0.7306409032307838,0.4369461688507977,0.6683763993832906,0.6073634427949511,0.7626892482735675,0.6787404451371732,0.988040984343386,0.7924022118971176,0.3229342422672259,0.8440438328250617,0.8557464720257467,0.43164091063122473,0.9350772284378489,0.9968270827753956,0.9749705476925804,0.4886477527471246,0.7927033032224174,0.8680670543562733,0.9989907866702312,0.7237479797547972,0.9957871629165232,0.9766518667358886,0.8739929018403096,0.9976238048067548,0.9858963757204696,0.7650895174166211,0.9068051169080457,0.15651501344335306,0.21629070595726668,0.9529640869178188,1.0,0.9998076447562542,0.9986099760035272,0.9970526552112322,0.9291239615525707,0.7656306087405572,0.7767910938962354,0.9234942752530324,0.8637702719675006,0.986315250125405,0.36804981724107705,0.5189805879478234,0.9624802282921411,0.9809084511522261,0.9818172906455785,0.8438032587458371,0.8611783352989257,0.8588861246351212,0.8551232627282946,0.8450652853901665,0.8546822096189948,0.8613601465690872,0.862595604348074,0.8545546711176378,0.9987941984421176,0.8975925654534253,0.8610196307394391,0.8386472024457498,0.8612832207529247,0.8601244841015329,0.8548609584208312,-0.04741358914437726,0.1855760844519464,0.9673069120044374,0.8493749320524799
UCSF-PDGM-0396,0.5138156493149458,0.8246468994706785,0.5683553161065881,0.9764497643359548,0.9994482376939631,0.840609178956793,0.32114022699894224,0.7844894098240264,0.8769820955914482,0.9405480926736404,0.9037711755708517,0.7933130296925879,0.8123989134582195,0.9152566105505404,0.9728421618884748,-0.049180880832174034,0.9421782345777158,0.47990464949224954,0.9632597766405259,0.984990762906788,0.43014683592927244,0.8871119364047384,0.6981835408429229,0.9995082801645339,0.6077598297478656,0.7273174068158008,0.8666719196554236,0.9995089208624764,0.8637632616465561,0.7855476055509417,0.9977995355621075,0.6998855723781809,0.9050284015145402,0.8608022480707274,0.9922373483798068,0.5071389539126608,0.9670615169267185,0.52145466287151,0.9994054648306702,0.6055645533419141,0.9817025082783711,0.8660477044468718,0.8618380022884986,0.799001883134084,0.9944650034110984,0.4389198731287755,0.9867911548501529,0.9521366572232626,0.8189921793648325,0.5214574699199537,0.8209001589349278,0.9997903945609794,0.995006557875779,0.8466003939938783,0.8767390228204489,0.9653355934839722,0.9855515995095664,0.3996629278775855,0.9144932862208591,0.8302070267971962,0.9732979954536128,0.2539716017315253,0.9386818258024621,0.7981105199221494,0.9915218232878301,0.9150188723954248,0.7751798048309552,0.8143154436427831,0.7995972465719908,0.8578681203263345,0.9490936780744536,0.5274890484699999,0.9137600151763197,0.9993991035409276,0.7985965210549869,0.7006985382620483,0.32978465746686464,0.8660826209537881,0.8928176598369101,0.910067563534828,0.8279954005987908,0.41684458202577734,0.8520792701984347,0.8519202651021679,0.8466996048134707,0.8522036826790658,0.8520226130259854,0.8494006942877366,0.8518155157813145,0.8516920082025864,0.9991284521016506,0.8376619635887027,0.9996833442953651,0.9991656872901047,0.8532156805699149,0.8467630053958274,0.8396897485791683,0.8370787544436533,0.9829931540572266,0.8441257526793738,0.8516375465899964,0.83755154261193,0.8465043585605094,0.8468911342320042,0.9999836543776978,0.8394309710365983,0.8448042315616532,0.8522770097346261,0.8464985985797797,0.846495268134944,0.8524558155860228,0.8373488091658692,0.8440224114327984,0.8466414524311241,0.8417470417602906,0.8493199541815176,0.8851572852786762,0.8466254397188108,0.9991548194531842,0.8797115589438222,0.9828794520697185,0.9849617320567878,0.8519652222627582,0.8450240352750715,0.7762734119814605,0.9953421428462768,0.851735415934571,0.8517395565310584,0.999224828389617,0.9999891385961274,0.05608149121411493,0.8498113508997196,0.7529711710216224,0.8216225188745669,0.9994153238158668,0.8493894419471718,0.7145594408546891,0.7201863273587854,0.4279073995591526,0.654890034098539,0.5984639967994441,0.7505371105685313,0.6792299156043563,0.9849523705569081,0.7812776472424657,0.3097439328393056,0.837493018213716,0.8463338710004652,0.41813597472211794,0.9316788554945804,0.9963022522785582,0.972664890930053,0.48386283205217584,0.7898203280017971,0.8658591848421768,0.9996617315715706,0.7159523410339523,0.9938318754890393,0.9723703986544667,0.8680421821917069,0.9972937180184832,0.9842355661282777,0.7529136459212522,0.9029437702384692,0.1512998204702274,0.2063810792004602,0.9500195902825365,0.9998076447562542,1.0,0.9979643338599413,0.9959054854485566,0.9273182491976372,0.7575802252109671,0.7703779145093796,0.9198984128356267,0.8542267729689436,0.9838045001561073,0.3589952038577312,0.512506144260415,0.9573185411234064,0.9772755451315787,0.9781249448069428,0.8372381247489756,0.8518209286950028,0.8494438230389706,0.8457542986390371,0.8386012995686514,0.8452587689662411,0.8520111126963062,0.8533269532533416,0.8451204566953975,0.9994665937823793,0.8914059081097883,0.8516553097076741,0.8378206969592419,0.8519305812611413,0.8507554087132017,0.8454551439402622,-0.051790877465301845,0.17637236884468604,0.9623078481482434,0.8428979382319194
UCSF-PDGM-0396_FU175d,0.5417442589234003,0.8522970204466531,0.5914195060795757,0.9811683069698409,0.996223981827596,0.8588714376485874,0.3606162453174928,0.8023206423384069,0.9024554914946824,0.9479700007803264,0.9256416501232406,0.8236466924593226,0.8201155883259483,0.9355473128344836,0.9789975284827701,-0.07030210603332203,0.9497631475846876,0.5241739127754537,0.9692042285968862,0.9884551141502117,0.45254512257062934,0.9099070583841565,0.7325388655807984,0.9962223454122269,0.6449978282136198,0.7415470606850539,0.892384719099991,0.9962109592495896,0.8872669319545053,0.817388166437673,0.9995159959918546,0.7072485751857979,0.9162685670900632,0.8883373833013939,0.996892129223931,0.5483980184460397,0.9737647779489844,0.5297192752944384,0.9965469664987716,0.6444376708750025,0.9846888717628804,0.8947589851908586,0.8807930446371952,0.8308421825053064,0.9947538802882805,0.4883685405784819,0.9884265452611729,0.9682143918170625,0.8382795826076138,0.5332302052194435,0.8506432116988173,0.9966709470610067,0.9988750114725808,0.8760883381511768,0.8913479742490489,0.9706217166762936,0.9935348891744511,0.4305558767212013,0.9348742473885937,0.8435872828221382,0.9832221878264827,0.26935546903564317,0.9568635033267083,0.8181523451365369,0.9965994928810487,0.9366027966269005,0.8108883583790837,0.8473769924591109,0.8134671837536264,0.8794263768130389,0.9587413875847143,0.5511971352196443,0.9353260288888333,0.9966158032577402,0.8298971606909694,0.7204134057291898,0.36887704976795826,0.8929783931388916,0.9041519815404672,0.9207868668336857,0.839532828188816,0.4288014726029429,0.8800718291721191,0.8799181563368005,0.8753719997883754,0.8801917504794429,0.8800171219615476,0.8774972602580541,0.8798166938147798,0.8796968517811965,0.99484388994476,0.8569095008510368,0.9988439117172999,0.9949274031800961,0.8811506824026072,0.8754329414321389,0.8588358813893683,0.856361206371631,0.9879870898162928,0.8728991338377994,0.8796439389334162,0.8568063686629037,0.875183782458971,0.8755558027432133,0.9976450770305803,0.8585917921946852,0.8735498772423524,0.8802622858604455,0.8751782183202722,0.8751750008281521,0.8804337810094542,0.8566161263007656,0.862706065797918,0.8753160235738746,0.860547834751154,0.8774188959760719,0.8960654735296962,0.875300597329971,0.996751879788607,0.9048387939503136,0.9857289492859017,0.9917196451750884,0.8799616493744011,0.87375757417102,0.8110339176674051,0.9951659327791327,0.8797389960091206,0.8797430147029615,0.9950610062827887,0.9980758905498356,0.07421902810161284,0.877894214863433,0.7837413519982753,0.8525629768993344,0.996507564832647,0.8797753354867184,0.7327936069110771,0.7597164643391879,0.45697460459103173,0.6923439396065423,0.6151225267583053,0.7805960076393845,0.6859230360651295,0.991982707484313,0.8124724270961543,0.3507774595530628,0.8567515622040305,0.8750188392679122,0.4662352988802138,0.9418209029127788,0.9957243121037681,0.9774601981920659,0.5234987280131548,0.805821914623128,0.8913463130104764,0.9961967832154919,0.7349635473897336,0.9972405680823554,0.9822011213485686,0.8817757947145347,0.9961705536686329,0.9872962390022665,0.7838059377503593,0.9252153752159094,0.19171568055115526,0.2506419258887671,0.9592393329978625,0.9986099760035272,0.9979643338599413,1.0,0.9994846050917245,0.9367322969866848,0.7942923155051596,0.8045979289983304,0.9279734309652096,0.8800730488425844,0.9909130259386378,0.4088621029701498,0.5356146506743344,0.9712676260270725,0.9874151622909224,0.9869966580045524,0.8565118346477659,0.8798219410073888,0.8775390808887644,0.8744190743294414,0.8577622344787758,0.8739766209781061,0.8800060105255046,0.8812530056261372,0.8738479596029259,0.9958947898494008,0.9091321738061331,0.8796612012927898,0.8395405632875348,0.8799281394485852,0.8787903379451345,0.8741565792181181,-0.04812534964033955,0.21641538022434526,0.9742893979311911,0.8614117102367133
UCSF-PDGM-0398,0.5515668877473823,0.8623260019479502,0.5989931204883857,0.9824707203283354,0.9935756257790626,0.864946178610006,0.3771080482015337,0.8054994948837978,0.913739123607,0.95240854348628,0.9360875348562729,0.8366382228188175,0.8229257828076221,0.9449431155902466,0.981412604165834,-0.0759122471984891,0.9529411161859291,0.538674893587926,0.9712878706520068,0.9890796991055361,0.4563279937565214,0.9205746204903927,0.7510431023810306,0.9936309256597767,0.6604985970572583,0.7492552327199019,0.9048682496224684,0.9936268287576707,0.8992792186873585,0.8323984386939324,0.9993070894254611,0.7114743506887243,0.9209630252923957,0.9002418644324186,0.9982314970568604,0.5638231934079656,0.9765357256905232,0.5301542179879349,0.9942164947541916,0.659018901921293,0.9858846246861493,0.9062066576027404,0.8863342150114704,0.843983078010509,0.994219084498144,0.5094967177858797,0.9889753211569557,0.9750731572994927,0.8472510129981353,0.5399983422358473,0.865245581701322,0.9940677192820592,0.9996151823599626,0.8882952444000721,0.8966117681930719,0.9737290001846285,0.9963008616356136,0.43605279504264044,0.9436653730491824,0.8488799354528587,0.9872321894475838,0.2744472233815974,0.9643800898719287,0.8252955916866832,0.9979654973111834,0.946340098790104,0.826289604321759,0.8584007953712605,0.8229159657175346,0.8927557474895577,0.9633734932820167,0.56070423398502,0.9440319173356588,0.9943252941829507,0.8415548519579652,0.7300052357759933,0.3909990901517787,0.9043855124336093,0.9114556502228586,0.927810278047247,0.8459018052772586,0.43416320643354644,0.8928055583555699,0.8926681477593866,0.8880096823511112,0.8929121921600593,0.8927567339592648,0.8905323798084503,0.8925769994479804,0.8924689481465835,0.9916801735984396,0.8663090995045012,0.9974371747874564,0.9917877303694111,0.8937338471120158,0.888063305927631,0.867990974616444,0.8658306157031394,0.9891504768001947,0.8858336094780669,0.8924211151775883,0.8662202567186823,0.8878430262206289,0.8881708428782263,0.9954809621297741,0.8677766124577365,0.8864034845492912,0.8929746406801916,0.8878380774927043,0.8878352153241447,0.8931255276102497,0.866054841418381,0.8715920793244609,0.8879602762751778,0.8697080596401563,0.8904616868957266,0.9036381963961286,0.8879466362814851,0.9946472546382864,0.9131647929447546,0.9866108256528908,0.9940694339165487,0.8927071196525919,0.8865793819950614,0.8257935153510336,0.9943435433533795,0.8925069921828765,0.8925106173309811,0.9919801776389547,0.9960825350527527,0.08868261897252122,0.8908874594826203,0.7991259123139557,0.8663253890059991,0.9941669195016474,0.8907048500497013,0.7387030167882527,0.7771477240966538,0.4687434286873459,0.7103280940746104,0.6296227739569169,0.795704742684123,0.6914385319761058,0.9945810714410094,0.8252033794821068,0.3625263614556205,0.8661727943379534,0.8876958456695279,0.48796635226942164,0.946066710720346,0.9947592386682482,0.9794385442948207,0.5391652598561455,0.8129564934324207,0.8978501427637409,0.9934419539722478,0.7486854601727674,0.9981540827336242,0.986322443705516,0.890269627055004,0.9949122234025267,0.9878992862227123,0.7989299164214019,0.9339602070066015,0.20283699435943958,0.2705069194462909,0.9621584082548577,0.9970526552112322,0.9959054854485566,0.9994846050917245,1.0,0.939723688547446,0.8051111030649027,0.8150819054936136,0.9323570217642699,0.8922256720669751,0.9916922150769271,0.4234195759734812,0.5514640044248098,0.9771450531584466,0.9912597160459792,0.990979655116842,0.8659634297514138,0.8925817209362257,0.8905700337251165,0.887084022357211,0.8670014024641474,0.8867595210162413,0.8927468044190506,0.8938155767092454,0.8866545168574301,0.9931610906652356,0.9178801653022074,0.892436728432999,0.839676784984094,0.89267709857593,0.8916582975897952,0.8869010202358854,-0.04271796636177304,0.23869193874197953,0.9794737156862456,0.8708944325954181
UCSF-PDGM-0399,0.7354424336506072,0.82991063662063,0.8170802769070515,0.9738010447731664,0.9292127914205164,0.9445414144152593,0.2652571390116727,0.7894754763166442,0.8740029207297871,0.914522021081318,0.8850600710410499,0.8017835311319101,0.7689866991726428,0.8981012744640025,0.9364479274979639,-0.13744217941380127,0.9912287279401264,0.48363527526880046,0.9745679304665954,0.9687685244523758,0.4804462040759607,0.8885737553459011,0.6812140607713372,0.9300016587476688,0.6256063274727086,0.899262215119784,0.8561396159556435,0.9253297865872924,0.8282518022815354,0.7653895736035983,0.9353660057489045,0.8419227587249524,0.9608289863623769,0.8487448752260909,0.9373900936976945,0.5264011666233195,0.9308614056260369,0.601002572532396,0.9272001660341976,0.6349637065049045,0.9672980151112592,0.872700139507465,0.957579691173378,0.8058989591191223,0.9362094918779618,0.4946593621567338,0.9604360785199147,0.9204770331305778,0.8246657572296424,0.7556988098852143,0.8147739294884015,0.9239840474448707,0.9380897563926192,0.8551643893878602,0.9779762761120965,0.9316312132489312,0.9393605611513139,0.5883149871095399,0.9033994240453503,0.9529530465031206,0.9317594944435454,0.21653903435013555,0.910876944166225,0.9574231983054567,0.9387331533673728,0.9008885262488926,0.7990143773975945,0.8227830295076991,0.7921143734419053,0.8446350429525435,0.9288870637412353,0.5302964913581392,0.8910336997899547,0.9275912954202911,0.8097043497898136,0.750676979300575,0.3190643904586123,0.8697170641528071,0.8812946821213589,0.9002972414098444,0.9679590477822249,0.5403622490688074,0.8772019463359214,0.8771854039831148,0.8764867547705855,0.8772104431465257,0.8771967482905426,0.8755370782144158,0.8771713559385235,0.8771518669236258,0.9199382727265354,0.9486238948880831,0.9301903310421141,0.9201093197129814,0.8770490745194864,0.8764875649807782,0.8764804918949224,0.9484798007611336,0.9426957768515493,0.8748738637168192,0.8771423309432185,0.8748875443959528,0.8764766102429675,0.8764850063156876,0.9262887821730797,0.8764545093018166,0.8748597194858165,0.8772134347933713,0.8764761488569273,0.8764758780852967,0.8772137139461826,0.8748794919241097,0.8760207397232318,0.8764848966832782,0.8744115716957022,0.8755243507052343,0.8818931802554896,0.8764842055189411,0.9370841238983898,0.8564083305748668,0.9679772172849518,0.9366627550705462,0.8771906878836667,0.874811114029999,0.7987124116201526,0.9524674599567307,0.8771590619490621,0.877159729048715,0.9210613358926742,0.9276802638056992,0.039783851805556165,0.8755792071265411,0.7221148524893314,0.8325574892469397,0.9332004466864622,0.8554121605032543,0.8482964583525013,0.7597940489638768,0.6721478537549375,0.6840755674578456,0.6659827402419042,0.756262398230973,0.8494816674618634,0.9349172033856231,0.7937322730614307,0.3246725754289058,0.8748865507653919,0.8764594033083595,0.4659501272185542,0.9718679398678624,0.9349626280192704,0.9754717147942168,0.47643020548703413,0.8859938264511423,0.870276545276414,0.9228629034420733,0.7511399643335093,0.9357619762105973,0.9332429506746921,0.8749037788417433,0.9330949250641571,0.9681381483280225,0.7680298717580128,0.8847127557793804,0.12351178547109058,0.19697143637407782,0.9832582610715768,0.9291239615525707,0.9273182491976372,0.9367322969866848,0.939723688547446,1.0,0.7733479913951542,0.7781056526888418,0.9865438290703499,0.8600968964002382,0.9342108359344334,0.40116973026886543,0.5319188242018226,0.9275788916872811,0.9371029228479894,0.9310256830405544,0.874870025475176,0.8771721393596044,0.8755433315850958,0.8742471129525159,0.8745822772209841,0.874720313190485,0.8771955968376495,0.8769879124973671,0.8747795658547495,0.9244902903044334,0.8362993418214187,0.8771455023047751,0.766948096527678,0.8771866571644554,0.875446468250795,0.8745979035031021,-0.041197140725720276,0.16568214756074814,0.9291230494887903,0.9497686976741949
UCSF-PDGM-0409,0.672221487470153,0.9366830992773824,0.6042189549770275,0.7909971560949574,0.743813856385007,0.8104137116937948,0.7264929978973707,0.7487414676067863,0.9250245607846138,0.7803146254292571,0.9117947617882728,0.930459926904422,0.7003623262518129,0.9057658501909072,0.7933925361971377,-0.2592561703777228,0.7716201006602955,0.9044045410190357,0.7907620850932002,0.7863169105648268,0.500186947798548,0.9087319560198663,0.8806142581966427,0.7433365894532495,0.8688703394971146,0.6530109041715579,0.9232513590766969,0.7432585940564945,0.8931532525901601,0.9244054178485199,0.7913439625180877,0.5812135926304951,0.7917585960665685,0.9372963130070936,0.8149918204977274,0.8638138377719513,0.7937255484808718,0.43316995160220034,0.7463476053148923,0.9052462673507171,0.7777401734085205,0.943322465955755,0.8295806314103616,0.9470494024380043,0.766368520746204,0.8302035932768097,0.7705324795443591,0.8887751902207729,0.7751061694646052,0.4872621135721695,0.9301494724032334,0.7474016846265246,0.8089974813237621,0.937653762305104,0.7874855615577541,0.7768869934257981,0.8394820103560713,0.6154663941194772,0.90440899230849,0.7397812295395307,0.8520945078223251,0.3847161703031505,0.9073359603572085,0.7725126418613939,0.818353194263775,0.9165164615653646,0.9431225846746786,0.9837538725447001,0.722688558818378,0.8618449075340208,0.7995440295588672,0.5933786030624841,0.932446159217266,0.7470110291417946,0.9511665257174958,0.6561159947378911,0.6750878019907995,0.9285136042028475,0.7706260266794001,0.7750564107898862,0.693427892176743,0.4756611082549596,0.9205190970223823,0.9205928893517065,0.9220641140585133,0.9204539380393892,0.9205465530542616,0.9177519290827396,0.9206362449743813,0.9206824828405378,0.7360412688254668,0.7880385644353497,0.7690003392223312,0.7365094553072651,0.919539284420019,0.9220249236883494,0.7908067815065462,0.788555021264178,0.7933082396198687,0.9193297122130728,0.9207012994990165,0.7881512995890847,0.9221720307764669,0.9219387159271908,0.7550963571304506,0.7910155875229536,0.9188692502134884,0.9204121694214423,0.9221749437548143,0.9221766213782182,0.9202986095998346,0.7883386360572093,0.7914967869483518,0.9220981986383053,0.7889231174444109,0.9177824967434126,0.7374009685153142,0.9221072843316245,0.7499138672734542,0.9632718005576489,0.7781976614075885,0.8289341151198991,0.9205730377722441,0.9186464696775333,0.9356479615123882,0.764451806958408,0.9206668086731536,0.9206652814592282,0.7365037456563296,0.7590326202448635,0.18068920627981655,0.9175586826120633,0.8866512221349516,0.9346413397446616,0.7459906898993637,0.9590322011323742,0.7343800844226527,0.9376749463268564,0.6022646818199189,0.8851416648957952,0.5553252960905765,0.8868543972678017,0.5168891355489337,0.832842235001452,0.9366812228954432,0.7512097283937341,0.7882078495180614,0.9222523224636906,0.8044096444486993,0.8009650418108163,0.7613156415292552,0.7847547298581259,0.771561720707925,0.7482703442887082,0.9219126096922194,0.7440799778410593,0.685933483412316,0.8053653829258866,0.8503097642652727,0.770209844455197,0.7579758950372139,0.7824484141347497,0.8940706351012094,0.9043325296958674,0.6351210649370953,0.6521527556466898,0.8101932600757181,0.7656306087405572,0.7575802252109671,0.7942923155051596,0.8051111030649027,0.7733479913951542,1.0,0.9812839192921691,0.7471374229377148,0.9153421969829095,0.8457494201704095,0.8253835127176841,0.5620061257822507,0.8777661212725797,0.855626830141307,0.8437450851049298,0.7884315039179953,0.9206341005153266,0.9177346896762604,0.9172333082362628,0.7865372861709672,0.9183435264128355,0.9205519653185684,0.9193662564376057,0.9185316438975697,0.740698095858571,0.8663345954960265,0.9206952642853795,0.6821824034048677,0.9205884020077999,0.9167307710294568,0.9180124289967989,0.0892206769900619,0.5555446865592361,0.8630618022074611,0.78570319952169
UCSF-PDGM-0409_FU001d,0.6379780849636774,0.8850458487303456,0.6182792508330401,0.7899748003737598,0.7590682486906387,0.7861856743356668,0.6766433639257393,0.8076059631779787,0.8974398071080951,0.7733515413422797,0.8981761293410405,0.8787178549983743,0.6762803564960683,0.8871660580327706,0.7986793259312452,-0.22897573110630207,0.7628190384632528,0.8461513899554038,0.7826839542106528,0.7889147261510907,0.5870502079832274,0.8823295371143123,0.8716581117891914,0.7573463096904365,0.7822238743692419,0.6135582091010411,0.9072346428805866,0.7574509873654753,0.9088720260066733,0.9260784631369512,0.7995164587990328,0.6022531098869344,0.7660674335180792,0.9181608367578415,0.8177177402434538,0.7724457475414073,0.7992783214937815,0.5149480723377164,0.7594064119938804,0.8276670558124157,0.7805646008683602,0.9299503309957692,0.8266823540048837,0.9002689581709732,0.7733819795244085,0.7777168944995728,0.7735151280536907,0.8905285763779495,0.7815318595612192,0.45363932904561705,0.9200943627173468,0.7619731800548106,0.8152293752663484,0.9066038179679192,0.80742142771043,0.7806489641124253,0.8414053156644459,0.6223040308665865,0.8791033479395124,0.7047524431572264,0.8437717257336524,0.4186606581632426,0.8981254509842943,0.7569316181806186,0.8196058048814556,0.9055276780591708,0.9125986558061417,0.9511018297345003,0.7225544815267129,0.861724852854364,0.8106976624742792,0.6296335346855471,0.9192055098417383,0.7601745911363944,0.8998744169554642,0.7052296639170745,0.606166761446376,0.8966539041513597,0.7633888530868639,0.7807221689706798,0.6859041372889702,0.48247377927863383,0.8965609715845003,0.8966492798239001,0.8939422746035043,0.8964841511779245,0.8965936475064191,0.8938158120322445,0.8967019831815906,0.8967590430611003,0.7523606719739161,0.766341565531858,0.7798441467569537,0.7527557196751592,0.8954589072735115,0.8938961531267637,0.7691487142926543,0.7669115224994301,0.8090777785166983,0.8912399000902383,0.8967825674541835,0.7664649690420775,0.8940709666844824,0.8937956256481854,0.7682642122697187,0.7693804867684629,0.8907033346291745,0.8964353718343363,0.894074480491264,0.8940765052186797,0.8963042376324964,0.7666711844971443,0.7684148152539173,0.8939826335457588,0.7658269415391961,0.8938534792613587,0.7594610419805096,0.8939934335696197,0.7619224091428394,0.9725051819678189,0.7791487900561835,0.8248681333424724,0.8966253654270713,0.8904526143037258,0.8930834909430769,0.7723239698920241,0.8967395889922183,0.8967376999071078,0.7524065360768166,0.7713257026534134,0.19417088045864458,0.8935849091275341,0.9065727684176783,0.9002651542271367,0.7592740727316324,0.9435365113579288,0.7465527415657212,0.9035140539331137,0.5515980233788295,0.8194313988943109,0.5318177765981251,0.8299759808340212,0.5776759269763856,0.8307071289226572,0.883478414412837,0.6442222147462011,0.766527057937847,0.8941687777654602,0.7338317780223038,0.7921014749273031,0.7696422185649137,0.7864941771728715,0.8152536365156073,0.7692963253700531,0.9408520659201425,0.7590012314889074,0.6803307447547996,0.8094775521342086,0.8423661150045981,0.758058987931685,0.7674704107999004,0.7833113197803804,0.8377163881567388,0.9189769766808954,0.6440820954741918,0.6244479896766191,0.8048611683528643,0.7767910938962354,0.7703779145093796,0.8045979289983304,0.8150819054936136,0.7781056526888418,0.9812839192921691,1.0,0.7336332576215148,0.8805387407533541,0.8412055667391097,0.7635800876156587,0.5688677074550769,0.8661002986761513,0.8521862692389034,0.8450282039806182,0.7667740203211225,0.8966993596034576,0.8937947429529056,0.8889165925169923,0.7647299864949302,0.8901169313017793,0.8966001127320992,0.8952707555462144,0.8903247690935854,0.755132799365049,0.8597614401744554,0.8967750009452454,0.7442809439276372,0.8966438629784056,0.8926547177999002,0.8897549785213748,0.13309574220050702,0.5654497408240001,0.8516597164546315,0.7682056367614516
UCSF-PDGM-0413,0.7259855160780465,0.8528354864908029,0.7662731736915969,0.9741931601735812,0.9194995183704007,0.9411791132384525,0.280427713651763,0.7059898084254402,0.8905105758891209,0.9302463306640165,0.8985880174621862,0.8323348075215267,0.779826482033541,0.9137628344401508,0.9343942105427869,-0.14726777648220377,0.996725051249279,0.4814797353822583,0.9812948733893678,0.9660998722174227,0.35832646008967023,0.9107899813057423,0.7010930350988575,0.9219080340454511,0.6722414482753489,0.9295461349765234,0.8720918330821774,0.917320855470681,0.8242476095251833,0.7655024098867222,0.9311512093514234,0.8244802878898269,0.9761231872063478,0.8549014191354366,0.9378600366346248,0.563559292143732,0.9291079373646375,0.5126835541932855,0.9202948843887812,0.6684513742690823,0.9698285721776814,0.8665815367016607,0.9336707797763338,0.8272512462854459,0.9346636889091038,0.5004408932573314,0.963107538145411,0.9190129666439576,0.8151224286358933,0.7711781957780166,0.8209421685321162,0.9151983706571413,0.9343763550245582,0.8656434716415499,0.9499554608541416,0.938741706716106,0.9383258369777401,0.5063725881047797,0.9204935389389677,0.9719991442547753,0.9406562333517877,0.17501061204767326,0.9157784351974634,0.9468060660245042,0.9391795481129391,0.9068934111912595,0.806154494846026,0.8182865898176553,0.8125229225641989,0.8676078570655618,0.9249919210412214,0.4832136720908559,0.8952591503241079,0.9205481377561094,0.8295317031295867,0.7097095804692023,0.37851536731825547,0.8856900823896542,0.9012404324991401,0.9120425511960317,0.9717165193843258,0.5227984954804903,0.8950534701494182,0.8950186062834281,0.8946811003832448,0.8950767554861954,0.8950416727877304,0.894452171619624,0.8949928093181274,0.8949597654124463,0.9099294227113831,0.9648087201677891,0.9246710844706818,0.910162036393393,0.8950591592901141,0.894689957919405,0.8946573486845157,0.964594967429832,0.928547660902003,0.8941288378489791,0.8949443482760647,0.8941775827276924,0.8946469624694908,0.8947040951620594,0.9189194034870805,0.8946002957172295,0.894205322167365,0.8950886686895685,0.8946458099704349,0.8946451400065181,0.8951114175028071,0.8941432691417569,0.8944780924356686,0.8946719760986247,0.8939725451656931,0.8944303501005324,0.8836859774363723,0.8946693026445259,0.9305742699339951,0.8343560109253888,0.9705417439196129,0.9423478756423967,0.8950290086099396,0.8941906893355279,0.8159523895087368,0.9495062320874056,0.8949716892218077,0.8949728093510719,0.9114681904178044,0.9207082833490009,0.049120284778378605,0.8945428935685442,0.7130940012052654,0.8510481517350049,0.9259471403067236,0.8415311954252723,0.8196284638076758,0.7687469827098855,0.6865251172152014,0.7291593053931509,0.7181435869804563,0.8024643855624327,0.8075867416398502,0.9394513554406128,0.8222853181845744,0.3522711922799176,0.8941688670648371,0.894609665699089,0.49604657928214196,0.9749380283613313,0.9326756235954781,0.97768235781343,0.42010196704727243,0.8642292478942971,0.8194676430474351,0.9139349361334423,0.7817195568425152,0.9365794526789377,0.9429708297157795,0.8982600865337452,0.9298769522556823,0.9686019476269625,0.8124138724609662,0.8622112874050559,0.054888857369667456,0.18688106091350007,0.9817821077924896,0.9234942752530324,0.9198984128356267,0.9279734309652096,0.9323570217642699,0.9865438290703499,0.7471374229377148,0.7336332576215148,1.0,0.8874548738384662,0.9304030979330754,0.37511006548563824,0.5485230338716759,0.9371251346746502,0.9398395848263578,0.9361200366519166,0.8941200025425061,0.8949941940074001,0.8944633391465097,0.8937817267986469,0.8940450702114041,0.8941402434126502,0.8950391916140181,0.8950182286417724,0.8941751153217582,0.9162474505941187,0.8534070046793536,0.8949494316002577,0.7369683335332342,0.8950210298252056,0.8945456262644456,0.8940564601225124,-0.048687991492981905,0.15553064555608737,0.9412701234159184,0.9655909584879813
UCSF-PDGM-0415,0.6582973671957346,0.9831633026903382,0.5877754886147194,0.8959786096350604,0.840200558885131,0.8691172035271146,0.6250982518614104,0.6641988269370295,0.9935618280665623,0.9080552423730753,0.986859417713296,0.9885387855711943,0.7837200420110741,0.9888677068827341,0.8934102217978426,-0.23801020556665994,0.8922144723386058,0.7803009937337599,0.9047402865049285,0.8882077749008132,0.3108936466059223,0.9970926962857932,0.9133259361599464,0.842798219772863,0.9051080148061655,0.7948612641907691,0.9894950720366974,0.8425776116811146,0.9307120074352672,0.933694443442872,0.8863230266453952,0.6376389551171388,0.9065869622249297,0.97596903980421,0.9118709555883695,0.8392261180617553,0.8924172315951892,0.3493070311666636,0.8473599978861414,0.9019438174728716,0.8917414360490652,0.9651245753217922,0.8558427644177581,0.9858466945857021,0.8741838152987021,0.7670437324341183,0.8860494230163621,0.9567388424534291,0.8311056200928273,0.5801981008743586,0.9624957464313375,0.8435176002994458,0.9004665621482308,0.9830955606892152,0.8324803473434903,0.8979928309898096,0.9273308586702452,0.44097930831108434,0.9898970323419426,0.8602726475793592,0.9501676593365956,0.2693149436009448,0.9743969613034846,0.8331698949992223,0.9140790687292957,0.9807624415434147,0.9620156818125313,0.9653815011406689,0.8369752049597894,0.963533706218511,0.894523743455342,0.5337577062182486,0.9805753116433192,0.8477299436586648,0.9823007316174907,0.6760951679936852,0.7016717871357939,0.991963803544346,0.9001183876381541,0.8972791796662909,0.8175160019404528,0.441556307960578,0.9936256691116906,0.9936353820350928,0.9935896059604351,0.9936121727559294,0.9936300534894698,0.9938197936805813,0.9936376032325086,0.9936363430816714,0.8320442136812034,0.9032065689883654,0.8666018284315117,0.8325405326456446,0.9931967541022758,0.9935780352516551,0.902863627362913,0.9034090413251238,0.8739513929203983,0.9938208753916004,0.9936345380551896,0.903256574181755,0.993615093451631,0.9935490864047152,0.8522561032614814,0.9029396268223722,0.9936700657394818,0.9936015444898918,0.9936156303564526,0.9936159354968529,0.9935663242446313,0.9033330505353434,0.9035507707800476,0.993598740138322,0.9039799486420412,0.9938186356475572,0.8529916263066866,0.9936010172049594,0.8516938330580405,0.9399388443932161,0.8918032425068608,0.93005843329847,0.9936334403364487,0.9935629308743702,0.9725913324185742,0.8710179355678702,0.9936372440672018,0.9936373045202378,0.8335067704601636,0.8560727945253358,0.18344536457443153,0.9937957634083602,0.8813477044677398,0.9885313777513306,0.846928658063777,0.9512741527982813,0.7243462916569227,0.9472243856730598,0.6305748848139328,0.9449625541013214,0.7322959664978996,0.9761888548108557,0.5779765772257727,0.9306336561124262,0.9831956115685206,0.6537881773603573,0.9032805791484737,0.993626276103823,0.7825745741337552,0.8994128151736027,0.868837267925578,0.8963808944309927,0.6236104412481321,0.7772799226050723,0.8646257044614521,0.8405826406249278,0.819015053748857,0.9053492275517641,0.9509775262750342,0.9023902951869784,0.8642305011393006,0.8906730283042086,0.9811332187244824,0.9186863564791017,0.34623907933576226,0.50859553175042,0.9031770223395954,0.8637702719675006,0.8542267729689436,0.8800730488425844,0.8922256720669751,0.8600968964002382,0.9153421969829095,0.8805387407533541,0.8874548738384662,1.0,0.9174289721990708,0.6498362001256628,0.636197582350649,0.9675870501770278,0.9437775638887654,0.9400147208083545,0.9033674588254005,0.9936375646870104,0.9938196905673804,0.9926741416439218,0.9023579548078977,0.9933970313812934,0.993630815670474,0.9930935009359887,0.9935023963060904,0.8400212953156126,0.9487885649431872,0.9936352078297734,0.7322128220829096,0.9936349904560646,0.9934366361238584,0.9931967558615862,0.0332713363325973,0.44799007134445096,0.9625683209156748,0.9026873732419737
UCSF-PDGM-0418,0.5862153338015501,0.9074434814486185,0.6021086558378792,0.979654552873159,0.9791407543999875,0.8747402543988355,0.4224032012511746,0.7716166998362686,0.9303570570676813,0.9511401147762192,0.9466363888656268,0.8767403192840486,0.8279523864313835,0.9573265352339789,0.9714604544268023,-0.11250077858104335,0.9521047602459622,0.6033049398777276,0.9731274436649292,0.9824150977580705,0.4097750283423469,0.9416015569829983,0.7639070347392493,0.9798788303456452,0.7156835937015643,0.7704217673890416,0.9203070527107698,0.979766811013068,0.8949459551275376,0.8424430262253901,0.9915763298055389,0.6972732478103081,0.9289485953131684,0.9124151879941995,0.9946122483409583,0.6361426939469504,0.9668962689936519,0.4737479154047347,0.98095315874694,0.7302095296227613,0.9797442183428455,0.9152744939021065,0.8861726458780793,0.8783095151418119,0.9841882559094984,0.5370671261972509,0.9809624536867189,0.9750846466518663,0.8324798393186755,0.5638263763776922,0.8759470009567111,0.980597006151912,0.9935810571599669,0.9051412561962318,0.8895478547362292,0.9663175427264026,0.9936881857268809,0.437065496015197,0.9588113356784267,0.8689246713689457,0.9917153243848698,0.27283316023182613,0.9735424550781255,0.8367825075739151,0.9951844641781732,0.9543560159492628,0.8442885672987406,0.893599808430742,0.8225614518093877,0.9003053933911754,0.9526613851406986,0.5300933151528632,0.9607106774405962,0.9810603574221137,0.8836673323056489,0.7069094342656266,0.42564080671556226,0.9226456549255647,0.9092132017699335,0.9216346836473146,0.8458134102000803,0.4396480683482174,0.9166380660467215,0.9165309366098195,0.913491471407217,0.9167199571242399,0.9166001958727101,0.9134141594240198,0.9164589934244924,0.9163728960731425,0.9767130414141317,0.8746859268026559,0.9872241772498219,0.9768860893214834,0.917285953884348,0.9135317619693657,0.8774002926976743,0.8743510860203371,0.9754682837033131,0.9103591102124198,0.9163345215133267,0.8746263788456373,0.9133640765863626,0.9136113670822811,0.9832578409808177,0.8772462411187965,0.9107789539243164,0.9167673467615981,0.9133602479939402,0.9133580325527554,0.9168798572593742,0.8745119919570405,0.8804763579071824,0.9134540325068673,0.8776131720454058,0.9133580346426038,0.8874480217182583,0.9134436455571955,0.9821464768722833,0.9332793974583039,0.9816431285242656,0.9944738717773292,0.9165614899838602,0.9108958291464894,0.8492579359321254,0.984815469393544,0.9164033057464634,0.9164061981278027,0.9771213336411787,0.9844485407018069,0.05692223370629664,0.9136897745723073,0.7991065003650122,0.8870525191968874,0.9808277286131167,0.9050392914409189,0.7476422414242038,0.7992029326666792,0.5164120413981519,0.7515681215669049,0.634063802279662,0.8308388761007836,0.6612247267830933,0.9944109759660066,0.8712343814681407,0.4593460480120663,0.8745939938437531,0.9132492156907525,0.5235689959653775,0.9445800495482529,0.9843128755991164,0.9752398236106159,0.5325335128470748,0.8042083789350477,0.8953325275616604,0.9795875394177748,0.7477161356059892,0.9939522872410658,0.9914911218065503,0.8923018628020098,0.9838158990224531,0.983281999019812,0.8359961150545976,0.9264134420785038,0.24031077521557442,0.2908671515056526,0.9647653940363087,0.986315250125405,0.9838045001561073,0.9909130259386378,0.9916922150769271,0.9342108359344334,0.8457494201704095,0.8412055667391097,0.9304030979330754,0.9174289721990708,1.0,0.4731131452546733,0.5338020685263193,0.9848651390251723,0.9928654280917915,0.9906201974207273,0.8744471191482343,0.9164627360570633,0.9134439020179721,0.9111091294984264,0.8750529241344909,0.9110037334165003,0.9165924670927004,0.9173293258288545,0.9109426528171974,0.9790509668227579,0.9216290637524499,0.9163470642530399,0.8328671858015163,0.9165379652651476,0.9142234040093562,0.9110738112586297,-0.027779373926564446,0.2347317304751316,0.987350487530967,0.8775344470376403
UCSF-PDGM-0423,0.525680328936976,0.6959269749687846,0.38126636018467575,0.4063475991097244,0.3428991166350806,0.5514569943587196,0.8618126457061158,0.5554147099533765,0.6735623432235582,0.40536773716728064,0.6255836514219514,0.7178056711427059,0.43323475305075854,0.6068962828215498,0.4279262521318208,-0.2624881441938885,0.39430433259145514,0.9108782020731625,0.4082620979131186,0.4031372676630976,0.4769301997615522,0.6105282211004651,0.7401921199758819,0.3407261775785011,0.802293420848678,0.3345194345971636,0.6633059206674278,0.3407292234396511,0.6363761931159901,0.7400837449914288,0.40193630670793734,0.33242761763980283,0.46519606959715537,0.7224852705317962,0.43404279012395797,0.8500785154279514,0.43159758895196876,0.3621057765206394,0.34396927673212147,0.7925888709668835,0.3829376655204962,0.7278877853874205,0.5631620615475622,0.7596912984359752,0.37053410151618055,0.9375921727543292,0.3767274117652468,0.5681757386491042,0.5496454622103083,0.22619658168872944,0.7146252278594588,0.34653946261111324,0.42793692336761285,0.7332187181709131,0.45249784843050916,0.38627975096870143,0.4755814515540887,0.6497452181211515,0.6099533868221272,0.4039453342260562,0.4925171889646663,0.37823921620297496,0.5961106054261323,0.4786026080537577,0.4402041331723966,0.6299979850309683,0.7980227312424634,0.7934843870572461,0.40082600777631416,0.5398773410430052,0.4415211675782942,0.5695699306213106,0.6352688269154588,0.34486558269896184,0.7477522937392882,0.39736762826332567,0.7573426563403393,0.6922533533326898,0.4242376321725269,0.4061091715957183,0.33731411617830365,0.3869827316750223,0.6374915365828653,0.6377622750355333,0.6482363608456447,0.6372679230312948,0.6375898511310921,0.637188598065522,0.6379322891303045,0.6381250019212192,0.33308850397642215,0.480588120824525,0.3717368620639722,0.33361591698607446,0.6348386126253083,0.6481134076818782,0.48160934941386696,0.48191305934536466,0.4222776822279287,0.647864359712132,0.6382074850053829,0.48086227338808124,0.6485947654986588,0.6478538253284235,0.35495299847453093,0.48216647824967795,0.6464861364027981,0.6371307885259336,0.6486049099441366,0.6486107649319462,0.6367778099147217,0.4813350089892958,0.4873401401722712,0.6483461863921395,0.48682730951506714,0.6373148380494605,0.37319472809537435,0.6483759527527493,0.34803012467071515,0.6742309235947053,0.383661464180543,0.4559703093158645,0.6376873330930652,0.6459231002800623,0.7839573443121501,0.364462790082325,0.6380581863278681,0.6380517619841422,0.33336961842252055,0.36029201226513463,0.3392777556631773,0.636486621239954,0.7222032108629625,0.7319571129164347,0.34325620601091955,0.7691882791926196,0.4915421322322771,0.8239752873389793,0.45540385895999946,0.7722693634720228,0.273099474285131,0.6944179804446109,0.1695659775750812,0.4613675536427644,0.7220166274759912,0.8225162123046068,0.4810025899848708,0.6488856337615847,0.9028375536851113,0.46364774214898635,0.36150475805289134,0.39304035569001133,0.8041243597289521,0.49062232890716795,0.7030830598977617,0.34252687971643786,0.4012474152694399,0.41645769081694545,0.4851946411509365,0.4290389193325267,0.35700817248056566,0.39116678527640014,0.6949920788589367,0.65656259637244,0.81473875185579,0.8615463318910613,0.44238862554389147,0.36804981724107705,0.3589952038577312,0.4088621029701498,0.4234195759734812,0.40116973026886543,0.8253835127176841,0.7635800876156587,0.37511006548563824,0.6498362001256628,0.4731131452546733,1.0,0.45873912422224006,0.5388101358798051,0.4998668740224428,0.4735738732495892,0.4815784416517837,0.6379236559132381,0.6371197199012018,0.642986947421314,0.47741106281677376,0.6452188594722514,0.6376095519570636,0.6344565149883276,0.6456490413320071,0.33763794888355614,0.6155381624441079,0.6381807443121972,0.2572534736602642,0.6377451861711012,0.6342644659796903,0.6445067457232557,-0.07229972737100736,0.7176625280831019,0.5076140381588375,0.46895846800145097
UCSF-PDGM-0425,0.5114585273292653,0.574405827411905,0.38352282922220493,0.5678963642944254,0.5078247743632024,0.6155205685242341,0.47220191080188567,0.5520277365310622,0.6519226676627757,0.7263148656494105,0.6553147820767421,0.6134335833067753,0.8037372765876611,0.6390021849498592,0.6814060695237167,0.27213729201858167,0.552200086036336,0.4676279171949106,0.5705422064355655,0.5631172230874308,0.40352854438948677,0.6297298410143243,0.6959536766112009,0.5077204542315428,0.5592413139669277,0.47551811504311986,0.6682811613304062,0.517950186562505,0.6840612679232786,0.6848916788532328,0.5379847390345159,0.4810428084518871,0.6028196490926818,0.6700991208685904,0.5562356034219625,0.4925073045700161,0.7004153110185278,0.3648345444194777,0.5262484916923396,0.5142910050193076,0.5676290088381666,0.6688637391881476,0.6194559496723693,0.6327871495269042,0.5833237842002119,0.6175419374436534,0.5606103865149568,0.6322804897068259,0.887917062372664,0.32807379738219755,0.6900829089860098,0.5048111892851851,0.5516533907405093,0.6598165604798262,0.5858274678703864,0.6864309791124847,0.5785960966017414,0.43438463194287197,0.6255534795152743,0.5157829744727551,0.5826381802354752,0.7915271003841234,0.6261564583819066,0.5469458818978064,0.5558039778708038,0.6541191352031522,0.6812417045446008,0.6065311428161806,0.8826281135358179,0.6243779768691171,0.7389371137692148,0.8818327721788681,0.6246666619414972,0.5272696793162526,0.5939880073633408,0.827970522628661,0.5521535861139738,0.6485073326587891,0.8055107522991642,0.7853675167655545,0.5059956239071824,0.4638406155292405,0.6421787017298932,0.6424508869282328,0.6373388726560466,0.6419538860328103,0.6422775427726929,0.6468423246294446,0.642621804411696,0.6428155362196046,0.4967389224443968,0.6412034477929974,0.5207516878665299,0.4970827210946133,0.6395111610743331,0.6372127332097254,0.8004321975694635,0.6423041355081449,0.6389426970012287,0.6419564448535819,0.6428984537840244,0.8038671746610672,0.6377068099608988,0.6369465581315338,0.5105774762070208,0.8007910943606189,0.6405519556462635,0.6418160111909874,0.6377172297022948,0.6377232437212194,0.6414611166105889,0.8041768443792094,0.8029508281288212,0.6374515799598238,0.8065592414077426,0.6469682974189714,0.8097608972028114,0.63748213327014,0.5161350204225534,0.5954357931083821,0.559448902720061,0.564126876753462,0.642375545503627,0.639979089755575,0.6615944587861603,0.5371766082692832,0.6427483679343245,0.6427419096446085,0.5019991389265428,0.5129426371410024,0.8339797293169833,0.64614149822812,0.6941722527216048,0.6641108609665489,0.5121383424319093,0.6542882916708187,0.5756222422313688,0.6829068807164508,0.46396607348995644,0.6271038999694688,0.8287385572184592,0.6286697866787959,0.39192368029825503,0.5701347411301703,0.5943101711138384,0.3128544228065118,0.8039598634131077,0.6380056967754979,0.5980623302572493,0.6178065146702486,0.5676137446811438,0.5748504609207978,0.5910206906901854,0.6438369967651015,0.6021818776651471,0.5025702892756988,0.9113342957068221,0.5488790838817988,0.5811318378535891,0.8103527189591071,0.5598288514428819,0.5568740819422292,0.6247838372864382,0.6632202391839538,0.29529182291513356,0.492513887226618,0.5841614372082863,0.5189805879478234,0.512506144260415,0.5356146506743344,0.5514640044248098,0.5319188242018226,0.5620061257822507,0.5688677074550769,0.5485230338716759,0.636197582350649,0.5338020685263193,0.45873912422224006,1.0,0.6043306495633133,0.5876898346405205,0.5887837558099925,0.8043333620480372,0.6426131254190194,0.6467735841609276,0.6369982050931317,0.8014048868525429,0.6392631848360826,0.6422973489470952,0.639126903495242,0.6397004120257481,0.5130164105003211,0.6338771006252112,0.6428715723456315,0.30717050698767806,0.64243370703819,0.643919869361778,0.6385399198244592,0.36073591283049666,0.5263430896821648,0.5909041874735269,0.6461734200538324
UCSF-PDGM-0429,0.6155760573912155,0.9438254346999285,0.6059702724139325,0.9694044383557696,0.949386513082834,0.8906998670793027,0.5043254701271135,0.7576986357483014,0.9763698362240387,0.9584910797078636,0.9857131293148671,0.9318750402546975,0.8301420612302783,0.9918499204562303,0.9671673874163238,-0.15456410782269212,0.9508548282390734,0.667108423590896,0.967381374451065,0.9694507451274409,0.39519856739849146,0.9819404975688567,0.8470764387059387,0.9506983455464396,0.7954466829561533,0.7913670935902685,0.9694561917619198,0.9505869742692419,0.9377695030921852,0.9016005283597884,0.9742531402214172,0.695501470236756,0.9407174660386068,0.9601679579909107,0.9857001406635858,0.7101351094918601,0.9640261063198458,0.4558360621905287,0.9531799162617797,0.7922130223827843,0.9693891687688211,0.9575599015870232,0.8951642035518348,0.9341783466714682,0.9658035302047188,0.6416568190210231,0.9686529286872605,0.9930422998172165,0.8614225644595147,0.5737221384727967,0.9337524591300146,0.9512603535783568,0.9809983169756966,0.9567335995342385,0.889738288495243,0.9652910328529866,0.9916350023079205,0.4463993533745092,0.9917201019687818,0.8779826091305128,0.9977076249676358,0.27682445133636246,0.9957855991074582,0.850191274972172,0.9865806705728524,0.9882485046969763,0.9114108025672218,0.9316970653076175,0.8520975894215086,0.9502031666522335,0.9571184121150151,0.5597526733228452,0.9873292447897886,0.9533997416287303,0.9315537185040698,0.7208943430150092,0.5485849499329339,0.9703027529282897,0.931595711023643,0.9386917776324349,0.8551093630196116,0.44970054647544055,0.964849012705589,0.9647733750603892,0.9621469638358273,0.9649050397520927,0.9648225553879184,0.9636311659992592,0.9647213112313209,0.9646578482969406,0.9445415584056857,0.9076961194826083,0.9640061372992034,0.9448349755857707,0.9651972356903127,0.9621730124967968,0.9085005659519347,0.9075100953891457,0.9620325158500365,0.9610018065918589,0.9646291953252928,0.9076671593018343,0.9620613172708415,0.9622226778029833,0.9561720873744985,0.9084106233129156,0.9612661973085873,0.9649366307035789,0.9620586755688615,0.9620571452900212,0.965008686161678,0.9076057629169042,0.9110794429297796,0.9621222802815932,0.9101962984802386,0.9635894922636281,0.9037535386947758,0.9621153560817707,0.9554576623469895,0.9501352757061964,0.9698287970987721,0.9920396385484149,0.9647951913687294,0.9613206728659299,0.9168212033703563,0.96437291926249,0.9646803979736657,0.9646825353129714,0.9454007622477024,0.9582998221014143,0.1330092531924843,0.963827116505457,0.8579130834635901,0.9471772007530467,0.9529451865646205,0.9423413030221712,0.751254418854739,0.8766679960321935,0.5557117847234899,0.8406020978831036,0.6941144205197468,0.9037956620622853,0.6545464883760211,0.9925853217722783,0.9228848747131723,0.5111872475689109,0.9076504698644889,0.9619806070546588,0.6380753410263525,0.9506688492730169,0.9635775013771737,0.9678015259100724,0.5889493921747511,0.8171520462100271,0.9046440639862169,0.9495402383253126,0.8012099872130749,0.9826394945065006,0.9974842850175712,0.9204268639705329,0.9615201738164574,0.9699753914290576,0.907538879314491,0.950849885655919,0.2720107905092166,0.3867968582447306,0.9610663453958791,0.9624802282921411,0.9573185411234064,0.9712676260270725,0.9771450531584466,0.9275788916872811,0.8777661212725797,0.8661002986761513,0.9371251346746502,0.9675870501770278,0.9848651390251723,0.5388101358798051,0.6043306495633133,1.0,0.9966255711960155,0.9947816600866578,0.9075683029533284,0.9647240424176992,0.9636530406225956,0.9612165907437041,0.9077154468693361,0.9613513033862902,0.9648171166907928,0.965198555609298,0.961337327205669,0.9491363345759001,0.956559642320042,0.9646385841036558,0.8118833618106924,0.9647784100520065,0.9641149964090968,0.961344034028815,-0.01049192788541106,0.33942002578866487,0.9990835819451672,0.9100189675740309
UCSF-PDGM-0429_FU003d,0.594260959903538,0.9176955042665628,0.6064421404672586,0.9795083815142305,0.9714685029174106,0.8859917767578493,0.4600947039178256,0.7820607968575456,0.9578437520029315,0.9609929075398312,0.9721772376202963,0.9004156600404368,0.8323081892131283,0.9792670960912958,0.9779419052809423,-0.12473628435755042,0.9564393021757455,0.6226000558976799,0.973819663952887,0.9821689242463826,0.42353103956879407,0.9634937236409018,0.8154016872653613,0.9722680086264095,0.7482567243054633,0.7784074255869589,0.9501132150587573,0.9722010812165042,0.9287258523858448,0.8807526872497125,0.9891188877147755,0.7061078291141282,0.938054060424148,0.9430879402924933,0.9957898172317402,0.6583594545166955,0.9741453088747112,0.48954708161360416,0.974021626804026,0.7454540544588212,0.9807499790354227,0.943812752742417,0.8972426950078842,0.9050368826085731,0.9818245873804006,0.5960254963868529,0.9815193526643514,0.9918143521280717,0.8614412815445601,0.5628006285400672,0.9131235994325076,0.9728103182624683,0.9934693954757647,0.936175118009475,0.897379206117043,0.9734614050831776,0.9988542822690555,0.4471507447409222,0.978644222329566,0.8708710882030114,0.998995600502861,0.27903201177823017,0.9893493283245548,0.845002811792879,0.9962407070019864,0.9778130735569438,0.8844649710413103,0.9094120140143256,0.8451074425727292,0.932914273707039,0.9647182977229257,0.5653806353299222,0.9763331852428223,0.974204692545279,0.9022935337819623,0.7285653854713111,0.4916164333991698,0.9505168167252561,0.9285561379806058,0.9392009878889428,0.8555399621406243,0.44731261821676976,0.9424222469939212,0.942326268038932,0.9389129370253988,0.9424949311062639,0.9423884255315897,0.9407879576082511,0.9422613288410596,0.9421831724179671,0.9677213757241624,0.8964976466319948,0.9820027736119303,0.9679446980722272,0.9429610349861873,0.9389480374265475,0.8976621414403303,0.8962136850750312,0.9778408584243946,0.9373602588192339,0.9421481972725887,0.8964486592689015,0.9388006885249466,0.9390166943324425,0.976391982259154,0.8975304611733289,0.9377247805204517,0.9425366755696675,0.9387972890249974,0.9387953212495285,0.9426346594372568,0.896352443123113,0.9007358646893646,0.938880136637941,0.899450609541067,0.9407367335226382,0.9082803047104243,0.9388710072924968,0.9755943672295043,0.9417075278916468,0.9812920623995416,0.9980643612965219,0.9423537345336753,0.9378190062999534,0.8873894779139998,0.9809665996924669,0.9422108286609614,0.942213456311674,0.968363332628062,0.9779463105983203,0.11799360771471716,0.941036241283617,0.8411497472437945,0.9216096761925809,0.9738565456720102,0.9287257024287169,0.7511034781018767,0.8439656172671053,0.52449476058101,0.7952338284840705,0.6716857266232891,0.867077034045597,0.6718742150892152,0.998660331185153,0.8903958630504404,0.457514476461127,0.8964216729572752,0.9386981396246852,0.584998679296631,0.9541281215229207,0.9806328757524772,0.9772627513407794,0.5755416076459334,0.8207492764675508,0.9083700686958318,0.9714984795225093,0.7846676572427145,0.9938082575669922,0.9984423153950969,0.9133018100085631,0.9794267100202754,0.9819215312192265,0.8705649531599259,0.9505573765264584,0.2498589414885313,0.34662459146448077,0.9665269654367784,0.9809084511522261,0.9772755451315787,0.9874151622909224,0.9912597160459792,0.9371029228479894,0.855626830141307,0.8521862692389034,0.9398395848263578,0.9437775638887654,0.9928654280917915,0.4998668740224428,0.5876898346405205,0.9966255711960155,1.0,0.9986319085619684,0.8962969071249244,0.9422647157791748,0.9408150243800016,0.9379138368834856,0.8967411722917589,0.9378985464241787,0.9423815081118472,0.9429887135355857,0.9378547962608333,0.9711202798033174,0.9473301445120679,0.9421596378943815,0.8263930277553595,0.942332592774374,0.9414826041787102,0.9379399079387398,-0.02465246380043345,0.3045474615656317,0.9967993303485834,0.8996906768256128
UCSF-PDGM-0432,0.5805728888737651,0.9096343731147406,0.5907255749851783,0.977787136392413,0.9722945019788939,0.8745293865196423,0.4557241633657717,0.7713078627584976,0.9528800094087474,0.9615258208360415,0.9712420495700377,0.8940213234308991,0.8273299815488402,0.9773741845167361,0.9762516651266755,-0.11593724082287317,0.9524913857216023,0.6098012864834514,0.971764855438305,0.9804795667242289,0.4088624549445179,0.9607081234004253,0.8187357179841814,0.973223650546203,0.7361456323579687,0.7730463815092676,0.9489277905182703,0.9731733684448965,0.9330543455706665,0.8815667192894214,0.9894437696099592,0.7052982163923572,0.9325061908801161,0.9380241485064549,0.9958619794144169,0.6448308814618264,0.9727836302324248,0.4785559148860649,0.9749184430396239,0.7349182631326397,0.9811189271430233,0.9357967715747983,0.88549762647531,0.8969240665997262,0.9819177989481638,0.578940655378175,0.9820729283842318,0.9908483743427158,0.8549635070682684,0.5591708702726497,0.9128110474703309,0.9738487047921962,0.9932943767093896,0.9275779784396927,0.8918896572543997,0.9746136937665271,0.9979280469281684,0.4202279722188239,0.9744186874515172,0.8633126932901026,0.9982322505117516,0.27781344870609054,0.9874438099175415,0.8327597585301477,0.9957226884229579,0.9752920220075222,0.8749224701899674,0.8985554083627325,0.8502900452772587,0.9401380895823025,0.9635725175900789,0.555695859065739,0.9744829364723456,0.9750631657932265,0.8924775284139274,0.7245333756820485,0.49141319820024065,0.9436512206297587,0.9295889284559784,0.9415918225239965,0.8512950083600689,0.4491798822679013,0.9387907801362597,0.9386673133223755,0.933673304380369,0.9388858230542855,0.9387470308274024,0.9372409308739705,0.9385848686642184,0.9384866318603672,0.9689726651852759,0.8907815302523557,0.9828534827571423,0.9691904531400813,0.9395779141458592,0.933720358483349,0.8917510182861079,0.8903915120967686,0.9758818473408654,0.9322160106451087,0.9384429824502869,0.8907109180880182,0.9335257006135379,0.9338139723128868,0.977428654771709,0.8915744408744896,0.9327132927290477,0.938941131423123,0.9335212889704494,0.9335187367307566,0.939073533353759,0.8905770282970663,0.8944844512183829,0.9336297521566947,0.8933539713451567,0.9371765241754357,0.9114060307548265,0.9336176964024115,0.9763031550081275,0.9398340526909502,0.9809147580973566,0.9974946607482469,0.9387024356169563,0.9328589295822718,0.8772656401843748,0.981296039429425,0.9385212793927328,0.9385245776110738,0.9695465770082611,0.9787865156998792,0.11947244711711545,0.9375605985216262,0.8444022010974362,0.9150524242558999,0.9748164090246048,0.9183705249368018,0.7463907152242816,0.8335687559380012,0.5122895014230691,0.7875350623826745,0.6756434197162877,0.8632432349827346,0.674784042611899,0.998591634535627,0.8835835178534169,0.44073827279488903,0.8906728010748054,0.9333938699094688,0.5705388283679758,0.9508041262312135,0.9810449608753604,0.9769864501360012,0.5703097627438594,0.8194386357666555,0.8961379429983902,0.9726069160589503,0.7880638157732259,0.9946026729392612,0.9979523315981399,0.9132857702142548,0.980076431133646,0.9808164091654221,0.8657365199063707,0.9460497778541467,0.2412372100971033,0.34074358840387303,0.9624856208521877,0.9818172906455785,0.9781249448069428,0.9869966580045524,0.990979655116842,0.9310256830405544,0.8437450851049298,0.8450282039806182,0.9361200366519166,0.9400147208083545,0.9906201974207273,0.4735738732495892,0.5887837558099925,0.9947816600866578,0.9986319085619684,1.0,0.890501896166451,0.9385891491919471,0.937275143938335,0.933201380903656,0.8912650351432122,0.9330007952628597,0.9387381166850624,0.9396387514177454,0.932919223651288,0.9721161857135401,0.9468464352971526,0.9384572405583917,0.8310436882959295,0.9386753870159488,0.9382150960358945,0.9331031613186219,-0.010258173053362078,0.3097864434043361,0.9959658940198552,0.8955635778632063
UCSF-PDGM-0437,0.6736004235632181,0.872302553491327,0.6346650266947239,0.8933300114932174,0.8306326202165081,0.8764111459130779,0.38524195880568357,0.6770694815048295,0.9016135162110289,0.9651832983495866,0.8988609566121036,0.8659694209359652,0.9088369119639301,0.9077454358318248,0.9347942912057395,-0.006711186194928568,0.8976209383703732,0.573982517904917,0.9024211801190818,0.8844113604876873,0.35954906985763446,0.9137880599239199,0.760845152020148,0.8328429088247475,0.7436155902114334,0.8082600717465025,0.8875459392326009,0.8377082957716218,0.8324699207057705,0.8031017690232619,0.8602515720221027,0.6484574498870561,0.9046523788727844,0.8733253394688715,0.8769307473149827,0.6506788395516256,0.9401089329964062,0.3814751297150203,0.8448250436731932,0.7380003332586239,0.8869873279580467,0.8818343046640748,0.8706746170483778,0.8632465659944566,0.887319333071597,0.610481453843168,0.8790790209944674,0.8947400385955305,0.9435453349702317,0.5939867925697176,0.8497902237915096,0.82914424005522,0.8699353068866742,0.8880903048076227,0.8521768876201274,0.9445932312059596,0.8871315386985177,0.47257508992903646,0.913461498954465,0.8703324633379806,0.8983181486027112,0.4813696454759666,0.8997544001030404,0.8563881392025046,0.8791713241544846,0.9025462242627479,0.8516865427034713,0.8492247114385211,0.9574541820931868,0.8556241148602719,0.9536083518052217,0.6894502201927268,0.8906287283629397,0.8454071577776684,0.8620586457756697,0.8469699365577651,0.4890227826193778,0.9003721519027971,0.9811476283046076,0.9735631493404753,0.8366890802831148,0.4314197350907704,0.9155235655977002,0.9155553032973325,0.916661176211484,0.9154926109678629,0.9155358331673585,0.9158992179433966,0.9155718744698307,0.9155873859458634,0.8203374824009073,0.916945933986477,0.8459837110060843,0.8207157509369141,0.9149235135360355,0.9166406008617938,0.9998970060314887,0.917097815286999,0.9037749050838564,0.9170607781598866,0.9155929287954586,0.9999824147107765,0.9167140112329893,0.9165932441555171,0.8354785882435138,0.9998981309067653,0.9168122556297682,0.9154715909445134,0.9167153468066201,0.9167161135406369,0.9154106754914013,0.9999979362713625,0.9994505847127652,0.9166785138376197,0.999540136655,0.9159090470528315,0.957099705968723,0.9166830408025483,0.8424621588664182,0.8383999434705486,0.8871296683554114,0.8887796112318439,0.9155471650229982,0.9166712548688646,0.8598568609943761,0.8637162799332935,0.9155824098986418,0.915581908777355,0.8244094484723226,0.8385018245162643,0.3567106521929628,0.9158181573114487,0.7529477538996036,0.8819916068356839,0.837266362839034,0.8610551232885907,0.7363437337084995,0.8290460038685351,0.6483301628982542,0.7983808497372127,0.8885253605412446,0.8451055991783999,0.6127610455738962,0.8870765444266755,0.8577702313348793,0.4462932823344852,0.9999885781885044,0.916748655687219,0.6094804392812999,0.899250671501323,0.8776694217817929,0.8945158567435453,0.4947029927225772,0.7869481792406793,0.8151688186041083,0.8268852713523848,0.9518841259297062,0.8721723779420908,0.9004124639106306,0.989700398743,0.8708643263411205,0.8863921515509061,0.8553738536486389,0.8555666450759085,0.15136072438981144,0.3046703270493248,0.9061375433601263,0.8438032587458371,0.8372381247489756,0.8565118346477659,0.8659634297514138,0.874870025475176,0.7884315039179953,0.7667740203211225,0.8941200025425061,0.9033674588254005,0.8744471191482343,0.4815784416517837,0.8043333620480372,0.9075683029533284,0.8962969071249244,0.890501896166451,1.0,0.9155710973010898,0.9158932181622709,0.915649742096508,0.9994633595989099,0.9164672363989976,0.915538190608418,0.9148011645437953,0.9165953508861929,0.8344049777801251,0.8470827351217852,0.9155912050923715,0.6559763004068256,0.9155534918730541,0.9153162627571287,0.9162327390781942,0.18810058182448416,0.26696377459410936,0.9060972144401065,0.9158227702150483
UCSF-PDGM-0438,0.6695997242206404,0.9741453092664057,0.6315742593833454,0.8981796714185407,0.8385701839970664,0.8743697783359382,0.5905290577700646,0.6978772649950725,0.9884228784467072,0.9095575373037748,0.9839016636564443,0.9768281936101637,0.7787554290606453,0.9847999832554474,0.8975452009231482,-0.23557633188195856,0.899752201930538,0.7608723121426946,0.9063084799098913,0.8895636931617391,0.36427769961514384,0.9937009030838333,0.9058131555136844,0.8406945322033117,0.8775967019292319,0.8060712013252956,0.9860366499744533,0.8404997151488538,0.9349492197707405,0.934538753019431,0.8845754210243698,0.6552412242483517,0.9049337858392428,0.97212451955758,0.9096459049842197,0.8113605042963761,0.8970858821768654,0.3849026381386965,0.8454015044613389,0.8849913141862493,0.8929724753834374,0.968141336588438,0.870061100285636,0.9756080421808823,0.8734734760583005,0.7547812672650597,0.8852081510443949,0.9586142982802606,0.8434737937564613,0.5953035804431135,0.9619892007752656,0.8410725225166763,0.8993000901375765,0.9787586121405981,0.8561192609707806,0.9021281029350409,0.9266258972987601,0.46577695958512205,0.9847856155741114,0.8685837636123773,0.9463724691855822,0.2811114262425324,0.9732214619103126,0.8534617977744303,0.9118072037869377,0.9803078645010749,0.9591210408621793,0.9640407927707385,0.8452129829898724,0.966338641213508,0.9038078184882448,0.5552043495977191,0.9795742191747123,0.8458870748796513,0.9721729470479727,0.7177239806198712,0.6621641408059691,0.9865790627094709,0.9036191404809837,0.9062471429961891,0.8377355342068779,0.4406453530456389,0.9999901410358865,0.9999985996405306,0.9993189732655656,0.9999776281277053,0.9999940781556078,0.9998988880189403,0.9999999959452692,0.9999977645070169,0.829432486807132,0.9154200355767597,0.8642220530711866,0.8299328580902737,0.9995703134509124,0.9993078098272443,0.9153691198947896,0.9156090959526832,0.8810067284040295,0.999269340664607,0.9999955316106798,0.9154674325296149,0.9993432039748386,0.9992796826424034,0.8497668459666667,0.9154390918846794,0.9991224168268441,0.999967580405855,0.9993437037488248,0.999343987418681,0.9999337789783888,0.9155392106775541,0.9144606863696784,0.999327733512216,0.9145954450346404,0.9998971448376075,0.8708722020327092,0.9993299075537515,0.8499450310886968,0.9485898338111686,0.8926665982002291,0.9265322649572548,0.9999970123136205,0.9990165105467674,0.9650025430278807,0.8705014047821766,0.9999990067028408,0.9999990997121069,0.8310323990193704,0.8535746338743274,0.1740970015903098,0.9998778362411477,0.8855009326811435,0.9824816148985644,0.8450031342664824,0.9547577375141558,0.7418199959540436,0.9444840922253539,0.6419352532282433,0.9260621647574561,0.7430913184842954,0.9579088900948687,0.6213783153129685,0.9275368938687802,0.972883257957043,0.6210490274646561,0.9154900698502623,0.9993532864140905,0.7601563856444263,0.9024560868712285,0.8677891780695536,0.8999713811845826,0.6404090066189188,0.7935242306119408,0.882148921747525,0.8380043529653227,0.8294814426642947,0.9029278468078792,0.947744207369905,0.9076365248941842,0.8629914079311543,0.8916606293096045,0.9655937387363066,0.9280522600085609,0.3461261669941738,0.4894967516728766,0.909345375434319,0.8611783352989257,0.8518209286950028,0.8798219410073888,0.8925817209362257,0.8771721393596044,0.9206341005153266,0.8966993596034576,0.8949941940074001,0.9936375646870104,0.9164627360570633,0.6379236559132381,0.6426131254190194,0.9647240424176992,0.9422647157791748,0.9385891491919471,0.9155710973010898,1.0,0.9998990975294685,0.9981315261969884,0.9145961082910937,0.9988518963333285,0.9999947495953659,0.9994679710126196,0.9989565078876232,0.8378788085340666,0.9375133026189538,0.9999963409109662,0.7487550188242015,0.9999982893594801,0.9995255799791227,0.9986526641089795,0.03869187472807388,0.43982354481708286,0.9591515885101903,0.9155735894367696
UCSF-PDGM-0439,0.6680492037950124,0.9723167378997517,0.6298688165461834,0.8963207023195066,0.8361323974581073,0.8733779988869393,0.5913372865279453,0.6961414325270636,0.9886810526106518,0.9088236837875484,0.9839757683874049,0.9764888311300743,0.7774979637442443,0.9846013744701446,0.8963570431784225,-0.23585372740606037,0.8984915644520203,0.7590342699602151,0.9045673278738816,0.8877322091959912,0.362988410747709,0.9934640554443521,0.908266818391082,0.8382808205940834,0.8783739245593054,0.8054953088810188,0.986406120537863,0.8380897108057174,0.9356078593272465,0.9353670604201259,0.8824548259756384,0.654532787622837,0.904092228653739,0.972485402965117,0.9078051441806202,0.8105880007637082,0.895945869746838,0.38494380523804284,0.843052497307965,0.8833580021623783,0.8913205375467632,0.9681906209144773,0.8688028787723255,0.9754763510385566,0.8715408622630127,0.7579289804633612,0.8835766470520438,0.9578729251004449,0.8443936278610571,0.5938926747615116,0.962841084003747,0.8386054075047796,0.8973279604669184,0.9792652369492467,0.8546011223643225,0.9011109236034434,0.9250499813950718,0.46406751925863343,0.984443177381201,0.8670744732676599,0.9449993183953146,0.27964873363951265,0.9722906723895053,0.8521742299172719,0.9099430675955943,0.9801150481999439,0.960355737937098,0.9622935314515103,0.8456738112599228,0.9672421365549944,0.9030733464149827,0.556709349207826,0.9783469277361877,0.8435408133146437,0.9711409418486632,0.7177840503928103,0.6669064642061252,0.9868721130863101,0.9038636466256423,0.9062064863461972,0.837157945414137,0.43950406537914843,0.9998894154903636,0.9998977636161761,0.9991999054782766,0.9998769929320783,0.9998933126321563,0.9999997416146787,0.9998990899072944,0.9998967784874694,0.8268894936191018,0.9157429454262423,0.8619284476176323,0.827393093495317,0.9994706156653108,0.9991887887996926,0.9154915346165141,0.9159309392921321,0.8792846003436056,0.9993506970138825,0.9998945111503434,0.9157901286370762,0.9992239987580726,0.9991607597175688,0.8473637329396537,0.9155611776123808,0.999204647300187,0.9998670002325766,0.9992244946169765,0.9992247760265484,0.9998333391390802,0.9158615298783864,0.9146027893447277,0.9992086237935283,0.9149385676239091,0.9999979081053217,0.8712230118924373,0.999210786443123,0.8476227147952818,0.945960784982554,0.8908854837211352,0.9249164492403639,0.9998962069930855,0.9990990738382738,0.9661977042847922,0.868404228887064,0.9998980484899717,0.9998981441685612,0.8285172070904717,0.8511945114942606,0.18000315295008065,0.9999791751491754,0.8867122526330817,0.9833472939516247,0.8426494279529122,0.9540634060182994,0.739564154351776,0.9461244616727311,0.6407592382333486,0.9280044341665906,0.7459945061996155,0.9592348139735877,0.6209289869133494,0.9259361374733297,0.9719378222484923,0.6176332043868926,0.9158126552015139,0.999233968365845,0.7639042131510013,0.9015066375199375,0.8657383617829669,0.8983593070931434,0.6413137230695164,0.792879013022197,0.8802500274787944,0.8355231932276296,0.8316783179875317,0.9009926693239884,0.9463426621176861,0.9080486987812093,0.86087315205694,0.889743946357509,0.9666970187228299,0.9277261486871881,0.3430034892108731,0.492207617082806,0.9075100475485345,0.8588861246351212,0.8494438230389706,0.8775390808887644,0.8905700337251165,0.8755433315850958,0.9177346896762604,0.8937947429529056,0.8944633391465097,0.9938196905673804,0.9134439020179721,0.6371197199012018,0.6467735841609276,0.9636530406225956,0.9408150243800016,0.937275143938335,0.9158932181622709,0.9998990975294685,1.0,0.9982156490260471,0.9149212649223385,0.9989348588987212,0.9998939760417985,0.999368414442979,0.9990392287059908,0.8354426698536048,0.9379724900632517,0.9998953316300901,0.7460928797875389,0.9998974603448623,0.9996282975227042,0.998736013066127,0.0379951500632591,0.44434565286369315,0.9579412376081662,0.9159174606412444
UCSF-PDGM-0440,0.6682960558515452,0.9733319370550376,0.6289431976939204,0.8939644655242991,0.8323071288635135,0.8740932487005179,0.5829327406753669,0.6918460616276757,0.9884534549118331,0.9046603713271919,0.9803096158867567,0.9762237492407793,0.7713026856948537,0.9822786182006606,0.8931192015761626,-0.25752544662132454,0.8973829451245784,0.7595688753805994,0.9028621725480132,0.885293597207507,0.3584545724860799,0.9917529858367026,0.9001978704351208,0.8345428123581907,0.8828682426896807,0.8055790022956023,0.9817456056869189,0.8342649709991108,0.9276151069138351,0.9288412435239496,0.8788498299948384,0.6413581815322776,0.9037163730630378,0.9698984916623204,0.9046091639065009,0.8131939118997565,0.8922675037392028,0.3752921807217137,0.8394133232591299,0.885260495538515,0.887774128819522,0.9673836654613008,0.8693625706366478,0.9753569784460638,0.8682727096763619,0.7593618762398808,0.8801834954028173,0.9543964278430784,0.8403428149155702,0.5873138212409775,0.9554189667533529,0.8347745331657807,0.8940304819789103,0.9811061884015007,0.8500469420430116,0.8970759899088079,0.9220986830282992,0.46725866549679157,0.9846641286700071,0.8690595617582672,0.9425868183043711,0.26451599888288113,0.9695293995326331,0.8535902286710559,0.9072632235460386,0.9764264842235759,0.9605146827311094,0.9626664549583743,0.837855069110716,0.9587574644620784,0.8987563318487135,0.5487066799037903,0.9748337331678398,0.8398134156529068,0.97333887772409,0.7093568691076014,0.6618064815381133,0.9886899124261798,0.8988596850179754,0.9001155257795458,0.8340752214946779,0.4237038948013461,0.9983333747264918,0.9982099101899723,0.9991238389438668,0.9984280800342649,0.9982896788221717,0.9981811511781824,0.9981272291103698,0.9980284926184019,0.822912058084528,0.9158899481170478,0.8581928830937916,0.8234154720272026,0.9991000178920423,0.9991714088094549,0.9153936136543899,0.9155525877649067,0.8754333767292781,0.9990376621791707,0.9979845517120692,0.915830290481613,0.9989741293654786,0.9992657811003975,0.8435052755632612,0.9152400723965023,0.9995415616159068,0.9984830371440895,0.9989696446317347,0.9989670498603691,0.9986140526719315,0.9157152195587465,0.9141763565946947,0.999079738225176,0.9145507115145124,0.998116136276388,0.864050069171919,0.9990675192935468,0.8440297653737509,0.9402824570495713,0.8878671182932267,0.9229991116842301,0.9982450776617859,0.9996864522391412,0.9697503128585423,0.864865240645734,0.9980633418602765,0.9980666578675998,0.8245969059429418,0.8474920833208212,0.16627173243818152,0.9985022498119583,0.8752515704040518,0.9843774426129567,0.8389363644083743,0.9523103629474059,0.7322518393096279,0.9461300247101145,0.6434561520367529,0.9288631330932542,0.7389384621841126,0.9582086063150698,0.6078171373781109,0.9229915752225224,0.9718947560931033,0.6227766810915597,0.9157977687055554,0.9988398950827111,0.7681551927211799,0.8987909895805481,0.8622680439527836,0.8950696207017987,0.6312330489839754,0.7833690849600164,0.8788993639516888,0.831652759944456,0.8237591146973793,0.8972632400947068,0.9435333428095167,0.9043168858122872,0.857260375715781,0.8873337164238563,0.9666440285582253,0.9228923795029966,0.33010096357816315,0.481643386212786,0.9062576035283597,0.8551232627282946,0.8457542986390371,0.8744190743294414,0.887084022357211,0.8742471129525159,0.9172333082362628,0.8889165925169923,0.8937817267986469,0.9926741416439218,0.9111091294984264,0.642986947421314,0.6369982050931317,0.9612165907437041,0.9379138368834856,0.933201380903656,0.915649742096508,0.9981315261969884,0.9982156490260471,1.0,0.9162445561673529,0.9998249677068272,0.9982807682433181,0.9991553600702702,0.999745747619682,0.8316478053290952,0.9342821579550913,0.9979989095102207,0.7375266921760454,0.9982179973243003,0.9991431525794409,0.9999214818838589,0.02174856950668685,0.4272976702652613,0.95550157358962,0.9145307405630868
UCSF-PDGM-0442,0.6698348531229528,0.8708255202907643,0.6305852533670706,0.8939694430460569,0.8320238528639169,0.8748786482866542,0.38006759516028377,0.6768342284754034,0.9014687882918136,0.9653330805198347,0.8985155080331433,0.8641922631091573,0.9064035195914226,0.9076683012292708,0.9354462295269264,-0.013292063123553332,0.8976203479276228,0.5709193228145971,0.9029202693225437,0.8852310693493318,0.3585581923707084,0.9130739437138283,0.759139361801329,0.8342532242628621,0.7413115624312153,0.8064475784469807,0.8862292201511918,0.8391007113170604,0.8328155301077157,0.8023449534525352,0.8613032815546786,0.6433685576080499,0.9041404291257239,0.8724264230035118,0.8778894339602838,0.6467926226582145,0.9406818705195827,0.37700749752306373,0.8462561643905011,0.734959171724328,0.8877374345430135,0.8812719584230994,0.8698798521895287,0.8614855097572571,0.8884671955789851,0.6063818550374683,0.880060939221475,0.8953000548564556,0.9424418909169233,0.5892004634528177,0.8480329048985956,0.8305661739513972,0.8709571311894765,0.8879664204908396,0.8507777457496783,0.9454192794577277,0.8879224580762725,0.4687616444669749,0.9137636932184666,0.8695663858460804,0.8989740473097148,0.47638770086102283,0.8999644797135697,0.8544991620597574,0.8801778382133257,0.9019691880287075,0.8503068634031823,0.8477285580249038,0.9573105388685715,0.8550282059913703,0.9538654101022159,0.6863066067799415,0.890429394642914,0.8467761600928231,0.8607134930398707,0.8446124088928313,0.48546606481211685,0.9006175074866533,0.9808939990579387,0.9734441688177731,0.8349314745128572,0.42583581404791965,0.9146938243448572,0.9146350532505079,0.9159656084466439,0.9147364274169655,0.9146734124940218,0.9149037522230211,0.9145939400444514,0.91454323950585,0.8218188098291669,0.9163482392279522,0.8472267083700805,0.8221917144781811,0.9149076713127391,0.9159851862079104,0.9994438467353868,0.9161407782746994,0.90440653466664,0.9162200083044922,0.9145201661448072,0.999640045030268,0.9158995338981878,0.916021579176167,0.836814822528434,0.9992921221978718,0.9164162232429919,0.914760003593855,0.9158974620574858,0.9158962610890614,0.9148121573330092,0.9995278456625485,0.9987378778326401,0.9159468083189022,0.9988702403731533,0.9148701938808559,0.9570642227339415,0.9159414958221807,0.8437771628041629,0.8377099848316016,0.8878435519203547,0.889946904824513,0.9146521316563471,0.9164466372014658,0.8596690945781148,0.8647278936197368,0.9145613213599227,0.9145630315398465,0.8258865880005396,0.8398272056494385,0.3514400543603276,0.9150573095605532,0.7507210178562471,0.8817833803158548,0.8386555724206621,0.8593476979226854,0.7334809621513595,0.826934908821612,0.644875805519792,0.7958697280241882,0.8860460205482683,0.8432366916395951,0.6092484412888213,0.8879467009412704,0.8558866505480613,0.4423498752029314,0.9996085035011804,0.9158355257691563,0.6068787726377517,0.8990875562988602,0.8788232540524129,0.8950962476936389,0.49135790944323066,0.7844719065154008,0.814398435192632,0.8283190014984669,0.9500425604045171,0.8730812585297804,0.9008418841906519,0.9894063153311801,0.8720782664469949,0.8872558242890164,0.8536092515767445,0.8549664701199289,0.14489975810063155,0.29908636381473847,0.9064016135868834,0.8450652853901665,0.8386012995686514,0.8577622344787758,0.8670014024641474,0.8745822772209841,0.7865372861709672,0.7647299864949302,0.8940450702114041,0.9023579548078977,0.8750529241344909,0.47741106281677376,0.8014048868525429,0.9077154468693361,0.8967411722917589,0.8912650351432122,0.9994633595989099,0.9145961082910937,0.9149212649223385,0.9162445561673529,1.0,0.9164498268722258,0.9146691959964224,0.9148934770342885,0.9164522776418131,0.8358307550041119,0.8464529864456001,0.9145277382039417,0.6540999025378178,0.9146390031291386,0.9152363868003818,0.9164175171395923,0.18388113346732507,0.2620463261671038,0.9064694946675563,0.9150514718397713
UCSF-PDGM-0444,0.6706834216718481,0.9742873198458599,0.6314961701529901,0.8939149238082988,0.8318062970526355,0.8752775317393542,0.5856341113467375,0.6921904852441485,0.9886889958414747,0.9050303564335851,0.9806684664247344,0.9773299544964535,0.7732666881322151,0.9825012438151689,0.8931573883023918,-0.253312732157943,0.8977002615554394,0.7611600839929602,0.902895952653019,0.8851379985738907,0.3591464997368779,0.9923331993856441,0.9011712840394153,0.834031868069399,0.8841757173851796,0.8068990485021544,0.98262821397868,0.8337756649085448,0.9275318868548164,0.9293161146294558,0.8785202905961903,0.6444920585382886,0.9043280710580043,0.9705341701352679,0.904321151271515,0.8153235866121931,0.8923641472240877,0.3779771444699662,0.8389082644777729,0.8869696833500663,0.8876591708168386,0.9678519890077504,0.870123708932901,0.9764495549362326,0.8679694466581515,0.7616244794799196,0.8799334199952157,0.9542806124732385,0.8414982279333932,0.5902557511558555,0.956516962830642,0.834248230905996,0.8937109180963849,0.9813134074471501,0.8511465438868403,0.8970297705099503,0.9218957823243061,0.4696023711126917,0.9846795315484291,0.8698042036584082,0.942446952966688,0.26792785149677495,0.969595019398093,0.8549709296440615,0.9069480392826608,0.9769325822042979,0.9613926890428068,0.9636010324554465,0.838501068244533,0.9592022802366101,0.8990505245055374,0.5510029854975467,0.9751014256428732,0.8393442058687212,0.9741962730626764,0.7112560948145435,0.6636724460398424,0.9887005498184811,0.8995058010613398,0.9006656933042994,0.8353739755432077,0.4270437052647083,0.9989707186147629,0.9988989909212829,0.9996859983721258,0.9990233757819403,0.9989457031392314,0.9989138008561974,0.9988492828662162,0.99878839326406,0.8223546933178584,0.9165549330770216,0.8577617264697964,0.8228610514055698,0.9992720629086272,0.9997106148774212,0.9161639240231276,0.9164227492061082,0.8754468866114221,0.9996833942395575,0.9987608092210787,0.9165370090710826,0.9996042615050784,0.9997571112147275,0.8430253623237636,0.9160975327050681,0.9999330585308198,0.999052839751393,0.9996017245319796,0.9996002545462229,0.9991192186213318,0.9164947683225673,0.9150954582488114,0.9996625554394895,0.9154449777750615,0.9988735861317039,0.8645841470652743,0.999655961103058,0.843576624490917,0.9407770140243671,0.887772887692554,0.9225843358334646,0.9989197441023658,0.9999799514111195,0.9699518789236424,0.8645927891319988,0.9988100626497888,0.9988121146769398,0.8240478825316893,0.8470175766337082,0.16975357371219127,0.9991007873576353,0.8765505480076482,0.9846126740277501,0.8384390300134292,0.9534112299263277,0.7341460183993319,0.9474000203562875,0.6456569447731498,0.9303242279515791,0.7409442621513143,0.9593541901294094,0.6100386184947445,0.9227418317337399,0.9730512072245917,0.6248402989179266,0.9165259885913715,0.9995264187082208,0.7695476777236702,0.8992016553097922,0.8619510748219104,0.8950541998131117,0.633049488197729,0.7850605095396564,0.8795037615788505,0.8311205936821316,0.8253841540255582,0.8970067573700576,0.9435250878930749,0.9049948746420076,0.8569034430536144,0.8871537214330829,0.9677374367800086,0.9234074860975727,0.3334868971018156,0.4845883770417704,0.9064268515639449,0.8546822096189948,0.8452587689662411,0.8739766209781061,0.8867595210162413,0.874720313190485,0.9183435264128355,0.8901169313017793,0.8941402434126502,0.9933970313812934,0.9110037334165003,0.6452188594722514,0.6392631848360826,0.9613513033862902,0.9378985464241787,0.9330007952628597,0.9164672363989976,0.9988518963333285,0.9989348588987212,0.9998249677068272,0.9164498268722258,1.0,0.9989405503794776,0.999265566403178,0.9999926262796623,0.8311370758275597,0.9347733999482806,0.9987698536280701,0.7386696592722397,0.9989037848037166,0.9993523859352125,0.9999809113125422,0.024527974464579723,0.4298821649454973,0.9555158802801209,0.9152944268120735
UCSF-PDGM-0445,0.6692644360473389,0.9740956867806854,0.6312060184949513,0.8982971119378096,0.8387597715603158,0.8742681787267843,0.590131701381726,0.6979027335824931,0.9885000577915019,0.9096034959021422,0.9839580219598318,0.9767525546558722,0.7785089621429931,0.9848798213882295,0.8976473557361694,-0.2363309758976592,0.8998053262816036,0.7606866044534837,0.9064121267848751,0.8896985930065091,0.3642026780148163,0.9937193362542869,0.9057538058816909,0.8408860983338708,0.8774722003159939,0.8059378590767884,0.9860022729326785,0.8406875167270448,0.9350779533695529,0.9345696958689783,0.8847404996883597,0.6547783546792568,0.9049358779031095,0.9721308038989995,0.9098065219530758,0.8110860158794199,0.8971779303621348,0.3844842119490823,0.8455925544707205,0.8847993834268502,0.893101011148306,0.9681758074610886,0.8700328227063836,0.9755345142989009,0.8736324771722476,0.7544759531747802,0.8853592339007149,0.9587505102198588,0.8433744698166991,0.5948650274279593,0.9619151867886935,0.841266857009075,0.8994650418615798,0.9788388033360707,0.8560321411126224,0.9022457133848515,0.9267735530693245,0.46542397915438194,0.9849007509805385,0.8685577947174312,0.9465112630320244,0.28055629301598267,0.9733276471176161,0.8533233543150339,0.9119726489423459,0.9803382428374884,0.9590823692093808,0.9639937706428836,0.8452039860469052,0.9663792438966343,0.9038663409599864,0.5548729547922788,0.9796463158977438,0.8460719674625687,0.9721395013200399,0.7174817984041979,0.6619184620616488,0.9866945054820082,0.9036162503995832,0.906261731403453,0.8376107334457444,0.4401219613385142,0.9999992800068099,0.9999987723159561,0.9993406440125475,0.99999405361131,0.9999999798053002,0.9998914370531242,0.9999944537261842,0.9999856621950354,0.8296309127031147,0.9154135437668296,0.8644024961650788,0.8301308300508609,0.9996600503039607,0.9993334575709935,0.9153444248268687,0.915567065536806,0.881111582011974,0.9992764619197737,0.9999805939723118,0.9154537131025815,0.9993530964287531,0.9993136250002065,0.8499541288013915,0.9153993003164232,0.9991735850665459,0.9999884232955368,0.999353258672112,0.9993533474254422,0.9999658209974862,0.9155128768950977,0.9144100700469755,0.999345824850019,0.9145490912283877,0.9998853951748093,0.8708855899794867,0.9993470242833605,0.8501275580140175,0.948619890278962,0.8927913556407011,0.9267164830205883,0.9999996831613942,0.9990846513130608,0.9650812810512103,0.8706548278543306,0.9999891889428156,0.9999895010430314,0.8312295354235515,0.8537613713540373,0.17351398405236343,0.9998936277323965,0.8853839813147791,0.98255752168383,0.8451928172459306,0.95468099727611,0.74158197110447,0.9443753149842002,0.6416282187160354,0.9259175196646583,0.7428322168379764,0.9578238314251579,0.6210701991044769,0.9276928230534642,0.9727985228234813,0.6207633181288161,0.9154726265206169,0.9993534061723236,0.7600021318919079,0.9024937040883788,0.8679499922978632,0.9000833199547842,0.6401722635041155,0.7933278965002376,0.8821502312971068,0.8381993595297329,0.8292995073733664,0.9030823761540832,0.947860383441959,0.9076280886563399,0.863158678007991,0.8918000477523599,0.965518438600343,0.9280752418561486,0.3455831353437393,0.48904496626928373,0.9094256730374979,0.8613601465690872,0.8520111126963062,0.8800060105255046,0.8927468044190506,0.8771955968376495,0.9205519653185684,0.8966001127320992,0.8950391916140181,0.993630815670474,0.9165924670927004,0.6376095519570636,0.6422973489470952,0.9648171166907928,0.9423815081118472,0.9387381166850624,0.915538190608418,0.9999947495953659,0.9998939760417985,0.9982807682433181,0.9146691959964224,0.9989405503794776,1.0,0.9995684138371247,0.9990327218559294,0.8380700266813592,0.9375409355495198,0.9999823243148604,0.7486492081671372,0.9999990328018807,0.999608805474084,0.9987613309149683,0.038218015304668285,0.439430148135744,0.9592650141897275,0.9155504249648807
UCSF-PDGM-0469,0.6659041853598536,0.9731790641403574,0.6275652724122314,0.8989313180088567,0.8400765549424863,0.8729281939273855,0.5862466912923516,0.6977991951305872,0.9887260529878329,0.9095842658106066,0.983997440773203,0.9755988069653465,0.7759015710857265,0.985131654546941,0.8981433008090508,-0.24305894446090792,0.8998557523408477,0.758638565492077,0.9069173981892588,0.8904951966119379,0.36334805081170907,0.9934102678570893,0.9047817502469923,0.8422197994886201,0.8759230624124217,0.8043428546063662,0.9852181522045511,0.8419871855433619,0.9357969119140511,0.934402377327578,0.8858130647836462,0.6502684581715314,0.9045212130184971,0.9717219453377951,0.9108266283875744,0.808208985931315,0.8975824788870757,0.38050673678915053,0.8469193214796019,0.8826354564998743,0.8938382908956096,0.9680243686639503,0.8693595672304657,0.9744004881691203,0.8746552691073677,0.7513466001427692,0.8863046237150438,0.9595259200537289,0.8420699188251258,0.5906042817768267,0.9607832800435223,0.8426254722550445,0.9005294004246581,0.9790967319365012,0.8548321606988659,0.9028795678536108,0.9276680296230762,0.46200101657112796,0.9854725610379945,0.8679061753952398,0.9473159439522538,0.2753893027314205,0.9738238649152414,0.851659398536824,0.9130354872601742,0.9801438751718632,0.9582722153238334,0.9631055621823356,0.8447174164747353,0.9662842538232499,0.9039637576330207,0.5516028139006021,0.9798304772275799,0.8473426846833111,0.9713704662174202,0.714942493469149,0.6593740844375576,0.987268242424732,0.9031570522924222,0.9059597166133437,0.8360779845836415,0.43516626208664877,0.9996029459308544,0.9995211546600719,0.9990582321802576,0.9996637778159378,0.9995742975048353,0.9993447588202289,0.9994650298454965,0.999396772099061,0.8310321942636182,0.914916041171486,0.8656240929175972,0.8315277569143387,0.9999945377254842,0.999087102589469,0.9146819339780146,0.9147473146539605,0.8816399166436066,0.9988621826331678,0.999366002694266,0.9148906693995864,0.9989639026826371,0.9991424742268389,0.8512446545474373,0.9145999260649139,0.9991586623832538,0.9996981961295424,0.9989610049691916,0.9989593266670224,0.9997771302091993,0.9148354495836574,0.9135130381622731,0.9990309614525971,0.9136906345087398,0.9992997500612639,0.8705896440999504,0.9990233250145857,0.8513748860271516,0.94843780363332,0.8934945314242397,0.9279424418619528,0.999544712214631,0.9992236354416998,0.965332628319906,0.8716284789724067,0.9994210077298689,0.9994233058463926,0.8326183610807883,0.8550451288237134,0.1681455018651127,0.9995576526108559,0.8838994988699777,0.9827748280760344,0.8465073830120944,0.9535278422425113,0.7390688063039019,0.9429366672727846,0.6385373440108325,0.9241625571320925,0.7401273815415854,0.9565937597739581,0.617979369363612,0.9286618616250993,0.9715642085576051,0.6178757646228697,0.9148758147689134,0.9988756180452805,0.7582395661304017,0.9024022622209387,0.8689919439489595,0.9006667940769442,0.6377193121236019,0.7911678826853347,0.8817393910493406,0.839565537329459,0.827252788854534,0.9040505174333578,0.9484593767765284,0.9071166895402811,0.8642614509806715,0.8926366076602871,0.96437314566703,0.9278388650017468,0.34049469192543774,0.48471496983170426,0.9097178279112647,0.862595604348074,0.8533269532533416,0.8812530056261372,0.8938155767092454,0.8769879124973671,0.9193662564376057,0.8952707555462144,0.8950182286417724,0.9930935009359887,0.9173293258288545,0.6344565149883276,0.639126903495242,0.965198555609298,0.9429887135355857,0.9396387514177454,0.9148011645437953,0.9994679710126196,0.999368414442979,0.9991553600702702,0.9148934770342885,0.999265566403178,0.9995684138371247,1.0,0.999244918365343,0.8394019226142387,0.9373421872156614,0.999376081903077,0.747331242727724,0.9995265893010012,0.9998842888279647,0.9992678582049302,0.03390393605235581,0.43565324843081604,0.9598336089680217,0.9149017110005025
UCSF-PDGM-0473,0.6711444092009271,0.9744412335519065,0.631992846788695,0.8938660477838007,0.8316674789710018,0.8754827164993065,0.586163233926531,0.6922312090016408,0.9886945318443953,0.9050671108058035,0.9806996601427381,0.9775146941393827,0.7736363345430777,0.9825043967659376,0.893126552141778,-0.2524370655148825,0.8977265226003242,0.7614537352990249,0.9028637903066625,0.8850677334477024,0.35927297281691783,0.992409324787489,0.901332064709246,0.8338908779407697,0.8844058030574686,0.8071350607249628,0.9827668288892392,0.8336391273110241,0.9274746424057617,0.9293733462184548,0.8784146090945273,0.645107408393967,0.9044144696123204,0.9706226241311912,0.9042228763212953,0.8157254176741144,0.8923453441936832,0.3785118910699286,0.8387682712518232,0.8872821033188177,0.8875971383819248,0.9679062080205215,0.8702422625432169,0.9766315352727797,0.8678696154818373,0.7620559205418245,0.8798439880122383,0.9542155193012952,0.841698949525767,0.5908340505919348,0.9567009186818806,0.8341040790452312,0.8936066263955926,0.9813134494934279,0.8513353919484797,0.8969814415462944,0.9218142163796794,0.4700631039359126,0.9846400558232163,0.8699193850679213,0.942377435725383,0.26861656386985816,0.9695665043368362,0.8552173102645375,0.9068440733620776,0.9769941615678905,0.9615312788679801,0.9637511384090436,0.8385973577749763,0.9592520486033996,0.8990719807177956,0.5514504643313215,0.9751141493946309,0.8392115520995008,0.9743300778937654,0.7116151303129788,0.6640267147778404,0.9886599218209444,0.8995994730413105,0.9007396207524889,0.8356043843725051,0.42771074050323493,0.9990582831300926,0.9989971780008857,0.999758099619914,0.9991023072532152,0.9990371030659567,0.9990209302177925,0.9989542401119191,0.9989011215652864,0.822204680592964,0.9166517398348077,0.857636085967002,0.8227116210676124,0.9992641075427333,0.9997780036729668,0.916282366711658,0.9165616760297067,0.8754117521807273,0.9997726496442907,0.9988768961119455,0.9166423828126846,0.9996903183104399,0.9998146710212621,0.8428903521761936,0.9162338665875716,0.9999701190449412,0.9991265372475254,0.9996881812428124,0.9996869421932013,0.999179645980266,0.9166150929500729,0.9152444879696295,0.999738897901176,0.9155888946706341,0.9989858076969731,0.8646563343259904,0.9997334583496947,0.8434470857434442,0.940837790052509,0.8877151048217331,0.9224592507696987,0.9990149716188387,0.9999968949651402,0.9699512526062187,0.8644994285093172,0.9989200847271588,0.9989218772220086,0.8238995086297268,0.8468835033646276,0.1704609029097257,0.9991803808855113,0.8767792197495266,0.9846183230074885,0.8383006426063457,0.9535959095366715,0.7345030268840391,0.9476196754560774,0.6460807201406669,0.9305838472994397,0.7413238874694513,0.9595477909433461,0.61046818263902,0.9226506142462189,0.9732464455640507,0.6252368192605399,0.916635776147144,0.9996240537505018,0.7698001760095916,0.899247012137296,0.861848690940767,0.8950122780678578,0.6333949174144431,0.7853736961810897,0.8795897365759702,0.8309753736102781,0.8256819684475245,0.8969152709395338,0.9434825382058579,0.9050948511210833,0.8567930748595155,0.8870783614501127,0.9679199650778034,0.923473232235005,0.33416745059335123,0.4851718802289117,0.9064223423542334,0.8545546711176378,0.8451204566953975,0.8738479596029259,0.8866545168574301,0.8747795658547495,0.9185316438975697,0.8903247690935854,0.8941751153217582,0.9935023963060904,0.9109426528171974,0.6456490413320071,0.6397004120257481,0.961337327205669,0.9378547962608333,0.932919223651288,0.9165953508861929,0.9989565078876232,0.9990392287059908,0.999745747619682,0.9164522776418131,0.9999926262796623,0.9990327218559294,0.999244918365343,1.0,0.8309962551324825,0.9348337555068961,0.9988848495053614,0.7388722787741119,0.9990012957057842,0.9993520603367213,0.99994980987755,0.025097410577376085,0.43039404183049385,0.9554774423586676,0.915411547489504
UCSF-PDGM-0474,0.5049779386065766,0.8095612013829453,0.563671987919847,0.9738944684216239,0.9997045807143597,0.8344418841855388,0.29819304345897146,0.7824274602235406,0.8636885830489022,0.9397321822996879,0.8917629253555399,0.7766326639800412,0.8159307599382648,0.9039648280894226,0.9723972113851533,-0.028379020659168766,0.9388768766713568,0.4568549813803546,0.9600423105260135,0.9829685930414057,0.43006078193681035,0.8745623966166046,0.6793994533680239,0.9996931195004165,0.5871264954164772,0.7213912984476668,0.8527396066051421,0.999975161761,0.8515187935773344,0.7692136763469729,0.9955229838118107,0.6977167887650577,0.899903416586665,0.846917558848835,0.988441312554397,0.4844944068519314,0.9667575965019629,0.5230507505738919,0.999801285462128,0.5844451175554863,0.9795133920922152,0.8531266999701367,0.8565139521639727,0.782329662900995,0.9944179097228929,0.41672730756628384,0.9849900514281608,0.9436684928845688,0.8186120646442056,0.5170057920408532,0.8057892748585457,0.9997777144116883,0.9918370794817816,0.832315918600079,0.8728088858617907,0.964967986287193,0.9805522453885431,0.39405698716857873,0.9033607939155922,0.8247878922722818,0.9667588107129755,0.26147211248634555,0.9287403624531323,0.7920892216699945,0.9876044095363908,0.9038709591712886,0.7585058801622936,0.7984475722994046,0.7997944830814733,0.8445518980194138,0.9484130312011184,0.5298858435096988,0.9020859420846584,0.9997850784879646,0.7821309133450006,0.7038323829695275,0.3062844572888435,0.8524399305969083,0.8918365410735761,0.9091977183909644,0.8238801549562371,0.41246351786693475,0.838138604283613,0.8379786607397275,0.8326254828373973,0.8382638580157474,0.8380815959685416,0.8353993369644916,0.837873368972476,0.8377492921785077,0.9996614539149026,0.8303844024658308,0.998516720419716,0.9996757630318568,0.8392882433879354,0.8326893798064229,0.8369522282485657,0.8297872093353683,0.9827761468275228,0.829991412759248,0.8376946022306613,0.8347295041336034,0.8324288908726318,0.8328186121633817,0.9995487994031927,0.8366846884601457,0.8306756121494654,0.8383377293972947,0.8324230950689591,0.832419744006724,0.8385180313472065,0.8345194564460192,0.8414249073253557,0.8325669018234659,0.8390602730037303,0.8353182391476455,0.8860486325274926,0.8325507753776251,0.9990036243617978,0.867135253041887,0.9807562475359285,0.9800206692689188,0.8380238686422163,0.8308983173881318,0.7594151328575842,0.9943578836645307,0.8377928916554426,0.83779705100461,0.9998278789023287,0.9993694538183248,0.05983667476954908,0.8358123544092808,0.7374241901324757,0.8060040678278099,0.9994459852036699,0.8360263575537987,0.7091075991308327,0.7019242792659363,0.4178214945199725,0.634598655407322,0.5986475620841553,0.7330228841691725,0.6785158520767486,0.979868699641164,0.7642151579967374,0.2870874780939405,0.8346688160371173,0.8322574279169451,0.39468505055438774,0.9274487087927733,0.9963331689545298,0.9699958731503229,0.4677745665756634,0.7848707256846665,0.8570488676235234,0.9997968096266571,0.7147403413302043,0.9904697264189894,0.9658393553595562,0.8664130082380217,0.9974302376492534,0.9821606933683849,0.735361896300115,0.8934898542217012,0.13302899020070322,0.18476026470183934,0.9462712065186417,0.9987941984421176,0.9994665937823793,0.9958947898494008,0.9931610906652356,0.9244902903044334,0.740698095858571,0.755132799365049,0.9162474505941187,0.8400212953156126,0.9790509668227579,0.33763794888355614,0.5130164105003211,0.9491363345759001,0.9711202798033174,0.9721161857135401,0.8344049777801251,0.8378788085340666,0.8354426698536048,0.8316478053290952,0.8358307550041119,0.8311370758275597,0.8380700266813592,0.8394019226142387,0.8309962551324825,1.0,0.8800430924946437,0.8377124383514946,0.8324357698364283,0.8379890334563745,0.8367673388828815,0.8313379238429031,-0.04658241990018089,0.15677859099553806,0.9547441059025621,0.8357948736929496
UCSF-PDGM-0475,0.5491169949269266,0.9130901616388915,0.5061465747495271,0.8977454289268593,0.8809961306432705,0.8304342144847602,0.6165850639583902,0.7326888285109283,0.9611170022589993,0.891303556469482,0.9695238478249038,0.9170758363544477,0.7492105704452129,0.9646821089977508,0.9075076609045215,-0.18927331303577005,0.8679435451044603,0.6947674497068653,0.8946826851629813,0.8994551247510817,0.39212957216947225,0.9527550572679132,0.9044897350565481,0.8819007746259869,0.8053449260814387,0.6947602777038343,0.9638854952015681,0.8818870411315775,0.9509316810020279,0.9407756861154609,0.9126491991036977,0.6648934555312599,0.870936994428345,0.9639684838236218,0.9280430711702948,0.7303771716092955,0.9055369980746343,0.5013384768607608,0.884276155800727,0.7889644407374778,0.899696468474662,0.9519738730758535,0.8396284254456101,0.9301840399387354,0.8969427937814308,0.7253300910573373,0.899247960530877,0.9640358752479101,0.8446202905507056,0.4496280249520044,0.9406956633756292,0.8842129694674731,0.9223828265533632,0.9526340385544272,0.8173170852471183,0.8979133925112932,0.9403428033648152,0.4356885203976507,0.9601003640171687,0.7861935536228587,0.9472112633711822,0.317674581778516,0.9660511208295537,0.763668076003693,0.9286520422680764,0.9652479610480666,0.9284470005171408,0.9232120817674268,0.8057348139747023,0.9336140410840962,0.9010172243030281,0.6126042050246168,0.9584026507015536,0.8845755333134137,0.9119366666028152,0.6731505224460854,0.632630773252738,0.9561408275073089,0.8744465541052875,0.8818298046636509,0.7568022600232784,0.45349055378697994,0.9375486704927134,0.9375288027510184,0.9344511415165107,0.9375595294252391,0.9375423250901708,0.9379650156463895,0.93751239411404,0.9374899640177983,0.8764456742047186,0.8470108436499545,0.8993356382785483,0.8767824959015641,0.9374049448805551,0.9344526013304462,0.846331378836498,0.8470944475761569,0.8989389411071872,0.9349180650076648,0.937479080335104,0.8470361250880413,0.9344385609502995,0.9344511165625428,0.8899421439646937,0.8463577003591404,0.9349134434089742,0.9375638045387596,0.9344380184681776,0.934437700578915,0.9375668350216279,0.84707012266567,0.8492172573388922,0.9344486241162004,0.8499311660525868,0.9379499501813795,0.8480334374738399,0.9344477411831096,0.886299587963831,0.9287817345229609,0.8986260773746472,0.9363384628619535,0.9375350595929844,0.9348655455446483,0.9265158147907915,0.8945073807336018,0.9374982113402098,0.9374989777801689,0.8769148539865681,0.8923803251636808,0.23705289835599988,0.9380178826394772,0.9168443650145135,0.9465974800824604,0.8840525693701686,0.9403477418734445,0.7099983314871131,0.90064865229649,0.49785157561715854,0.857257871333444,0.6314135075803786,0.8979476511673669,0.5615294362853722,0.938591435377693,0.9054712528707173,0.5263732532324793,0.847047500998822,0.9344187515229173,0.719894295321648,0.8877701093822429,0.8943818372944479,0.8967614003837449,0.706282768484988,0.7983994744540895,0.8836708110594139,0.8822083775517967,0.7628865019727957,0.9229115775375357,0.9462321541198639,0.8624567622871387,0.8922238283818542,0.8986806386734255,0.9003926698879523,0.9484586888525693,0.375340130090937,0.5113877490961928,0.8878616005644906,0.8975925654534253,0.8914059081097883,0.9091321738061331,0.9178801653022074,0.8362993418214187,0.8663345954960265,0.8597614401744554,0.8534070046793536,0.9487885649431872,0.9216290637524499,0.6155381624441079,0.6338771006252112,0.956559642320042,0.9473301445120679,0.9468464352971526,0.8470827351217852,0.9375133026189538,0.9379724900632517,0.9342821579550913,0.8464529864456001,0.9347733999482806,0.9375409355495198,0.9373421872156614,0.9348337555068961,0.8800430924946437,1.0,0.9374826945574286,0.7708724185158061,0.9375302813848826,0.9378981178504163,0.9346473569527151,-0.06310046145547576,0.4751995592213603,0.9510934501769379,0.8495506701969213
UCSF-PDGM-0476,0.6698742427775825,0.9741789005875561,0.6318765931716601,0.8980744069588198,0.8384051694904232,0.8744475633577548,0.5908560277101107,0.6978503909621468,0.9883504988672326,0.9095118555248444,0.983846702156396,0.9768834822947201,0.7789549204432649,0.9847254132157943,0.8974527023037144,-0.23494444914099216,0.8997006169298805,0.7610212246262176,0.9062146652185704,0.8894439226856613,0.36433739918050084,0.9936775232483271,0.9058554167442617,0.8405278488744399,0.8776935799373281,0.8061760348516375,0.986057418536824,0.8403361760917437,0.9348342319698896,0.9345054057096407,0.8844304969322913,0.6556223651496135,0.9049247616890096,0.9721114552692052,0.9095045039604286,0.8115831262318296,0.8970018244163984,0.38524885115611446,0.8452352141437574,0.885144423591903,0.892857990322962,0.9681047737929414,0.8700777096240965,0.975661578323195,0.8733337148806395,0.7550300779586436,0.8850749057747604,0.9584928771284802,0.8435499274870721,0.5956649035498627,0.9620432522505369,0.8409035250777791,0.8991551535980898,0.9786837959448452,0.8561851048528505,0.9020226648606454,0.9264951799218765,0.4660678870896174,0.9846815789544672,0.868598457507461,0.9462489910704006,0.2815725990631895,0.9731249900529719,0.8535705087435018,0.9116617547387009,0.9802746203707311,0.95914561109137,0.9640722945365885,0.8452136963965122,0.9662969739879417,0.9037516944390596,0.5554765379036998,0.9795061538071588,0.8457259209693426,0.9721930496302779,0.7179203858962341,0.6623639118607672,0.9864747550726984,0.9036142860732886,0.9062276761480315,0.8378329825198589,0.4410787445632372,0.9999744695587525,0.9999904132938652,0.999292845470746,0.9999558738606974,0.9999811092113212,0.9998970668046807,0.9999965804673656,0.99999982551139,0.829260167414479,0.9154180930410473,0.8640644662076464,0.8297609136256354,0.9994873610244916,0.9992783620654173,0.9153823741224238,0.9156368200598871,0.8809121097957567,0.9992553594037937,0.9999999596061715,0.9154715233363163,0.9993269086815587,0.9992433106380697,0.8496036654362398,0.9154649483353847,0.9990716656616815,0.9999421385025431,0.999327690227176,0.9993281366140017,0.999898988145044,0.915553831560853,0.9144955873569316,0.9993045937916252,0.9146267865252202,0.999898912254336,0.8708540218396004,0.9993075814332729,0.8497858194300519,0.9485571134645284,0.8925552698017808,0.9263710255808297,0.9999867404678272,0.9989515913125567,0.9649290505912541,0.8703663241398071,0.9999991605188501,0.9999990706269443,0.8308611432470671,0.8534118779914638,0.17458231328603335,0.9998566120430519,0.8855914440620086,0.9824103454518115,0.8448379883698494,0.954814123062125,0.7420127368134691,0.9445673053686956,0.6421864076868372,0.9261754690763756,0.7433016443467775,0.9579721946526313,0.621630538111035,0.927399262394788,0.9729461719950074,0.6212825473162347,0.9154972692448842,0.9993451494332362,0.7602790456655988,0.9024174257142679,0.8676479489910159,0.8998706952585287,0.640601493034913,0.7936817515995206,0.8821407340925681,0.8378348191454418,0.8296266541241742,0.9027915818511519,0.9476395998815561,0.9076362681927688,0.8628448279977106,0.8915370697758963,0.96564883492002,0.9280256108287939,0.34657671437493615,0.489869972297046,0.909271028643351,0.8610196307394391,0.8516553097076741,0.8796612012927898,0.892436728432999,0.8771455023047751,0.9206952642853795,0.8967750009452454,0.8949494316002577,0.9936352078297734,0.9163470642530399,0.6381807443121972,0.6428715723456315,0.9646385841036558,0.9421596378943815,0.9384572405583917,0.9155912050923715,0.9999963409109662,0.9998953316300901,0.9979989095102207,0.9145277382039417,0.9987698536280701,0.9999823243148604,0.999376081903077,0.9988848495053614,0.8377124383514946,0.9374826945574286,1.0,0.7488373295119805,0.9999896265304447,0.9994480636922356,0.9985539160527248,0.03908714854200268,0.4401484211388639,0.959049185350422,0.9155855642554027
UCSF-PDGM-0477,0.33276381795063464,0.7016277368224645,0.5093803520348911,0.7938165868134665,0.8324948420584651,0.6234859987985807,0.2237293354442709,0.6631877140187575,0.7363854520442145,0.7468164649905498,0.7685153989055272,0.6703711831894091,0.5553423911736205,0.7748373170221036,0.7837885561096519,-0.2077484501882737,0.7623290277571046,0.4096707224076905,0.7792494789611941,0.8027732627334327,0.3728402310947198,0.7660294885198192,0.604433685828052,0.8320664788888209,0.4813841550966281,0.5368864339335538,0.7474871662522831,0.8322074960977388,0.7365251644217558,0.681073521003948,0.8396342216208075,0.4951418051052345,0.6943688685658388,0.7165739768411247,0.8367208153557816,0.40478182701851817,0.7740479540109658,0.4329953588700569,0.8307286474937272,0.518903875630944,0.8005339522885745,0.7254564672935006,0.6662489230341577,0.6660295879825875,0.8180903383155995,0.3291946237568161,0.8025165896053039,0.8078051343216012,0.602933021812787,0.33029232804915487,0.6875607831245546,0.8367030866641055,0.8378945665364611,0.7026923337145078,0.7235653906056613,0.7823831311537454,0.8322940087198707,0.2373051267976744,0.7725816280863089,0.6375610581152227,0.8227234518060527,0.0813296138175188,0.7974198353181098,0.6408115196065959,0.8359137541026439,0.7728488783011617,0.6430605732060379,0.6949041356184397,0.5927784810669926,0.7680808221736217,0.7689457586842049,0.32688202358836355,0.7780457741584139,0.8309459645509546,0.679910906814673,0.6012690127815078,0.2192358873332047,0.7244698605901175,0.6930261856719148,0.7305737242222459,0.6743228741106068,0.18270664289304528,0.7486080305511817,0.7487013552302691,0.7422445075466451,0.748527967780347,0.748642387027898,0.7461155852517657,0.7487578469946128,0.7488198228326118,0.8349681909913169,0.6555745006144086,0.8393015768733917,0.8350613748622486,0.7475117370857314,0.7421966396972624,0.6582270746257639,0.6561049298569133,0.8081581707757559,0.7397990692671167,0.7488456596082929,0.6556887826504453,0.742379712081235,0.7420932051627068,0.8379850851979559,0.6584434043215588,0.7392471133455765,0.748477586997114,0.7423834420531511,0.7423855923607849,0.7483436249171146,0.6558804025715134,0.6559682512661009,0.7422866336420885,0.6535234078151707,0.7461564725715388,0.7209747300866658,0.742297946888385,0.8297754115591277,0.7936147845792074,0.8033529894849188,0.8306619437617294,0.7486759293322235,0.7389979326949234,0.6391787997394044,0.8216880936395757,0.7487985879712188,0.7487965319704215,0.833829017108095,0.8381660625092997,-0.13577578767770138,0.7458717738237125,0.6609598774016511,0.6864018922771031,0.8309575087670766,0.708553054989741,0.5264514810279135,0.6028008413558881,0.280904473765972,0.5437729284863563,0.42351420539994755,0.6250457792825651,0.6260494733562688,0.8304632746774696,0.6682598589622446,0.22858737772851967,0.6557463876217623,0.7424844478874563,0.3051093072227842,0.719107321774658,0.823212206115347,0.7921676523866136,0.4458938060295344,0.5868151011568216,0.7503053445054737,0.8362312113487862,0.5352551384916479,0.8389415834029708,0.8263289608257829,0.6778254924136757,0.8245844604359773,0.8052489758745576,0.6373133887934558,0.7643287822128888,0.13044877607503289,0.09856968100484506,0.7684545927969584,0.8386472024457498,0.8378206969592419,0.8395405632875348,0.839676784984094,0.766948096527678,0.6821824034048677,0.7442809439276372,0.7369683335332342,0.7322128220829096,0.8328671858015163,0.2572534736602642,0.30717050698767806,0.8118833618106924,0.8263930277553595,0.8310436882959295,0.6559763004068256,0.7487550188242015,0.7460928797875389,0.7375266921760454,0.6540999025378178,0.7386696592722397,0.7486492081671372,0.747331242727724,0.7388722787741119,0.8324357698364283,0.7708724185158061,0.7488373295119805,1.0,0.7486955852965681,0.7449471435505124,0.7383207901722386,0.01637330426110331,0.0982039473136804,0.8189349409229371,0.6614283315006941
UCSF-PDGM-0478,0.6694092032882876,0.9741182378198694,0.6313648801551306,0.8982478616921549,0.8386794790725738,0.8743129100477405,0.5903030066411725,0.697892700115042,0.9884682037517555,0.9095849403875558,0.983935098511624,0.9767862754344964,0.7786157476376453,0.9848468215345366,0.8976046653113771,-0.23600738511963193,0.8997836826079338,0.7607672890373695,0.906368807238018,0.8896418381221965,0.36423534590928647,0.9937127029071678,0.9057804439248791,0.8408049593760256,0.877526765345608,0.8059961265116379,0.9860182959111697,0.8406079932674041,0.9350239034215708,0.9345576172584252,0.8846707856150924,0.6549778614850577,0.9049361439916742,0.9721293570853133,0.9097387550906411,0.8112048701627638,0.8971395771189944,0.384664295889111,0.8455116430869991,0.8848828986098669,0.8930469921166917,0.9681622578428296,0.8700460786130618,0.9755673274341885,0.8735653573078903,0.7546079650839135,0.885295527652823,0.9586932810022811,0.843418184677504,0.5950540204529803,0.9619481910427183,0.8411845303543855,0.8993954012111943,0.9788056441766642,0.8560706342378327,0.9021963952836901,0.926711371004379,0.46557607775149606,0.9848526014911486,0.8685700578347372,0.9464529099115295,0.2807949182170385,0.9732833241858161,0.8533838721514306,0.9119028125985487,0.9803264653885944,0.9591002008170719,0.9640151926091537,0.8452089347277458,0.9663630601817821,0.9038423856254213,0.5550159038515111,0.979616631941289,0.8459936994756423,0.9721551067452161,0.717586666397518,0.6620247593019103,0.9866462263777321,0.903618653137749,0.9062566357410959,0.8376653755969902,0.4403471682611382,0.9999966438270966,0.9999999844881028,0.9993326283215194,0.999988290038609,0.9999987330914334,0.9998959211697449,0.9999981187372817,0.9999921428002202,0.8295468150424151,0.9154175075490035,0.8643261614863248,0.830046927863206,0.999622820910729,0.9993237349355099,0.9153562013959942,0.9155862827593932,0.8810677119890963,0.9992746908180719,0.999988291498908,0.9154607790445863,0.9993501360214093,0.9993003422737602,0.8498748399070329,0.9154175564052016,0.9991529087759436,0.9999807637557984,0.999350443133818,0.9993506155458373,0.999953354739241,0.915525357020558,0.9144329708702458,0.999339345455454,0.9145701627496308,0.9998917242932657,0.8708809640533967,0.9993409631941845,0.8500503105888596,0.9486082101778587,0.8927389578754018,0.9266386082707996,0.9999998231139903,0.9990566902646599,0.9650487279001699,0.870590098266901,0.9999946890181274,0.9999949070844573,0.8311459932716784,0.8536823214243796,0.17376443957029453,0.9998881361413453,0.8854353159396854,0.982526206185454,0.8451124920800984,0.9547151623376484,0.7416850857474129,0.9444232171374626,0.6417608238793041,0.9259807926317821,0.7429443792937092,0.9578615708173015,0.6212032420905202,0.9276270912045663,0.9728361426149841,0.6208867436441856,0.915481290793628,0.9993546402265124,0.7600693155008909,0.9024787195665794,0.8678820869317807,0.9000364333687466,0.6402746975819275,0.7934131839526141,0.882150803933549,0.8381167404746702,0.8293786610919741,0.9030172134626643,0.9478117396522164,0.9076328769766584,0.8630879956154087,0.891741356179549,0.9655519995071519,0.9280665717703217,0.3458166501665186,0.48923950254780024,0.9093923789225207,0.8612832207529247,0.8519305812611413,0.8799281394485852,0.89267709857593,0.8771866571644554,0.9205884020077999,0.8966438629784056,0.8950210298252056,0.9936349904560646,0.9165379652651476,0.6377451861711012,0.64243370703819,0.9647784100520065,0.942332592774374,0.9386753870159488,0.9155534918730541,0.9999982893594801,0.9998974603448623,0.9982179973243003,0.9146390031291386,0.9989037848037166,0.9999990328018807,0.9995265893010012,0.9990012957057842,0.8379890334563745,0.9375302813848826,0.9999896265304447,0.7486955852965681,1.0,0.9995743707032518,0.9987159755908975,0.038421445905432866,0.43959956003542816,0.9592175655437448,0.9155615448640088
UCSF-PDGM-0482,0.6650027230996839,0.9715724483205916,0.6265570749017215,0.8970068250874672,0.8374431149968599,0.8722321354341388,0.5878027810252923,0.6961201065372158,0.9890060778482792,0.9089085631732476,0.984126474690821,0.9755299241594856,0.7751638496959916,0.984948382107434,0.896917091650718,-0.24212611008421356,0.8986381361085247,0.7572152094530549,0.9051351354739886,0.8885681493596183,0.36223294243558946,0.9932913938585801,0.9074779700230616,0.8396075683834608,0.8770404339089968,0.8041062970371796,0.9857937755583284,0.839384863781283,0.9363855942166296,0.9353227890345058,0.8835453070433743,0.6504205798801301,0.9038092016710796,0.9722196953881728,0.9088508071553504,0.8080090865270004,0.8964212071814819,0.3812970364944922,0.8443735778865192,0.8814464587448625,0.8921024346894113,0.968162284466207,0.8682743809661929,0.974536323796027,0.8725845140501521,0.7551228849957587,0.8845508611378832,0.9587009532657766,0.8432836796487044,0.5900023377571353,0.9619048461068066,0.8399551370403722,0.8984130421856436,0.9796196392777325,0.8535812647989525,0.9018000855665512,0.9259819286934874,0.460938698946514,0.9850866537939058,0.8665650172942929,0.9458509131030597,0.27488077983329523,0.9728606211825336,0.8507242505240086,0.9110285589673812,0.9800474414040421,0.9597191064666837,0.9615747243492712,0.8453216388355699,0.9672689324689572,0.9032658169639728,0.553743817132865,0.9786269707238231,0.8448099403195629,0.9705361508541517,0.7155106156563862,0.6646380698644826,0.9875197811264059,0.9035428892394729,0.9060309280816595,0.8358303710087592,0.4349517819334048,0.9996369616689251,0.9995698719040909,0.9990530407161169,0.9996858460125685,0.9996136213308826,0.9996084408047131,0.9995231172692568,0.9994656153076806,0.8282772120736479,0.9153882746314386,0.8631542902296504,0.8287768394615569,0.9998963850234017,0.9990753869142832,0.914983041206576,0.9152772112387886,0.8798709502804299,0.9990821341343387,0.9994394945798722,0.9153746345341867,0.9989780330855532,0.9991171511989114,0.8486514966095932,0.914925651029265,0.9993067093573009,0.9997130210777967,0.9989756890730763,0.9989743305209088,0.9997735914668151,0.9153398844826075,0.9138765836105842,0.9990316419231747,0.9142488732811686,0.9995704420043983,0.871050344815445,0.9990256043000627,0.8488706868672594,0.9458924876718745,0.8916352475797289,0.9261558932779417,0.9995893333904788,0.9993439641811721,0.9665467856089979,0.8694013610145049,0.9994861052598485,0.9994880441605482,0.8298936465599392,0.8524765137032182,0.17506127276348882,0.9997834250566381,0.8854411827249523,0.9836656666794639,0.8439591223389592,0.9531012683983726,0.7373097666521855,0.9449042390540289,0.637960855140042,0.9264895540627521,0.7435802036946967,0.9582086358989195,0.6181307773743471,0.9269373046437559,0.9709015915772908,0.6150133655263824,0.9153658235432008,0.9989057799002661,0.7623693150336409,0.90152293109499,0.8667987292595356,0.8989994064688318,0.6391144030593124,0.790963930002588,0.8799642599043549,0.8368795378906507,0.8298823645533647,0.9019890002465594,0.9470034208494414,0.9076805384106755,0.8619891789415307,0.890616917866522,0.9657496430168372,0.927613045521415,0.3383102224651775,0.4882550057883301,0.9078800898604487,0.8601244841015329,0.8507554087132017,0.8787903379451345,0.8916582975897952,0.875446468250795,0.9167307710294568,0.8926547177999002,0.8945456262644456,0.9934366361238584,0.9142234040093562,0.6342644659796903,0.643919869361778,0.9641149964090968,0.9414826041787102,0.9382150960358945,0.9153162627571287,0.9995255799791227,0.9996282975227042,0.9991431525794409,0.9152363868003818,0.9993523859352125,0.999608805474084,0.9998842888279647,0.9993520603367213,0.8367673388828815,0.9378981178504163,0.9994480636922356,0.7449471435505124,0.9995743707032518,1.0,0.9993219771944437,0.033993366153736895,0.4409068747840397,0.9585757645236332,0.9154225422647664
UCSF-PDGM-0489,0.6699209548445686,0.9740095231022149,0.63067749417055,0.8939658940039884,0.8320039022423553,0.8749203068820977,0.5847646509091377,0.6921035374854002,0.9886494861182263,0.9049432072703174,0.9805879228936266,0.9770024660832445,0.7726480096708707,0.9824657598388492,0.8931793566478419,-0.25471379816366646,0.8976302225514193,0.7606640528355324,0.9029197533348957,0.8852236545038493,0.3589318939221451,0.9921800018204169,0.9008847018076549,0.8342328990938933,0.8837781527011012,0.806494340193615,0.982374774109203,0.8339695399487239,0.9275952809201664,0.9291952668725096,0.878663134654919,0.6434820406332737,0.9041610684632394,0.9703618111762071,0.9044512799298438,0.814651822778468,0.8923667793782666,0.37710506278199285,0.839107540595007,0.88643956014983,0.8877315026942699,0.9677347955573997,0.8699060290716095,0.9761265333687557,0.8681032043934562,0.7609067366700583,0.8800500755976158,0.9543558068227612,0.8411492296634736,0.5893070244025116,0.9561913797190679,0.8344543423127417,0.8938510558401475,0.9812829655374764,0.8508163509319826,0.897079764097522,0.9219984829918965,0.46884653808840504,0.9847125676959058,0.8695919594001613,0.9425296317203007,0.2668114523929803,0.9696108872552216,0.8545480511156551,0.9070872431371937,0.9768032652249253,0.9611399468305034,0.9633296929765628,0.8383201890521548,0.959092515399149,0.8989881744584522,0.5502659579574614,0.9750507717390584,0.8395316596495092,0.9739508333772804,0.7106564082081848,0.6630819017687241,0.9887353154570736,0.8993272451266664,0.9005188694968408,0.8349774014582731,0.42595725859868344,0.9987989106016264,0.9987100939187918,0.9995390478940464,0.9988654563033817,0.9987677249026851,0.998710515681451,0.9986494945214394,0.9985761035387868,0.8225706027177193,0.916370805715365,0.8579373261614058,0.823076008098935,0.9992539325932772,0.9995712457528383,0.9159449975627322,0.9161708567182949,0.87547631885969,0.9995088436051809,0.9985431165358224,0.9163390983876015,0.9994348597169879,0.9996335550349641,0.8432164934656214,0.9158498222046226,0.9998424793085692,0.9989033405822644,0.9994316793931994,0.9994298378874759,0.9989910684282315,0.9162728036697937,0.9148273517546698,0.9995087817720626,0.9151850867592566,0.9986621090839605,0.8644412399579338,0.9995003296447225,0.8437589353426697,0.9406501086851637,0.8878383787001044,0.9227570354175157,0.9987356082562826,0.9999217379861352,0.969922864049448,0.8647162405654097,0.9986021264415126,0.9986045959804917,0.8242611027333281,0.8472070768122093,0.16861025976276195,0.9989418002648492,0.8761554942907939,0.9845731087030799,0.8386357369672023,0.9530845784508664,0.7335488846593412,0.9470172810156496,0.644955125210882,0.9298777165445241,0.7403105285595111,0.9590130009038392,0.6093285875430896,0.9228600350953463,0.9727069593378801,0.624182975747626,0.9163209766282634,0.9993383904874251,0.7691176002342232,0.8991008456117652,0.8620891260246069,0.895093945634853,0.6324741141652493,0.784532307158798,0.8793382088462056,0.8313285205992894,0.8248794367034564,0.8971261900173663,0.9435643437412252,0.9048060051614646,0.8570544968803695,0.8872475123575359,0.9674138032317121,0.9232731217178498,0.3323815960303855,0.48363454838233016,0.9064060503504958,0.8548609584208312,0.8454551439402622,0.8741565792181181,0.8869010202358854,0.8745979035031021,0.9180124289967989,0.8897549785213748,0.8940564601225124,0.9931967558615862,0.9110738112586297,0.6445067457232557,0.6385399198244592,0.961344034028815,0.9379399079387398,0.9331031613186219,0.9162327390781942,0.9986526641089795,0.998736013066127,0.9999214818838589,0.9164175171395923,0.9999809113125422,0.9987613309149683,0.9992678582049302,0.99994980987755,0.8313379238429031,0.9346473569527151,0.9985539160527248,0.7383207901722386,0.9987159755908975,0.9993219771944437,1.0,0.02361101916311456,0.4290452729617958,0.9555481493423961,0.9150776543190103
UCSF-PDGM-0491,0.17637720003353716,0.02371965969014612,-0.006021276226917245,-0.01585276728506793,-0.0553041013690637,0.002043050770943291,0.003685239776516598,-0.13557520534236606,-0.009243581273704974,0.1384501457084326,0.005324626574367205,0.03197107698474262,0.2053301550552448,0.004233449570193075,0.047849397332647765,0.22333201247959517,-0.03742805529088048,0.12667530835951077,-0.004891284058077888,-0.031056120832613145,-0.1627425918721666,0.03485342232534909,0.029794424013594997,-0.05283093863158943,0.0007181488737627758,0.015191740439589837,0.017985861041206804,-0.04291534789179508,0.00296685335882307,0.0005381181742425007,-0.04125154796790537,-0.06956746798606481,-0.003279818080025855,-0.02831066591654455,-0.032037814614112176,0.04475492061693963,0.06320345502472832,-0.25818483476445314,-0.037035726997541776,0.08350556709471146,-0.013377329857659857,-0.038535715479029634,-0.0014977524288258312,0.00432875482001682,0.0009386221509277324,-0.04613020143867707,-0.024955684056147044,-0.02446439529280572,0.14777348473009697,0.05910839251674623,0.03833238979829518,-0.054492904562010225,-0.039736869946549236,-0.0367163378947221,0.006926125694962763,0.09141898458437354,-0.034225527332748445,0.017996252406401583,-0.01033262192515774,-0.0029513565385837744,-0.017274693692634555,0.5549165146686371,-0.010099903391631214,0.013280951271782908,-0.034638591976436844,-0.0011567546878166002,-0.024299419414887783,0.012302521724808982,0.3278002442159441,0.04008438314709993,0.09451292955434876,0.1551324596316377,0.0235469643163877,-0.03649388785140642,0.025007743675041622,0.20267889518152066,0.05636997559516904,-0.021675803473907594,0.19862888920130092,0.1879800464079952,-0.04179306614751938,0.13399705297899492,0.03804243744284412,0.038447203288194766,0.028249098953827965,0.03771328525508537,0.03818861392768109,0.038100286730347745,0.0387050373775286,0.03900085612543897,-0.057466271861980577,0.027154483246104116,-0.04588111474065535,-0.057294507090753094,0.034390783356674205,0.028067797747803918,0.18889191034233158,0.02877709524958284,0.01021877030649725,0.02825241317229964,0.03912866265569363,0.18735163412058442,0.028785783140039267,0.027689525591893114,-0.05065106366493082,0.18947808441518046,0.02624258329340094,0.03751364397884322,0.028801157209324114,0.02881003525228115,0.03700718766290076,0.18784475748412852,0.17984145567905552,0.02841223749292331,0.17858410275471606,0.038294249195683,0.17765151848968436,0.028456650978913724,-0.04859318241629335,0.0793531282027891,-0.018507436166615685,-0.02857414815945401,0.038334457778502085,0.025466730372014013,-0.030379550971718634,-0.03506061619266955,0.03889785514963124,0.03888797624268253,-0.05360488747212075,-0.050570407230706965,0.3399478760878358,0.037050407594948126,-0.0062384446843586055,-0.0071797167132987404,-0.05026203262901141,-0.0461300403419683,0.10659541429325961,-0.005225847683296672,0.1954048597554149,0.03942428119344156,0.3988127985444687,0.042229502390327585,-0.04285310673989256,-0.025403258560940226,0.04932536910258125,0.05294494848344433,0.18749750522935274,0.02923078801141853,-0.025648135471150146,-0.006745566178054964,-0.006131577684848546,-0.00600045680124911,-0.06335517998179757,0.04417249876797352,-0.04509522266723162,-0.055219806949519126,0.3620558002091146,-0.026697326326990633,-0.008356081428356145,0.22482287636877948,-0.011352301926523617,-0.02301466174701783,0.04675054662865593,-0.06269348536603674,0.10022162443473803,0.025343667937342145,0.0049766351790228175,-0.04741358914437726,-0.051790877465301845,-0.04812534964033955,-0.04271796636177304,-0.041197140725720276,0.0892206769900619,0.13309574220050702,-0.048687991492981905,0.0332713363325973,-0.027779373926564446,-0.07229972737100736,0.36073591283049666,-0.01049192788541106,-0.02465246380043345,-0.010258173053362078,0.18810058182448416,0.03869187472807388,0.0379951500632591,0.02174856950668685,0.18388113346732507,0.024527974464579723,0.038218015304668285,0.03390393605235581,0.025097410577376085,-0.04658241990018089,-0.06310046145547576,0.03908714854200268,0.01637330426110331,0.038421445905432866,0.033993366153736895,0.02361101916311456,1.0,0.0720345871490962,-0.002724708063791179,0.037097209353226385
UCSF-PDGM-0504,0.2706845961024486,0.40530510876979303,0.1366556723098404,0.19396255189037673,0.1625381732773767,0.2809055851176208,0.8483342901038273,0.4351337909318189,0.47866817271914297,0.2373233064485001,0.4772328810456369,0.4835567902157567,0.24896269291574244,0.43056282593619655,0.2464841037204138,-0.029760864196139422,0.16369772227905707,0.6834085471576362,0.18417191256318236,0.1968398046882833,0.44512984586971127,0.40916114703957834,0.7461651407973249,0.15923587400927214,0.5386492466081825,0.09641747823860193,0.5235443736690973,0.1599470347316991,0.6157119565040841,0.6884824247767367,0.2154460515412292,0.2678067463367664,0.2229167755985563,0.5629819337490248,0.2445633929169719,0.5721006883864761,0.2578735717379495,0.32711045136855166,0.16164407116090226,0.5026751166512413,0.19815768354552032,0.539508037360289,0.3088773562875497,0.5313821470184548,0.18158396070091676,0.8007178516969374,0.19470981165077464,0.41244419344014654,0.4235787407229143,0.06856651587053722,0.6431239298999549,0.16631157327136575,0.23941424273687695,0.5189052257492371,0.2649194008914667,0.22514491615661755,0.28629390450562364,0.3857637009636093,0.3933383580665313,0.1139973061349235,0.29436044044440457,0.4271621043228226,0.41513186713573785,0.19071103982378793,0.24231659899899455,0.46970524416446247,0.6191385876484132,0.5282203439574548,0.3468507356010748,0.5008823385296379,0.28445676763715466,0.5571897757607938,0.4571688119669549,0.1626164312992976,0.46508140015366756,0.33101253764136396,0.7996472281003674,0.4749293467110897,0.2922238282892987,0.289498461044968,0.1417562280132442,0.41374854835962666,0.4392832976852809,0.4396209538886517,0.4280217858033195,0.4390064203384649,0.439405598209547,0.4444318565649585,0.43983441126953915,0.440077752065203,0.15576369678223814,0.265764952814116,0.18824779124043267,0.15620292188018658,0.43609697047736307,0.4278670686899732,0.2615745487299523,0.26737373684627935,0.2416274330522975,0.43312071475435604,0.4401823683226831,0.266094731879143,0.4284762071135411,0.4275423045123242,0.1739899885825243,0.2622581241373457,0.43140521907395774,0.4388374827563882,0.42848914595692544,0.4284966157355504,0.4384055262553878,0.2666671212759068,0.26600584777594943,0.428160483204593,0.27084529854285616,0.444590329775316,0.29543757372761914,0.428198157352414,0.16294575123426064,0.5022358453646304,0.1851158185858026,0.2543226072703115,0.43952721500078223,0.4307228125760758,0.569992468887523,0.1749181049480314,0.43999321311767997,0.43998509426068966,0.1551498616895164,0.17670430614828833,0.5757769386792587,0.44356147607495605,0.7416437338162013,0.541725403823165,0.16182403992263214,0.5580562593925358,0.3361584077006402,0.6519502416092315,0.18703061762839257,0.5840592829591604,0.24004948990167096,0.5164454898266388,0.15791663357561708,0.27152621124776455,0.4698328286799492,0.488656317906711,0.26626412761854246,0.42884894908910576,0.7648890465793297,0.2688924490670891,0.1737964646543039,0.20200597935132242,0.8442589712048839,0.4065903927501661,0.48153841917184,0.16304722819188766,0.3624109512756968,0.23238661582896109,0.28732744190037546,0.281168281701526,0.17216427009132654,0.1826526861962081,0.49576240793476556,0.5261666326589323,0.8183980195941171,0.9612734099836516,0.20685480075004442,0.1855760844519464,0.17637236884468604,0.21641538022434526,0.23869193874197953,0.16568214756074814,0.5555446865592361,0.5654497408240001,0.15553064555608737,0.44799007134445096,0.2347317304751316,0.7176625280831019,0.5263430896821648,0.33942002578866487,0.3045474615656317,0.3097864434043361,0.26696377459410936,0.43982354481708286,0.44434565286369315,0.4272976702652613,0.2620463261671038,0.4298821649454973,0.439430148135744,0.43565324843081604,0.43039404183049385,0.15677859099553806,0.4751995592213603,0.4401484211388639,0.0982039473136804,0.43959956003542816,0.4409068747840397,0.4290452729617958,0.0720345871490962,1.0,0.3080400624255677,0.27615103386630996
UCSF-PDGM-0524,0.6079830568922381,0.9387641657677614,0.5997822746923507,0.9731000498145759,0.9546276157947046,0.885712583434423,0.4782741758057392,0.7404312089685012,0.9687552905319381,0.961804380396283,0.9797805557646093,0.9243388439966893,0.8276155809650731,0.9875680431845786,0.9682824281439816,-0.15268185597423228,0.95460282123374,0.6462948937906002,0.9716997017010609,0.9727528119148443,0.3687329557209853,0.9787297958018276,0.8308610552759718,0.9562334247688742,0.7821868726674919,0.796956005336587,0.9615457123269358,0.95609572409703,0.9268819041126783,0.8864876479421535,0.9779141803710295,0.6921600949289783,0.9417129607563353,0.9484893044142071,0.9885235264983728,0.6948949662104847,0.9647529315629196,0.4378076620333871,0.9586566868643747,0.7820330664344735,0.9738448590015659,0.9449154875101108,0.8880898997460145,0.9235209086172838,0.9704657652514586,0.6124405933711105,0.9731946839826666,0.9887723519551257,0.8511586450014359,0.5784655562841027,0.9211095006257047,0.9565723487158507,0.9836088863249502,0.9454114960594963,0.8865040238564615,0.9689363836437815,0.9923507862243752,0.42252022910399906,0.9879226486774925,0.882407880031291,0.998862207204098,0.2626282049514138,0.9916205838056626,0.8479663046761319,0.9892521766080106,0.9816997273769492,0.8952837314457708,0.9193558862415264,0.851922172300308,0.9468821933727942,0.9565555055960665,0.5370149445054023,0.9819137993290084,0.9588232211681326,0.9228850679496866,0.7117509575986508,0.5275834957339269,0.9618700218057135,0.9325586882346453,0.9401926135497264,0.8582750526094681,0.4401182775059746,0.9593044613758283,0.9592114242216885,0.9563189236487492,0.9593746596010536,0.9592717169752892,0.9579148700937116,0.959148292598249,0.9590721463367583,0.9501989192029242,0.9062809965152469,0.9687478596633315,0.9504805791974051,0.959811000538163,0.9563526809026763,0.9071980054022026,0.9060196980338181,0.9625630070018979,0.9550076725809971,0.9590380185817641,0.9062367138079954,0.9562104991476164,0.9564184520710614,0.9613373477592554,0.9070760062713343,0.9553573321861716,0.9594148554409937,0.9562072058412124,0.956205299304133,0.9595087725727338,0.9061485917814365,0.9093909058890383,0.9562873097039829,0.9083658015493583,0.9578649131478835,0.9036446778888917,0.9562784997251343,0.9608718377600192,0.941913338542839,0.9745414413034834,0.9945391612153617,0.9592380840688153,0.9554449605692106,0.9027662417681788,0.9694409225480733,0.9590991103943771,0.9591016712227607,0.9510675922234513,0.9633229300397972,0.11128758037112375,0.9581557805606405,0.8405581838237366,0.9362365953342242,0.9584407355567729,0.9278090620045385,0.7447949126819907,0.858723856408562,0.5531319776556095,0.8279075152904942,0.6974160542282491,0.8959018998675344,0.6546886844110948,0.9945907869405395,0.9159175509453984,0.49611787564402904,0.9062121324381395,0.9561109484699986,0.6124279768240645,0.950427708438125,0.9686916297484325,0.9718239894444174,0.5587294201377664,0.8098699197295653,0.8897901605630054,0.9549774871898693,0.7994451353863286,0.986286447562135,0.9991865507486604,0.9216718094320703,0.9667311268252842,0.9743823247333452,0.9001701437061167,0.9389237949853483,0.24098285036608943,0.35352669733703784,0.963230161257371,0.9673069120044374,0.9623078481482434,0.9742893979311911,0.9794737156862456,0.9291230494887903,0.8630618022074611,0.8516597164546315,0.9412701234159184,0.9625683209156748,0.987350487530967,0.5076140381588375,0.5909041874735269,0.9990835819451672,0.9967993303485834,0.9959658940198552,0.9060972144401065,0.9591515885101903,0.9579412376081662,0.95550157358962,0.9064694946675563,0.9555158802801209,0.9592650141897275,0.9598336089680217,0.9554774423586676,0.9547441059025621,0.9510934501769379,0.959049185350422,0.8189349409229371,0.9592175655437448,0.9585757645236332,0.9555481493423961,-0.002724708063791179,0.3080400624255677,1.0,0.9089059885221029
UCSF-PDGM-0535,0.8347730320632197,0.8687248470601536,0.7920721374663161,0.9359900276674726,0.8409470654732556,0.9741241320304849,0.3853135459528446,0.6808739344946088,0.9013598670904753,0.9089016907816748,0.9017445497565016,0.8631968495737404,0.7770231835139235,0.9097080481708941,0.8965411553953323,-0.2372803046770262,0.9615238648088366,0.5683673650693992,0.9506247400160578,0.9203995367388599,0.3624917530591057,0.9141448365042386,0.7659744099900784,0.8438544811904245,0.7352457336431468,0.9362929289824137,0.8899035533111719,0.8384354450958713,0.84074965931865,0.8081691944919117,0.8653270794318613,0.8514877235540368,0.9795524532300686,0.8742552071354366,0.8814384170956505,0.6417300747754443,0.8961108952831074,0.5171279810748256,0.8434043870057575,0.7310716157855562,0.9269346555042023,0.8815173941631017,0.9570267330519275,0.8603512591780792,0.8718321769231128,0.6023993345051522,0.9146323832785633,0.8988667845456457,0.844198621711751,0.7932263514823935,0.8542199619453804,0.8350416453324228,0.8746481733076416,0.885793159432904,0.9546680085027912,0.9013243945668357,0.8911231837780912,0.6046046856945528,0.9134700711168966,0.9685226694942594,0.9015475229165618,0.278594068048519,0.9026088248006786,0.9641715743051035,0.8832357444827955,0.9051018274643994,0.8491104419817,0.846248337670529,0.8456493880483951,0.862921508873779,0.9031751887469818,0.5560781882758159,0.8935838293364686,0.8438810450827662,0.8574906262423958,0.7173190524410186,0.4883112330485747,0.8986749768075007,0.9038500636242985,0.9062257250855061,0.9565903905373575,0.6435976277080108,0.9155394075870937,0.9155628267542464,0.9154042288554614,0.9155152130199966,0.9155486717197686,0.9159212970294502,0.9155740958709098,0.9155835211208365,0.8264790097866759,0.9993436756098399,0.8514970636424255,0.8268489226269149,0.9150141281450426,0.9153871362172468,0.915436464618076,0.9993409780043618,0.8794735237845888,0.9158162503591133,0.9155864334438499,0.9157560028870343,0.9154467607362979,0.9153470494047083,0.8412665799515344,0.9154775295962416,0.9156063742473187,0.9154982912273717,0.9154478013012104,0.9154483976804749,0.9154477656602181,0.9158035246588424,0.914498676349302,0.9154184335864528,0.9148426914759018,0.9159271338875402,0.8712406335549427,0.915422107790521,0.8569042802109894,0.8427470979809842,0.9244638576164069,0.8923210706511585,0.9155570061794145,0.9154803267222567,0.8557309143272976,0.887653353143945,0.9155806646049148,0.9155803667487296,0.8288806104046323,0.8441151096552975,0.17890289489871417,0.9158618210617211,0.7606860313176282,0.8803643069161188,0.8500255021958232,0.8599046442650563,0.8933734204341249,0.8254818952246307,0.7985710726817149,0.7933303983940542,0.7454996414995051,0.8429522760813791,0.7924125071993311,0.891183208616654,0.8546068127901382,0.4347320171347724,0.9157714799448949,0.9154728692552104,0.6008898864281244,0.9721880844206663,0.8660330613695635,0.9419730284663422,0.49934932882319766,0.921125004605656,0.8151116316585537,0.8328420262632684,0.831328136102193,0.8771406992714414,0.9036886904728254,0.9080247213541366,0.8611800596818364,0.9217415796395689,0.8524089528770737,0.8592484521171275,0.15399994832062333,0.30630712957611117,0.9624766878571949,0.8493749320524799,0.8428979382319194,0.8614117102367133,0.8708944325954181,0.9497686976741949,0.78570319952169,0.7682056367614516,0.9655909584879813,0.9026873732419737,0.8775344470376403,0.46895846800145097,0.6461734200538324,0.9100189675740309,0.8996906768256128,0.8955635778632063,0.9158227702150483,0.9155735894367696,0.9159174606412444,0.9145307405630868,0.9150514718397713,0.9152944268120735,0.9155504249648807,0.9149017110005025,0.915411547489504,0.8357948736929496,0.8495506701969213,0.9155855642554027,0.6614283315006941,0.9155615448640088,0.9154225422647664,0.9150776543190103,0.037097209353226385,0.27615103386630996,0.9089059885221029,1.0
