patient_id,UCSF-PDGM-0004,UCSF-PDGM-0018,UCSF-PDGM-0019,UCSF-PDGM-0020,UCSF-PDGM-0021,UCSF-PDGM-0023,UCSF-PDGM-0024,UCSF-PDGM-0031,UCSF-PDGM-0033,UCSF-PDGM-0036,UCSF-PDGM-0040,UCSF-PDGM-0042,UCSF-PDGM-0043,UCSF-PDGM-0044,UCSF-PDGM-0045,UCSF-PDGM-0049,UCSF-PDGM-0050,UCSF-PDGM-0053,UCSF-PDGM-0055,UCSF-PDGM-0058,UCSF-PDGM-0061,UCSF-PDGM-0066,UCSF-PDGM-0070,UCSF-PDGM-0073,UCSF-PDGM-0074,UCSF-PDGM-0079,UCSF-PDGM-0084,UCSF-PDGM-0088,UCSF-PDGM-0089,UCSF-PDGM-0090,UCSF-PDGM-0092,UCSF-PDGM-0093,UCSF-PDGM-0095,UCSF-PDGM-0096,UCSF-PDGM-0101,UCSF-PDGM-0102,UCSF-PDGM-0103,UCSF-PDGM-0105,UCSF-PDGM-0108,UCSF-PDGM-0109,UCSF-PDGM-0113,UCSF-PDGM-0116,UCSF-PDGM-0119,UCSF-PDGM-0121,UCSF-PDGM-0122,UCSF-PDGM-0124,UCSF-PDGM-0126,UCSF-PDGM-0127,UCSF-PDGM-0128,UCSF-PDGM-0129,UCSF-PDGM-0130,UCSF-PDGM-0132,UCSF-PDGM-0135,UCSF-PDGM-0136,UCSF-PDGM-0137,UCSF-PDGM-0141,UCSF-PDGM-0146,UCSF-PDGM-0150,UCSF-PDGM-0151,UCSF-PDGM-0155,UCSF-PDGM-0156,UCSF-PDGM-0157,UCSF-PDGM-0159,UCSF-PDGM-0160,UCSF-PDGM-0162,UCSF-PDGM-0164,UCSF-PDGM-0166,UCSF-PDGM-0167,UCSF-PDGM-0172,UCSF-PDGM-0178,UCSF-PDGM-0179,UCSF-PDGM-0183,UCSF-PDGM-0185,UCSF-PDGM-0190,UCSF-PDGM-0191,UCSF-PDGM-0197,UCSF-PDGM-0198,UCSF-PDGM-0201,UCSF-PDGM-0202,UCSF-PDGM-0210,UCSF-PDGM-0214,UCSF-PDGM-0223,UCSF-PDGM-0231,UCSF-PDGM-0232,UCSF-PDGM-0233,UCSF-PDGM-0234,UCSF-PDGM-0235,UCSF-PDGM-0236,UCSF-PDGM-0238,UCSF-PDGM-0240,UCSF-PDGM-0241,UCSF-PDGM-0242,UCSF-PDGM-0243,UCSF-PDGM-0244,UCSF-PDGM-0245,UCSF-PDGM-0248,UCSF-PDGM-0251,UCSF-PDGM-0252,UCSF-PDGM-0253,UCSF-PDGM-0254,UCSF-PDGM-0255,UCSF-PDGM-0256,UCSF-PDGM-0257,UCSF-PDGM-0259,UCSF-PDGM-0260,UCSF-PDGM-0261,UCSF-PDGM-0262,UCSF-PDGM-0263,UCSF-PDGM-0264,UCSF-PDGM-0265,UCSF-PDGM-0266,UCSF-PDGM-0268,UCSF-PDGM-0269,UCSF-PDGM-0272,UCSF-PDGM-0274,UCSF-PDGM-0277,UCSF-PDGM-0280,UCSF-PDGM-0281,UCSF-PDGM-0282,UCSF-PDGM-0283,UCSF-PDGM-0284,UCSF-PDGM-0285,UCSF-PDGM-0298,UCSF-PDGM-0302,UCSF-PDGM-0303,UCSF-PDGM-0304,UCSF-PDGM-0305,UCSF-PDGM-0307,UCSF-PDGM-0308,UCSF-PDGM-0317,UCSF-PDGM-0320,UCSF-PDGM-0327,UCSF-PDGM-0329,UCSF-PDGM-0330,UCSF-PDGM-0331,UCSF-PDGM-0335,UCSF-PDGM-0337,UCSF-PDGM-0339,UCSF-PDGM-0340,UCSF-PDGM-0341,UCSF-PDGM-0342,UCSF-PDGM-0345,UCSF-PDGM-0346,UCSF-PDGM-0347,UCSF-PDGM-0348,UCSF-PDGM-0350,UCSF-PDGM-0351,UCSF-PDGM-0352,UCSF-PDGM-0355,UCSF-PDGM-0356,UCSF-PDGM-0357,UCSF-PDGM-0359,UCSF-PDGM-0360,UCSF-PDGM-0364,UCSF-PDGM-0366,UCSF-PDGM-0367,UCSF-PDGM-0368,UCSF-PDGM-0371,UCSF-PDGM-0374,UCSF-PDGM-0375,UCSF-PDGM-0383,UCSF-PDGM-0386,UCSF-PDGM-0388,UCSF-PDGM-0390,UCSF-PDGM-0391,UCSF-PDGM-0391_FU016d,UCSF-PDGM-0394,UCSF-PDGM-0395,UCSF-PDGM-0396,UCSF-PDGM-0396_FU175d,UCSF-PDGM-0398,UCSF-PDGM-0399,UCSF-PDGM-0409,UCSF-PDGM-0409_FU001d,UCSF-PDGM-0413,UCSF-PDGM-0415,UCSF-PDGM-0418,UCSF-PDGM-0423,UCSF-PDGM-0425,UCSF-PDGM-0429,UCSF-PDGM-0429_FU003d,UCSF-PDGM-0432,UCSF-PDGM-0437,UCSF-PDGM-0438,UCSF-PDGM-0439,UCSF-PDGM-0440,UCSF-PDGM-0442,UCSF-PDGM-0444,UCSF-PDGM-0445,UCSF-PDGM-0469,UCSF-PDGM-0473,UCSF-PDGM-0474,UCSF-PDGM-0475,UCSF-PDGM-0476,UCSF-PDGM-0477,UCSF-PDGM-0478,UCSF-PDGM-0482,UCSF-PDGM-0489,UCSF-PDGM-0491,UCSF-PDGM-0504,UCSF-PDGM-0524,UCSF-PDGM-0535
UCSF-PDGM-0004,1.0,0.5675779357935669,0.832876534558344,0.9361530639818665,0.9027051737005871,0.9678019716547375,0.27826196523462415,0.46035640117849985,0.4959528401639149,0.5327349421312307,0.483065131698646,0.5396387861129383,0.3420958557642501,0.5138010482248366,0.5050760286763861,-0.2535562330361847,0.8747001526996334,0.43162736747516495,0.9300669037038545,0.9342006491766381,0.17382565856993226,0.542927443524816,0.35210458597178074,0.8945546755253058,0.5064932227576763,0.8937612051497987,0.49517281370952776,0.5564047291495386,0.2754538793208182,0.32751014185797095,0.5454270673052704,0.7769978829858515,0.9474896060655729,0.45294941126472166,0.5405767084874126,0.49888237026556426,0.4860202123480048,0.27565258442176005,0.5354239468552036,0.545084947721902,0.9086503092558796,0.4891744752914614,0.9579728021634106,0.516377116699347,0.5477190275643535,0.44170103238349,0.8969069504165998,0.44320695713181973,0.4233301942693489,0.9225877204843795,0.4643322120307133,0.5539766640572495,0.53272867107992,0.4862596194641658,0.9331719606813612,0.48182950114337464,0.5274022313867368,0.8669527396350057,0.5295420257263472,0.9118078498844334,0.5343763665561329,0.212960499059829,0.48420204796934185,0.9276728052651391,0.5504509978364192,0.51325832199814,0.4844978738185923,0.5088045035751225,0.4151285883141188,0.3603886061057005,0.5032298173418297,0.22946019126591727,0.4926628711471661,0.5536603340388518,0.5508768144940215,0.2918423227548501,0.3713325350499934,0.4941430287565645,0.5038750990271561,0.4868269684412189,0.8239453814636113,0.7852276980828066,0.5440208620111496,0.5450576435868757,0.5595943439326342,0.5429633663347118,0.5444287419303675,0.5413959656389168,0.5455674634663108,0.5460093533412813,0.5402625696841067,0.8965313697787582,0.5459556214235205,0.5440193776494064,0.5216706778933795,0.5589220454646509,0.560852231194728,0.8974972191336926,0.5328386666919036,0.5574772604512114,0.5461533773242572,0.5551885716219106,0.5612502269287102,0.5573355489666084,0.5468364809494766,0.5624210313075307,0.5493862900202832,0.5422279194592137,0.5612903183494794,0.5613132841191192,0.5400434584183699,0.55699868761121,0.5504050733016812,0.5601505043462901,0.5456546297747762,0.5416680667530267,0.34270812351976215,0.560293917804858,0.9045941612905076,0.42878571101203816,0.915101550082518,0.5228387038385671,0.5447979659802061,0.5444630575419758,0.47380183063857517,0.9063472820467787,0.5458727454933056,0.5458586768216167,0.5466459118327662,0.562589853016597,0.1977130759276385,0.5388138959621361,0.2917339752120249,0.476920669053388,0.8872038064055073,0.4945499612539646,0.9274736654632779,0.5049509113148286,0.9707646801120571,0.5196845046282426,0.45047488685733994,0.5232492421458175,0.6367847600624686,0.5279077537293912,0.5493880022898907,0.4763675848700692,0.5557811694383136,0.5622462241898203,0.427988430387218,0.9337448761981256,0.5558013339256289,0.9104240515244433,0.19435767928535813,0.8628992253358229,0.500899191711762,0.5553074707134874,0.46720591103997083,0.5479781755254051,0.5500431019921742,0.529213082013276,0.5499608290028247,0.9222308944399741,0.5370836029721617,0.41031507338022566,0.2411376595536242,0.29273775710761923,0.9450069489261973,0.5412906742653465,0.5518037915169508,0.5279987458968783,0.5355664637760812,0.8495261884643469,0.4993647254096753,0.4541958907617703,0.8327818579997621,0.5433001308493245,0.5638085971606869,0.4108706562890102,0.3623768041636942,0.5422836957593462,0.5403702071148504,0.48974342988456027,0.5577209246511148,0.5455442591488721,0.5412220119104005,0.5084625172502787,0.527868244381874,0.5372217183728094,0.5445062049223722,0.5170227620805117,0.5417784246883178,0.525170499325113,0.2502790743739621,0.5461096818440265,-0.16166766805496277,0.5450002942343084,0.5205986350103892,0.5288683867571126,0.3089078498980802,0.24072046754206786,0.5475607059428453,0.8894563167422259
UCSF-PDGM-0018,0.5675779357935669,1.0,0.36699448095817183,0.6289610387278707,0.6371210103211575,0.6083012152540437,0.7564457857953021,0.9034304040717265,0.9357496182937353,0.6092647205387414,0.93447954403424,0.9872686685318122,0.4123018320826277,0.9510637552350534,0.590094299303406,-0.22464507943232656,0.5567414249966415,0.8688729752002413,0.6372316465830036,0.6304915722849904,0.5605413181929731,0.9759492144680549,0.817073718915461,0.6290833802156647,0.9500615445542452,0.5320829820697281,0.9537917609629099,0.6434298520644547,0.68693201088509,0.783328440328558,0.9605244545860175,0.21716010546521167,0.6383793294554463,0.9254220905765236,0.9559696809008689,0.9577626786469488,0.5669778136485701,-0.1955107339660518,0.6126533861534667,0.9911648964813163,0.6065701470223579,0.9412083391601731,0.571009158765018,0.9783011498397884,0.6322583570518969,0.9037172491841023,0.5966505726911014,0.8761078748837039,0.5035341069216341,0.4349385828546815,0.9310745319800513,0.9529220839254186,0.9538886808259487,0.9183318901030675,0.4668961302763539,0.5490656433877867,0.9515480658442521,0.403567329038493,0.9485673384247028,0.5706782348899586,0.9610539589975315,0.19414045508746003,0.9306770821482323,0.5557439503748268,0.9601440866826244,0.9585618010835023,0.9390840303395828,0.9678293479384492,0.45465979322402766,0.8152190594851467,0.5712560678181554,0.2897327270003057,0.9405603045980437,0.6378243012622355,0.9892273447568393,0.3285109778293919,0.8251133920404401,0.914200692935494,0.5761275728635324,0.5477221319152363,0.4298754414002044,0.2769243395819419,0.9466362367665867,0.9475209130756638,0.9565074352139983,0.9455466725225296,0.9470134289272644,0.9421448692505414,0.947825031392523,0.9479281295912847,0.9442907267629967,0.6387717251484345,0.9531931237077265,0.9478476624502614,0.9160396171226185,0.9557235712554657,0.6442294099711318,0.6466333672329764,0.6180465599965778,0.9534033398361511,0.9478922157880777,0.6407887962616219,0.9582598555747003,0.9537750857397735,0.9513813058285512,0.6471635340707543,0.943592885084574,0.9447230968236106,0.9582975960547865,0.9583190751639262,0.9420809394895625,0.6437965232111054,0.6488809131304127,0.9571298071165237,0.6469260632976176,0.9421842419049009,0.39441056799252827,0.9572856542340513,0.6396620891737681,0.8544595893813199,0.6282513453597256,0.9186345017693142,0.9473246810062566,0.936722212114469,0.8986827339210519,0.6274411904198166,0.9479218518739347,0.9479195912587837,0.6283090342921037,0.9634880850942644,0.2475101773122424,0.9400195810347424,0.7716491487092676,0.9116391594959805,0.6161666042058599,0.9638353715293304,0.41487963331328875,0.9534524258991326,0.5852403674849974,0.9680802451681317,0.5157593218338103,0.9633646082851434,0.08980294292209359,0.95117577571005,0.9935752899303829,0.9170283874620128,0.6417445048216222,0.959073785405469,0.8827018392804393,0.5885224693777084,0.6400198887367742,0.593847066721553,0.6671358414721529,0.4004778749988371,0.9295341396547246,0.9541447799149808,0.5352665661950428,0.9575607925097235,0.964169764695543,0.5959794669424684,0.6332084414332685,0.6323814768647423,0.9759700683995457,0.8870127687468176,0.6851644206951544,0.7599149559054693,0.622879796775435,0.9521283681654441,0.9521381236387808,0.9239517546514762,0.9406672992481211,0.4640017956171061,0.922944411167696,0.8582688764350749,0.5287961295694769,0.9737876690871883,0.9729482459423426,0.8596800962082494,0.4223447647235928,0.9729059794870262,0.9709654303074595,0.9115111130372628,0.6451060811387708,0.9478143600300925,0.9420780131861636,0.8822296738032185,0.6029581205320235,0.9261907147340033,0.9470813992717906,0.909024866039876,0.932863325731437,0.6161527186488344,0.7053695088276034,0.9479091720754939,0.10434850476724296,0.9474794854701434,0.9152031778326246,0.9136791113084342,0.18210756711739248,0.6981666046795184,0.9640406652698941,0.6223522330526139
UCSF-PDGM-0019,0.832876534558344,0.36699448095817183,1.0,0.8412086604889997,0.817513449623341,0.77855546696407,-0.09989731759493202,0.27239232359462645,0.2998316488782675,0.3775863351179168,0.2865226384587333,0.3181793830015982,0.044685097945520925,0.33090644317068135,0.3462557926393983,-0.3020398555334865,0.9107051430421393,0.12491053709447884,0.8488169643196387,0.8180763444992425,-0.012847006138984839,0.36594056425767235,0.10116480972034814,0.8191505138764438,0.22843507040145164,0.9209828251445045,0.28340313838584646,0.4444363922780866,0.07907891494560702,0.1018167685796391,0.41030000237988484,0.6788434130018658,0.7744912525075617,0.20779408355184964,0.40227829956776856,0.20271397574559522,0.3083868415774085,0.2361063564825433,0.42908471670688036,0.30850715795085765,0.8179144518870461,0.28197709046778135,0.8063755297539582,0.27507091973103626,0.4159242051414469,0.16218944906486849,0.7709409705045692,0.2719181161503519,0.1887798364690634,0.9280008283287863,0.23163426210927984,0.4421877562932638,0.38918745031551844,0.2860833915306782,0.9210759572682015,0.38731698121476166,0.37727919772224094,0.6320392320846884,0.3627501908242294,0.9071547405676608,0.37186619178962416,-0.10427270596944578,0.29195844881708455,0.9483493136159357,0.41564012787691523,0.32121826820327337,0.26326061617217345,0.2762258856614852,0.23864809143298196,0.2954152921831987,0.36752661664207287,-0.07618848507999403,0.2882557899535753,0.4442625643969743,0.32760442834401254,0.3384056905680514,0.04608453530951928,0.3107267821803449,0.332695413391568,0.3773671927833492,0.9523302129058987,0.47315281588829117,0.43123109127328163,0.43167166655630373,0.4506497563085123,0.4307040807192762,0.4314165065055026,0.4289096830562052,0.43183402811942045,0.4319082010378726,0.427146773093469,0.8189278256214952,0.4242825400107513,0.42946552101322183,0.41695416179421785,0.4502899644590462,0.45127122987764207,0.8170901258788602,0.35895302377570076,0.4486912328021911,0.43190354916836105,0.4476076843196769,0.45144730415375145,0.4493918428476706,0.4280104720715164,0.45185091051839765,0.44416933840542344,0.4303102687769061,0.45146428299445174,0.4514739394813484,0.4290593004398092,0.4484948758631587,0.3855182706881636,0.45093442733271166,0.38306707852833705,0.42894586525891754,0.30757426178896197,0.4510055266588406,0.8259645853346217,0.23131786914070449,0.8397709283951228,0.3939007770942677,0.4315718292623035,0.44097244563493165,0.26950480373112773,0.8217241350511224,0.43189588435773324,0.43189394658375635,0.4402250281541178,0.4450168203315526,-0.14021945909564865,0.42784256028843887,0.03445153681695416,0.2777286310752776,0.8118271494665331,0.2546569384937953,0.7227467191533283,0.2899735007175215,0.8796030908171503,0.27989843090652444,0.4128202743885864,0.288629744232123,0.8550571823438743,0.370992617063579,0.33941833404452704,0.16419088675456173,0.4479161768124649,0.4518076271910734,0.15558933369439198,0.7583940834295814,0.44454286132917026,0.8428307924476659,-0.08197670900427312,0.6570429170742894,0.291985579726623,0.44237850665351014,0.2985115902356274,0.4201438763909932,0.41163171065353027,0.40071252314913897,0.4309994970039818,0.8431047292774563,0.32186127580679436,0.19102474639742556,-0.10648540271534133,-0.05725090606336171,0.8646455962023449,0.41042967288778615,0.4359590874888299,0.40638270782360947,0.41605448491025443,0.9500704245297263,0.2787762617097641,0.2627600341005785,0.8945837560050252,0.37499942390095636,0.40862662280252676,0.10395218889902587,0.10957602399486567,0.37574368169708194,0.3777358486850556,0.34423812878541504,0.4487806717294119,0.43182795301153937,0.4288693278092003,0.4154942597925317,0.4295045258270307,0.4360598647647583,0.4314502002517516,0.4137148144456022,0.43917367255488976,0.4478748242302542,0.056573086584844764,0.43190747360645954,0.1395656555825054,0.4316504096580168,0.41625551385618714,0.4302135543645502,0.1452919162650664,-0.07473964363132057,0.40599015721569714,0.808481046692855
UCSF-PDGM-0020,0.9361530639818665,0.6289610387278707,0.8412086604889997,1.0,0.9943081140358706,0.9511927224174452,0.24932941445169288,0.5688421016101851,0.615392044176878,0.6549950232667987,0.6061376099375335,0.6101770806252282,0.33288204107453717,0.6368774021463197,0.6468421547469132,-0.2551030590193887,0.9677264555262164,0.40455799000147036,0.9985837900704085,0.9959938736420836,0.2773576920184763,0.6466030863914107,0.44911962017056967,0.9936087465182794,0.5395037414217497,0.9651623394810389,0.5903440304051113,0.6973653979566509,0.41060870911709696,0.437584910178548,0.6781396325570057,0.7487395709930003,0.9657094965508775,0.5519416590810136,0.6812723299427639,0.499386068542965,0.6229992785302276,0.22408694388519754,0.6936705951964904,0.5761536106271383,0.9919049207149235,0.5972521048899332,0.9576976232317177,0.5864051592843885,0.6886065831274284,0.4790741789702189,0.9784346872581147,0.5892386779441454,0.5265989703720056,0.9125749900944492,0.5575183615279071,0.6996267753106078,0.6725496198657646,0.5989445864198798,0.9550075588141183,0.6442684638667402,0.6676957407837903,0.7385532787410436,0.6543012137736277,0.9763959511356942,0.6628964493463394,0.16954948693036181,0.6061034466484216,0.9587584175373874,0.6867154740041977,0.626645024001562,0.5830833753942202,0.5646482145349175,0.5371569766018547,0.5300521731612745,0.6397428361106724,0.27228791745207126,0.5933135462540735,0.6999506744605902,0.6063550992888959,0.42564843180717765,0.39783887433395787,0.6141899970391063,0.6258036416474394,0.6293942469629821,0.9085184499626254,0.6638649865250394,0.688703113186432,0.6875918863371423,0.7020453857341648,0.6893430073559722,0.6883427966789715,0.687115148538572,0.6867003612417056,0.68550451651124,0.6885282639828159,0.9928688711772418,0.6845875937034251,0.6866234849060745,0.6822746132184797,0.7022477004537938,0.7013691310210891,0.9862919108922524,0.6455825637199479,0.7016978122522791,0.684931497698242,0.7032181612139633,0.7010367807790321,0.7024425187053129,0.683839884003132,0.6994006117720019,0.7030612784993512,0.6896144958537026,0.7009989392655864,0.7009768616421003,0.689904365521472,0.702191046965552,0.6716717282669602,0.7018033541202525,0.6734182379329733,0.6863123629359481,0.5130116319600427,0.7017276598694758,0.9948970318027637,0.4832720942542896,0.9945442466732397,0.6712653091469887,0.6879370340539972,0.7013066879539248,0.5806344271521413,0.9854737036330702,0.6859416782146519,0.6859824445512824,0.701064624427091,0.6976850929165721,0.18861384509507803,0.6901006530522455,0.38396533446323994,0.5939643006615314,0.9902811510392543,0.5655038022927866,0.8669741258684864,0.5926562788608296,0.9587732255164546,0.5829771498901433,0.5891997957780044,0.5949757935808879,0.6745366174803563,0.6656093392878768,0.6165273206429819,0.4359094641808977,0.7029865910520633,0.6997426534220044,0.488807808854954,0.9704300409004081,0.6952088479855906,0.9928578522465851,0.24611206562714802,0.8507123531917696,0.5408698240363589,0.7011876669011988,0.5767030887791296,0.6814924766076682,0.6753460803369068,0.6594256971614101,0.6918071969965066,0.9989410855415408,0.6148409085493391,0.5332103624848115,0.15449840798211634,0.2838266911855957,0.9961298414669665,0.6813388656525458,0.6995346710660687,0.6699855092557642,0.683378990829916,0.92406758270655,0.5131829226149806,0.45902931960894566,0.9461081197730326,0.6499225474101674,0.64253793606729,0.3932760442346527,0.4393166208372623,0.6596171770542169,0.6622439899961015,0.6398645062844588,0.7013855524735261,0.6867492969148835,0.6875181278219373,0.6762843023220761,0.6913767214790385,0.6975049920522454,0.6882647061974869,0.6792191535855806,0.7000278240245064,0.68542883733025,0.3670569657195298,0.6851213225683633,-0.14624293200177127,0.687673146558258,0.6851828346276957,0.6920789028257731,0.18668972594133262,0.26895751999728357,0.6748859689891248,0.9860253278752631
UCSF-PDGM-0021,0.9027051737005871,0.6371210103211575,0.817513449623341,0.9943081140358706,1.0,0.9376946502029629,0.2570850702649986,0.5923683841004274,0.6381948922532126,0.6804573506098357,0.632330435923894,0.627783837298292,0.34319842963335856,0.661198136401022,0.674739883571237,-0.23944680534672022,0.9696690341152157,0.3888248260452563,0.9942087217741641,0.992475956895564,0.30000396559550213,0.6714129517011804,0.47378790748893646,0.9977070057396316,0.5524858862108764,0.9595042274037341,0.6154582612305844,0.7243818465031169,0.4295173968049792,0.45398918050393416,0.7029658089254254,0.7359875908955041,0.9622097218446543,0.576911823910865,0.7054245894890165,0.5045152270225463,0.6486743233602472,0.2211174929223813,0.7152271689394127,0.5786219799772291,0.9935723218539978,0.6179572497507101,0.9374100817248695,0.6052714317048207,0.7139250268498989,0.5037469612165628,0.9810560857867431,0.6113380929866777,0.5552902580062478,0.8919612627505188,0.5835319368561859,0.7207191450432764,0.6946006849570564,0.6190134111315084,0.9349573431538075,0.6686101378923937,0.6923276404379543,0.6955779128152655,0.6748111138464014,0.9655317106593077,0.6841215380068472,0.15843982819005822,0.6237452605431116,0.9446302130881951,0.7064124818443734,0.6544874338553384,0.6087068783555866,0.5676048709186523,0.5508045860438208,0.5605197020684328,0.6653433899044874,0.29567685197746024,0.6037201531850294,0.7256162692942696,0.6131920272364884,0.4453221405034832,0.4214440415146748,0.6323510464220445,0.6522882350507442,0.6560324321692197,0.9076774953958208,0.6327101397117222,0.713036966835832,0.7124264840605109,0.724420964109468,0.7132586333841172,0.7128592409581923,0.715597871494568,0.7118458856181823,0.7109988573479004,0.7120403248127467,0.9996482902689056,0.7090674494362446,0.7114961816908082,0.7015096709890857,0.724392191599166,0.7242352151357407,0.9952085276809133,0.6712965446916719,0.7281056000358963,0.7105738824566672,0.7286988416643122,0.7240811777431515,0.7240968726061382,0.7091409128498478,0.7230981420536935,0.7269377285394453,0.7132717924663805,0.724062150192938,0.7240509281073306,0.7128911890254691,0.7283723597426344,0.6981516914673511,0.724384680063471,0.7029741840231918,0.7150137685134896,0.5387440650484521,0.7243646344030528,0.9995287561911231,0.4704912253971266,0.9966059061914965,0.6897940085252818,0.7126336855921258,0.724123574223811,0.5982422578268478,0.9906405275205943,0.7113155354744051,0.7113446914017998,0.7243264002334668,0.720814679806053,0.2143182597474663,0.717332792491856,0.41124387240784605,0.6143475665569518,0.994440512791777,0.5868820747040737,0.829469215764188,0.6188725152145135,0.9341120566661231,0.6055758276889913,0.6196902103963845,0.6202173722408207,0.6589753307195678,0.6885757276113497,0.6291946154832893,0.4215341337665573,0.7286771714432521,0.723323579207406,0.5110798736832735,0.9662390917302106,0.721923651531928,0.9907365590001375,0.2617565972262319,0.8359344157426416,0.5393767998580963,0.7267203869251134,0.6069212919700119,0.705604854545339,0.699214778451375,0.6842935796172273,0.7177391020899229,0.9958134597658953,0.6376148245547945,0.5646889360529052,0.1388370676046148,0.3021644946729651,0.9837894460727435,0.7095763999516047,0.7239851436045442,0.6822633493015743,0.7079208618901006,0.9134498209334917,0.4973333918399979,0.43769186597142756,0.9550518469033802,0.6737846114288406,0.6397140171553396,0.393276001405214,0.46802518164777823,0.6832589538662551,0.6864529091605314,0.6639625753226603,0.7279200208765353,0.7118791026778903,0.7158806702494601,0.6936212257630205,0.7113691233954407,0.7189905389054534,0.7128176384157783,0.6977160509846846,0.7223268457686508,0.7127364877448086,0.40098930170432606,0.7107157971802404,-0.15122428985043754,0.7124763352229475,0.7082170224145904,0.7122222382495773,0.14977294044020195,0.2955104771219367,0.6974231232728876,0.9946095856151591
UCSF-PDGM-0023,0.9678019716547375,0.6083012152540437,0.77855546696407,0.9511927224174452,0.9376946502029629,1.0,0.34943812241811306,0.5502124571892312,0.5607965872929846,0.5744876981993604,0.5433648360726694,0.5904052211649022,0.40357016162118076,0.5728271745546482,0.5700175138798336,-0.20805211274889715,0.8935710257725419,0.4516053891785385,0.9442695649985438,0.9617489497461018,0.2762606192433715,0.5955654012081865,0.4084319881764067,0.9244790458798925,0.5769241062176934,0.8943096688671319,0.5466751287658697,0.6064808332998043,0.31996974346416446,0.3753989714368592,0.5911816837569591,0.8021997970942328,0.9859928192827268,0.5357512605034724,0.5917934440715894,0.5492367038917124,0.5480828400167861,0.34359749568805636,0.5810254315487117,0.5720772025211106,0.9265178196693158,0.5569615074406639,0.9754105346976568,0.5807338361045998,0.6001523901755464,0.5321122742865089,0.9292389546956559,0.4985681214211141,0.5026482397338035,0.8961621231588552,0.5247004272725043,0.5986588993636884,0.5801931861934997,0.562578040647795,0.9030506663438026,0.5136682084340275,0.5844235090077321,0.8751265702927878,0.5893142787591912,0.9151368226036307,0.5828835380937304,0.22229106908426532,0.5365918612907117,0.9143369825797331,0.5992341451434624,0.577252320692724,0.561222257410827,0.5501994293930894,0.43185868740881483,0.3867045055205441,0.5370769321085213,0.3189246764780104,0.531234004274818,0.6018825845778399,0.5965734285431261,0.2767168165822949,0.4508937881570602,0.5605425644619437,0.5457807836784667,0.5080820335603143,0.8197528943398202,0.7877107266693908,0.5844896167092231,0.5859543834608155,0.6048732572016678,0.5830670290786497,0.5850547452018622,0.5874655117766636,0.5867246142548173,0.5874534663991516,0.5800967590849134,0.929820853045739,0.5878020799512955,0.5849702881552046,0.557311559746233,0.6040009631165361,0.6065467918073216,0.9325563494109981,0.5874523313919384,0.608132772253219,0.5877175480061904,0.6050756871194042,0.6070927805742511,0.6019818614306477,0.5886440104157383,0.6087906215306127,0.597836157395879,0.5821027956608381,0.6071483872377951,0.6071802964672371,0.5793135527367266,0.6074711994943864,0.6187100720610819,0.6056052600141372,0.6183660619993807,0.5879126574644908,0.3539491203905096,0.6057958661783932,0.9341008932197646,0.412645839159849,0.9348300061389806,0.5719610189509323,0.5855778370307856,0.5918998971519429,0.5468696267600741,0.9274363265117381,0.5872183783586039,0.5871947835948698,0.5944470208470468,0.6098410714995359,0.2686426932046247,0.5838352230120483,0.3499561804652457,0.5408564134552488,0.9149581222401181,0.5701825079369494,0.8978753743537314,0.5739161969845793,0.9327493883873117,0.5825246902528017,0.47216884433988027,0.5899650375515277,0.5754236474176367,0.5821825637967296,0.5886147185974073,0.4989713088364161,0.6058466018874328,0.6085235152420483,0.5155096777282562,0.9737722848162275,0.6031181417406579,0.9181294398085741,0.2530042441651253,0.8764724205499916,0.5419698970945174,0.6064251200628534,0.5055838545141503,0.5893759247032919,0.5921970190014997,0.5613730342552388,0.5968807052140149,0.9391478107956963,0.5921015025964765,0.4953498240459764,0.26276612893790113,0.3796710740932321,0.9446290019836158,0.5913874195488442,0.6030961555366617,0.5673587065526517,0.5779534037896616,0.8390568930995509,0.500479489992508,0.4148740520224808,0.8617678981817198,0.5927260440606127,0.5817540903071395,0.4894585937958441,0.41757192801432247,0.5930779253082125,0.5926325040575615,0.5314763690632743,0.608477394691485,0.5866883474777986,0.5871942365251684,0.5500442459345893,0.5724018150697607,0.5833240202757896,0.5851634707026154,0.5519084298676087,0.5887038756550781,0.5791212924526972,0.3437248741756553,0.5876351154449119,-0.25826071956462765,0.5858704949711893,0.5616621726136228,0.57356372537894,0.18936456669836738,0.31452912687023477,0.5891918013704388,0.917917191023111
UCSF-PDGM-0024,0.27826196523462415,0.7564457857953021,-0.09989731759493202,0.24932941445169288,0.2570850702649986,0.34943812241811306,1.0,0.7730945899797074,0.7877849779478289,0.29346703947632174,0.795023294770781,0.8056315777955179,0.3949255992598999,0.7653271159712685,0.31039885858518124,0.013637441282231651,0.10851858473608736,0.8901391715573453,0.2358746212521566,0.2831451458823416,0.5910463334240847,0.7389967853002726,0.8755367643213754,0.24500097399091436,0.8708730880752117,0.09968752219918865,0.8114062722222013,0.25330828149913953,0.7524119039753873,0.8330517815828489,0.6647908360987886,0.18926439933762199,0.3518617277189535,0.8694924269870126,0.6799641105591485,0.8951861853924685,0.3236080355073293,0.06211079261858119,0.24691778702558448,0.816240297731494,0.25244561067804566,0.8111755000396758,0.29202632913228255,0.8457644870078839,0.27889447879853957,0.9008904557203476,0.30329760575751036,0.7493958253426268,0.3909666737534089,0.089668054735042,0.8467453117241297,0.6250774508776384,0.6884439038726365,0.7885779238017179,0.11325684246935055,0.22216659788952034,0.7075215844939782,0.31481534050529286,0.7315744175403093,0.13349961841874486,0.7189008740505761,0.3266189640572829,0.7810376695822834,0.09729962730717368,0.6698956022966468,0.7801593960046919,0.8341178467765336,0.8277811860473798,0.28442800184826805,0.6453094654861626,0.2727736085119732,0.4226811979769821,0.7913898514386584,0.25077845243592095,0.800305572619043,0.019531829296554545,0.9473647266164189,0.7576405546744446,0.313780191795352,0.23315501634799413,-0.006534689463927904,0.40107722846468286,0.6234374467327448,0.6227641551911217,0.6166548791780607,0.6237451577890047,0.6232315885160138,0.622842351443344,0.6221680414638716,0.621326409522488,0.6247979067330913,0.24907448244843763,0.6399630448525323,0.6235551208492951,0.6146173485064895,0.6166753224818083,0.24391990511545136,0.2512428520573394,0.31665886009093624,0.6174308267432354,0.6209113554347285,0.24967710528977233,0.6162330355519894,0.616517831584883,0.6308456160208528,0.24471587950367765,0.6169096101175913,0.6238258862136767,0.6162130512960406,0.616201311925387,0.6236689851727748,0.25053042953596805,0.3108820780770029,0.6165836113837957,0.31648589324038867,0.6222710747775613,0.1349821589088919,0.6165555640850746,0.24669866007573774,0.7441259452671533,0.23450108760658622,0.6586392610815119,0.6229841119329582,0.6147036910251646,0.7904213425191629,0.24308300540464425,0.6216384143198112,0.6216672784738274,0.24671445096047154,0.6300733784765989,0.4645344896826227,0.6246954041745505,0.8799597950878971,0.7918726898584598,0.24425474983067552,0.8476565457305771,0.2890919984032177,0.8211331458465095,0.20393712000945383,0.8375756017066942,0.14643346058201795,0.819404917381181,-0.1795963797180777,0.7118816772153257,0.7860408355200308,0.8881247051697599,0.249955228697957,0.6154788384929248,0.9002295314841986,0.3514123081421298,0.2521169776504769,0.2171834015513645,0.8867161601747539,0.32808015704736476,0.7669725646258452,0.627256614791874,0.30541968740157827,0.6523693411011898,0.6724393949051123,0.26642932706819017,0.2589995802537373,0.23623028777430782,0.7949264413451412,0.8413319875319576,0.9034386127382895,0.9702253630142548,0.21931492058237786,0.6569004017583242,0.6356787502087792,0.6408350993588638,0.6500203561528362,-0.00011466636106344221,0.7721055479810789,0.7133919840421434,0.09151256597420057,0.7324275331407389,0.6589739579291429,0.8983076260411714,0.39781564184503065,0.7258751348956344,0.7190593474201615,0.700194608384485,0.2508755885910761,0.6222015924452793,0.6231226580706483,0.589662181967149,0.23712134590630246,0.6105667427191672,0.6231850734461164,0.6114632562096786,0.6132653986740456,0.2135278581696177,0.7808223149412515,0.6210495487255246,-0.05054442983668226,0.6228165990751074,0.6177580735045269,0.6050339657655616,0.058808261485347686,0.9298453032265488,0.6827571510030962,0.24720092073103078
UCSF-PDGM-0031,0.46035640117849985,0.9034304040717265,0.27239232359462645,0.5688421016101851,0.5923683841004274,0.5502124571892312,0.7730945899797074,1.0,0.9434932016588181,0.5457994339996664,0.930553350501658,0.9081909642381287,0.27773230934670223,0.9334739623824695,0.5948546492137523,-0.16936282532012342,0.5012007521181682,0.8301951441236802,0.5745901460622429,0.5768331352357342,0.7869775833539798,0.913155975797329,0.8554383747880897,0.5903148651197179,0.8805466098736756,0.4699675055356072,0.9029341806370885,0.582472911819407,0.7846947146471032,0.8556265470986258,0.8949897762497296,0.25205977279701014,0.5529621601921371,0.9555485788548794,0.914078689592495,0.8712557166943146,0.572347254488558,-0.007071042223464544,0.5866431057628715,0.8913287521007524,0.5579379343619801,0.9686957818652904,0.5623611505980228,0.9353565482007855,0.5853117196729356,0.9364765733441507,0.5581867875734379,0.914428485829327,0.5528969814282517,0.32004164414658504,0.9291890719952912,0.901359215685728,0.9138958294861093,0.9559514955625128,0.3948869423661574,0.5303997280072313,0.9293433002259535,0.4209858247394813,0.935142142821365,0.5064190327633625,0.9115413885758056,0.24974535849327456,0.9299697303875649,0.4726699326880907,0.9172712912976095,0.9401206482931685,0.9670910534882985,0.9459431126138805,0.4615005820536042,0.81288421817498,0.5377325916957173,0.4125005725456614,0.923130711463348,0.5862557675052358,0.9175810925429818,0.2773377330632209,0.8235569559516523,0.9385574173483343,0.5322914566311573,0.511016583376058,0.36651716129706247,0.2677506298075327,0.8814197678236972,0.8789023074377741,0.8956236651219839,0.8831328603753598,0.8805624590422098,0.8787037241083351,0.8770667742963408,0.874743105064737,0.8848242702843894,0.590161686185815,0.8863751364555958,0.8791980786640288,0.8830734867231922,0.8963586345596476,0.5810263273694131,0.5847140947043252,0.5541896851267222,0.8947957294676468,0.8736684014987002,0.589419753877289,0.8929297150942382,0.8976036225020781,0.8784632664554547,0.5783427213100278,0.9017728768368151,0.8840237382573666,0.892841247666689,0.8927898765536546,0.8857754000004149,0.5876720273616979,0.5756176142725802,0.8948863573732433,0.5834661506375703,0.877160593659455,0.38914839361236614,0.8946732296928701,0.587341510893529,0.8245944529617208,0.5667379043337626,0.9039138239619592,0.879648564411623,0.901550657735283,0.9419800474538688,0.5581427304872509,0.8755782990293928,0.8756569434730784,0.5898152497243501,0.8963918757861029,0.29926921637918474,0.8853389966259609,0.8297732145967135,0.9401719537187773,0.5839775413794912,0.9614554872198846,0.37879461679281373,0.9549410567497794,0.4995596165839425,0.9082030050422172,0.4674837174063744,0.8868519366926338,0.028843864928131745,0.9163387949608501,0.9089711825148009,0.8114062519637653,0.5889632926863698,0.8901188262809,0.9414073493350319,0.5647584484582786,0.5813130508962283,0.5440461789331323,0.8031037454398882,0.4357773644642281,0.9362111710730469,0.901038435180205,0.4960144245750988,0.8900921120288854,0.8952774776218232,0.5548719854897378,0.5769651464867394,0.578250378245792,0.8961457988255566,0.958124488403404,0.7209798531103876,0.8370107108243579,0.5581121552424558,0.8885995438362552,0.9070954290961919,0.9050026084182222,0.9032160009121261,0.40342963057811204,0.8766571427105613,0.7911195156912509,0.49333733209890146,0.9234037121618273,0.8646829693040614,0.9032397671026574,0.45156747102455486,0.9163393751243881,0.9175428107992957,0.8918464267388626,0.5865373428208555,0.8771647920984784,0.8794996727566089,0.8788475570629658,0.5855752526022213,0.8991129835580665,0.8803829128379772,0.8804412569117529,0.9008726472536062,0.5671110319152046,0.8825973963494435,0.8740221230555892,-0.03179562601717284,0.8790758361342385,0.8872376055313104,0.8945019593588391,0.06291302634490946,0.8042242112554027,0.903856563415883,0.5682212709350245
UCSF-PDGM-0033,0.4959528401639149,0.9357496182937353,0.2998316488782675,0.615392044176878,0.6381948922532126,0.5607965872929846,0.7877849779478289,0.9434932016588181,1.0,0.6102195247624224,0.9927696337160536,0.9583207078741935,0.3734075081579733,0.9955819047121172,0.6284182030668358,-0.15249760494278647,0.5464280169253244,0.8691261930240424,0.6146100006155887,0.630212988392166,0.6749740342557742,0.9567977909480537,0.9347647126991562,0.6447197008370998,0.9350401715823506,0.5177008272902025,0.9636567678979598,0.6253573464725424,0.8764842987606319,0.9244170142235122,0.9467424184988054,0.24034913032331465,0.6047531417768915,0.9855406849779738,0.974103618357762,0.9037187322395752,0.6171855431136505,-0.13643238957061085,0.6505505699405238,0.9315182544257644,0.6208223197033046,0.9950884120858633,0.5601351960140789,0.9691207191911653,0.6410970441252508,0.9106733912205173,0.6412671901259621,0.9827801256659676,0.5648338396753402,0.39006703676141313,0.9695761055449982,0.9534791527821591,0.9749749200415786,0.9903346789968325,0.4549885427798765,0.6112578594756924,0.9856455754841129,0.3432250127916806,0.9933713516323508,0.5464472075995621,0.9823447559963002,0.21171902294375378,0.9939399620639721,0.49385204351885437,0.9731682586743987,0.9822257660938248,0.9883724624694593,0.9576622862987298,0.5546988294339738,0.9223988210247934,0.6055451861274566,0.36541417665302833,0.9854701719507237,0.6343253785404005,0.9596373647914089,0.36592950101812394,0.8911446301456027,0.9903424404870733,0.6069908459520379,0.5825471639389627,0.4284443299699336,0.2800479607269672,0.936072840389333,0.9313736931786093,0.9417465334759791,0.9395457533319846,0.9344297133943759,0.9304737136063814,0.9281398883839476,0.9242052208713322,0.943674628012146,0.6392881969841289,0.9398040035963061,0.9320878178822446,0.9561029069176555,0.9434036882854843,0.624695688578398,0.6256010024436871,0.602654495192109,0.9388122311254317,0.9224326150758639,0.6368884959903977,0.9363041830669584,0.9465606710638687,0.9286606701933685,0.6184636170198238,0.955849856938016,0.9414968576190312,0.9361366258130662,0.9360395747127821,0.9459105247405368,0.6322225252640563,0.6170355764860753,0.9401765458631413,0.6272344304051122,0.9278838721195514,0.5002390456220112,0.9397362830453376,0.6341645396979743,0.8844020916341224,0.6129035971183939,0.9777056638786791,0.9327294088261143,0.959354882539668,0.983368781158878,0.6054075455940923,0.9256020801799109,0.9257345551622685,0.6457591522388615,0.9396790926526541,0.31224443738439683,0.9427133880920211,0.8758882414991807,0.996327034359951,0.64559502616833,0.9511154197362813,0.40983540042781075,0.9758344022666791,0.5177995451588735,0.956408466293435,0.5221775490525796,0.95269799857046,0.14064440559179225,0.9865639914923372,0.9527555921674082,0.8516953409903828,0.6355735602414582,0.9311975022786382,0.9527187079230282,0.6091469295484228,0.6240515677663894,0.6049635638748659,0.7767325855731688,0.43557535189696306,0.9043012990791486,0.9497739271718334,0.561971164679286,0.9441083903101469,0.9486656582286453,0.6144500263871693,0.6285999631909285,0.6239862326086019,0.9573588828719299,0.963608774424918,0.6485248672663451,0.8033411587338908,0.59685496312077,0.9460879166012726,0.9598235879698185,0.9637357756819507,0.9649413451552106,0.45576069440845335,0.8902274299800778,0.8255218463219323,0.5452779221489233,0.961421947490126,0.899041393076244,0.8356624985957832,0.5018072442427705,0.969465693304882,0.9679616474303832,0.9768716936673427,0.6295572053447817,0.9283094307646039,0.9318358217317753,0.9526102748429173,0.6517788081340575,0.9612681629640716,0.9340918166846025,0.9556713803376913,0.9604109066536007,0.6207109298974206,0.8046329974313563,0.9230131409480944,0.01691622654412412,0.9316865682566995,0.9598752104410305,0.9607120763174313,0.09229422898541594,0.7967904313395338,0.962089185218887,0.6248927646676175
UCSF-PDGM-0036,0.5327349421312307,0.6092647205387414,0.3775863351179168,0.6549950232667987,0.6804573506098357,0.5744876981993604,0.29346703947632174,0.5457994339996664,0.6102195247624224,1.0,0.6181976799261848,0.6195489777901316,0.7793011345868871,0.6373728720137006,0.9830348867265748,0.3269725112180532,0.5940535474568617,0.3702942134417661,0.663400105113057,0.6513575911910823,0.24233167044840612,0.6577364007593052,0.48989746273245754,0.677024592023847,0.541939537281039,0.5673205786471475,0.6187903934357738,0.9875638583752685,0.4219635974916953,0.44705972397217403,0.6778749899504642,0.25453313370896147,0.6311726747197863,0.5612156632434616,0.6710131840148637,0.5064469534926731,0.9775663354471783,-0.17907327419131672,0.9660521295533137,0.5663898509729657,0.6668731274284021,0.5882686096957153,0.5470468023622552,0.5943349557113522,0.9901864381988532,0.5065701109005599,0.6516083097532581,0.5800205735782783,0.9324431983755291,0.44673672240086737,0.5889486370849648,0.6754694297704348,0.6608665500704658,0.5761907871912789,0.506464594684009,0.969785523048836,0.6573415264719619,0.2944834502669117,0.6337172603559412,0.5811931534842976,0.6552643547495477,0.6410980681918059,0.5932914563644835,0.5572818536104854,0.6620703517427502,0.6409394544112441,0.5899093451259374,0.5346039918393688,0.9182628856414359,0.5495709561800305,0.9891781433328959,0.7276020693692049,0.5748226976165306,0.9868875847948231,0.5820901105228539,0.8673084856818556,0.4529789617297384,0.5864127066193547,0.9941126390106587,0.9812336920713125,0.4888063870347167,0.2649302306824807,0.6825598183410495,0.6837194085028195,0.6822730446927762,0.6813483054398358,0.6830204899493751,0.6904229784765791,0.6842695108248099,0.6847216639652903,0.678530371210379,0.6867507551055108,0.6813993949908774,0.6827295795678798,0.6557919661953203,0.681473042159179,0.9829894816948367,0.6920371881379672,0.9942821196912887,0.6909243866705929,0.6848583556411766,0.9842466399691102,0.6842338605096406,0.6795798693274657,0.6836583689124317,0.98327523012898,0.6813756825319409,0.6804956349804491,0.6842810821990292,0.6843081248948681,0.6779328963991649,0.9853371355748274,0.9816608940336315,0.6829334432588451,0.9836086616718834,0.6906769204776878,0.8993569797088746,0.6831034859231447,0.6830913334548244,0.4401494557587084,0.67362033731767,0.6377169680963696,0.6834328650393297,0.6754582329231802,0.5548741968503483,0.6820745235309112,0.6845858144860143,0.6845715759973682,0.9766144206734353,0.6830495221028698,0.6675086980514067,0.6876377552902281,0.4419227437344414,0.5826958722754184,0.6730090059540217,0.572781038758157,0.4158588572895149,0.6083152948364742,0.5876820392423692,0.6061674107433199,0.9643215581134393,0.6212232872570723,0.19242305764567022,0.6549850786541221,0.6153013207167879,0.41638385833499225,0.984670452074417,0.6854003328860624,0.5009320647002452,0.6078272931042749,0.9889157890100291,0.6519183080564758,0.28143037095384676,0.44668936855719865,0.48541359837004217,0.6872021790539049,0.981262061994699,0.6799182354507746,0.676720117142311,0.9945018170698104,0.9920776110251905,0.6642150216702568,0.6347034867473408,0.5534162590847265,0.16405910503791526,0.33510831309812084,0.638102369493546,0.6864486280702529,0.6816387963061202,0.6220776688717785,0.6751973198902852,0.4931086266584649,0.4545261201029484,0.4098914004308751,0.5821734434732957,0.6568978465489558,0.5897279462855447,0.36622376307940313,0.8909487928937052,0.6622702797682382,0.6637607533537426,0.6402859889252771,0.9855197510638258,0.6842449600371538,0.6902516985529096,0.6316818033490187,0.9503387101209091,0.666703897053072,0.6831074160794677,0.6501252263246258,0.6722180926844988,0.9738885611767717,0.3939579944614367,0.6848178155593573,-0.1559219205973041,0.6836564192252449,0.6658836593778319,0.6565620606723528,0.535749636482057,0.34585590105448416,0.6717856075053242,0.6878131494392371
UCSF-PDGM-0040,0.483065131698646,0.93447954403424,0.2865226384587333,0.6061376099375335,0.632330435923894,0.5433648360726694,0.795023294770781,0.930553350501658,0.9927696337160536,0.6181976799261848,1.0,0.9656652834314663,0.36789248513508815,0.996072869378608,0.6246985415014314,-0.15205833847279132,0.5319871489170415,0.8454652475108309,0.6069234684658913,0.6160629576427148,0.641529164126026,0.969979746560075,0.9509706420670376,0.6355342929582016,0.9220857499656507,0.5052342612831132,0.9842522155428974,0.6277471276711791,0.8780417737649998,0.9285921851305721,0.9611776929736318,0.25590258807028543,0.5936756550164713,0.9833897044673847,0.9778475302473723,0.9021775413681158,0.6139621268387354,-0.11831264422599058,0.637275745146487,0.933448128873144,0.621373534135542,0.9873972514007405,0.5322064683426834,0.9714421533363693,0.6366624213727391,0.9111038091943577,0.633072157529938,0.9792800372082169,0.5655479486305472,0.3813257990553496,0.9850663696042897,0.955268592211478,0.979405622887598,0.9689545192524873,0.45273131372015596,0.610698147206996,0.9864585658915556,0.3045522509072631,0.9811196718769052,0.5257009393575922,0.9851742136403498,0.2220807726318491,0.9901721761867901,0.47857415778200246,0.9695248669056497,0.9908770359351281,0.9846127179484788,0.9486176697318965,0.5555966627244915,0.9427219111964378,0.6158302470686963,0.376150859178656,0.9808353245783586,0.6329672516957858,0.9484651475786989,0.38319774626215153,0.8938554245843481,0.9682692236601302,0.6159646997317982,0.6008066995807878,0.4204813931192995,0.29210077678664537,0.9507994592041789,0.9476072179242206,0.947394162408705,0.9530364882609996,0.949702273180169,0.9485931501311329,0.9453249696025668,0.9424732294448223,0.9555798253368735,0.6351426854097658,0.9547630135517642,0.9481149231696859,0.9568831870382599,0.9483780807844631,0.6227408655188005,0.6274535847478772,0.6086640301779213,0.9476464852529212,0.9411653951934876,0.6339698469590398,0.9439352157112768,0.9501264563188468,0.9463350763205,0.6190804163083622,0.9573061501559609,0.9542339643824913,0.9438242331761646,0.9437598454058451,0.9567243205402748,0.6314385375945056,0.6153166632110566,0.9464286954196395,0.6257097577849522,0.9467022373606482,0.5106988845314259,0.9461527816354874,0.629638222127976,0.8841394113721722,0.6127540788750292,0.9637554952417178,0.948544733586952,0.9579442217849578,0.9574981145891157,0.6133333570552228,0.9434941392546733,0.9435904930221568,0.6368421594651132,0.9472302751779825,0.3374557678002868,0.9569837088561666,0.9103110844582714,0.9828602889866114,0.6369321565795046,0.955323062797605,0.40995285635457623,0.979139986949433,0.5152026679026841,0.9628889028735954,0.535880813949475,0.9593888525936902,0.14962658517430816,0.9860522769646115,0.9597139720651537,0.8373177618739295,0.6332861450997441,0.9404596466534558,0.9388621078319292,0.5964303745627706,0.6270819612095965,0.6033895004509722,0.8019014978494269,0.45011770461924955,0.8851998515475976,0.9554290200230001,0.5815503105969694,0.9586450072975988,0.9629133862512671,0.6213536080654511,0.6302385430775936,0.6143327635456507,0.9670672763896779,0.975116347542632,0.6598460273759413,0.8097942994081601,0.5841825456332138,0.9617142431978887,0.9618948429611781,0.9490688674198479,0.9724960670623071,0.4324172664276085,0.8739799775016578,0.8292968659613567,0.5294173402175091,0.9732587054220159,0.8940511308721362,0.8103142256619066,0.5201143484831394,0.9791070717104823,0.9779909685759736,0.9857622161733828,0.6298805008723434,0.9454461024366321,0.9495746694615482,0.9378897742200777,0.6343018012338069,0.9564071750826376,0.9494739538541165,0.9545999961409748,0.9576391107024388,0.6129214810611416,0.8296107265071994,0.941595165844754,0.07225269392960701,0.9478246621956531,0.9626007829788605,0.9525242260536316,0.10925216926421223,0.820447935767937,0.972362313667471,0.6301639710110435
UCSF-PDGM-0042,0.5396387861129383,0.9872686685318122,0.3181793830015982,0.6101770806252282,0.627783837298292,0.5904052211649022,0.8056315777955179,0.9081909642381287,0.9583207078741935,0.6195489777901316,0.9656652834314663,1.0,0.4326550676380354,0.97245190465738,0.5979648071306989,-0.18228396771042504,0.5320686281286585,0.8661187902490232,0.6156954243508431,0.6170890423499173,0.5704102361636461,0.9899598331785779,0.8787908154296471,0.6187287970130702,0.9639732246604994,0.5069421603201193,0.9851061130098977,0.63704616647114,0.7435290860601393,0.8301732601032242,0.9670680819042966,0.23542682160938466,0.6323330532710306,0.9565209577608327,0.963694493586633,0.9665433093319742,0.579162678070819,-0.1708159009426934,0.6048870768205141,0.9869506997810921,0.6052005345766359,0.9592807849732137,0.5423523202029052,0.9946843657215564,0.6302452847779582,0.9356203114661971,0.6043225633360644,0.9035340725075254,0.5322089244212821,0.4161187732304759,0.9705380164850774,0.9476359300109748,0.9613895057957472,0.9321213878043246,0.44711796307046053,0.5584577140499769,0.9629061670381931,0.361534990636293,0.9572430729670502,0.5338919504439003,0.9719844754709392,0.20951645658859155,0.9480906368884978,0.5144250506929104,0.9582561877164614,0.9837889226308258,0.9661784826597891,0.9613770942413346,0.47993634810536917,0.8589638038710301,0.5864818609339117,0.3339750995354839,0.9515663518853789,0.631046180917157,0.9826583783549947,0.33770311586582846,0.8881169998379059,0.9255725944061565,0.5980583716983473,0.566962453376509,0.4111255157645133,0.3049017745358944,0.9494510618887044,0.9505036502145475,0.9504289351571514,0.948223329629479,0.9498891582755974,0.9503208759936326,0.9509134803572077,0.951136580730785,0.9469529207917636,0.6299560670982394,0.9575730684153073,0.9509363929378349,0.9172723808984378,0.9495623086802855,0.6306126004877673,0.6385879803388046,0.6233098254651434,0.9527016302086805,0.9511520692282075,0.6321254316365447,0.9524291505010983,0.9474428587136275,0.9554001346522952,0.6339087867074551,0.9420367042622018,0.9473153014230989,0.952474046407665,0.9524996589040372,0.9444569392646511,0.6354045921003045,0.6429975714754993,0.9511262031496676,0.6462631093812035,0.9504283605288664,0.4208637539022331,0.9513025072392555,0.6282783446597653,0.8480095888562008,0.6170957504775059,0.9211130406227713,0.9502608804965954,0.9348396001382538,0.9136838860261425,0.622581221065731,0.9510886799454805,0.9510824181131515,0.6190977852187567,0.9589031398341487,0.3229904948657058,0.9478074854319066,0.8393253012298136,0.9350151551229459,0.6098538821171664,0.9781758526657055,0.40628738975003587,0.980249669717374,0.5544849181964707,0.9934707292098759,0.5271250682817672,0.9907259903375796,0.09259825645102111,0.9630364619613373,0.9971672999656055,0.908277753137559,0.6331605523959654,0.9534513339565946,0.9190340170369675,0.5912023067893227,0.6348196863709468,0.5853150631614689,0.721997227848929,0.4191462913005464,0.9049451523784724,0.9539136079587339,0.5683706885066482,0.9632495321705039,0.9717123473076277,0.606258680471212,0.630205075983703,0.6130758161689531,0.9971524090434938,0.9259272842737678,0.6981964584091466,0.814757391431881,0.5935655984591305,0.9633686471328397,0.952301563339654,0.9134387723463089,0.9502551166248576,0.4246687483279572,0.8957926434452251,0.8363140578349718,0.5127563282982885,0.9864717157329185,0.9362751142508254,0.8534937435677208,0.47773543120155915,0.9847870781381576,0.9819654917800327,0.9355192265215931,0.6368581691945168,0.9508974370118983,0.9502166215129209,0.8788729927337143,0.5926662614267425,0.9239193935117146,0.9499693432001135,0.9100438836689682,0.9308268283874621,0.605262928604234,0.7491467793802873,0.9511523590944221,0.08455337661391771,0.9504516071822031,0.9217014243068723,0.9110373074761173,0.16473841666033767,0.7779785321591894,0.9720095012488987,0.6223361710079418
UCSF-PDGM-0043,0.3420958557642501,0.4123018320826277,0.044685097945520925,0.33288204107453717,0.34319842963335856,0.40357016162118076,0.3949255992598999,0.27773230934670223,0.3734075081579733,0.7793011345868871,0.36789248513508815,0.4326550676380354,1.0,0.3792969530271993,0.7550936556016966,0.6264958103749222,0.23889145813774532,0.36663574482514993,0.32362579587317275,0.3657458663669594,0.02923062731372547,0.39247711072296737,0.33395653769971195,0.3284545691357773,0.4944554011677424,0.21848281849777662,0.39643956130309554,0.7172889132106249,0.22074166186323743,0.2632149616688468,0.3573804898935149,0.1404175196090271,0.445378252164923,0.38576162099913974,0.3585219096355253,0.46353733775077116,0.7775946627622438,-0.1256278846626584,0.6929549082186721,0.41218975218337245,0.3259185078915141,0.3523719049293533,0.30985152914292385,0.42638064712333407,0.7466483484175069,0.39929435508863326,0.3715479177461252,0.30448614142020225,0.8137137988300194,0.22684376788367783,0.3719277067608388,0.3358846136005728,0.3492430152630228,0.3642979369921879,0.19779310225141186,0.6885304253236388,0.35674797019990323,0.25730821010894134,0.3745968256217131,0.24836234546282304,0.3769297295659549,0.7273614115757278,0.34768737312828557,0.22041337733500235,0.3546539944199864,0.3829285195003688,0.3759077626848739,0.3475804120765755,0.7326798067139266,0.21646790830143656,0.7345353523749826,0.7588284050735238,0.34360691115320335,0.7113832567025863,0.420163554402308,0.6304370727984645,0.461934583267773,0.3582113380710274,0.7916500287146928,0.6900831165417988,0.13722332816043187,0.3062896397487438,0.33415562012864625,0.33677831380668866,0.34021207819404803,0.3318848994553302,0.3351244461948011,0.3418219950638796,0.3383507319600932,0.34006030662893294,0.32852695579979685,0.3402629196057839,0.3439682754484835,0.335967534912741,0.3025119384275828,0.3389280069434258,0.7134851509699861,0.35069079766765243,0.8084956533325739,0.34763273956744256,0.34076765630648564,0.7092136052247124,0.34380191061652,0.3361343958885089,0.34451666268204245,0.7158106747743211,0.33317042362385546,0.3304478845249219,0.3439000603533224,0.3439566193445731,0.3266027958658513,0.7117798091066652,0.7999518629456529,0.3413368277814716,0.7957976943184831,0.3429091716402986,0.6384225544922458,0.3416379781534768,0.33775390059108606,0.2239131866438457,0.3254220046941199,0.33696714854326965,0.33606666882480635,0.32647774326179574,0.3605042523439926,0.33540065508736255,0.3394765177320239,0.339419882144243,0.7009439340777341,0.35310110497259967,0.803720643035935,0.3351987253873598,0.2808422741377405,0.3562930338608995,0.32088035299347084,0.3842748125022428,0.2579540572913672,0.3862977968310328,0.2624195214166658,0.4505128221598689,0.6750794046136198,0.47495657266116054,-0.06581010918600239,0.37165084948128996,0.40769084678081047,0.4386229743273506,0.710045725199347,0.3465365928268367,0.39023323167895224,0.38728348589532857,0.7145529600038422,0.29379131698721356,0.16958464285076363,0.24530590561686103,0.287886720930314,0.34876697953275004,0.7865953038039,0.3500148849421905,0.3610289880777022,0.7275088118491774,0.7268469468377271,0.32159105327990883,0.44523452287924964,0.31383954354930693,0.2141506379043165,0.35119572933294874,0.3025538865609787,0.3633764134475465,0.3470569282900507,0.3070573727574419,0.3293880095942045,0.14355374576955662,0.2868715121449167,0.20534221522876434,0.22081555648214535,0.3731146788351845,0.342345595300662,0.35171000868209834,0.8164786240184833,0.38247049697903024,0.37683252047137467,0.32693245710214275,0.7128339876912911,0.33827231559848747,0.34121485763460796,0.28748090061133086,0.6725728574169205,0.3176294866715392,0.3353163572088755,0.2973394744643297,0.3230908916678386,0.7055117468349568,0.14343529611666395,0.34053996306702244,-0.2987633910988924,0.33661702290632495,0.30918744862448455,0.308271073377867,0.5063455885575823,0.28578036315790917,0.3585909061332711,0.3355203683354408
UCSF-PDGM-0044,0.5138010482248366,0.9510637552350534,0.33090644317068135,0.6368774021463197,0.661198136401022,0.5728271745546482,0.7653271159712685,0.9334739623824695,0.9955819047121172,0.6373728720137006,0.996072869378608,0.97245190465738,0.3792969530271993,1.0,0.6421071541826517,-0.17162557619985958,0.5713132225417319,0.8467354144078252,0.6390224995559968,0.6464567081683623,0.6363296408215062,0.9773639416318625,0.9236313323530112,0.6647362153887879,0.9309193508271872,0.5423101115971766,0.978797754665796,0.6556203312595161,0.8498774003423367,0.9032557717892674,0.9712912501364677,0.24752623994196837,0.6226484978081996,0.9770791673714421,0.9887391610806084,0.9061359602210369,0.6275188991986586,-0.15271657273429143,0.6651366223230324,0.9429946642858176,0.6442742715434642,0.9887083306579609,0.562880953357695,0.9748598360299655,0.662895812945389,0.9048745255028467,0.6541472976940738,0.9741408586841268,0.5670860420168353,0.4150594061700021,0.9750474993681848,0.9716316240248093,0.988473758645191,0.975708749572002,0.47865790093987026,0.6284620175566746,0.9948242360070118,0.3296170513050724,0.9928602966818819,0.5666377534884048,0.9938236161373039,0.20172710975092478,0.9903481489925463,0.5221461501813995,0.9846976696867112,0.9924326349993072,0.9837713169603121,0.9546679995401492,0.5575211751566835,0.9315345283445482,0.6289936694182908,0.3527251908203055,0.9823556688360632,0.6608747337561164,0.963131927974348,0.3941757360784515,0.8758715714346019,0.9770703978428052,0.6285853730954115,0.611550045762323,0.45635195077625845,0.27587976621163113,0.9622446208717353,0.9590406032252738,0.9643246512094505,0.9644868221652297,0.961143866913412,0.9589783811840636,0.9567477816940144,0.9538810136723447,0.9670785946171672,0.6640476011060662,0.9657485395693716,0.9595911372216925,0.9681611592086992,0.965313843546433,0.6528262612825124,0.6561441492168855,0.6287814856999067,0.9634637662534568,0.9525657418016146,0.6628491777643643,0.960840215554293,0.967067742583037,0.957530599399187,0.6490484938021217,0.9731508460395849,0.9656854905507497,0.9607282871479259,0.9606633477353405,0.968172230092758,0.6602509503640636,0.6431404995915289,0.96335299247621,0.6522671724522972,0.9570792119784705,0.5155596618350107,0.9630751567153055,0.6592284335330073,0.87898314251855,0.6411273374893778,0.9778517838095289,0.95998199450842,0.9737480896297563,0.9638096996585652,0.638301099975255,0.9549075043050478,0.955004373850554,0.665711836211599,0.9638375140650335,0.3066025252200839,0.9673929157418696,0.8707267016577346,0.9844778319932801,0.6639306078129966,0.9557484650066748,0.41543539664723256,0.9797911555326495,0.5459744758696496,0.9661076844123979,0.556458333782412,0.9645041708197027,0.16271444125464135,0.9949415219352182,0.9684993666535167,0.8440088093245985,0.6621486475062784,0.9573324767232981,0.9325834907475388,0.6168639202233083,0.6542917413060972,0.628590813844824,0.7547074229985161,0.44225812630835365,0.8980508130244347,0.9711043693930592,0.5879326837109516,0.9693379600779591,0.9730820852813796,0.6398949720933242,0.6561953340071205,0.6459332339356973,0.9731292081405902,0.959186244232269,0.6309205757835258,0.7820923402390308,0.6184404641192112,0.9712772632715191,0.9773015206365656,0.9653100008730758,0.9820510962960742,0.47656287630384464,0.8847210035944836,0.8297826146825737,0.5672638260852353,0.9804843615304266,0.9159620646499435,0.8121783185608442,0.5074074150377893,0.9871869688558284,0.9860674656277953,0.9854970651361419,0.6586470156800375,0.9568695115923593,0.959963884908782,0.9531237681267345,0.6628644502466631,0.9721238198782248,0.9609147361027095,0.9658193834223799,0.9734135473340789,0.6446563276254575,0.7936640664497006,0.9529979903576131,0.061249466294716205,0.959258973195197,0.9728742010916976,0.9681170962335663,0.11692287668483167,0.7790433571039276,0.9822680144429382,0.6539209452102589
UCSF-PDGM-0045,0.5050760286763861,0.590094299303406,0.3462557926393983,0.6468421547469132,0.674739883571237,0.5700175138798336,0.31039885858518124,0.5948546492137523,0.6284182030668358,0.9830348867265748,0.6246985415014314,0.5979648071306989,0.7550936556016966,0.6421071541826517,1.0,0.3556910495614537,0.5852933892882053,0.38685496179417106,0.6525969800343199,0.6489931951606903,0.338958862052019,0.6364136822045774,0.5089495113224897,0.6761577271227929,0.537886916408053,0.5540246754288898,0.6008874661299933,0.9756822710048321,0.4726839463876971,0.48934851628885523,0.65748651953562,0.26721634297243585,0.6142878539829065,0.585826428795822,0.666558911761105,0.48884218952598524,0.9967965892250862,-0.10893421690865555,0.9793540449630286,0.5427801503664156,0.6555143946539805,0.6130302683281381,0.5669190522857795,0.5885844014947793,0.9888913657709117,0.5205628688174415,0.6510140457979241,0.6111352023065229,0.9633339659192757,0.40874198110387855,0.5856469923747306,0.6699514384895874,0.6575355138382143,0.6141222079232075,0.48855580637189583,0.9759906805921966,0.6619948621746949,0.32742557513033005,0.6486800374750198,0.5764030718958745,0.6496052098473991,0.6737921532583455,0.6116432205092458,0.5364323432225878,0.6630984403459299,0.6371810505664101,0.6093455542575658,0.547060703709852,0.9361385068243655,0.5463310691397847,0.9838907930555923,0.782262912584669,0.5869396000713648,0.9813276573986968,0.5778998687211955,0.8511471643316204,0.4573508716809828,0.6210691198647097,0.9839739965754202,0.9665394632351134,0.46920498949051503,0.2642957268272493,0.662846750813882,0.6615269391902467,0.6703584980299543,0.6636669579563919,0.6624094263148922,0.6673496142917742,0.6605101633358792,0.6591779463958896,0.6630748276083024,0.678467782003866,0.6604253759548477,0.6605584954381183,0.6589177123839411,0.6706577130524182,0.9750944145555092,0.6740977938047028,0.9819988914586111,0.6760778222398287,0.6585484347612316,0.9802947044017527,0.6690825176794702,0.6710652988657878,0.6584129458724958,0.9712295757260704,0.6785988287525068,0.6640524410512084,0.6690374475349403,0.6690112065572066,0.6646469532415883,0.9779220291426904,0.9714691381360199,0.6700321048801338,0.9756105022894196,0.6664475802885592,0.9059534756880075,0.6699339095936064,0.6736990646506357,0.45199122879382886,0.6571295793049747,0.6558178802334664,0.6619287223541891,0.6773727509931765,0.597485259901449,0.6572412242251496,0.659661701699451,0.6597069868344182,0.9821367583883643,0.6670415242768576,0.6798115473263989,0.670916560018945,0.45889129049933625,0.6119321885258933,0.674091344883599,0.57831087683526,0.4166514968494147,0.6116776777312891,0.5585025110194738,0.5885633077179784,0.9398105743763743,0.5987629349684936,0.16622872748556664,0.6568250141482311,0.5928640922355685,0.40410995808227546,0.9796935401935063,0.6675888917701226,0.5355674214872036,0.6138688942086256,0.976643911523572,0.6417660892101891,0.33387296500119956,0.4604596807745328,0.5125970500113551,0.6768862923620077,0.9624176307411222,0.6583429088652931,0.6541375890821521,0.9838526002875039,0.9826936221987103,0.6580795933957931,0.609411346473589,0.5843197733020592,0.18109020083398666,0.3603573989772928,0.6297716408462453,0.6653590978545554,0.6769730548143119,0.6411784496005026,0.6682264145559959,0.48784515718798954,0.4645010259882513,0.403270242903777,0.5794021175861174,0.640043193734427,0.575420330494161,0.4073756186967881,0.9013726871268796,0.6473395289023197,0.650094961634242,0.6419886923796633,0.976311617813709,0.6605653491309844,0.6678074671407532,0.6553854909103349,0.9702388258523871,0.6742653440157222,0.6623160757989499,0.6562690771126634,0.6763601694544804,0.9740731739144632,0.45766527453159694,0.6587564491152752,-0.22135487833104986,0.6616210381906085,0.66807957265237,0.6695693570957066,0.4809738049590165,0.36829436675563454,0.6552902366255634,0.6708058514883556
UCSF-PDGM-0049,-0.2535562330361847,-0.22464507943232656,-0.3020398555334865,-0.2551030590193887,-0.23944680534672022,-0.20805211274889715,0.013637441282231651,-0.16936282532012342,-0.15249760494278647,0.3269725112180532,-0.15205833847279132,-0.18228396771042504,0.6264958103749222,-0.17162557619985958,0.3556910495614537,1.0,-0.253230158624359,-0.13235828240861863,-0.2643955673851793,-0.23111071911525077,-0.18071957643635708,-0.20756140676106716,-0.05466842536093336,-0.24024507029914377,-0.11514286742736737,-0.2500490431134951,-0.16049336795794486,0.2364432443092797,-0.04389435549552041,-0.07059419158641493,-0.23236763733623272,-0.08528194726267925,-0.19423538686855343,-0.11454263146840216,-0.21636573985440305,-0.13821689317030955,0.3970407633391533,0.06341117581075799,0.25813102696421514,-0.20473739007433572,-0.23229755091752327,-0.15708694671154788,-0.2369862831180964,-0.16003228015278864,0.28078199636439755,-0.09363559789836476,-0.1889516984330482,-0.14474007416341025,0.5049184974111904,-0.21626026562642808,-0.13692433979396207,-0.24595384610738671,-0.21688065738168613,-0.14142905532819014,-0.2605152120383003,0.33003412563634943,-0.20059503557780667,-0.1853856658893712,-0.18305535150984623,-0.26507869425900865,-0.20234048238958466,0.6600166719765806,-0.16632004544418522,-0.2975543768105465,-0.2262549660000592,-0.17244972183291968,-0.13781149656425326,-0.20078442212775702,0.4585441234929327,-0.145802433784378,0.3427646392177771,0.6513238335831284,-0.18205865983665168,0.24196985211213687,-0.19830259623871693,0.5076875476647946,-0.003252111222747261,-0.15233417427160362,0.3791907700403134,0.32497586731738803,-0.23863936617106332,-0.04927557681887474,-0.2454249300990652,-0.2462358614637034,-0.251649751405628,-0.24466768238863035,-0.24573307611181375,-0.23797034637857875,-0.246683489887016,-0.2471313880229988,-0.24601056476709493,-0.2419380262354865,-0.24103606582189627,-0.24824415008736,-0.23224582936030191,-0.25119572642957105,0.23188494373277663,-0.24540270537113887,0.34130499963177613,-0.24449630609782477,-0.24730332030091995,0.2363656079277446,-0.2528420446591587,-0.2501653073330895,-0.244559835818813,0.22809439586586067,-0.23913554050623248,-0.2441656188360257,-0.2528728587575511,-0.25289056827274975,-0.24274750474483342,0.23340847167680298,0.289775137123707,-0.2520361753234201,0.2920187985328725,-0.23826678387695233,0.4497187599069148,-0.2521377467274467,-0.24723840953074183,-0.21761223324984602,-0.252599442002398,-0.20117878019836974,-0.2460232890156259,-0.23627916201730362,-0.1285688167100936,-0.2486574542631159,-0.24698336846513075,-0.24696872708295894,0.24538886772120452,-0.24870134836677207,0.6778103502984315,-0.23587083257569946,-0.04561344280446653,-0.13842900651965284,-0.2332831292690752,-0.16277616292778974,-0.1910734321083494,-0.15291254931502857,-0.2947916308749766,-0.1465589390098416,0.3626861720145788,-0.14089206862135503,-0.1634480702252025,-0.19575207111583887,-0.2072432846068216,-0.1368805504129445,0.23551504802600717,-0.2536589171544815,-0.07228323111613943,-0.17856548225434032,0.2399981724814523,-0.24765803961513225,-0.023739638216479304,-0.14359711173976977,-0.2339552939435785,-0.24005784992983584,0.41894502414611273,-0.23745971802067084,-0.2312658574508887,0.30901516312389765,0.25870348963723555,-0.25899553234314465,-0.16998824595084536,-0.11638085441472354,-0.07592685113566157,-0.0014055605572640966,-0.279282978761393,-0.22454174316914627,-0.23417429955912095,-0.23036955556548747,-0.22584208123233399,-0.27303760338947425,-0.24017755558002005,-0.2634604501229162,-0.22713844751244167,-0.21069728740499022,-0.2749655570450359,-0.10808267451942262,0.566861015050682,-0.20866192881108006,-0.21133677942299692,-0.18519460034265597,0.23178428068603232,-0.2466619326671511,-0.2377978137625295,-0.21730565586420347,0.250294500463851,-0.23226947073061832,-0.24579296597595185,-0.22974847719862437,-0.23477213008300474,0.26670618657537715,-0.07084206771892268,-0.24724889540712267,-0.19156837684604666,-0.2461882022463219,-0.22506110979089414,-0.22780735403551455,0.3271033654424249,0.01747420338287061,-0.22622004640766005,-0.2359823065995589
UCSF-PDGM-0050,0.8747001526996334,0.5567414249966415,0.9107051430421393,0.9677264555262164,0.9696690341152157,0.8935710257725419,0.10851858473608736,0.5012007521181682,0.5464280169253244,0.5940535474568617,0.5319871489170415,0.5320686281286585,0.23889145813774532,0.5713132225417319,0.5852933892882053,-0.253230158624359,1.0,0.28626054165976694,0.9714761182297562,0.9609328054794734,0.21222952255538097,0.582429330066114,0.3483826119421043,0.9713043588224443,0.4537155523427929,0.9938643579264658,0.5097223388378321,0.655556014907837,0.3214753831355391,0.33957633878018284,0.6244014566076113,0.7151560137191947,0.9180403777055283,0.4645539715076713,0.6293648477453297,0.3965185209210616,0.5517975037722603,0.20639445461011394,0.651975819856922,0.48682736571416835,0.9593750598285629,0.521947827931633,0.9056182788813527,0.5019808892575833,0.6402601241978068,0.3874464739851174,0.9384995198093132,0.5194679679956082,0.43658698459267,0.9359535559050464,0.4681934143537452,0.6555467969653467,0.6154772114791934,0.5332974640008649,0.9479900507483472,0.6018340847649284,0.6121763093391265,0.6538122060812249,0.598458800499677,0.989817129935806,0.6015962804201304,0.015935125334628,0.5304262649127672,0.9775214868032638,0.6367571719704079,0.5577680139145905,0.5072971287457014,0.47184156554069945,0.4527610938173473,0.5002300968807212,0.5807330868855121,0.1456858001686392,0.5094578443440589,0.65827381226703,0.5285120502304954,0.4304282575396443,0.2915065667178706,0.5532807891248992,0.5576940335692435,0.5761607717925503,0.9740167316669628,0.5363637014833056,0.6406351566574847,0.6395509057055461,0.6593613948793491,0.6412716823602816,0.6402816927630929,0.6414712953244693,0.6386895296345078,0.6375405175949669,0.6400809674019134,0.9706537013090178,0.6343708227674453,0.6382707723187293,0.6351116578581044,0.6595774972493782,0.6586700171272852,0.9638456370634735,0.5805251836544076,0.6612008369002492,0.636991728933384,0.6627484466204298,0.6583371262992955,0.6598149838994063,0.6346756489839652,0.6567229751619247,0.6627873599374815,0.6415493183976746,0.6582993867479252,0.6582773818972987,0.6418827187294897,0.6616942348085931,0.6149839027637909,0.6591106343837395,0.6192270283394083,0.640696352817078,0.4885583240754496,0.6590331655084666,0.9716404125838519,0.3796885130543135,0.9706937856964074,0.6246981574738825,0.6398860274978455,0.6612501119189111,0.5143060614421886,0.9560095900542237,0.6379599000879026,0.6379990436017023,0.6601434491553747,0.6531548011458679,0.060767587665647244,0.644397485847324,0.27075819309839316,0.5239155990012817,0.9665389533975869,0.4790500389205596,0.772908621445466,0.5198419156589558,0.9190895784051696,0.5040339652550673,0.5795524199688189,0.5208941468647013,0.7575436249670328,0.6078441992079375,0.5382484832808321,0.32220916685005163,0.662504698964713,0.657058224722168,0.4004604844388087,0.9139149569711357,0.6530244791628927,0.9677824402978854,0.11778253607877741,0.7580463205298879,0.4564012885752763,0.6594109432979793,0.5098843981254065,0.6298050867342104,0.6212018907609577,0.6060944971949143,0.6457782895571679,0.9729167617602249,0.5425668886146622,0.44681060711688414,0.0007734937124128724,0.15692047784355256,0.9665497608739516,0.630988408227434,0.6567528013927507,0.6202619823306161,0.6350930564546189,0.9778003658890362,0.41573379429546353,0.35594691366343784,0.9945833365495593,0.5876749592791628,0.574847140630219,0.2866945035761993,0.33826364922294927,0.5976767108727162,0.6010092815877013,0.5784235752257925,0.660890424665309,0.6387366841567144,0.6418613506586571,0.6382020717975311,0.6521795709641396,0.657806654806669,0.64020537635058,0.6323284842747574,0.6600999368417636,0.6625162253747046,0.27794445209783497,0.6371734209518894,-0.07680342047767029,0.6396297053815976,0.6402103327026721,0.6528266804812278,0.08352038757979716,0.14547577570451628,0.6195425749166642,0.9589600151031195
UCSF-PDGM-0053,0.43162736747516495,0.8688729752002413,0.12491053709447884,0.40455799000147036,0.3888248260452563,0.4516053891785385,0.8901391715573453,0.8301951441236802,0.8691261930240424,0.3702942134417661,0.8454652475108309,0.8661187902490232,0.36663574482514993,0.8467354144078252,0.38685496179417106,-0.13235828240861863,0.28626054165976694,1.0,0.39264310169173083,0.4284996993239803,0.6055502188544514,0.8059232981190729,0.8382160240748256,0.39304263083491175,0.9175094535135779,0.2755872929193695,0.8316646917599105,0.3662506292997239,0.7720956502545856,0.8465308753215665,0.7650998367646913,0.1337379250633654,0.4438382159640389,0.8906225192116943,0.7956268305018144,0.9287514773048122,0.3910124016891867,-0.12732608382907096,0.4017039220566226,0.9089370916202398,0.374050797617577,0.8832443962198798,0.4527632766715786,0.8910056177200836,0.3947061667424302,0.8612669286084328,0.4138885192343678,0.8348312844253131,0.3727443524453637,0.23473894246441745,0.8518471301924679,0.7707046937015546,0.8060395472140615,0.8831170763091639,0.2781561392421867,0.34246207294990644,0.8140847286770946,0.43399764784586026,0.8518590991486698,0.33539434981016497,0.8288898138716956,0.27008323238433973,0.8771686525651762,0.3010598171254482,0.8104880716999985,0.8300432641353951,0.8720521528376026,0.9397575182781474,0.3590602282241335,0.7113919954819822,0.34635492974010773,0.2799143172203677,0.9052229595099162,0.3755098362900719,0.9191279450392522,0.105862622993071,0.8728444612465629,0.874504019328895,0.36822916653789706,0.3047731433777868,0.1588768793562058,0.32144881056259994,0.7405601025127045,0.7353154266451797,0.7543713618656165,0.7445542314424938,0.7387078422974518,0.7217064948932507,0.7317887457996274,0.7275700386156937,0.7495849729725865,0.3820974396431018,0.7498125899075205,0.7362029864386808,0.7701825228816578,0.7563583234472943,0.37791999396308323,0.3667148060857424,0.3794790129573906,0.738089037587081,0.7256917815543635,0.3791869041646762,0.7480656038540345,0.7602652949293301,0.73540318427224,0.3710734237752225,0.7588617323416554,0.7468554401038225,0.7478757985180957,0.7477659628241452,0.752272152919287,0.37383338306592595,0.3991667396338872,0.7525210657915914,0.3971911718255326,0.7189637095068815,0.2186376164249459,0.7520071918440444,0.3837100156417318,0.9063259398728534,0.3663652610713445,0.8157760128250843,0.736812545852982,0.7644555653131536,0.8894001908122259,0.3521571163368581,0.7290595211883144,0.7292012314659314,0.3923791192041563,0.7564627191920378,0.24749154275056956,0.735203764377726,0.7833290873728429,0.8785062681006228,0.39044275040159243,0.8720997246190788,0.37220206662055344,0.8517422735549387,0.3674795881031816,0.8637306725020488,0.23043376032206309,0.8477254086563605,-0.05896170377813761,0.824455829980447,0.8699111951138719,0.9637053050115046,0.3776420637636933,0.7423707680786457,0.8989595651165292,0.4374351715925038,0.3638907816634838,0.3612945273690467,0.7749478866508026,0.31678091325351865,0.9214397885867728,0.7535105927321842,0.31548213109680945,0.759014858639991,0.7715615717636672,0.3565566654672564,0.3724157070737838,0.39723108747277586,0.8424705972510468,0.8275101944194582,0.8493328303393473,0.8492474843008285,0.4041693896609047,0.7496954785805595,0.7683106151387366,0.8232870385145056,0.769507610248791,0.23695282578159915,0.9533180483458122,0.8961501922248015,0.2571240572343938,0.8067667801047876,0.8418824584889917,0.9265257100003121,0.3178589049757959,0.812732077372705,0.8070469513709587,0.796609558071429,0.37091192378117827,0.7319722146804939,0.7231617690766179,0.7721173688807029,0.4057118014868831,0.7693542714347408,0.7383295385614194,0.7716231941746485,0.7666276900081567,0.3551311380108425,0.6767701618217768,0.7263055008643973,0.03482890819527913,0.7356598896815019,0.7601507624493722,0.77216799617006,0.20816992188371072,0.7739590749833858,0.7899080075790098,0.3577727717140457
UCSF-PDGM-0055,0.9300669037038545,0.6372316465830036,0.8488169643196387,0.9985837900704085,0.9942087217741641,0.9442695649985438,0.2358746212521566,0.5745901460622429,0.6146100006155887,0.663400105113057,0.6069234684658913,0.6156954243508431,0.32362579587317275,0.6390224995559968,0.6525969800343199,-0.2643955673851793,0.9714761182297562,0.39264310169173083,1.0,0.9913294670011871,0.2779335983716238,0.6557887726322715,0.4406523335147196,0.9924699409260073,0.5370370458952629,0.9682974738796244,0.5949474403286261,0.7098830924484192,0.3956549471488315,0.42664077652137333,0.6884300554837411,0.7322563210518704,0.9600177028156013,0.5492226657835725,0.6880158466609623,0.4994908199947694,0.6257454961901984,0.20403725368411688,0.6995878944614844,0.581304290455483,0.9896043823570724,0.5977594562284406,0.948709751321275,0.5893321591539507,0.6968516318352346,0.4814650710578415,0.9695185221920497,0.5856554654083216,0.527226324613187,0.9090714370950354,0.5590835436418821,0.70888035374644,0.6783091447234068,0.5966579101886065,0.9500413976954293,0.6497461182257017,0.6726127775415639,0.7221231236563181,0.6562175575775029,0.9782617484669667,0.666968317481664,0.15986368218785713,0.6042329449296907,0.96459598418653,0.6931754392423085,0.6317594702425879,0.5843561634025588,0.5654189822297758,0.5332004801534259,0.5325534291796618,0.6475208469307395,0.2659620476285545,0.5909251089517235,0.711002443496304,0.6087001558072438,0.4388748762695305,0.38741926712441965,0.6116673182008394,0.6310290629293576,0.6391372093106986,0.9124505212405203,0.6379212970680058,0.6996942255726986,0.6992045984032951,0.7132344963295328,0.699822408967879,0.6995594071561391,0.6991018193055113,0.6987042569216564,0.6979523285108815,0.6984135469898748,0.9936136954551238,0.695527665265319,0.6982195657161849,0.6873953976004687,0.7131606130868609,0.7131498194875581,0.9895432482473978,0.6543602497535852,0.7137440106329329,0.6975694098666385,0.7141222701655988,0.7130343894254962,0.7127746640258311,0.6959668099906142,0.7122017940339469,0.7120658112269898,0.6997810276805846,0.7130194951841692,0.7130106632360589,0.6992696000088403,0.713954903977295,0.6805976465930444,0.7132397106907714,0.6819517654191781,0.698586087663578,0.51669176306013,0.7132311096565699,0.9959378525769165,0.47700848213177477,0.9963949342089019,0.6727053878670571,0.6993774966770331,0.7091019829299681,0.5762276508074646,0.9880345743382167,0.6982355347389013,0.6982615003514141,0.7094255793019884,0.7094709505277083,0.1805842787671143,0.7004972538971693,0.37790001796730566,0.5907444718653916,0.9877243788128115,0.5707564278320562,0.8490194638080195,0.5975798151940138,0.9626014932575173,0.5868214896361562,0.6055609659599002,0.5980054312386593,0.6668826667294598,0.6688144574834247,0.6233984988414074,0.4319241258348893,0.7141461752778361,0.7123992966245302,0.4841045900113276,0.9596522756727807,0.707897084815892,0.9914039965568642,0.2372235603391972,0.8353125227726703,0.5421316645813019,0.7117550868332178,0.5843261407595919,0.6922156314322565,0.6858519365449385,0.6692225145104036,0.70248811302911,0.9989247790309926,0.6203149168284,0.5335542424845876,0.14675460622613898,0.2758590402109433,0.996028644263494,0.6913988081765664,0.7085051337206228,0.6726091757931537,0.6913689603951676,0.9250237642248166,0.5114945078110664,0.4574015319365249,0.9495910180988394,0.6595218780183102,0.651180008819296,0.39038168138659773,0.43742373311024413,0.6671828106433978,0.6700297613019093,0.6417513375913353,0.7135906806907966,0.698733316654556,0.6993482693001983,0.6782640473920443,0.6960929787168209,0.7038247964302138,0.6995265364930394,0.6835450559892934,0.7072436853886908,0.6961908363004514,0.3701289543763985,0.6976976008762859,-0.13159652680850376,0.699246569868367,0.690721238625821,0.6969549792623781,0.18512454685352295,0.2608706856907731,0.6836915687184668,0.986612805517541
UCSF-PDGM-0058,0.9342006491766381,0.6304915722849904,0.8180763444992425,0.9959938736420836,0.992475956895564,0.9617489497461018,0.2831451458823416,0.5768331352357342,0.630212988392166,0.6513575911910823,0.6160629576427148,0.6170890423499173,0.3657458663669594,0.6464567081683623,0.6489931951606903,-0.23111071911525077,0.9609328054794734,0.4284996993239803,0.9913294670011871,1.0,0.2934788463509022,0.6464956588202089,0.46903456124043974,0.9919483902535208,0.5668874588503472,0.9553215592759721,0.5953918958524353,0.6897652087891691,0.4302268401218952,0.4554119235163729,0.6714935260271003,0.7547312141907123,0.977658394292936,0.5716533464645834,0.6814846287318098,0.5168445958308607,0.6276310281747296,0.2385115563951897,0.6927360412874973,0.5796317537731238,0.9876805912870412,0.6099616416414912,0.9641246324085544,0.598532059182621,0.6875284642579215,0.49935880935124644,0.9869579265499361,0.6007216696565906,0.5390685995001901,0.9079019412335554,0.565792890628757,0.6943985364135999,0.6718046014636276,0.6196789301608859,0.9445393438588258,0.6395710901261656,0.6715758582613023,0.7538412796051689,0.6661820292552081,0.968922233930438,0.6664823938486314,0.17379800429322656,0.6168080778913345,0.9450288519497262,0.6875554980557992,0.6330194344709664,0.5986405677377833,0.5712661089683572,0.539608627195373,0.5282884884810614,0.6342204786387404,0.29085726253061356,0.6015140179739833,0.6935674557372541,0.6177956900353594,0.4068356421229314,0.43501986500306494,0.6332281146765535,0.6263098033778984,0.6169983576815663,0.8968766107798328,0.6820155438335972,0.6786153169420791,0.6769106906738755,0.6945471236396147,0.6797435499397566,0.6780397570231883,0.6774762006302694,0.6756456190755712,0.6740257674725426,0.679647917195435,0.98968298272308,0.6756439546720631,0.6760756072031296,0.6777811564398472,0.6950154850163566,0.693299912021398,0.9807440889072632,0.6452601077629274,0.6947023083989542,0.673271139595967,0.6973323102541116,0.6927578132734277,0.6957686604297808,0.6732891913893182,0.6903427678067757,0.699003435402554,0.6803135497503878,0.692697770765392,0.692662877150933,0.681367711345006,0.6954706357553143,0.6734563831185131,0.6940666519389936,0.6768806852237006,0.6763966102820091,0.5064994331401901,0.6939262078071767,0.990726386745842,0.4804320079216401,0.9869569664245715,0.6789186001909299,0.6774202946155663,0.6984016678934282,0.6045367971819129,0.9761427051118954,0.6746099926309123,0.6746648963973748,0.6976845882761719,0.6906249863298974,0.21520942562207585,0.6819911089356354,0.3956635086277966,0.6120737608625005,0.9891831979342575,0.5740783748105208,0.8677686554794484,0.6036538051313135,0.9404163762589793,0.5968695145397946,0.5735602592988355,0.6112542840066816,0.6616729076176943,0.6713844987704067,0.6183082962211897,0.4546247453163052,0.6968532324999362,0.690825126689932,0.5178702895881119,0.9828805389004722,0.6869488067762354,0.9853653620370859,0.2584515463125524,0.8524801232006095,0.5460899587027851,0.696335958319741,0.574495358395388,0.6735363283283313,0.6690256832842824,0.65222427200728,0.685479830355456,0.993687601409875,0.6238947617881208,0.5442296909365469,0.16299068576467085,0.31225956275404537,0.9880025896211136,0.6760520656802376,0.6968430938838713,0.6719061267519573,0.679079253183558,0.914495841215243,0.5148914242878299,0.4486416457193178,0.942631030226348,0.6481940934741255,0.6332507000404692,0.41743483473370036,0.45210111638803396,0.6598126844626383,0.6616214360059195,0.6418292299888766,0.6942349719816685,0.6757135366299911,0.6780300277073662,0.6788147215298932,0.6913712578353477,0.6959957311135294,0.6779184997918108,0.6754819597930215,0.6976723310288663,0.6814379266388698,0.3703105780782818,0.6735198476681988,-0.18764721781400112,0.6770294635267365,0.6817087313940645,0.6919241612754855,0.16281954010015215,0.29054022165183274,0.6707963485420901,0.9801145954015096
UCSF-PDGM-0061,0.17382565856993226,0.5605413181929731,-0.012847006138984839,0.2773576920184763,0.30000396559550213,0.2762606192433715,0.5910463334240847,0.7869775833539798,0.6749740342557742,0.24233167044840612,0.641529164126026,0.5704102361636461,0.02923062731372547,0.6363296408215062,0.338958862052019,-0.18071957643635708,0.21222952255538097,0.6055502188544514,0.2779335983716238,0.2934788463509022,1.0,0.5694253656191414,0.6315813439623403,0.30817282856396716,0.5896377060361334,0.18874688556754846,0.5729872028189384,0.27092728338993954,0.6460617834048313,0.6724859342660667,0.5471443351904887,0.07019780917277528,0.2543372687222199,0.7022559099138413,0.5912524856120204,0.5651666264363833,0.3263584805463519,0.007543601483092027,0.32201727562928867,0.5570568048319848,0.2687984509517015,0.7107631189140947,0.3283310338720456,0.6253765008269068,0.29356866929722364,0.6906459890291999,0.291510681685453,0.6762967665717351,0.34505527315331436,0.029866191143974975,0.6415125375098856,0.5725757006397046,0.5954448849360492,0.7216285777019965,0.10619312025901502,0.27141702374233995,0.6225198988171683,0.2702057030478292,0.651001450649309,0.22908500519566904,0.591479844254774,0.1449663873407669,0.6581515853996767,0.16940778449868446,0.6009962573173322,0.6306392703958481,0.7045942471362521,0.6644015091571183,0.2576251886164817,0.5362472938025108,0.25514423519360807,0.30690252617167857,0.6459790242302035,0.2854508325780284,0.6020160425854097,0.011086305277565808,0.5999329365865705,0.6989194394158208,0.24869312986457767,0.22510424009373148,0.08331443543515467,0.11203181056876975,0.5349171440808772,0.5284483435462779,0.5553468407959413,0.539990394886516,0.5326096888821159,0.5280915879576114,0.5242012271730004,0.5192127987839185,0.5449203978137843,0.293911435397903,0.5377598200646703,0.5282744535814474,0.5804958701782176,0.5579631334066434,0.2741060777914225,0.272329697195956,0.2488025967252045,0.5506243784380651,0.5170207442878796,0.2896742086183124,0.5473006112619743,0.5632497522200419,0.5232712146376376,0.2647317836713551,0.578659449799491,0.5429825063610283,0.5470636582056473,0.5469266651333318,0.5502740212654316,0.282084366535455,0.2654222093421705,0.5529480675500942,0.2775080107834633,0.5248325646901877,0.16031097280608583,0.552287804780395,0.2895551723622636,0.5690133245978445,0.26232842094848063,0.6267693793700434,0.5302750080112381,0.5876559621120921,0.7240558842451758,0.2431520966699063,0.5209634039389632,0.5211305451024213,0.30753639165628127,0.5492131046759019,0.1740182422756463,0.5447973469889035,0.6119866431601605,0.6985326749617187,0.3093670571874588,0.6706388292990204,0.159498909185164,0.6652322241268859,0.20436156339701603,0.5865855219949284,0.17316661411671308,0.5560060268051199,-0.18975290713331608,0.6078530134114373,0.5669028086722866,0.5381946286776677,0.2874585555929679,0.5403023734228047,0.7328126435465953,0.31177519451550334,0.27120001087463474,0.25710057592593616,0.6696474181040974,0.2371917542186391,0.6745028194778547,0.563939589601599,0.21255542413339037,0.5414307503007134,0.5457409862820214,0.26486547054457665,0.27298060753827663,0.28854196996186177,0.5550816490285232,0.7169960385738317,0.5648944349396565,0.6732294521870292,0.2685621626491184,0.5405686165870032,0.5799986882195591,0.6252088354301283,0.5815625031941287,0.13376247081767104,0.6044385625793987,0.5030273432624587,0.22103441296892196,0.5866177466193155,0.5283035653335398,0.7136402533213665,0.2479576553476587,0.5798499057225611,0.5818618893001842,0.5953683711035588,0.2780388629487466,0.5244203563388337,0.5298366675472789,0.6154043408898756,0.333936643008523,0.5970793062167572,0.5321416192120596,0.5846646970913884,0.5915568885547632,0.2741900738512485,0.7294464593268963,0.5177351523939172,-0.27314505554543345,0.5288673148829662,0.5828994101828312,0.604703218712269,-0.14542616658631985,0.655017917514613,0.5645869686425311,0.26499714486153125
UCSF-PDGM-0066,0.542927443524816,0.9759492144680549,0.36594056425767235,0.6466030863914107,0.6714129517011804,0.5955654012081865,0.7389967853002726,0.913155975797329,0.9567977909480537,0.6577364007593052,0.969979746560075,0.9899598331785779,0.39247711072296737,0.9773639416318625,0.6364136822045774,-0.20756140676106716,0.582429330066114,0.8059232981190729,0.6557887726322715,0.6464956588202089,0.5694253656191414,1.0,0.8652022392100045,0.6631205301197248,0.923436190542778,0.5535297752550895,0.9859131863292323,0.6840293872400116,0.7391975867137814,0.8179880303782628,0.9902872060951388,0.25192808582320797,0.6432368771731979,0.944014575707419,0.9823913054517585,0.9230843982893124,0.612297368275389,-0.16425485659869227,0.6473652264881932,0.9636958525292088,0.6490733415045897,0.9556993045727399,0.5569542938716872,0.9797714278230802,0.6700744227071715,0.9110005231005012,0.6351909936810054,0.9107512716903391,0.5524314776242835,0.43922608675602276,0.9686226074806298,0.9719571189829935,0.9788577891824077,0.9232384067105451,0.48606139542458526,0.6073702152605701,0.9779915491378307,0.33659445345556205,0.9600592945516796,0.5728172609528399,0.9817711292748267,0.19295597611380072,0.9471329287183629,0.5561241811040355,0.9734100194589318,0.9911559570137344,0.9607256283082738,0.9426398366461761,0.5081178755616865,0.8864578983616344,0.631264376619753,0.33247030242633396,0.9448401379135165,0.6776871106180572,0.9617558922732928,0.39224631312911135,0.8422841814203922,0.9195958163930099,0.6332033987062975,0.6210214648333864,0.4667291371878159,0.2768250873330443,0.9791445662418252,0.980527329831991,0.9769571616013548,0.9776357710446386,0.9797038820278127,0.9825028241123228,0.9811384719530912,0.9815838204417622,0.9757617100864416,0.6759671527059321,0.9846841927239154,0.9807418149850486,0.9432778272696164,0.9759305836290212,0.6755758911473434,0.6857320054047149,0.6552374464674207,0.981703987919381,0.9816924316692076,0.6783979626863046,0.9794138401213397,0.9734682911716113,0.984194681675273,0.6793346689161472,0.9692706571975404,0.976551862542037,0.9794714315286133,0.9795043655261846,0.9732293953986118,0.6820955679318684,0.6735616511999488,0.9777958946997815,0.6786203374626381,0.9827493885033408,0.4740539606175232,0.9780103043465762,0.6732128871540497,0.8343933907152635,0.6628315620883851,0.9332704844739164,0.9801943197765928,0.9612990582183754,0.8998662254547175,0.6706683534291931,0.9814595966888852,0.9814459549810075,0.6635216174347895,0.9834713046691964,0.3032851688009335,0.9791655493279753,0.831916392915498,0.929372809401549,0.654984428417909,0.9686886878462789,0.4086756334888431,0.9778043352000848,0.5860015604116633,0.978763575853289,0.5857732937752519,0.9768342379322055,0.14241123450674315,0.9742249411811451,0.9892391044587964,0.8438148653624058,0.679561636582867,0.9807947795825911,0.8908253671876937,0.608200555495804,0.6824100101598113,0.6316536953889601,0.7020521637449296,0.4387405005089182,0.8901307238266137,0.9805807290123066,0.6062881293677921,0.9881255702541514,0.992965260026772,0.6518180241548279,0.6756894308467333,0.6539335734962717,0.9905639527362151,0.9306224187049533,0.6382392417860957,0.767421539739972,0.6301227653027424,0.9891249570534985,0.9767446645309326,0.9265849856878207,0.9763438627467541,0.474249769105504,0.8689830869017842,0.8206339144110526,0.567094060917903,0.9989347354130916,0.9333480886795591,0.8014123986604775,0.49309002515567363,0.9967297482990154,0.9958800140986444,0.9539504971950609,0.6837479959715834,0.9811123224985367,0.9823214572236163,0.9010917429048051,0.6348270500874132,0.9493821576209579,0.9798081789365669,0.9354763573919238,0.9569015394753729,0.6524237897962679,0.7638908598832505,0.9816626656101338,0.11779036678966542,0.9804547890440031,0.9500284184505482,0.9354717500847074,0.1686650794522437,0.7503413054118315,0.9908866237641959,0.6720746650491373
UCSF-PDGM-0070,0.35210458597178074,0.817073718915461,0.10116480972034814,0.44911962017056967,0.47378790748893646,0.4084319881764067,0.8755367643213754,0.8554383747880897,0.9347647126991562,0.48989746273245754,0.9509706420670376,0.8787908154296471,0.33395653769971195,0.9236313323530112,0.5089495113224897,-0.05466842536093336,0.3483826119421043,0.8382160240748256,0.4406523335147196,0.46903456124043974,0.6315813439623403,0.8652022392100045,1.0,0.4811848670617041,0.8661435502815887,0.33315695789317196,0.9293459263059666,0.46255261468558906,0.9480513544190028,0.9805921444330834,0.8398281864192829,0.24114512206966268,0.45715896607886447,0.9533249227358866,0.868882197027551,0.8489192517790317,0.5173685057419207,-0.030215273917915304,0.49543867162381533,0.8469665808554401,0.48379544839209976,0.930099783270301,0.3991158993669894,0.900691608940529,0.4905965939607506,0.877838128846504,0.5199398785850992,0.9483049572870914,0.5153977645944283,0.23928795757112994,0.9475779761644166,0.8241586742924629,0.8763341629965025,0.9116947492727039,0.3221992616683499,0.4986276684721227,0.8911933698367271,0.2179989330128742,0.894041104077513,0.34668356882334567,0.8906221889582433,0.27002186025546254,0.9391663403669783,0.2833689455332565,0.8531013875273098,0.9132516011807702,0.9322822879330873,0.8770507771773743,0.5183876564709721,0.915072026393393,0.5104939840468288,0.4200986269355216,0.92646803269732,0.4728960771188547,0.8550761127378297,0.30165893015775225,0.9336640568369737,0.9067592042545394,0.5172226122332414,0.49399867496421945,0.25418006306809665,0.33051993923064243,0.8224129972979042,0.8171900109189617,0.8080659235377634,0.8263576557985696,0.8205735283824037,0.8196806762273886,0.813654873022125,0.8094053903981442,0.8310763209628105,0.47436565180913964,0.8286946610646041,0.8179126646975371,0.8498842466789565,0.8099824050038174,0.4543811664011249,0.4590623114836132,0.4789509857599752,0.8082094437817791,0.80750694799971,0.4715299551242243,0.8019366731276742,0.8137246705101793,0.8155070696932104,0.44759014708106415,0.8282877698025239,0.8286148439480752,0.8017512179447571,0.8016438764586747,0.833872183606218,0.46623472757607665,0.4590077262621044,0.8062743586445393,0.4738610627586632,0.8168846504124956,0.4530736284470542,0.8057757051707215,0.46706521237787535,0.8595639387828666,0.45106297771369236,0.8693358633405368,0.8186854005122141,0.8333867325262183,0.9119920930882042,0.4543391770071013,0.8109081258188567,0.8110509651681342,0.48353394619190704,0.8073535867298457,0.4218706311453432,0.8332696739021236,0.9788910126651755,0.9394118744419433,0.49170185411347234,0.8828594549378371,0.36399047319422234,0.9135349344494064,0.35799814408266334,0.8941835599717576,0.39602323080481766,0.8861133136880573,0.0877461515339942,0.8938469874630216,0.8634766795973317,0.8018298378878777,0.47001185464189055,0.7963519303597808,0.9301008812425541,0.48927644336780163,0.46404447937256477,0.45978251181096647,0.9077209311482265,0.4232433404771354,0.7916969656691483,0.8215253392525564,0.49722665472167416,0.8353915510817552,0.8436596624473109,0.49555267372625456,0.4755743624483398,0.4524630286496188,0.8824605115796368,0.9568827144935084,0.7171822316640997,0.8640822497359906,0.4181993624062839,0.8416087983859876,0.8344515575324736,0.8429402396863218,0.8630038922176012,0.24879822969895415,0.8010122945921234,0.7797143816911226,0.3542218003175132,0.8688601376143203,0.7564091544640248,0.7794045843021427,0.5232833757814789,0.8754689448672653,0.8721646535862471,0.9202444846067112,0.46330759206679867,0.8138391899629895,0.8211601469008163,0.8370884830427409,0.4951753924482756,0.8375233723179745,0.8201971186128085,0.8507823326907783,0.8352799867591654,0.44693258974834177,0.8674981926993678,0.8081276766324689,0.054105419026690985,0.817534370967933,0.8565448766102471,0.8394288702653692,0.05892705251301943,0.908526571911983,0.8601525616334728,0.4787772415962919
UCSF-PDGM-0073,0.8945546755253058,0.6290833802156647,0.8191505138764438,0.9936087465182794,0.9977070057396316,0.9244790458798925,0.24500097399091436,0.5903148651197179,0.6447197008370998,0.677024592023847,0.6355342929582016,0.6187287970130702,0.3284545691357773,0.6647362153887879,0.6761577271227929,-0.24024507029914377,0.9713043588224443,0.39304263083491175,0.9924699409260073,0.9919483902535208,0.30817282856396716,0.6631205301197248,0.4811848670617041,1.0,0.5445314566752236,0.9620271315675725,0.6090675712256524,0.7204739754207851,0.455711029962878,0.4717319202524448,0.6994331178561151,0.7228451491435129,0.9508286059854477,0.5765932758957456,0.7083850270397074,0.49056525047787186,0.6522344393217896,0.20320568839919947,0.7256375254563339,0.5705227206640687,0.9937081085365638,0.621757468166245,0.9357582669204747,0.5969843467058649,0.7149333711582614,0.4872678216615082,0.9845455020762297,0.6270816321364715,0.5519346528044469,0.888038532105164,0.5782937243999974,0.7243896543221375,0.6987991783947308,0.6277340813365951,0.9378411792442543,0.6807230825754987,0.6967874629540107,0.6825560476978466,0.682342928341301,0.9694269399079394,0.6877682996183517,0.15256770161907482,0.6336499943238861,0.9414488630898089,0.7115692056470646,0.6504500997944449,0.6071565863576981,0.5675487228709337,0.5677958859496973,0.5765125205476759,0.6683871899038037,0.28549844475764513,0.6129712484488417,0.7254838826846043,0.610370826730579,0.45769111617114466,0.41404644229251536,0.644752808624527,0.6519302406668384,0.6591124730980432,0.9117937757113573,0.6160961178370944,0.7120643923877557,0.7100032114850616,0.7245788430970166,0.7134707199010941,0.7113618871436178,0.7117237173290418,0.7085029666684883,0.7066059056483379,0.7136369195051493,0.9975401000555932,0.7067721362534422,0.7091674826842345,0.7136477681028841,0.7251855363442321,0.7230231552110216,0.9875464598521977,0.6640387483455594,0.7257119636433793,0.7057291484536938,0.7289549807198051,0.7223637104493128,0.7262180153133725,0.7047215172803463,0.7194936406365432,0.7315054766319689,0.7142040312163537,0.7222911196617324,0.7222489711275828,0.7156536991797499,0.7266379663465029,0.6895051628616382,0.7239714831162515,0.6948363828832709,0.7104606836167482,0.558596560227345,0.7237961037547687,0.9971648808116312,0.48694857960248605,0.992689518601728,0.7043779642305033,0.7106137079066592,0.7313771025925438,0.6100094208169983,0.9830837518886358,0.7072875290566436,0.7073517255810307,0.7301265966632025,0.7181626585078225,0.19661335123300355,0.7171697859354272,0.41168255327004877,0.6250608268025118,0.9989074610619841,0.5746595419846536,0.8275924081074727,0.6122209129675503,0.9282607184910682,0.5945033142679871,0.6184056812789714,0.6093394508458682,0.6736988584959239,0.6943079497158394,0.6213922713421761,0.41462718667217385,0.7283444430322671,0.7200602403834707,0.5092692474414128,0.9624050434006536,0.7182740266846293,0.993359556138753,0.2630404681006343,0.8279043622748946,0.538357253563161,0.7266717229132723,0.6015756828465911,0.7029367887526218,0.6953903196081065,0.6850983025088492,0.716409651352071,0.9964358359151578,0.62796737185636,0.5635427291379349,0.12277999972919189,0.28560793741327367,0.9847656904395484,0.705947988753117,0.7266675935482069,0.6971096242651799,0.7123657247403047,0.9227199444455509,0.5026119407980649,0.4456841552519447,0.9592109064140375,0.6673261101253082,0.6401477451131924,0.38169212492375926,0.46399297988665994,0.6798776257862713,0.6831584954337829,0.6741185243781832,0.7251540643022548,0.7085830374564834,0.7123755529186958,0.7132009184798852,0.7252668699009381,0.7294620771698753,0.7112148457052233,0.7115532971268356,0.7308517275118048,0.7157852274445632,0.39716423516618327,0.7060176798666062,-0.1498862057085366,0.7101451393782742,0.7189159658830683,0.7257817624618443,0.1446646745318702,0.2851577212092318,0.6967710975558197,0.9906902240417939
UCSF-PDGM-0074,0.5064932227576763,0.9500615445542452,0.22843507040145164,0.5395037414217497,0.5524858862108764,0.5769241062176934,0.8708730880752117,0.8805466098736756,0.9350401715823506,0.541939537281039,0.9220857499656507,0.9639732246604994,0.4944554011677424,0.9309193508271872,0.537886916408053,-0.11514286742736737,0.4537155523427929,0.9175094535135779,0.5370370458952629,0.5668874588503472,0.5896377060361334,0.923436190542778,0.8661435502815887,0.5445314566752236,1.0,0.42693416321708,0.9313043965453511,0.5495359435570271,0.7308380349212074,0.8198061436178669,0.8771789223447551,0.20388362250524064,0.6101610668311844,0.9493992035555255,0.8940689736259976,0.9829089946270371,0.5269085608769807,-0.15254760561078112,0.5386530525182176,0.9601924432765094,0.5217368586051346,0.9360058238908028,0.5202114694543047,0.9741021793547858,0.5618456988792498,0.9455628476182161,0.5548225905606947,0.8663972439158455,0.5083259984282511,0.36331986101067615,0.9245239099362107,0.8665861210831535,0.8897535565958176,0.9351456059489125,0.3670925038337844,0.47549427791101684,0.904189719346099,0.4031470006564686,0.9293686350031802,0.4672569388074859,0.9140737122445014,0.21098153753380253,0.9150589651694003,0.435602708547507,0.8970116236362019,0.9315077354325486,0.9483517334021297,0.9406780824150333,0.42674341410807093,0.7726966250007852,0.5027033246428042,0.34594440803998056,0.9176996404613865,0.5473075118658788,0.9733303916728816,0.237019922156977,0.9382028826814423,0.922984965378652,0.5301370474495861,0.4597396149607096,0.3227581314859969,0.32529549634078764,0.8485594653339487,0.8478529010996944,0.8625081311448481,0.8488069770476018,0.8483551758738793,0.8470961450973106,0.8471746020251222,0.8461810314310446,0.8498044612093888,0.5495484844312573,0.8606260874670228,0.8487669596508262,0.8346612768833362,0.8624655398621929,0.5459675071563128,0.5510863288004841,0.5601532507003046,0.8624651701669265,0.8456815012715334,0.5502126459571602,0.8621281698693214,0.8620965130074878,0.8535333773213265,0.5462867517403686,0.8609437596604517,0.8488127394917561,0.862106217767926,0.8620932621278768,0.8483346498113669,0.5509393089623091,0.5857730739403811,0.8624724203058527,0.5900880365631465,0.8464188504608456,0.33390166216450157,0.862450590744524,0.5476989204554311,0.8023360910220204,0.5286053124314967,0.8788826237564936,0.8480939375446265,0.8575572021431199,0.9289653406707644,0.5243392479988394,0.8465528770138311,0.8465870922977369,0.5453541349750856,0.8725934541348659,0.3573063325577638,0.8490727302466757,0.8024915153858696,0.9247082070944294,0.5350393247548163,0.9489524249718453,0.37392379129315423,0.9497783061586453,0.4681377444242923,0.9746834848627667,0.4176119489432387,0.974124033395831,0.00999406557979533,0.9097502045254997,0.9512977026111687,0.9529335003483992,0.5504841954701233,0.8612464319322318,0.951040028460926,0.5640695130008359,0.5456337621400836,0.496868427779746,0.711022913493273,0.36783221120774423,0.8877548198996918,0.8701699836523001,0.4922590281260688,0.8699911954904238,0.8845123381495611,0.5193214267880777,0.5455544475042303,0.53729709229109,0.9607692648875299,0.8865332838156064,0.7191759626882752,0.8554362103670944,0.5194609026248732,0.8729484588946619,0.8753439337204744,0.8613870783989703,0.8654296813985208,0.34995357731953824,0.8788185279493,0.781950325622804,0.438393917031732,0.9163881523226874,0.8755912065137896,0.9098584102500232,0.45215343293022603,0.917542737179702,0.911473551783556,0.86510001834874,0.5511020507082061,0.8472134878848613,0.8474232272749227,0.8211836165886439,0.5304548541571221,0.8514134459007616,0.8483071160809584,0.83012334589214,0.8554038131357485,0.5291875426215709,0.6999506355415944,0.8458483711475828,-0.03908119828755732,0.847910960765614,0.8380576482294204,0.8433353499150047,0.09436907719795617,0.7821477744117513,0.8919115901381314,0.5284819385618797
UCSF-PDGM-0079,0.8937612051497987,0.5320829820697281,0.9209828251445045,0.9651623394810389,0.9595042274037341,0.8943096688671319,0.09968752219918865,0.4699675055356072,0.5177008272902025,0.5673205786471475,0.5052342612831132,0.5069421603201193,0.21848281849777662,0.5423101115971766,0.5540246754288898,-0.2500490431134951,0.9938643579264658,0.2755872929193695,0.9682974738796244,0.9553215592759721,0.18874688556754846,0.5535297752550895,0.33315695789317196,0.9620271315675725,0.42693416321708,1.0,0.48612525050692257,0.6221844226504881,0.3092168912276367,0.32644005330474585,0.5942154440767766,0.7416368428836855,0.9138089444156613,0.43597746057170167,0.5979424432596565,0.37776730377619133,0.5232004639873996,0.22234515190693227,0.620228766019241,0.4695905833128254,0.9574510869565249,0.49462461825225185,0.9083857765782832,0.4754457620447159,0.607695632462824,0.3622025875181284,0.9343668699442811,0.4943716647430796,0.4114966272192535,0.957140815302843,0.44568417002990124,0.623628910812875,0.5858373553433832,0.5024562562158248,0.961560744900243,0.5769030998535238,0.5807415730084008,0.6686037070263201,0.5673774222558906,0.9925891680151755,0.5725185380890715,0.022446943442927407,0.5047720878273821,0.9794583791394642,0.6053985014890015,0.5285944544014051,0.47874279143769,0.45058347471701143,0.4411185338653924,0.4812778795995144,0.5575044066586929,0.1320577341926108,0.4874601207065933,0.6254230836937269,0.5026460268659835,0.41704804109396265,0.27254825249330794,0.5234233415959436,0.5336363302979759,0.5562119334553512,0.9753098306380427,0.5718319823215634,0.6104470150672313,0.6092569706847385,0.626892204480634,0.6111816206008236,0.6100534612702715,0.6098183181497959,0.6083367008707043,0.6071282173077194,0.6101283504498632,0.960076817914115,0.6043937208098868,0.6080124773240845,0.6065991363189662,0.6271654036522439,0.6260888475989563,0.952617263391255,0.5508344597296603,0.62730805316544,0.6065563961646075,0.6290567911334806,0.6257184789058791,0.6275327397115391,0.6044740523220882,0.6239826876636153,0.6295491116513363,0.6115240119305158,0.6256768886236062,0.6256526710090065,0.6120394667183111,0.6278459768847182,0.5784322872514776,0.6265929190393098,0.581480604779923,0.6090084989914818,0.4724550108409634,0.6265027075969154,0.9625408254068852,0.37213944571924795,0.9660994038161997,0.5938281325658256,0.6096199206452354,0.6283737432348042,0.48533496089854183,0.9509778159364634,0.6075673286196367,0.6076084191939576,0.6272364299138526,0.6205933777454873,0.05665388041828448,0.6129989340587815,0.2591856686341818,0.49693910771227423,0.9585310394062112,0.45135643473289877,0.8031006433176222,0.49256555843170036,0.9365166469518101,0.4777454444040628,0.5597428138265015,0.4917066705857521,0.7799691469430601,0.5769388499680113,0.515403621444244,0.31435350063833534,0.6287632491692965,0.6243377895355504,0.3753807696052263,0.9137883289345398,0.6207589813769727,0.968293261880553,0.11257569272358384,0.7799819527081749,0.4297594600828939,0.6256352014276505,0.4897235613705034,0.600440283910924,0.5924272682002946,0.5819259868691647,0.6140810399708149,0.9682787367096864,0.5154867903843453,0.41950553927281503,0.005258620072413262,0.14355689643408218,0.9670913063412172,0.5991112047144895,0.6232637082554521,0.5910699969716667,0.6057401760181024,0.9771522001486953,0.40190488858412776,0.35094773404820734,0.9864925242497702,0.560088937720266,0.5531469216941391,0.26616682555314736,0.3247528234640237,0.568535635981879,0.5712005812360645,0.5526587135625737,0.6269741097870274,0.6083867023537843,0.6102288487881584,0.6078001949502991,0.6204664393409065,0.6254453615420925,0.6099693387757503,0.6041302017755433,0.6274163645369801,0.627611279748827,0.2579477957719678,0.6067453941397711,-0.09132777559044737,0.6093420164198088,0.6101774293992479,0.6210449031778879,0.09931086924214323,0.1378891090646829,0.5912652659408103,0.9510848239230043
UCSF-PDGM-0084,0.49517281370952776,0.9537917609629099,0.28340313838584646,0.5903440304051113,0.6154582612305844,0.5466751287658697,0.8114062722222013,0.9029341806370885,0.9636567678979598,0.6187903934357738,0.9842522155428974,0.9851061130098977,0.39643956130309554,0.978797754665796,0.6008874661299933,-0.16049336795794486,0.5097223388378321,0.8316646917599105,0.5949474403286261,0.5953918958524353,0.5729872028189384,0.9859131863292323,0.9293459263059666,0.6090675712256524,0.9313043965453511,0.48612525050692257,1.0,0.6257320989108028,0.8073184649730925,0.8802135989627149,0.9678250505125311,0.25791489759297787,0.5983094106496445,0.9647624869251055,0.9655121612831985,0.9320388407104928,0.5866927133557255,-0.12288799147497026,0.5991567276358946,0.9573851183929205,0.6043601952102479,0.9612113662905807,0.5050883619683056,0.9813918534946422,0.62114810796,0.9255760051525622,0.6028844954549082,0.9313424207194202,0.548202439691349,0.38444299533974957,0.9871274121801407,0.9428086692680071,0.9648449696296295,0.9270788138773259,0.4399708552190232,0.5748892605537981,0.9676895236073335,0.295779295347476,0.9520960101331135,0.5017216859208582,0.9727798022038022,0.22514904012550097,0.9588076954602188,0.4748140373436657,0.9516376832110611,0.9897698229457205,0.9690095068223581,0.9400434767983037,0.5116571817014719,0.9121709362918478,0.6046473041458038,0.3685669185507671,0.9537868010708753,0.6216217616493721,0.9507450856842172,0.3730638437553081,0.8976192474634883,0.9219489300820358,0.6094590610798057,0.5932254096237937,0.40025662363797493,0.31001176564264926,0.9527403191081035,0.9531783091740283,0.9438794492231236,0.952013040293797,0.9529563127595847,0.9560076579514915,0.953197520449617,0.9529736653118797,0.9511064076392747,0.6193456333519383,0.9596604983966038,0.9534750697126011,0.9260276389998466,0.9432709745040422,0.6151493730816645,0.6257707906052891,0.6159189465932949,0.948812956003432,0.9527965347116136,0.6210559180136883,0.9451217007101581,0.9416930767284679,0.9568175845988515,0.61752840610792,0.9410169183015095,0.9514086055930497,0.9451450329265,0.9451581970903394,0.9493196801875872,0.6235457630581924,0.6197122988760897,0.9443452905081395,0.627222087994462,0.9558192364870444,0.4692311705956402,0.9444587390132937,0.6154420385839293,0.8558878982629149,0.6054336965397868,0.9211000309197127,0.9531065925948209,0.9349360898565406,0.9088215981147961,0.6155725387989975,0.9530812222682131,0.9530898803848324,0.6101111673786546,0.9504487900054002,0.3634171298801681,0.9550967825177482,0.9058806522814888,0.9419797297403182,0.6055366653929353,0.9665756497274303,0.4028903296339307,0.9805253161149458,0.5258807552503444,0.9824539104408786,0.5376040008684226,0.9792517068698267,0.12403306913372887,0.9658587736650712,0.9791465185826158,0.8588467969603024,0.6218563838053788,0.9455234444075763,0.9176401034936686,0.5755863873809361,0.6250658245178581,0.5830554100432971,0.7867840666690127,0.44324137347946735,0.8706880754589427,0.9504339295593868,0.5895728995363897,0.964624108883911,0.9716991691225976,0.6132946729969424,0.6226989676461112,0.595296035539991,0.987515117942327,0.9573688326039194,0.688818121232368,0.8212137432893735,0.5677960429872737,0.9675866295913059,0.9496325530792169,0.9073652200510992,0.9589074278737172,0.3969571905671417,0.862233011939099,0.8280732303824632,0.49828022944464606,0.9844182048600437,0.8992139958149085,0.8096084089044641,0.5181450737129274,0.9832929882438884,0.9811708617290951,0.9601482719756653,0.6245946303439541,0.9532013970463865,0.9560638890215714,0.8841626768648847,0.5873061057005531,0.9253603905457438,0.9529918421305791,0.9194956074647608,0.9314535764666221,0.5924324801922414,0.8134205512065432,0.9528593558995128,0.12723687582047158,0.953165332686888,0.9335354250936548,0.9137758358015942,0.14752393483777138,0.8231936742523117,0.9730003021423711,0.6210829528650913
UCSF-PDGM-0088,0.5564047291495386,0.6434298520644547,0.4444363922780866,0.6973653979566509,0.7243818465031169,0.6064808332998043,0.25330828149913953,0.582472911819407,0.6253573464725424,0.9875638583752685,0.6277471276711791,0.63704616647114,0.7172889132106249,0.6556203312595161,0.9756822710048321,0.2364432443092797,0.655556014907837,0.3662506292997239,0.7098830924484192,0.6897652087891691,0.27092728338993954,0.6840293872400116,0.46255261468558906,0.7204739754207851,0.5495359435570271,0.6221844226504881,0.6257320989108028,1.0,0.3943832474418983,0.4274378470628341,0.7127948230335859,0.2568697556788865,0.6590337217471446,0.5677803982106128,0.7042998662681008,0.5108940382786913,0.960211225376433,-0.18090835296653482,0.9739638423366223,0.5848648860704082,0.6988934163962782,0.6062014811186396,0.5869635808316219,0.609273883716377,0.9939063372430709,0.5110603024311787,0.6734020825837846,0.5897588838550005,0.8958279226612772,0.4808936837076116,0.5887550621771059,0.7196197399090555,0.6918823508166766,0.5974793664408405,0.5429935027376473,0.9594785730992048,0.6873083348622675,0.3218762665704512,0.6616018509767038,0.6405598985960906,0.680912050266233,0.5619073269145692,0.6080539513144437,0.6208174476317883,0.7006390607600612,0.6590066620926863,0.6033420755516651,0.5583384251443934,0.8710099623328522,0.5541550001166694,0.9723328436065942,0.660510157343203,0.5885194497041822,0.9982826730418155,0.6088906565780741,0.8419061026595274,0.4188708356286834,0.6084607377752094,0.9684716520741564,0.9629782318632514,0.5452563489531749,0.22516122755436435,0.7214047084168446,0.7228415229225343,0.7285724281181475,0.7199518079661466,0.7219679999591447,0.7282148523696783,0.723556877000928,0.7241877346741652,0.7167812769224429,0.7311403167477734,0.7185899962706719,0.721797339767308,0.6912078632500843,0.7276414445103125,0.9980358928935797,0.7374819320298671,0.9854693351595354,0.7360681621855445,0.7243980347038131,0.9977034237974721,0.7308926247638258,0.7254595457898732,0.7220145280506571,0.9988986918450028,0.7250131030785557,0.7189458100680574,0.7309495147669499,0.730982124684324,0.715970953136961,0.9992911457135323,0.9877945020299563,0.7293465615102932,0.9884815634800646,0.7285857457941166,0.8676459576312586,0.729546889412558,0.7280348209501993,0.44840596178633035,0.7163806251395595,0.6705238870760989,0.7224799422183559,0.7183695405281738,0.571922783849875,0.7207320229736507,0.7239909830659651,0.723970829250299,0.9880389270879937,0.7282798373751987,0.5697762690163938,0.7247150704975416,0.410315402518001,0.5944389144280223,0.7124611797385108,0.5935913168740062,0.4152237498237413,0.6230390074849124,0.625198799525016,0.6154923471371047,0.9581432712578981,0.6305086917331142,0.21414700426460362,0.6818031379065587,0.6378451487747665,0.4158021384974249,0.9982757225131506,0.7323247994893182,0.4986431842205749,0.628165304394544,0.9997993193763697,0.6887352216102994,0.2508198127482376,0.4413998172699481,0.5269217223324532,0.730876981188955,0.9465017524527978,0.7153202678543639,0.7097455175459687,0.9842269965104796,0.9985366592068937,0.7098827301246501,0.6491261412759546,0.5603520736217046,0.1405702030545649,0.30449305842202556,0.6855797765783135,0.7201335864060028,0.7237660885371117,0.6623210364140769,0.7080196943557497,0.5606952631176978,0.48134746456126615,0.42743816986833827,0.64261556764834,0.6844279330636125,0.6373934177566998,0.3822408353334912,0.823714288340022,0.6897406527163173,0.6928439976164446,0.6562129131787956,0.9997261872208988,0.7235241041166623,0.7279782112638498,0.6701821672426773,0.9600247965303847,0.7086371962006077,0.7220752251680469,0.6849721132485443,0.7147571924631925,0.9905932410116063,0.39849916450188405,0.7243338231668173,-0.12291067711659603,0.7227615396942221,0.7001366358116228,0.6974438679646875,0.48601840930144197,0.2993674210635378,0.7030666456946095,0.724925232554764
UCSF-PDGM-0089,0.2754538793208182,0.68693201088509,0.07907891494560702,0.41060870911709696,0.4295173968049792,0.31996974346416446,0.7524119039753873,0.7846947146471032,0.8764842987606319,0.4219635974916953,0.8780417737649998,0.7435290860601393,0.22074166186323743,0.8498774003423367,0.4726839463876971,-0.04389435549552041,0.3214753831355391,0.7720956502545856,0.3956549471488315,0.4302268401218952,0.6460617834048313,0.7391975867137814,0.9480513544190028,0.455711029962878,0.7308380349212074,0.3092168912276367,0.8073184649730925,0.3943832474418983,1.0,0.9837433235081704,0.7415357378260513,0.20861682334975842,0.3649835717750328,0.8723895549028936,0.7959991572007614,0.6923244474103851,0.4918037481393217,-0.02802137084626087,0.4905840098041443,0.7132265966507899,0.45102981043968066,0.8651382328478203,0.37091858077865425,0.7746818012198444,0.44241198689064987,0.7268105056508781,0.5008455971441529,0.9384360758612525,0.46394999181683927,0.19161960223804145,0.8445694221236983,0.7572498982014098,0.8116043203278496,0.8655908896092257,0.30878190838687775,0.5029908991987964,0.8250496137914616,0.16641680802137546,0.8358468029941246,0.3271019256268651,0.8184244568322369,0.24797591838416558,0.8978817696941103,0.2319596017283684,0.7888888551811863,0.8100159784431165,0.8417190758293582,0.7959407632733767,0.5502436619253651,0.8990020265539374,0.46859029550355685,0.36990148556494234,0.8837396935119496,0.42114328817471547,0.7462381243076767,0.2992766833008739,0.8111892354967558,0.873784408043842,0.46183304850022183,0.45620679775339545,0.24346700384468972,0.2681623043395862,0.7382303015592526,0.7267600097872573,0.7263099328945217,0.7473076424419346,0.734126082054214,0.7228534546786861,0.7192862011041949,0.7105602711075832,0.7578206862236077,0.42963643188649053,0.7369449122845604,0.7276622287758974,0.8240726177858708,0.7309950829177119,0.398777312552303,0.3898450897705072,0.39314823817995576,0.7152229937791054,0.7067426004475855,0.42175276185470506,0.7120582961948047,0.7405492146047479,0.7153172140919468,0.3815378180389219,0.765731096365854,0.7526986077935993,0.7116419121283255,0.7114012633131457,0.7659668864200525,0.40772241694116684,0.37246958518674145,0.722037312250735,0.3888896184778441,0.717166617446513,0.49042626117539484,0.7208649651869137,0.4207640149737164,0.8574698713245937,0.39860264453639455,0.8465804451871227,0.7299879505834825,0.782838243514818,0.8773766872035531,0.388383688279455,0.7136163240447722,0.7139084469575571,0.4582475811936673,0.7119170393550759,0.3143548029951841,0.7524070054958223,0.9114146732037115,0.9002961237325371,0.4770486749063359,0.7524453806369199,0.3478312228103483,0.7951653029931454,0.2908892867304005,0.748280313407265,0.33724160560467253,0.7396541964493747,0.1437694050245242,0.8320960252133077,0.7346657810025599,0.6731680655424028,0.41764528216381713,0.6998325112812646,0.838931292600327,0.44692690980396327,0.3964590585524518,0.43782224036510947,0.8647762502958211,0.3947582698804897,0.7191134816350743,0.737868313960614,0.4195967335143146,0.7399329434720068,0.7402681521657904,0.44375759685502125,0.4188967491992693,0.4186059598993777,0.7420714955472845,0.8836476186525711,0.6074108907648144,0.7354432756162951,0.38547413641240214,0.7429971172806572,0.7621471182710148,0.8266995198507342,0.7981487325870125,0.2623262407742102,0.7446271965360219,0.7359787357623888,0.33823632856813934,0.7515238290208558,0.6748660600231443,0.6623484598457544,0.4602951585894258,0.7725817146511202,0.771985944750019,0.8803182073266126,0.40028821908119927,0.7196707758722679,0.7259081196889803,0.8436449630701702,0.506628991729536,0.801562403947037,0.7332952984562937,0.8327934695641551,0.7904684350228282,0.4099905802638111,0.8075467037635883,0.7079857270343166,0.02346443080345862,0.7274996453137039,0.8239939224964261,0.8176749752018334,0.017992202407984135,0.8105123101193557,0.7694576179784831,0.4297141550527295
UCSF-PDGM-0090,0.32751014185797095,0.783328440328558,0.1018167685796391,0.437584910178548,0.45398918050393416,0.3753989714368592,0.8330517815828489,0.8556265470986258,0.9244170142235122,0.44705972397217403,0.9285921851305721,0.8301732601032242,0.2632149616688468,0.9032557717892674,0.48934851628885523,-0.07059419158641493,0.33957633878018284,0.8465308753215665,0.42664077652137333,0.4554119235163729,0.6724859342660667,0.8179880303782628,0.9805921444330834,0.4717319202524448,0.8198061436178669,0.32644005330474585,0.8802135989627149,0.4274378470628341,0.9837433235081704,1.0,0.8076067223395865,0.22124115854416687,0.4120399585061463,0.9327054777152417,0.8510721774440234,0.7970425520534483,0.5018515123070342,-0.02357247297842437,0.4960816545685933,0.8104526146502642,0.4656242538893002,0.9221992148480934,0.40565825301096364,0.8590825974036354,0.46513583844681056,0.8221539717198845,0.5054835496324184,0.9621323659040567,0.48406719002038906,0.21353503239110597,0.9075733535184584,0.8140006132553599,0.8638361636440514,0.9147088879154687,0.3210299161159322,0.4943399233636839,0.8775627211949703,0.22731859110918862,0.887398605046358,0.35061375999575684,0.8728827775840975,0.2688509211648854,0.9415372690195772,0.2714078590670975,0.8450059899274813,0.8759464421007629,0.9064000916175807,0.8755098710018047,0.5258457549616258,0.910179198355959,0.4810451621803531,0.39152831105670216,0.9318877964441181,0.44705993118091614,0.8325538946789595,0.2879586073997292,0.874282771039104,0.9156431483854548,0.4767540219013151,0.4625689940554501,0.245660796947343,0.29667572809222154,0.7978428854628266,0.7890107193494782,0.789609045000659,0.8047434478501057,0.7946964838553795,0.7850513800046907,0.7831936114330444,0.776344339965014,0.8126831959617683,0.45342294050090604,0.7999445006411109,0.7897587492581615,0.8584612484800765,0.7931190358906388,0.42972782175342766,0.4242055168169499,0.4312484810813821,0.7805259599891913,0.7733292037520867,0.44772182495420104,0.7787881830351826,0.8001970408426604,0.7817367447865702,0.4169842315781152,0.8180587317912265,0.8088012971320416,0.7784689696674172,0.7782844047541765,0.8186478832980096,0.4374647603333842,0.41517964040207583,0.7863870533557825,0.42837197836363466,0.7805805883665994,0.45582677431116525,0.785499586016067,0.4466768670789246,0.8997684987481893,0.4266933553686933,0.8812452597015733,0.7915082990627375,0.8299622381239841,0.9208811760652972,0.41909248538596955,0.7787499558560816,0.7789795250199884,0.47348428043611346,0.7810862387783095,0.34213019230152086,0.8078457680371605,0.9520009352093143,0.9404016786108247,0.4859236918854869,0.8435526766442906,0.36833310340700604,0.8711102165926797,0.3382528147872792,0.8347739813286329,0.3527195697723538,0.8223752273722325,0.09996842324157673,0.8812980353861302,0.8231653907236454,0.775327804723477,0.4447333302502878,0.7693485126960857,0.90404671592443,0.4692664467432889,0.4287514894182014,0.45045821219456195,0.9108848341610648,0.4102847390832731,0.8055629299830507,0.7991979187347144,0.4394241546152294,0.8045118019056141,0.808482065366268,0.4620402718230337,0.44503325175231684,0.4433078843033399,0.8248453183962294,0.9386434404019044,0.7050615019245451,0.8154588544370861,0.41516998192987187,0.8056781947423892,0.8187368650272414,0.8659384945604195,0.8474218632489976,0.2662268063368258,0.8234182449817798,0.8058341449513984,0.34594161119883055,0.8277482093874968,0.7580005776088751,0.7673727138602989,0.4710782054008663,0.8412314667183833,0.8397106009061226,0.9136663302332763,0.4319757277719668,0.7834940762340948,0.7874423895430551,0.8654168768396883,0.5060284331613798,0.8423043240230162,0.7940576675923002,0.8637266139296832,0.8350903655188149,0.42927448865737305,0.8631862785737573,0.774312208359627,0.054849318651804244,0.7895838115969864,0.8585587130210411,0.8521386284028549,0.04582346260193009,0.8618476274918938,0.8324221670702313,0.45013403157648
UCSF-PDGM-0092,0.5454270673052704,0.9605244545860175,0.41030000237988484,0.6781396325570057,0.7029658089254254,0.5911816837569591,0.6647908360987886,0.8949897762497296,0.9467424184988054,0.6778749899504642,0.9611776929736318,0.9670680819042966,0.3573804898935149,0.9712912501364677,0.65748651953562,-0.23236763733623272,0.6244014566076113,0.7650998367646913,0.6884300554837411,0.6714935260271003,0.5471443351904887,0.9902872060951388,0.8398281864192829,0.6994331178561151,0.8771789223447551,0.5942154440767766,0.9678250505125311,0.7127948230335859,0.7415357378260513,0.8076067223395865,1.0,0.25647726710378344,0.6438209788589323,0.9178988406888813,0.9919390835421349,0.8735561927363605,0.6326910934942276,-0.17800583705150338,0.6858346811664787,0.9379906113004142,0.6831081248561719,0.9409596141167311,0.5699239565203408,0.9511592662008245,0.6968000586294126,0.8534308953980105,0.6617708957493438,0.9163925127573646,0.5473767440796047,0.46244813782534866,0.9458942554554808,0.9905365073634055,0.990454598421464,0.9081036436958779,0.5258283584580993,0.648282917680756,0.9836802136862915,0.31379286462603306,0.9572933259306964,0.6126885769164051,0.9865413163460863,0.17395908926573622,0.9461794685121226,0.5894661999306353,0.9844977281158646,0.9781796245208723,0.9350750661842214,0.9258644868653982,0.5371166026879215,0.9053869804390676,0.6574425589213106,0.3026604858784078,0.9432193197310306,0.7094296727724375,0.9406096227089681,0.4350236209952688,0.7777822313310313,0.9119427845027309,0.6497098932615176,0.6539056248277612,0.5146482011426128,0.2465310522733501,0.9978213469400837,0.9981217120853981,0.9943321368931576,0.9971889245081675,0.9979902854989621,0.9976862876234107,0.9980414205671204,0.9976922977426196,0.9960607593092454,0.7093406137019403,0.9992973395224645,0.9981712946119132,0.9712732419925971,0.9937693957637932,0.7084534410691755,0.714822891059412,0.6678244166739842,0.9959470306568221,0.9974574370557394,0.7109147678081191,0.9954098509419603,0.9922706810440519,0.9985202675563755,0.7103505912861658,0.9885625888615293,0.9966344539416234,0.9954278345473594,0.9954378940926036,0.9946462964503562,0.7130981546298937,0.6895690202887033,0.9947525518000434,0.6936211587875105,0.9974208395926641,0.5209252197297842,0.9948529356774695,0.7062161599470455,0.8452313285257863,0.6956371892172638,0.948254638496624,0.9980906288750191,0.9824870079998073,0.8828042913304078,0.702001241157494,0.9978448034751015,0.9978576982326965,0.6997976089613092,0.9962322391619892,0.24522617455433088,0.997111042910701,0.805463783805405,0.9181835257432112,0.693261674988656,0.9379649840334946,0.4202458941699717,0.9491243314583794,0.6070919272078599,0.9435362340743257,0.6157528133334843,0.9441171554535714,0.19947822346802163,0.9804570936774515,0.9720652699381672,0.7931378666359264,0.7116338072594487,0.9956427158504241,0.8424334744134551,0.6180853210063153,0.7108473786303852,0.6711977081006122,0.6658303612515369,0.4459974474518259,0.8760193206758965,0.995015491872736,0.6144811489363996,0.9997254127547405,0.9994163247428847,0.6765046107842931,0.7054508999107281,0.6887226210692274,0.9661779402189209,0.9124370849405863,0.5760296616284577,0.6927757984591845,0.6645445947489634,0.9991038665716714,0.9916089755668399,0.9479372250629703,0.9915547243706736,0.5283634157799211,0.8591255128394305,0.8239190855065716,0.6098072126954706,0.9914591470934858,0.9450873913439817,0.7411439388554988,0.47774591381710074,0.9949165597818994,0.9962402296786057,0.9672597088761616,0.7139533021904069,0.9980505968708494,0.997782354419296,0.9305951300316856,0.6768531994801361,0.9728031782791174,0.9980159873637294,0.9646169307542718,0.9789767952173895,0.6890314546198413,0.7412199901401815,0.9975392464910716,0.15859824136542688,0.998118173775674,0.975700499399153,0.9609951525655451,0.17586029869491263,0.6888503058911137,0.9978726866901816,0.7066266198650447
UCSF-PDGM-0093,0.7769978829858515,0.21716010546521167,0.6788434130018658,0.7487395709930003,0.7359875908955041,0.8021997970942328,0.18926439933762199,0.25205977279701014,0.24034913032331465,0.25453313370896147,0.25590258807028543,0.23542682160938466,0.1404175196090271,0.24752623994196837,0.26721634297243585,-0.08528194726267925,0.7151560137191947,0.1337379250633654,0.7322563210518704,0.7547312141907123,0.07019780917277528,0.25192808582320797,0.24114512206966268,0.7228451491435129,0.20388362250524064,0.7416368428836855,0.25791489759297787,0.2568697556788865,0.20861682334975842,0.22124115854416687,0.25647726710378344,1.0,0.7711318465580195,0.25369394784981714,0.2503295022576301,0.19758173673976526,0.2639551585419164,0.7717321332519262,0.238358260191097,0.20196583588424796,0.7646487418788566,0.24281826588948216,0.7945551204557777,0.2402889184293357,0.25241398704716084,0.2407503668935109,0.7689992029786833,0.2403927120292426,0.27137493259950113,0.8118157727323271,0.2571255487695355,0.24364281887189648,0.24847618373716593,0.2284161521539276,0.8289462056826746,0.23129704653271888,0.2517904924841214,0.7613364975711026,0.23242695650397888,0.7201432142688364,0.2435209744224517,0.1641333325888058,0.23683913257085562,0.7136033850860819,0.23907710577210245,0.2597295316034149,0.24995336256079895,0.2106492145029172,0.2200153621537069,0.1956646578765123,0.25618098663631106,0.2516461709439592,0.22094782559364554,0.2532338474309867,0.2066988411111109,0.10677332775825957,0.21136741423466435,0.22085481731060122,0.25542160645319717,0.25061411728872146,0.7327043041846203,0.8987965077950343,0.25475222770200767,0.25609851140505885,0.2481780793106857,0.2535543232645965,0.25525457541875546,0.26201926566509337,0.2568830841337259,0.2577133837414777,0.2492593641549589,0.7263890558442472,0.25498934553299607,0.2536321757929034,0.2365206263915576,0.2474743231851578,0.24961029440880472,0.7269127548729117,0.2591493713993307,0.2555682036450891,0.2580490853596907,0.2528942465345783,0.2501093622133598,0.24592320089238895,0.25682008038407966,0.2518328848587204,0.24759604962242196,0.2527828571990119,0.25016132705365757,0.2501912497366879,0.2506748501474081,0.2549443463921699,0.25828066024763335,0.24878922235241469,0.26274975171616344,0.2625371401499398,0.1803330920947806,0.24895196566648098,0.7284496139495725,0.16592289107686164,0.7440721097661924,0.22471998016036487,0.2557375819384553,0.24369912314882503,0.21578386874419406,0.7489559329238289,0.25743273839678993,0.2574053470968654,0.24435509789534626,0.24997351042700672,0.21706925732124607,0.258663135482644,0.26024639571433367,0.2292313203088084,0.7270318974259147,0.2536028929111354,0.8970017144526274,0.2505671413891556,0.742252202750683,0.23786972798206407,0.19584819575186332,0.23914096892197198,0.738087108877175,0.2453741912454162,0.22818643997780888,0.14273737260432934,0.2535267636247828,0.2515376406356317,0.22567924140700482,0.8244561968739232,0.2560525156779226,0.7583976243010372,0.2312263605463021,0.938708407836742,0.19198365404902512,0.252317467966039,0.24952706293618354,0.25346836284020435,0.2522433853538575,0.24950520072135401,0.2550790999604816,0.7300839844631185,0.24025029044097398,0.27901990274574096,0.14148155304241478,0.2112699831999168,0.7300575003115509,0.2609884747353488,0.24925900331165887,0.21749052959009224,0.24952070520330383,0.6945460519064568,0.15518396716093574,0.14112272722846086,0.7007840528507686,0.2525823037671449,0.19800332585356747,0.18050690083496948,0.2551096409524742,0.25220799252619425,0.2550214795293021,0.24796181883710414,0.25590840623937516,0.2568444061463825,0.26172527009241087,0.21970422582540028,0.23204616232828096,0.2384180595259133,0.2553534102848801,0.23333955971630352,0.2416930369609239,0.23039436073762184,0.28489527168882856,0.25794156273700664,-0.1511983680098166,0.25601701261090537,0.243725649200071,0.23271017819598636,0.021365535477302883,0.22743460514465186,0.2483749744992345,0.744504110298695
UCSF-PDGM-0095,0.9474896060655729,0.6383793294554463,0.7744912525075617,0.9657094965508775,0.9622097218446543,0.9859928192827268,0.3518617277189535,0.5529621601921371,0.6047531417768915,0.6311726747197863,0.5936756550164713,0.6323330532710306,0.445378252164923,0.6226484978081996,0.6142878539829065,-0.19423538686855343,0.9180403777055283,0.4438382159640389,0.9600177028156013,0.977658394292936,0.2543372687222199,0.6432368771731979,0.45715896607886447,0.9508286059854477,0.6101610668311844,0.9138089444156613,0.5983094106496445,0.6590337217471446,0.3649835717750328,0.4120399585061463,0.6438209788589323,0.7711318465580195,1.0,0.56854759527957,0.6447244185486156,0.5685611115489351,0.5931611739451048,0.26435201655969026,0.633510943019075,0.5974842979730628,0.9531875271330994,0.5878271031066166,0.947834397202128,0.6145687514427729,0.6535139804368301,0.543970786070523,0.9597126358455157,0.5455290012766993,0.5341280381758754,0.9049089985254224,0.5654782607732026,0.6482858780250599,0.6313156586753351,0.5941341824421745,0.9053337355832958,0.5749395925565558,0.6347561796364395,0.7862170361817438,0.6346390710986104,0.9264912472824465,0.6358743490448383,0.18760872174571058,0.5791080895189278,0.9151635458467816,0.6470263080678105,0.6233386968364272,0.5937143105811663,0.5596278054322974,0.4821970815546304,0.46220357408752577,0.5953002732371735,0.31499665737171906,0.5660584544287325,0.6545594707053024,0.6231909861608643,0.3444153576334548,0.49022931352449495,0.5978651301748729,0.6049671550078962,0.5699040962550792,0.849113787504853,0.742661903815802,0.638762434762987,0.6401244246087243,0.6543898446652513,0.6374026881921686,0.6392936682009169,0.6441917632187407,0.6408147560956038,0.6414383573776167,0.6347638033583011,0.9573612428033891,0.6414965636095351,0.6393606853873897,0.6112149767752326,0.6535348044181216,0.656009248657986,0.9600543784968879,0.6383258289830829,0.6602536205709133,0.6416525432987332,0.6573289114746769,0.6565294228816124,0.6515356793189078,0.6424860447024758,0.6581030011753056,0.650109306856006,0.6364673943201684,0.6565821089963787,0.656612315829139,0.6337201643058658,0.659633525592993,0.667456120446067,0.6551020947755375,0.669983212567016,0.644563661128172,0.4281308278307262,0.6552866326493663,0.9592627552580337,0.4216347772411645,0.9581856392060989,0.6224360716339831,0.6397793055214264,0.6440623479488591,0.5776703389411408,0.9539428161291177,0.6412415475684926,0.6412215328996878,0.646767645985418,0.6590417572139972,0.2889674191028149,0.6408568883232232,0.3890205355206133,0.5808619771403289,0.9432148052862602,0.5892219442580747,0.8628984896964051,0.6091974002490265,0.9229683411514088,0.6253994441873287,0.5348969021636495,0.6415947393355519,0.6006143069494455,0.6356803069634357,0.6251346094263117,0.5040453165972553,0.6580783064628458,0.6578616216111455,0.5357958680247425,0.9801221148111539,0.6554177315584228,0.9416129570780462,0.24907884825935125,0.8499381419133603,0.5254141557121063,0.6587664366186057,0.565372827449805,0.642725483602208,0.6447462450203436,0.6166108358493247,0.6508343080934306,0.9568734325076456,0.642123370228927,0.5259726145368675,0.21098022490961107,0.3734400041996317,0.9510529413951676,0.6487193534214873,0.6550918613708117,0.6074280997879842,0.6327763136073077,0.8516851273538667,0.4903043341774635,0.4061417480766062,0.8947725158431227,0.637723527095355,0.6056807634568439,0.4595058308391324,0.46207655158351907,0.6429449183540856,0.6420913128339887,0.5910666356182547,0.6605723139153297,0.6407828370145837,0.6439586311497714,0.6004377414092705,0.6238751058003619,0.6352275644788264,0.6393951345754953,0.6055888107103546,0.6407806152930151,0.635670734618772,0.34432048845658153,0.641586607866401,-0.23888304709801317,0.6400479051600308,0.6184200636033598,0.6250867129836413,0.1539111928431969,0.32632058581459655,0.6414903806275916,0.9496208509101793
UCSF-PDGM-0096,0.45294941126472166,0.9254220905765236,0.20779408355184964,0.5519416590810136,0.576911823910865,0.5357512605034724,0.8694924269870126,0.9555485788548794,0.9855406849779738,0.5612156632434616,0.9833897044673847,0.9565209577608327,0.38576162099913974,0.9770791673714421,0.585826428795822,-0.11454263146840216,0.4645539715076713,0.8906225192116943,0.5492226657835725,0.5716533464645834,0.7022559099138413,0.944014575707419,0.9533249227358866,0.5765932758957456,0.9493992035555255,0.43597746057170167,0.9647624869251055,0.5677803982106128,0.8723895549028936,0.9327054777152417,0.9178988406888813,0.25369394784981714,0.56854759527957,1.0,0.9406989228815767,0.9311902702122221,0.5776843367426184,-0.05438658158416674,0.5794019301622908,0.9320304728913211,0.5581586783186082,0.9911818944301534,0.5198162589515748,0.9778137642092607,0.5831679949573872,0.9552346386103009,0.58370555677149,0.9612837500937865,0.5587775604870289,0.3233248138394514,0.9808440511635187,0.911278342300337,0.9426033257113102,0.9794248920650732,0.38471632918244153,0.5406689959877209,0.9570224206190121,0.3550579771829295,0.9652243353458947,0.4659542929126166,0.9534931709394455,0.25486884935445003,0.9767255311089921,0.41633173488628783,0.9358018199231343,0.9752274801653322,0.9941023777982043,0.9606173090188964,0.5044538066468863,0.8841258015510345,0.5518493905002558,0.416987715589533,0.9693597434317518,0.5725762985522379,0.9518284391059237,0.29084988976957477,0.9352198497249127,0.9682310280160772,0.562120753328624,0.5238178160325824,0.3388685508557999,0.32266473046088456,0.8990420452095553,0.8958180774480272,0.9017853771721817,0.9013250594785356,0.8979302560786978,0.8967686759221615,0.893529755188108,0.8906844310620116,0.9041142753688706,0.5756380822658251,0.9060805392516852,0.8964475052342981,0.9066484989130065,0.9028110243790477,0.5630802070157743,0.5678419909002531,0.564068047118696,0.901778190878067,0.8893837471880616,0.5744055306425223,0.8982300273460956,0.9046614029119855,0.8961542033557556,0.5594136192847676,0.911949859737845,0.9025593071898053,0.8981168784371402,0.8980512546981392,0.9051731435572931,0.5718167368660155,0.5759670110566055,0.9007863227990691,0.5861590781560263,0.8948840489323835,0.42633486695402917,0.9005019140154951,0.5704100343946545,0.8686004351449845,0.5498837512700849,0.9322892449945523,0.8967616946911082,0.9129338762538731,0.9714120632574937,0.547910410635642,0.8917014946872802,0.8917975698222288,0.5779723340935857,0.9041772434525801,0.37394177410780627,0.9052300404108723,0.9163690724684737,0.9818086616983284,0.5760445997660876,0.9726031809236345,0.39189637024387697,0.981233627855217,0.4579788027169864,0.9643780827206218,0.45641889482494064,0.9558039566680765,0.05568393657223363,0.955869359300147,0.946261267753604,0.877092926130447,0.5736986982759805,0.8947050619399134,0.9802389157933029,0.5740232363251443,0.5661369414934444,0.5354031624738449,0.8454450873770026,0.43800212208237604,0.9082924476535063,0.911459845455318,0.5269616137583939,0.9119373927006523,0.9200562054591993,0.5574776852385162,0.5697572395074848,0.5563138624021673,0.9534505671941201,0.9839171999337669,0.7395412758896696,0.8856598430237059,0.527546414168897,0.9161222994304523,0.920062117534812,0.9171058756202725,0.925962211039149,0.3589756043410476,0.8842194452347899,0.8141780499477435,0.46055087930453337,0.9462307629704835,0.8689455555077048,0.8903835505501233,0.5037412369509445,0.9490357307701986,0.947152929739386,0.9438248285984336,0.5702520583514202,0.8936509337349302,0.8977492812356467,0.8955713959356862,0.57673116446929,0.9119219146591963,0.8976994300826566,0.9047294169762761,0.9128216957525171,0.5519382170692918,0.8589373071946881,0.8898109074248757,-0.008683009530477296,0.896036730244741,0.9120782133940064,0.908658534893744,0.06803607189518845,0.870496302674698,0.9314539003727568,0.5642390359113633
UCSF-PDGM-0101,0.5405767084874126,0.9559696809008689,0.40227829956776856,0.6812723299427639,0.7054245894890165,0.5917934440715894,0.6799641105591485,0.914078689592495,0.974103618357762,0.6710131840148637,0.9778475302473723,0.963694493586633,0.3585219096355253,0.9887391610806084,0.666558911761105,-0.21636573985440305,0.6293648477453297,0.7956268305018144,0.6880158466609623,0.6814846287318098,0.5912524856120204,0.9823913054517585,0.868882197027551,0.7083850270397074,0.8940689736259976,0.5979424432596565,0.9655121612831985,0.7042998662681008,0.7959991572007614,0.8510721774440234,0.9919390835421349,0.2503295022576301,0.6447244185486156,0.9406989228815767,1.0,0.8730786569448472,0.6455841450296413,-0.17976347792808206,0.7034727647241669,0.9337976767123906,0.685177493133552,0.9650716859506336,0.5856091105757667,0.9550112110647886,0.7006289908733278,0.8582582732342512,0.6783189582344483,0.9526801672780177,0.5601126730858039,0.45761442842406097,0.9490345717318939,0.9955087492945813,0.9988543049453783,0.9470851202918852,0.5267711138566654,0.6627365060601598,0.9979178396401698,0.32419383411970726,0.9842611134476688,0.6214561624333176,0.9972870150427161,0.1728776759799421,0.9733394583884103,0.5837977029898201,0.9972673048727146,0.982707901737243,0.954382156296997,0.9385266594671657,0.562805128826273,0.9252437275337839,0.6593057536015491,0.3123972336498179,0.9664548513547158,0.7074457586907628,0.9520489267715494,0.43659681937594214,0.8011972196185756,0.9534414805053937,0.6503769219682731,0.6485059991136971,0.5171498662092593,0.24228985316364474,0.9900576811141358,0.9877744132416291,0.9923803017545992,0.9915374312057872,0.9892916449798269,0.9862772893301273,0.9860579064416851,0.9838421441807499,0.9929736191069779,0.7105122359016598,0.9908243434230312,0.9880599058032733,0.987003233107759,0.9929553772572065,0.7034979049650315,0.7059800227770828,0.6600468642178363,0.9908629386832801,0.9828046635017259,0.7100343545985752,0.9901014734437853,0.9938348420138604,0.9855194273549757,0.7011180353609815,0.9959584995804559,0.992267972615513,0.990023616963818,0.989978340897628,0.9935491814995732,0.7086518118831497,0.6815552836666128,0.9917783832228694,0.687890945810318,0.9848023192753533,0.5420290241048846,0.9916007219202292,0.7064701594711857,0.8668925725597916,0.6904573370420044,0.980113140874943,0.9884612645348553,0.9947004192011212,0.9288450497788885,0.6887815709713431,0.9846432233982944,0.9847184021765902,0.7089192992624718,0.9907116603044333,0.24557579926963044,0.992322631764123,0.8177442857805943,0.9551633969761324,0.7051305069066465,0.9363632318026979,0.4243707422020149,0.9570075847384661,0.5935463423655597,0.9440444800719708,0.602997749701107,0.9451367035630034,0.20829044922057147,0.9966287621722419,0.9664984238229233,0.8035785809991245,0.7096983326405915,0.9875689711521287,0.8745828398462986,0.630769088712038,0.7022941315873996,0.6745496168747162,0.6857808301669552,0.4439734275923567,0.8894065094004316,0.9951021384790344,0.605968260123659,0.991739114284027,0.9915022315877609,0.6744308054796982,0.7010339047147737,0.6930236100053959,0.9630500506063817,0.9278830277811707,0.5672607129804659,0.7013857187108498,0.6676563904716418,0.9915672802080281,0.9975634141845894,0.9757762415178062,0.9975789023831952,0.5409035015701564,0.874115933478079,0.8283899786813663,0.6211725984639761,0.9857616467843955,0.9419394787134455,0.7595965309424585,0.4855952912161861,0.9936977804098646,0.9944691674694086,0.9846481720235815,0.7076594910990407,0.9861504131553666,0.987031016516478,0.9649372203305242,0.7004469411176086,0.9907906724996484,0.9891295411538575,0.9834111522678206,0.9934711469666292,0.6934268028163849,0.7529128503571675,0.9831469130113574,0.11561064297675272,0.9879347658895358,0.9903784970827919,0.9845254352885628,0.14240911405390402,0.6977058067269214,0.9965596361866815,0.7009820173754236
UCSF-PDGM-0102,0.49888237026556426,0.9577626786469488,0.20271397574559522,0.499386068542965,0.5045152270225463,0.5492367038917124,0.8951861853924685,0.8712557166943146,0.9037187322395752,0.5064469534926731,0.9021775413681158,0.9665433093319742,0.46353733775077116,0.9061359602210369,0.48884218952598524,-0.13821689317030955,0.3965185209210616,0.9287514773048122,0.4994908199947694,0.5168445958308607,0.5651666264363833,0.9230843982893124,0.8489192517790317,0.49056525047787186,0.9829089946270371,0.37776730377619133,0.9320388407104928,0.5108940382786913,0.6923244474103851,0.7970425520534483,0.8735561927363605,0.19758173673976526,0.5685611115489351,0.9311902702122221,0.8730786569448472,1.0,0.47723798575553117,-0.13873837574492726,0.47677295684867377,0.9791876845456852,0.4789071258319511,0.9159907054054922,0.4858273710870228,0.9735381702185232,0.5119191729076241,0.9517056195628986,0.4948813328800192,0.8305753001532604,0.46629792175601825,0.33159958350306584,0.9280072782262812,0.8481505479385703,0.8726634378819644,0.8938309878088457,0.33720249763567767,0.41865716516006785,0.8789952364519237,0.408323852222691,0.8924783254775958,0.4177445628199726,0.8945187931118652,0.24356784892909086,0.8906320316092847,0.40402207192208783,0.8729770669581997,0.9210171294001896,0.9298422621284055,0.9508569886588322,0.3778937275056023,0.745325026345284,0.4603732445657174,0.3344521011648936,0.9057979343093574,0.5028764147605953,0.967480081381094,0.1958132522161696,0.9220018181774078,0.8769342059498845,0.48863424354354906,0.42585867304534614,0.2666951408774462,0.34423456323598617,0.843396900985638,0.844971337054464,0.8497710628073682,0.8417843118693387,0.8440173422228142,0.8420477799034817,0.8457408566612696,0.8464021016648379,0.8404454387737933,0.5017307636103651,0.8566495638428815,0.8456253202589779,0.8090440619857618,0.8487268453169304,0.5063117427694759,0.5124608629841759,0.5251605236801579,0.8494769698412902,0.8466151327218874,0.5042488002886664,0.8523543585869658,0.8462689872324493,0.8532751631489958,0.5105743695125226,0.8369602859100149,0.8406604644627147,0.8524172031071308,0.8524532115760949,0.8373153478497157,0.5082333875724001,0.5470538865729095,0.8506365576565831,0.546609139328185,0.8424490242314663,0.27107030672368515,0.850860033121428,0.5024622807952243,0.8221941826600874,0.49144605961716215,0.8346736517999039,0.8445779025304966,0.8293860936230818,0.8820676692463952,0.49499978367416736,0.8461985969475248,0.8461775811067112,0.49058795063113625,0.8632709790588494,0.34857082913410936,0.83815161032975,0.8125382450317875,0.8869558444118,0.47873635201097925,0.9598542259315298,0.3745384141786319,0.9405724466135429,0.4648783136434623,0.9704933454264112,0.3828682213577311,0.9621522709713863,-0.03635451602726223,0.8824079711644263,0.9609919040397921,0.9753486458835644,0.5054794725366459,0.8539235023518981,0.9274740925550806,0.5179833560626098,0.5078485127356568,0.45463354548721635,0.7395284953157937,0.36628429907366383,0.9026166207487896,0.85261846362912,0.46083002829266373,0.8661583596109066,0.8813794801885346,0.48038904169334967,0.5043020285954357,0.49371940438815165,0.9560386175874993,0.8787695487142938,0.8062249088854098,0.8827200168683242,0.48451568046472976,0.8645037676063219,0.8528668986745206,0.8289452604364629,0.8469028725403586,0.2917402225132196,0.9030175190832355,0.8267798621659747,0.367997573411139,0.9158252606621031,0.8890888398329292,0.9274271885738908,0.4183666439866983,0.9101828948477471,0.9045000810269892,0.8403428248756085,0.5101021969633213,0.8457059455952,0.8417891564355531,0.7741989749593076,0.46338669829189105,0.8182654414341052,0.844135042957126,0.801876768816811,0.8252611326444147,0.47316969701111006,0.7130558148694827,0.8465507179580564,0.02666539529594629,0.84488451603864,0.8101690644161165,0.8054540029092502,0.163107218606778,0.8070485448568423,0.8833573734007224,0.4883525043132393
UCSF-PDGM-0103,0.4860202123480048,0.5669778136485701,0.3083868415774085,0.6229992785302276,0.6486743233602472,0.5480828400167861,0.3236080355073293,0.572347254488558,0.6171855431136505,0.9775663354471783,0.6139621268387354,0.579162678070819,0.7775946627622438,0.6275188991986586,0.9967965892250862,0.3970407633391533,0.5517975037722603,0.3910124016891867,0.6257454961901984,0.6276310281747296,0.3263584805463519,0.612297368275389,0.5173685057419207,0.6522344393217896,0.5269085608769807,0.5232004639873996,0.5866927133557255,0.960211225376433,0.4918037481393217,0.5018515123070342,0.6326910934942276,0.2639551585419164,0.5931611739451048,0.5776843367426184,0.6455841450296413,0.47723798575553117,1.0,-0.10214661279496733,0.9735050786667588,0.525935887600792,0.634873728241375,0.6000862229149047,0.547077902418081,0.5723038522752221,0.979945135228759,0.5037140194615999,0.6378411321561125,0.6075798012928041,0.9719805673318749,0.3849828122854629,0.5745011156426412,0.6454086622475952,0.6388163367834658,0.6027624878697219,0.4687170420192005,0.9763938202999641,0.6433919114509101,0.3144311346234821,0.6324962087394933,0.5467828550490692,0.6329463247390553,0.7091968018379569,0.6043059743449133,0.49935228999111636,0.6418492559706462,0.6183584781396896,0.5945000968557516,0.5339635791700437,0.9569666947802539,0.5396284511964792,0.9824590264780809,0.8074403285904206,0.5803407604550298,0.9681277863478993,0.560689819420213,0.8553755252647486,0.4618567867141589,0.6107175113540457,0.9850917230244421,0.9638506862983931,0.437178111868968,0.2789509456173783,0.6376242051559242,0.6354260989994226,0.6430530864994777,0.6391711997006329,0.6368676755221786,0.6402517181104972,0.6338592270101615,0.6319052789795968,0.6394270550920776,0.6518298847075621,0.6350900604507577,0.6344853755669719,0.6422212557143717,0.6437450612614057,0.9609655805144385,0.6440732332605525,0.9754439942754392,0.6471177770895178,0.6310103543476066,0.9668074460384772,0.6406340835696027,0.6449822106630784,0.6315000505283168,0.9555964370962446,0.6539741417769778,0.6400026931967046,0.6405567193081874,0.6405118412131974,0.641745039750046,0.9631724781915062,0.9601006051257002,0.6423760813829154,0.9641634196851437,0.6389489205286202,0.9179135136290345,0.6421829039395978,0.6467708568444681,0.45517395748099926,0.629861520484104,0.6414271309388854,0.6360707541917686,0.6545099140908675,0.5893028244120782,0.6298484675437735,0.6326043511476018,0.6326703533213386,0.9724933607127738,0.6387012978664006,0.7092303284100586,0.646059616811257,0.46792054196987887,0.6042232143507332,0.6526681992679108,0.5582794448553366,0.4181009374119355,0.5921728304089521,0.5305869824371129,0.570898636757585,0.9266605561074273,0.5815361969732215,0.15645203931384732,0.6406975814071482,0.5728847957644106,0.4011542482688932,0.9658314492368681,0.6382163125107424,0.528428301449661,0.6001735767914312,0.9613753874697456,0.6201585094487974,0.3475978491224286,0.4594732844574407,0.4929529677500272,0.6498667419757033,0.9628444452105612,0.6332341634136438,0.6291671401611467,0.9771104907178968,0.9709066833558209,0.632758544050308,0.5900313570515451,0.575023166864865,0.1878651675271832,0.3622060061641872,0.6041783405077624,0.6404755957763347,0.6520904529799678,0.625500913490198,0.6466904699336604,0.4563446053709404,0.4543997484062955,0.39781394745810195,0.5461459634107385,0.6156489139881085,0.5541860455859494,0.3960835089871658,0.9196842142402586,0.6256819586517691,0.6281098948362507,0.6313765203385264,0.9609132069753562,0.633942313277495,0.6409286057063944,0.6412723923188773,0.9657689139345856,0.6535799776896364,0.6367103936725785,0.6407570082414471,0.6543488680393359,0.9607342690091393,0.4509880025124051,0.6313043650152493,-0.23546761234384217,0.6355755605341681,0.6502713851548475,0.6510430373862867,0.4928274587799442,0.37586584823438024,0.6326373339576133,0.6458465835388217
UCSF-PDGM-0105,0.27565258442176005,-0.1955107339660518,0.2361063564825433,0.22408694388519754,0.2211174929223813,0.34359749568805636,0.06211079261858119,-0.007071042223464544,-0.13643238957061085,-0.17907327419131672,-0.11831264422599058,-0.1708159009426934,-0.1256278846626584,-0.15271657273429143,-0.10893421690865555,0.06341117581075799,0.20639445461011394,-0.12732608382907096,0.20403725368411688,0.2385115563951897,0.007543601483092027,-0.16425485659869227,-0.030215273917915304,0.20320568839919947,-0.15254760561078112,0.22234515190693227,-0.12288799147497026,-0.18090835296653482,-0.02802137084626087,-0.02357247297842437,-0.17800583705150338,0.7717321332519262,0.26435201655969026,-0.05438658158416674,-0.17976347792808206,-0.13873837574492726,-0.10214661279496733,1.0,-0.19535367125823053,-0.19434391942380883,0.23918775088288577,-0.10316769031984295,0.35906076310023455,-0.12702425868447167,-0.18149050253363547,-0.013231039551810613,0.25242374386497035,-0.10911150621674587,-0.0027925502267667933,0.30491946045989743,-0.090744929641713,-0.1956920332510508,-0.17765931816622982,-0.1132503343668565,0.3484615188663739,-0.18945393041252934,-0.1596711897833697,0.5163930890495788,-0.1732113838158081,0.201869779532223,-0.18611143433759555,0.1288928330568311,-0.13369897430382227,0.20870379097255504,-0.1924159492380549,-0.12792124415285788,-0.08603673947910467,-0.12353279880334077,-0.13875338276035576,-0.17475658377899636,-0.15484369426775152,0.20009446367331363,-0.15452736007882692,-0.18586128038257288,-0.18313425104872624,-0.21524933540396898,-0.05234123511366429,-0.1446163784333346,-0.1589987141401485,-0.16785190567095828,0.24908646514129776,0.6568821330187435,-0.18644000242716258,-0.18459061232713528,-0.19239387926980275,-0.18787740928163957,-0.18578234019979914,-0.1758237241335121,-0.18336729496362603,-0.18192210409449425,-0.1929260259057077,0.2067713537334848,-0.1848256467080671,-0.1876825279145981,-0.1986700988293437,-0.19312758242171857,-0.19074641758579425,0.20948074482477008,-0.14798440195569085,-0.18261709582551272,-0.18128437810377565,-0.18582833474222363,-0.19011593643823893,-0.19459824112186067,-0.18288497597234582,-0.1876536859873943,-0.19035936851091886,-0.1887192191071912,-0.1900484007591416,-0.19000934427782754,-0.19074976434803623,-0.1834463670462657,-0.1572892881577804,-0.19171803221265582,-0.15125736151554442,-0.1748944575937266,-0.17589538608494956,-0.19153150050060241,0.20647685217761513,-0.137995079210739,0.2170840944057775,-0.19655172829093573,-0.18511460516964046,-0.192744638868292,-0.11934997786429408,0.22404785785724182,-0.18243025216805647,-0.1824787136368253,-0.19342905484466294,-0.18939690224047376,0.13415490193407983,-0.18053595197045325,0.06031945911982274,-0.12985354210737723,0.20765644938683409,-0.062696909112583,0.5144576029187279,-0.1057815859448975,0.22013567518079877,-0.14574878434125932,-0.2190909149717206,-0.16066708776888303,0.40185334652014537,-0.1770937868544615,-0.18279787118546162,-0.17765305348145127,-0.18514274113631646,-0.18811150281917832,-0.042685644266241406,0.3480014301855936,-0.18236662534181347,0.23213670065464667,0.1872477150645461,0.6100314364216418,-0.0777303224609925,-0.18599823941610083,-0.13802017864984334,-0.1871035608021908,-0.18666235200879766,-0.18323736302872345,-0.18435200511993333,0.2043825208247508,-0.1740230786592428,0.014581171944423132,0.10764991984815075,0.08756276200039807,0.20520793058970432,-0.17567774566449698,-0.18717508372582553,-0.1949398973314874,-0.1867766748611993,0.21492560953645162,-0.15644124506008203,-0.14602758521612405,0.20417864826292795,-0.1614210177244906,-0.22301260660156788,0.012514158864803872,-0.005823787526248113,-0.17161943560072251,-0.16614152811483499,-0.16414374630539863,-0.18213985764296833,-0.18343057673515228,-0.17632009175866944,-0.19921384226175776,-0.19717058454066905,-0.19515416947678216,-0.1856486519980422,-0.1996501695826725,-0.19375544874933204,-0.20170077647139933,0.21949055289875932,-0.18149239067997452,-0.0707215543888872,-0.18471091517044683,-0.19075199035928603,-0.19699718537326089,-0.15463210421270693,0.10018592156970284,-0.19025595272165788,0.22257863281729587
UCSF-PDGM-0108,0.5354239468552036,0.6126533861534667,0.42908471670688036,0.6936705951964904,0.7152271689394127,0.5810254315487117,0.24691778702558448,0.5866431057628715,0.6505505699405238,0.9660521295533137,0.637275745146487,0.6048870768205141,0.6929549082186721,0.6651366223230324,0.9793540449630286,0.25813102696421514,0.651975819856922,0.4017039220566226,0.6995878944614844,0.6927360412874973,0.32201727562928867,0.6473652264881932,0.49543867162381533,0.7256375254563339,0.5386530525182176,0.620228766019241,0.5991567276358946,0.9739638423366223,0.4905840098041443,0.4960816545685933,0.6858346811664787,0.238358260191097,0.633510943019075,0.5794019301622908,0.7034727647241669,0.47677295684867377,0.9735050786667588,-0.19535367125823053,1.0,0.556330483402172,0.6956688343113594,0.6248807637511713,0.5986470187889874,0.5868352337130092,0.9892317027388893,0.4744751321883746,0.6909632388975483,0.6428272910755319,0.8974103222025754,0.46408837557159893,0.5730295574715466,0.7173442022450308,0.6954525582526183,0.6373707069378826,0.5463188926345348,0.9862612436585672,0.695201900710979,0.31832336202002637,0.6860161133136,0.6472626590381778,0.6852689211403963,0.5668776228003614,0.6419976925315323,0.5994792625653174,0.7083438011418807,0.6427492563615528,0.6060781751184021,0.564229750206741,0.9244382420099319,0.5877378121363318,0.9695930567073869,0.6575620029282957,0.620032718059868,0.985485949442029,0.6030542710480785,0.8526615918424708,0.4180998123028088,0.6569118886249562,0.9599776032952227,0.9538325690024994,0.5435532636152369,0.20874901475883453,0.6996674785959183,0.6959194168379903,0.7130286149619889,0.702455709211373,0.6983540758463453,0.6966246028291768,0.6933528584822692,0.6902412105745817,0.7042646904847358,0.7205246854259848,0.6934657346073941,0.6952022695216991,0.7167651745951963,0.7143786373382203,0.9813359477353476,0.7068328565788039,0.9558923685426028,0.7118411340655173,0.688842826690664,0.9866895554714523,0.7086266961055777,0.7169681034280755,0.6886584693497366,0.973619276908892,0.7257978702561627,0.7040309957720811,0.708491797816541,0.7084136778749021,0.7076270872909727,0.9811268578161879,0.9563305954568687,0.7117542517590947,0.9591169162543742,0.6945754525591964,0.9140310058005162,0.7113976111434868,0.7162740813088196,0.4994492583834429,0.6972252711278434,0.7133755902158085,0.6969982751246546,0.728854894964796,0.6239624770645003,0.6882043418460237,0.6913446191047515,0.6914493335045249,0.9971209613736147,0.7039117053616581,0.5389177612402587,0.7063892367090177,0.4189763017524828,0.6367344981882169,0.7249481580349423,0.5606009184527668,0.42665994341308733,0.6037205098715493,0.5960790521950255,0.5816370389218531,0.9292258513487998,0.5968501972436228,0.2453496466643793,0.6946144462768075,0.6067919332332399,0.4085127499862204,0.9851452889753796,0.7045283657481736,0.5142331090232527,0.632230796026655,0.9739823553177911,0.6910017521158821,0.2743955530275323,0.4352921299425563,0.5327203269683641,0.7159505724410672,0.9189347706540163,0.689600543371318,0.681457005060144,0.9728242602528443,0.9818912577278105,0.7083918107317305,0.6140624161574281,0.5645308971855872,0.11432285950261059,0.28186497478266515,0.6846676494379954,0.6926964719035285,0.7195503915706402,0.7043718951885375,0.7077168413484566,0.5801107377718508,0.5024686127356182,0.4455392039423041,0.6474186119918646,0.65299536744749,0.6282054915722565,0.3751427621654472,0.8188693696375522,0.6691479763892629,0.6723198847433096,0.679375211273177,0.9778609404534805,0.6934871978994674,0.6977042489207501,0.7255652239785116,0.9983349806846086,0.7307832824813971,0.6980843856869252,0.7167176807217452,0.7298444388179202,0.9886728408893153,0.397308207645233,0.689300578227638,-0.1673722310684075,0.6961682367957769,0.7209847188526304,0.7308191030345099,0.4543605858533872,0.2878582391227065,0.6868918777412812,0.7060031854928214
UCSF-PDGM-0109,0.545084947721902,0.9911648964813163,0.30850715795085765,0.5761536106271383,0.5786219799772291,0.5720772025211106,0.816240297731494,0.8913287521007524,0.9315182544257644,0.5663898509729657,0.933448128873144,0.9869506997810921,0.41218975218337245,0.9429946642858176,0.5427801503664156,-0.20473739007433572,0.48682736571416835,0.9089370916202398,0.581304290455483,0.5796317537731238,0.5570568048319848,0.9636958525292088,0.8469665808554401,0.5705227206640687,0.9601924432765094,0.4695905833128254,0.9573851183929205,0.5848648860704082,0.7132265966507899,0.8104526146502642,0.9379906113004142,0.20196583588424796,0.5974842979730628,0.9320304728913211,0.9337976767123906,0.9791876845456852,0.525935887600792,-0.19434391942380883,0.556330483402172,1.0,0.5567627865795369,0.9394744103404404,0.5315260458161908,0.981645659497852,0.57852420679623,0.919325735606088,0.552684000969066,0.8737558987980587,0.4776068740144864,0.3946409470784297,0.9426459742508523,0.9226999791940009,0.9348320775161661,0.9115918114047339,0.42369324982113205,0.5017399612404264,0.93260112300336,0.395020359239799,0.9332768476482495,0.507542810489935,0.9467264130693104,0.22154887709725402,0.9289116038176466,0.494769580794926,0.9357523969369909,0.9519004529926682,0.9399021709235891,0.974944650938027,0.43584119192911314,0.813692047751564,0.529760597838649,0.2941579036401225,0.9449793636351286,0.5795572387022166,0.987703642146144,0.28869031374128584,0.8643752961020822,0.9052532007770675,0.5407756748079494,0.507192291933863,0.3635965232028505,0.30388639567321146,0.9195879909779903,0.9203158280075809,0.9245318660870967,0.918636959580078,0.9199068195800859,0.9142273958590512,0.9205278316061482,0.9205327081567987,0.9176869458784772,0.5792928379248631,0.92812215857066,0.9207697104438951,0.8910524867951568,0.9238236290499553,0.5846970255361963,0.5868596321728989,0.5731956255389563,0.9206510746764743,0.9204568200941734,0.5812117050685183,0.9260798578496783,0.9220435526345091,0.9252073223991519,0.5875436493230572,0.9117039544358949,0.9179021894938584,0.926112171218589,0.9261305272309214,0.9155013685615334,0.5840950572229544,0.5949647751990653,0.9250890185773697,0.5928185774406006,0.9142054054523518,0.35723201850071745,0.9252275753328494,0.5808145463241199,0.8779721044357013,0.5721666283795035,0.8963377107661618,0.9201617816602309,0.9052717805075527,0.8957106522826782,0.5735270634827984,0.9205597262608844,0.9205607097936137,0.5697391283089156,0.9328993931697734,0.2756257339778766,0.9124934306070909,0.807635710352977,0.9110256594754397,0.5597646610307652,0.9654854541338577,0.40966514903209245,0.9534892360891473,0.5481420603442727,0.9727487188232598,0.4658363825061763,0.9642811282822336,0.054196224226246,0.9343733143457126,0.9922188749604145,0.9510289325579117,0.5821244924636284,0.9267463637660804,0.900041005836101,0.5519732238900914,0.582636078693504,0.5419291878739473,0.7157821472219985,0.3904855084036333,0.9296735070059252,0.9226368475553263,0.5058958912396346,0.9345025167961271,0.943908811331973,0.5519822001357463,0.5779874304637734,0.5759861105092364,0.9741565651834215,0.8915501583358454,0.7536716034461777,0.8104003199663984,0.5700115398130043,0.9279553848724289,0.9219778969942697,0.9004698256009195,0.9179343642022729,0.39521090077296067,0.9385669537563248,0.8840772506095379,0.4562370617374668,0.9612201565474814,0.9555672790570388,0.8827641895152646,0.41769420732173734,0.9584672717838166,0.954924248763466,0.9014353515215358,0.5853633167429915,0.9205217159127981,0.914195224384438,0.8535760735876495,0.5458336992974794,0.8953442272558755,0.9199632860703778,0.8843917038843228,0.9016411854271053,0.5518547947958742,0.715951857888418,0.9204865982314396,0.11113109932848537,0.9202839357726104,0.8893666210630062,0.8834943479778414,0.21074958361662027,0.7533198780813493,0.9454042854580746,0.5670355954816776
UCSF-PDGM-0113,0.9086503092558796,0.6065701470223579,0.8179144518870461,0.9919049207149235,0.9935723218539978,0.9265178196693158,0.25244561067804566,0.5579379343619801,0.6208223197033046,0.6668731274284021,0.621373534135542,0.6052005345766359,0.3259185078915141,0.6442742715434642,0.6555143946539805,-0.23229755091752327,0.9593750598285629,0.374050797617577,0.9896043823570724,0.9876805912870412,0.2687984509517015,0.6490733415045897,0.48379544839209976,0.9937081085365638,0.5217368586051346,0.9574510869565249,0.6043601952102479,0.6988934163962782,0.45102981043968066,0.4656242538893002,0.6831081248561719,0.7646487418788566,0.9531875271330994,0.5581586783186082,0.685177493133552,0.4789071258319511,0.634873728241375,0.23918775088288577,0.6956688343113594,0.5567627865795369,1.0,0.5977531242980483,0.9302432348443919,0.5809131029387421,0.6913565252853853,0.4742563775445649,0.9880449903062614,0.6063247641744743,0.5422159471759718,0.9029006148247175,0.5749013830702228,0.6971922887700198,0.6773375059943384,0.5933846118811885,0.951495809343843,0.663458754334569,0.6723891385106437,0.6837521697656911,0.6511952326102373,0.9574979996999607,0.6669903719444619,0.17224641514515773,0.6121064624903788,0.9341944483948856,0.6827597844348702,0.6355576395867207,0.5864749003176819,0.5447508276972631,0.5648367921985007,0.5703227360279105,0.6594257481733694,0.29319360522164045,0.5936821776603475,0.7018452878102454,0.5835898717183807,0.4526380011048876,0.41351309553707705,0.6097560133648224,0.6455903857246181,0.6566440563841764,0.9100103920081781,0.6709348204365783,0.6947104425280537,0.6935285877186317,0.6991403670689733,0.6954056629057517,0.6943249427451685,0.6962310685353442,0.6925906462511715,0.6913402418084351,0.6946447274760419,0.9936283379975263,0.6901252514267929,0.6925541970125564,0.688775593305556,0.6993627825313393,0.6984217744311241,0.9868435298945847,0.6501546549235561,0.7020212876007965,0.6907432346389647,0.7036385717677069,0.6980741480783382,0.6996005458302506,0.6894479029891246,0.6963825813765914,0.703637880136544,0.6957097521688248,0.6980346984540658,0.6980116932840404,0.6960789630624654,0.702538706243694,0.6667464006063394,0.6988805210793776,0.6719929737889927,0.6953866981736304,0.5516970571521891,0.6988000221638794,0.993652187766465,0.4762225315110966,0.9945629674210704,0.6705792716392827,0.6938936881820621,0.701979615216771,0.5746276249697783,0.9908405055301773,0.6917965552224961,0.6918391498200741,0.7016900702181905,0.6942711177219028,0.22460843415581333,0.6994249153235472,0.4268713526076263,0.598814059556583,0.9944200696935829,0.5583551619192848,0.8609580591736002,0.5959033909550369,0.9407069008256985,0.5822808150983672,0.6089892286725999,0.5962454345731353,0.7006936925239667,0.6703900815767959,0.6071390143065749,0.4006462022763572,0.7033855215549247,0.6967344468882273,0.4885277743971349,0.9685490901260115,0.6977742412341534,0.997755776580409,0.2749565810004008,0.8668446252059767,0.5046946073680223,0.7013693828521593,0.6042330388910966,0.6867372168699728,0.6798508556716994,0.6738222823566601,0.6962522001241588,0.9918916734147961,0.6157801203184313,0.5521439945504819,0.13635815087176908,0.29103606746281663,0.9808906608191373,0.6899796054698176,0.6995901198829915,0.6619388381259691,0.6920732198953937,0.9077146343782398,0.4782540244902768,0.43679683891379256,0.9446656045735803,0.6524113847402607,0.6129092447333289,0.353848201222258,0.47511665320739493,0.6630244376456411,0.6659181105862291,0.6591535781694645,0.7016953497820513,0.692641977590144,0.6966562000979208,0.6773893868320076,0.6922846761671109,0.6982923398462166,0.694241742411421,0.6857645947662814,0.7007460863373168,0.685036311963347,0.3937584618603513,0.6909408783663366,-0.13761064570117357,0.693614424970766,0.6949322248594438,0.6929750084975794,0.17101918870008437,0.30492398308289315,0.6792895356884148,0.9956451357027845
UCSF-PDGM-0116,0.4891744752914614,0.9412083391601731,0.28197709046778135,0.5972521048899332,0.6179572497507101,0.5569615074406639,0.8111755000396758,0.9686957818652904,0.9950884120858633,0.5882686096957153,0.9873972514007405,0.9592807849732137,0.3523719049293533,0.9887083306579609,0.6130302683281381,-0.15708694671154788,0.521947827931633,0.8832443962198798,0.5977594562284406,0.6099616416414912,0.7107631189140947,0.9556993045727399,0.930099783270301,0.621757468166245,0.9360058238908028,0.49462461825225185,0.9612113662905807,0.6062014811186396,0.8651382328478203,0.9221992148480934,0.9409596141167311,0.24281826588948216,0.5878271031066166,0.9911818944301534,0.9650716859506336,0.9159907054054922,0.6000862229149047,-0.10316769031984295,0.6248807637511713,0.9394744103404404,0.5977531242980483,1.0,0.5582157061123824,0.9751302082774235,0.6188574502504207,0.9340604617040573,0.6130205582081893,0.9741374822535677,0.5591776666002055,0.36594386610891344,0.974268300741528,0.9452621035688419,0.9668846133442239,0.9903837152516463,0.4332231227094641,0.5817120581292694,0.9780233521325857,0.3698722388378556,0.985492338784067,0.526647587146284,0.9726449492445374,0.23410061984303462,0.9885830159097387,0.47972351172376415,0.9651054040452042,0.9817215397716185,0.9946465524082045,0.9723206683680213,0.5280742753083458,0.9009975609555768,0.5816731241517734,0.38215735273350215,0.9833403955817697,0.613503075640206,0.9629084318791,0.3331624521873347,0.891874666297071,0.9848668821435576,0.5828114602882513,0.5576691277231351,0.3981480362298892,0.28896644490923074,0.9282491623031166,0.924203098690069,0.9350275918488786,0.9311919637761795,0.9268417842683344,0.9226851848196319,0.921385547324833,0.9179282811432484,0.9346289962696238,0.6178585913674443,0.9328654327261875,0.924829148149999,0.9425743626581089,0.9364036973825892,0.6055838415788287,0.6068097475810069,0.5850739828564986,0.9319541396467074,0.9163617808628064,0.615986095289053,0.9304185543182861,0.9389755898818942,0.9224705933886717,0.6004887841920165,0.9459097986307571,0.9328222227145337,0.9302748835349874,0.9301916262179948,0.9364252539332817,0.6122527004654433,0.6001067778614199,0.9337107459972198,0.6089335722258167,0.9204067314644051,0.4615866921530736,0.9333394316052874,0.6138024869932842,0.8891119993667169,0.5936541762650263,0.9634165144552971,0.9253768226432942,0.9482514838128219,0.9818053667629212,0.5865792353274919,0.9191589586171931,0.9192754919571415,0.6222945195228667,0.9342527006605864,0.3161255965535349,0.9332421574578208,0.882748884558957,0.9917002347507005,0.6207674982141363,0.9691630311048577,0.4073793762630952,0.9823963167081171,0.5124103566104063,0.9575846928740251,0.49858933457420246,0.9475717338791588,0.09908558521706864,0.975732550822876,0.9561090165648373,0.8661827432899546,0.6149449106663293,0.9260031665972973,0.9644509278279164,0.5943228620749903,0.6050952625793538,0.5819497164612869,0.8067271555750304,0.4389657090888508,0.9285652984714411,0.9417598408602792,0.5407149777281139,0.9374737358192818,0.942891799789237,0.5926904765241829,0.6075673973749439,0.604938706840179,0.9536372997375766,0.9749952845146956,0.7015418409635112,0.8365878326332783,0.5812145219444981,0.9376098128052045,0.9508091447388742,0.9547466067421743,0.9549403636709095,0.4284810142147129,0.9071435795713325,0.8387663261667581,0.5166082588305266,0.9616992532665892,0.9034965633341121,0.874787713701932,0.48886521653304327,0.9650998163318568,0.9640148112035707,0.9627545093987545,0.610078749541225,0.9215338404982892,0.9238784976780109,0.9363591786141118,0.6250433215048183,0.948790052540846,0.9265513225894462,0.9414301124624261,0.948761878901843,0.5961527906680619,0.8384641646511328,0.9168753731195229,0.009657344957129391,0.9244743935629641,0.9456678203421216,0.9469348487284645,0.09572885922700013,0.8217534723545029,0.9551450796806351,0.6023215097519696
UCSF-PDGM-0119,0.9579728021634106,0.571009158765018,0.8063755297539582,0.9576976232317177,0.9374100817248695,0.9754105346976568,0.29202632913228255,0.5623611505980228,0.5601351960140789,0.5470468023622552,0.5322064683426834,0.5423523202029052,0.30985152914292385,0.562880953357695,0.5669190522857795,-0.2369862831180964,0.9056182788813527,0.4527632766715786,0.948709751321275,0.9641246324085544,0.3283310338720456,0.5569542938716872,0.3991158993669894,0.9357582669204747,0.5202114694543047,0.9083857765782832,0.5050883619683056,0.5869635808316219,0.37091858077865425,0.40565825301096364,0.5699239565203408,0.7945551204557777,0.947834397202128,0.5198162589515748,0.5856091105757667,0.4858273710870228,0.547077902418081,0.35906076310023455,0.5986470187889874,0.5315260458161908,0.9302432348443919,0.5582157061123824,1.0,0.5392992285069975,0.5893647844857797,0.4786214314570126,0.9321726276593835,0.5264947864695069,0.4844518954262345,0.8842469020696498,0.4945335024426724,0.5999511381306354,0.5786082273558414,0.573033089546219,0.9275980767917366,0.5319042167298684,0.5825538412293335,0.8935328867286575,0.5919895446101798,0.9359409087499877,0.5736511072955414,0.2273282894060435,0.5475674781146955,0.9250325059076135,0.6008224131138596,0.5509310503437189,0.5449389433500575,0.5502063492374948,0.4588621397981599,0.4038726793297321,0.5292462835797244,0.296590066666762,0.5437531466015099,0.5925102499902376,0.5721493443942578,0.28809407154627126,0.387925560010972,0.577928948917542,0.5226281140955296,0.5028156786541931,0.834697111240261,0.7560191546764251,0.5726999082129425,0.570368628677576,0.5976880127189556,0.574380814160062,0.5718912862721715,0.5670049053849376,0.5687349265115068,0.5667214046454565,0.5746439626590323,0.929107899119872,0.5712489222909385,0.5693230561766693,0.5800494475797326,0.5984840242948448,0.5957676085127752,0.9171505598904349,0.5502805284573817,0.593169591657965,0.5658063493390737,0.5970565415507108,0.5949885934879521,0.5999532943669413,0.5669654001060896,0.5917435610902991,0.60114858642809,0.5753047617599909,0.594903804170915,0.5948546537647702,0.577319707888682,0.5942342181546161,0.5802001718807224,0.5969214061373173,0.5801626815012852,0.5656812762927785,0.38354543545520775,0.5967044945558047,0.9335663789832342,0.4632053213366604,0.9310452246055538,0.5954512180233328,0.5710468994835727,0.6022914515082892,0.5629347817487743,0.9129555026785235,0.5674391565964652,0.5675070659462063,0.6006267674671311,0.5939100698686522,0.1920865458489202,0.5730749649004323,0.33340548661360575,0.5521763895299334,0.9311958286555642,0.5334692762205492,0.9173525060593117,0.5421907758900399,0.9367555120217956,0.5250501958049008,0.4555245754623937,0.5266148378506846,0.6167332705557053,0.5791883493890907,0.5495752977517375,0.4522652934116583,0.5962829488429549,0.5923695912687821,0.493972594375405,0.9666993077002046,0.5846268720995831,0.9322230397038165,0.2659394597201185,0.8836504438801229,0.5643893561813185,0.5965393381306415,0.4685298095486909,0.5706172652089435,0.568573994906777,0.550226568959758,0.5824550754515447,0.9495532902265682,0.5376845960493191,0.489194608276015,0.2429464749548222,0.32824099134224466,0.9616928039774426,0.5676197583093888,0.5998387531259608,0.601113064359719,0.5783398912840384,0.8808654965142457,0.5268255677707944,0.45496894551578365,0.8763174877004734,0.5625741897799468,0.5781545036708875,0.46744263355138366,0.38206982259791455,0.5678643153274495,0.5693608137047921,0.5401187251462282,0.5925397263161407,0.5688210870978382,0.5676966450523208,0.5931346124559641,0.600375153226207,0.6022185457066533,0.5717240736161953,0.5791509089733876,0.6024519788139885,0.5759972219351266,0.35783568352592615,0.5661065296984593,-0.2375532381233098,0.5705255337775499,0.5794977776182598,0.600639635829932,0.2112210637209492,0.2767496616671695,0.5732423956162551,0.9111202448999507
UCSF-PDGM-0121,0.516377116699347,0.9783011498397884,0.27507091973103626,0.5864051592843885,0.6052714317048207,0.5807338361045998,0.8457644870078839,0.9353565482007855,0.9691207191911653,0.5943349557113522,0.9714421533363693,0.9946843657215564,0.42638064712333407,0.9748598360299655,0.5885844014947793,-0.16003228015278864,0.5019808892575833,0.8910056177200836,0.5893321591539507,0.598532059182621,0.6253765008269068,0.9797714278230802,0.900691608940529,0.5969843467058649,0.9741021793547858,0.4754457620447159,0.9813918534946422,0.609273883716377,0.7746818012198444,0.8590825974036354,0.9511592662008245,0.2402889184293357,0.6145687514427729,0.9778137642092607,0.9550112110647886,0.9735381702185232,0.5723038522752221,-0.12702425868447167,0.5868352337130092,0.981645659497852,0.5809131029387421,0.9751302082774235,0.5392992285069975,1.0,0.6087581700475507,0.9605689277182953,0.5889039847550774,0.9174227681903028,0.5396973722408537,0.38161946581021133,0.9791242007489105,0.9342767090799451,0.9538255929875192,0.9525612873539129,0.41716694744480565,0.5380566784415616,0.9601848814057039,0.3803540604854191,0.9612284456133062,0.5060542652838395,0.9655676531781057,0.23170066282184468,0.9571582691597094,0.4799945889767676,0.9507316070186406,0.9848857588240657,0.9827334329671276,0.9729322819501918,0.47315307723017686,0.8530767167239345,0.5640413391607481,0.3664944871496982,0.9593001502222234,0.6054546240734837,0.983852744022395,0.30190779679922636,0.9149140474459696,0.9416175308656475,0.5781079798242642,0.5392220131890088,0.374710012529934,0.3190629669937616,0.9308233950034718,0.930957011404087,0.934020351213381,0.9303530980755775,0.9309279716683521,0.93098153216417,0.9307891617305194,0.9303573276261875,0.9300026365873008,0.6054832579708044,0.9396074728985903,0.9314632768777359,0.9073802186586245,0.9335653838158119,0.6032846736681093,0.6106276839694419,0.6011644132898853,0.9357210832655009,0.9300925552946054,0.6069222153414265,0.9348153839012082,0.9323114510427776,0.9353352497742065,0.6051114960262916,0.9295955408932525,0.9299085824630203,0.9348260701175973,0.9348319359320104,0.9282386934459868,0.6089514570403682,0.6209830766638695,0.9343490885899488,0.6256911111446314,0.9306641908350209,0.399230893986715,0.9344253836111508,0.6031740200708882,0.8551365565300694,0.5889369777371366,0.9209815734794373,0.9309687700034129,0.9241998649690292,0.9370671287104892,0.5920546907520052,0.9305364906230297,0.9305520621171596,0.5975365753656119,0.9419104291821659,0.34495400158722817,0.9308246114094428,0.8631600107520413,0.951791897173944,0.589242476213862,0.9902917028072243,0.4009771500955949,0.9888687847442845,0.5224437326677335,0.994143155460117,0.4930224781728785,0.9879741387352304,0.0565444495301184,0.9594498657601969,0.9893945585466245,0.918575006138209,0.6075849597357167,0.9348550033015384,0.9514565611245162,0.5849423942805024,0.6069690739289245,0.559103416673015,0.7676730341650817,0.42349456270270086,0.9217968021610206,0.9392352422259085,0.5469103508925962,0.9459004324722294,0.9553795170253957,0.5815630837089552,0.6040471932984364,0.5886435682357593,0.9901297026991045,0.9487068275825316,0.7381823093862249,0.859410866112146,0.567766074924257,0.9469923380180509,0.9403939981325535,0.9121085431549336,0.9388069972592528,0.3928550703135473,0.9046124808507877,0.8349511819120067,0.4852413165703338,0.977560218084203,0.9215736445689673,0.8929059746111525,0.4807289018096962,0.9755220695834627,0.9727651940699679,0.9316578024150998,0.6097671388111955,0.9308024579366471,0.931109010593526,0.8768734225445699,0.5767101655491482,0.9154753871309997,0.9309412944605748,0.9013419041769868,0.9210496704125447,0.5801848468549089,0.7891639257724796,0.9301836971414849,0.040699616856985046,0.9309630157871924,0.911949520453316,0.9047393565051923,0.13607972033603885,0.8195523403321262,0.9586044697568973,0.5950747091892636
UCSF-PDGM-0122,0.5477190275643535,0.6322583570518969,0.4159242051414469,0.6886065831274284,0.7139250268498989,0.6001523901755464,0.27889447879853957,0.5853117196729356,0.6410970441252508,0.9901864381988532,0.6366624213727391,0.6302452847779582,0.7466483484175069,0.662895812945389,0.9888913657709117,0.28078199636439755,0.6402601241978068,0.3947061667424302,0.6968516318352346,0.6875284642579215,0.29356866929722364,0.6700744227071715,0.4905965939607506,0.7149333711582614,0.5618456988792498,0.607695632462824,0.62114810796,0.9939063372430709,0.44241198689064987,0.46513583844681056,0.6968000586294126,0.25241398704716084,0.6535139804368301,0.5831679949573872,0.7006289908733278,0.5119191729076241,0.979945135228759,-0.18149050253363547,0.9892317027388893,0.57852420679623,0.6913565252853853,0.6188574502504207,0.5893647844857797,0.6087581700475507,1.0,0.5122458369745472,0.6804451983604057,0.6136201268717938,0.9201917202299719,0.4670025392715541,0.5905285937322903,0.7109844276762151,0.689652360061661,0.6203409185220331,0.5328177834857744,0.9765719564536712,0.6890176342856332,0.3264301639757476,0.6734836145411612,0.6301002581029799,0.6820972458006666,0.5933655612897809,0.6247640517812356,0.5971228260699384,0.6995082230935795,0.6562774669608921,0.6128027489950498,0.5635668315521034,0.9087589788801339,0.5641136480355117,0.9813010596747012,0.6926979765146025,0.6036300192655258,0.9974232350718454,0.611770544013452,0.8509790909264827,0.4457483272491316,0.6330273505425977,0.9800473362862208,0.9661948697242494,0.5278184664134603,0.23781684020545782,0.7045579869143238,0.7039384514665694,0.7140403649559688,0.7047903340328914,0.7043764743022815,0.7082942242121015,0.7033544133455986,0.7025056442582611,0.7036598504675777,0.7193858124153291,0.7015828473881265,0.7030626209517423,0.693314925891215,0.7140174409158527,0.9946143140114213,0.7177642392308121,0.9868946554555675,0.7188967892969383,0.7020806393029155,0.9972303497049024,0.71368940546167,0.7137377129581572,0.7012395631006506,0.9920159707592084,0.7178162705677001,0.7048114298289304,0.7136701923933154,0.7136588665739446,0.7044559148353038,0.9959340855437959,0.9860154342327828,0.7139997156154464,0.9881323498686251,0.7077071198498707,0.8940817592652839,0.7139786284277831,0.715523443049166,0.4656338036203126,0.7002422235856823,0.6850928282011138,0.7041477244495956,0.715065630511507,0.6011967449344319,0.6998106768988291,0.7028226627198993,0.7028518661729202,0.995857795547186,0.7113000886219156,0.6011718211682175,0.7100603272095551,0.4270997773446557,0.6182055289291865,0.7101671407903883,0.5870246380202445,0.42201781263955357,0.6228793371202509,0.6037008419619905,0.6128135248359609,0.9509203762946464,0.628518124449696,0.21020138536478597,0.6864880355042021,0.6283163672227255,0.428445401409551,0.9969493800728968,0.712929440128168,0.5222210675632479,0.633708909264005,0.9938535034280082,0.6806086788323688,0.27365126686633523,0.4429976721770643,0.5276356028493046,0.7181123547173816,0.9523111255593887,0.6990317759879916,0.6939993392793666,0.9881870889725635,0.9974246843091794,0.7005952279635471,0.6424553108035643,0.568751921196824,0.1451423705300492,0.3201785798387689,0.6752149542260698,0.704507655680307,0.7159191891901198,0.6727940872284177,0.7022747499691167,0.549520807753644,0.48867789799885486,0.42865180203721265,0.6312140707858661,0.6713836458220546,0.6256898513157352,0.39429720682888986,0.8514544784189156,0.680884033632938,0.6832428406472832,0.664049123514296,0.9948748731516945,0.7033877624554613,0.7085790060156811,0.6850766064485535,0.9793390563272271,0.7100309105604287,0.7043341809223176,0.6895854538911284,0.7133048277082628,0.9931520032738491,0.40237378815696073,0.7022225163048145,-0.16855677355796303,0.7039887453431353,0.7011796773270498,0.7033801949960676,0.48122559145406374,0.3174062090660345,0.692799937468924,0.710033254766157
UCSF-PDGM-0124,0.44170103238349,0.9037172491841023,0.16218944906486849,0.4790741789702189,0.5037469612165628,0.5321122742865089,0.9008904557203476,0.9364765733441507,0.9106733912205173,0.5065701109005599,0.9111038091943577,0.9356203114661971,0.39929435508863326,0.9048745255028467,0.5205628688174415,-0.09363559789836476,0.3874464739851174,0.8612669286084328,0.4814650710578415,0.49935880935124644,0.6906459890291999,0.9110005231005012,0.877838128846504,0.4872678216615082,0.9455628476182161,0.3622025875181284,0.9255760051525622,0.5110603024311787,0.7268105056508781,0.8221539717198845,0.8534308953980105,0.2407503668935109,0.543970786070523,0.9552346386103009,0.8582582732342512,0.9517056195628986,0.5037140194615999,-0.013231039551810613,0.4744751321883746,0.919325735606088,0.4742563775445649,0.9340604617040573,0.4786214314570126,0.9605689277182953,0.5122458369745472,1.0,0.48886578698769134,0.8445904782653328,0.5308457255174543,0.28265017324043207,0.947298874608589,0.8234443711024455,0.8541080168144043,0.910353140360137,0.3034126737840265,0.4282885514046642,0.8737362926315984,0.39836229411161433,0.8846775328946903,0.3886205425756144,0.8700401366795519,0.26979475002248554,0.8812770432720614,0.37443377435242425,0.849451214677978,0.9319090352803232,0.9609589433687923,0.9206288191071257,0.3873848906375869,0.7546056130445604,0.47608785232141954,0.4376618633442341,0.8788799778813666,0.5030295011495247,0.918453510169601,0.19854722527473714,0.9391581504216806,0.8813284142160253,0.5000670256765886,0.44440717182929435,0.2569543575087955,0.3435174837450873,0.820587445862624,0.8224672636287561,0.8252966654304432,0.8187344086254532,0.8213169659905297,0.8289968717828836,0.8234366198478107,0.8243319731466193,0.8169782008793944,0.5001460786512129,0.834784094493995,0.8230347123363683,0.7840245410301094,0.8241272448172318,0.49637133089375757,0.5117944123360173,0.5259931454271733,0.8344809697478155,0.8246476833399797,0.5028513296427676,0.8282637826800241,0.8214157123055664,0.8313290503324748,0.5010733692503979,0.8207022275511681,0.817468315717763,0.8283379043865372,0.8283804320601102,0.8137750375198379,0.5071623978163223,0.5365425858229199,0.8262767736835399,0.5452055453420165,0.8295333811081945,0.2896322134570486,0.8265317675690852,0.4975964812628738,0.75508663980395,0.48353391247327204,0.8161505852781452,0.8219877235757677,0.8126912353701063,0.8969369927293206,0.4893362229701207,0.8240463836938774,0.8240175267329252,0.48780375540119536,0.8392523574229872,0.4337724617735676,0.8243893518369894,0.8613897725633347,0.8993073091412507,0.47757578001492557,0.9755222975504557,0.3418109309052305,0.9667880400245091,0.4333695424715566,0.9598184319757197,0.40741126944658745,0.9429292400087872,-0.06194039087021879,0.8654105362713829,0.920853846757266,0.8873796466238711,0.504178446728953,0.8301654271591433,0.9719680839756184,0.520059560297743,0.5102386587384896,0.4444489422578553,0.8157808293192171,0.4030916163219157,0.8813400751940529,0.8367424566113639,0.490286176475175,0.8446930804231186,0.8608253657284114,0.4942343806066202,0.50377371035936,0.4782227732712242,0.9330300556940729,0.9367347789045557,0.8026162246455746,0.9444071421687343,0.4554372660061341,0.8496024677549217,0.8371115595983163,0.7987208766321757,0.8369263135075277,0.26009002014743643,0.8333645083281485,0.7422151676669457,0.3757110684943619,0.9095985584062527,0.8031504587190033,0.9388552075246326,0.4827443832453459,0.8936523960853116,0.8894390506723365,0.8324079152171038,0.5092009276746712,0.8233914102749569,0.828665391275298,0.7558723684151242,0.45978817316706566,0.8010845685684241,0.8214567730227882,0.7766450047886572,0.8083693601261569,0.47035432567200935,0.8414171787912359,0.8245498172052838,-0.061254117892775906,0.8223607016707515,0.7945976926114829,0.7878458240619546,0.0805083019410029,0.8964066712899322,0.8627876122166359,0.48906734076851927
UCSF-PDGM-0126,0.8969069504165998,0.5966505726911014,0.7709409705045692,0.9784346872581147,0.9810560857867431,0.9292389546956559,0.30329760575751036,0.5581867875734379,0.6412671901259621,0.6516083097532581,0.633072157529938,0.6043225633360644,0.3715479177461252,0.6541472976940738,0.6510140457979241,-0.1889516984330482,0.9384995198093132,0.4138885192343678,0.9695185221920497,0.9869579265499361,0.291510681685453,0.6351909936810054,0.5199398785850992,0.9845455020762297,0.5548225905606947,0.9343668699442811,0.6028844954549082,0.6734020825837846,0.5008455971441529,0.5054835496324184,0.6617708957493438,0.7689992029786833,0.9597126358455157,0.58370555677149,0.6783189582344483,0.4948813328800192,0.6378411321561125,0.25242374386497035,0.6909632388975483,0.552684000969066,0.9880449903062614,0.6130205582081893,0.9321726276593835,0.5889039847550774,0.6804451983604057,0.48886578698769134,1.0,0.6292585701562112,0.5541636222249565,0.8893583369630496,0.5808254845934799,0.6812149004885806,0.6710412441812447,0.6230419695106897,0.9313762497125742,0.6560550057494182,0.6723984065964731,0.6952210776668492,0.66543199099048,0.9389053830721394,0.6678281070230094,0.18073940951544137,0.6299099984963702,0.8988009935809029,0.6778454677639184,0.6352719256222592,0.6021609205211825,0.5496850099655551,0.5787937697520595,0.5726359164731435,0.6448259986274303,0.31655222900456614,0.6084433375696475,0.6808682012118409,0.5924476767502136,0.42302293086095566,0.467511012450672,0.6392360045002473,0.640070458234084,0.6317962440454802,0.8848027965921841,0.7003111279330092,0.6693432658115849,0.6662088010896268,0.6769049716491178,0.6716423516158799,0.6682499699978722,0.6690145674126668,0.6640395626150282,0.6613894978123316,0.6730372000499701,0.9788890026266082,0.6657453244586805,0.6655389883643031,0.6816298698165237,0.6779945160594915,0.6743246988037512,0.9644695831110559,0.6368250528546863,0.6782937128518881,0.6601923205041575,0.683514762023517,0.6732928985082058,0.6800514238195002,0.6610052337974589,0.6690594803452344,0.6894545754574951,0.6729255265658783,0.673181023664051,0.6731162087879454,0.6757970519410667,0.6797043713563918,0.654954085105263,0.6758677860868526,0.6626565539359155,0.6672623617416545,0.5485231672371431,0.6755761647585425,0.9773336299302217,0.481176941892742,0.9726402816292283,0.6829162508794341,0.6671154641018325,0.6915450049321513,0.6117536682776592,0.9646789752770921,0.6623315201318454,0.6624207927297123,0.6895782030784595,0.6708939794754303,0.25923655746253865,0.6772154780479338,0.4475605666081689,0.6274871597043759,0.9882972852706111,0.5571189092384036,0.8650135297862114,0.6003192791965081,0.9018378345231329,0.590586478609784,0.5723259291684444,0.6084400022701032,0.6876415151662877,0.6753570597532679,0.5988852080038046,0.42685195096375855,0.6824577411040409,0.6698694162306013,0.5271770117822623,0.9828662025626242,0.6714193541854729,0.9815852499199831,0.2974360389551035,0.8678334600356332,0.5015800222962313,0.6828018293068215,0.5911664767781843,0.6637098735712621,0.6586750406568528,0.6540786463595577,0.6754595705480332,0.976316423293044,0.6170720110460223,0.5630672953088796,0.1448058088581482,0.3266504210887432,0.9610298251996374,0.6703549189986856,0.6864261444157215,0.6655540230227097,0.6789373000301766,0.8867651582103198,0.4788129038702399,0.4210101634483048,0.9296847675430828,0.6367169477123272,0.5928507004385057,0.37915824176172225,0.4909576702295302,0.6531492700248102,0.6547521568759334,0.6628016992395238,0.6774642817800425,0.6641535028750604,0.6699342216665973,0.6846532276111211,0.6912865267911131,0.6923987703598777,0.6680247577254148,0.6810579273303736,0.6920990291407777,0.6688861531386043,0.390043253452803,0.6605846023414849,-0.21006192482858535,0.6664181973133338,0.6878127347639517,0.6914907708798814,0.12704648331306112,0.3356541427743988,0.663911404774777,0.9771129799336232
UCSF-PDGM-0127,0.44320695713181973,0.8761078748837039,0.2719181161503519,0.5892386779441454,0.6113380929866777,0.4985681214211141,0.7493958253426268,0.914428485829327,0.9827801256659676,0.5800205735782783,0.9792800372082169,0.9035340725075254,0.30448614142020225,0.9741408586841268,0.6111352023065229,-0.14474007416341025,0.5194679679956082,0.8348312844253131,0.5856554654083216,0.6007216696565906,0.6762967665717351,0.9107512716903391,0.9483049572870914,0.6270816321364715,0.8663972439158455,0.4943716647430796,0.9313424207194202,0.5897588838550005,0.9384360758612525,0.9621323659040567,0.9163925127573646,0.2403927120292426,0.5455290012766993,0.9612837500937865,0.9526801672780177,0.8305753001532604,0.6075798012928041,-0.10911150621674587,0.6428272910755319,0.8737558987980587,0.6063247641744743,0.9741374822535677,0.5264947864695069,0.9174227681903028,0.6136201268717938,0.8445904782653328,0.6292585701562112,1.0,0.5470142869422534,0.3513416535736288,0.9424391287269599,0.9324226507681833,0.9589310407736962,0.9704221892903828,0.4485524243129486,0.6195706351732897,0.9677646336113818,0.28524138734464993,0.9709883091793735,0.5204222091878838,0.9612416041332001,0.21751590212313884,0.9909893389846098,0.4506642757634955,0.9511457368198082,0.9483205461977946,0.955251008768629,0.9245644343800294,0.5844347181342662,0.952308528974869,0.5974098815208767,0.3606562565223668,0.9791199854817372,0.6062338962422349,0.9070301640893438,0.38600525864641216,0.8461328775617033,0.9772942942285386,0.5875954291935627,0.5809565543381925,0.4139354107507832,0.2610677489760978,0.9135654153971645,0.9060374670159947,0.91398730538854,0.9193563664356932,0.9108977449386133,0.9027274127127243,0.9010159826978997,0.895045499471533,0.9259150590930156,0.6133863334522254,0.9132709132114183,0.9066860864033797,0.9596531516953231,0.9168855881363178,0.593193922557704,0.5888550897244629,0.5622842118022099,0.9065851338590836,0.8923987217410804,0.6087473631936666,0.9048986715411022,0.922645005295428,0.8985386062926133,0.5823430134101424,0.9372578769791665,0.922720112571058,0.904627331124361,0.9044703666356864,0.9307359793127653,0.6002112254669514,0.5670055132784566,0.9113043572014533,0.5787754622037886,0.8988213199884699,0.5406971284788775,0.9105617613439664,0.6069476259512467,0.9077391942983767,0.5848187278675502,0.9739101868495977,0.9081785079978042,0.9461129294554693,0.9675442638327387,0.5747874660764765,0.8971492750464978,0.8973496614408246,0.6283903526684855,0.9051406888919651,0.2841891749714572,0.9222029684224298,0.8959165431233894,0.9868628944051656,0.6350637842725002,0.898231486216225,0.40911681532462685,0.9305700225111906,0.4789486756455619,0.8956816938697113,0.4992500511310656,0.8907375977600385,0.18068369487293148,0.9696103273266028,0.9011682790511507,0.7859983539989923,0.606284555465952,0.8968048142543175,0.913712573934752,0.5794652846657644,0.5894236578071598,0.5951651647721365,0.8081304783741686,0.4404182731956005,0.8665992185093249,0.9212943126939384,0.5380945666602488,0.9153696137265949,0.9155514593669082,0.5946124014642336,0.5996441761000969,0.6004634559471477,0.9010798689822719,0.9567422804624639,0.6156440310309683,0.7560149504534533,0.5712030260629878,0.9162215641299946,0.936084543653237,0.9624852773627621,0.9507297973424471,0.4435480930757453,0.8650022567637224,0.8256996887088371,0.5240309411970837,0.9199688134993084,0.8632298425429872,0.7698500697242094,0.4931976521685617,0.9346464139682368,0.9348108796844473,0.9821185810547088,0.5955513790626633,0.9012764978977665,0.904805953536182,0.9645873746362944,0.6509299484335597,0.9545030788564676,0.9103541667826754,0.9626651470386088,0.9497190493186997,0.5955413768652872,0.8243120750665819,0.8932628267081867,0.05380581105166641,0.906529567129424,0.9609425875127271,0.9602318953652061,0.07498470404068698,0.7829208960405478,0.9343685592256983,0.6029654367916275
UCSF-PDGM-0128,0.4233301942693489,0.5035341069216341,0.1887798364690634,0.5265989703720056,0.5552902580062478,0.5026482397338035,0.3909666737534089,0.5528969814282517,0.5648338396753402,0.9324431983755291,0.5655479486305472,0.5322089244212821,0.8137137988300194,0.5670860420168353,0.9633339659192757,0.5049184974111904,0.43658698459267,0.3727443524453637,0.527226324613187,0.5390685995001901,0.34505527315331436,0.5524314776242835,0.5153977645944283,0.5519346528044469,0.5083259984282511,0.4114966272192535,0.548202439691349,0.8958279226612772,0.46394999181683927,0.48406719002038906,0.5473767440796047,0.27137493259950113,0.5341280381758754,0.5587775604870289,0.5601126730858039,0.46629792175601825,0.9719805673318749,-0.0027925502267667933,0.8974103222025754,0.4776068740144864,0.5422159471759718,0.5591776666002055,0.4844518954262345,0.5396973722408537,0.9201917202299719,0.5308457255174543,0.5541636222249565,0.5470142869422534,1.0,0.2927659206789851,0.5491026161352668,0.5453865105147471,0.5517869794956013,0.5591798785171054,0.36971478916639977,0.9097463834752589,0.5666244646974073,0.3173509669163069,0.5624886161316971,0.4325170398375798,0.5519586825453571,0.7985480584870221,0.5420304201661368,0.3909223726852624,0.5508869540616059,0.5706146208047944,0.5699590928685615,0.486544681523461,0.9270414496919016,0.45960382782809805,0.9405650000477123,0.914924957740414,0.5139446823869308,0.900183401523023,0.5050711277184138,0.8084403895739741,0.4958774309425054,0.5532544731730348,0.9532428046207152,0.9144698165471439,0.3185497907947255,0.3250013831489658,0.5409163080852972,0.5402267628071866,0.5445627711759029,0.54126931139257,0.5406995843115961,0.549975145685275,0.539642734353546,0.5388361938682985,0.5401957336161495,0.555414969209328,0.5432901931984551,0.5392208826518958,0.5342143069720737,0.5446353174299338,0.8894815700197353,0.5533167106801838,0.9430727266148551,0.5544627912938964,0.53844323911718,0.8968501091811572,0.5440294364098609,0.5446101052718431,0.5403448263012672,0.8864804953181782,0.5546832226420522,0.541391634934498,0.5440071956858399,0.5439941769532474,0.54138833282458,0.8951117418455227,0.9128015927907158,0.5444508650053951,0.9192063662799855,0.5494118995478517,0.8638770421730517,0.5444127768825543,0.5501409407992133,0.3801284781135986,0.5342987180270603,0.5475454268128527,0.5404469027180867,0.552967131019135,0.5482803432044899,0.5387749968671566,0.5391334247698347,0.5391610149846517,0.8980147704456092,0.5458058411980781,0.842633400981775,0.5519321587466183,0.487465946246645,0.5561224848212102,0.551698798037572,0.5402036341306691,0.38299098274487176,0.5679315949692647,0.4484997835153489,0.5444664598374026,0.8742783880000446,0.5482195301880071,0.05397940748152603,0.559669463424752,0.5168213690744893,0.3867850457689326,0.8964280242455278,0.5432308640033936,0.5410789873127037,0.5440972613043529,0.8982780742249242,0.5191295211856534,0.4047380182817087,0.4532179296816728,0.44517947010887815,0.556418316256159,0.9513893002934053,0.544700629988621,0.5467630199840804,0.9287703754310805,0.9070841391455449,0.5319349764844958,0.5451653369817855,0.5643655880702124,0.2507572523481444,0.4361913572232177,0.5012902549525995,0.5556008182801698,0.5580667927326104,0.5228527245847223,0.5558966861162264,0.32206741268791356,0.39163233431083555,0.3268530710348277,0.4325962726055084,0.5545604445087902,0.4533686586483978,0.4256778017840826,0.970679290866556,0.554897815046193,0.555554321906789,0.5502874942742764,0.893862444492747,0.5396752490007843,0.5502546058802199,0.531689281483308,0.8846857724105646,0.5495688572225401,0.5406515677468001,0.5316006792884062,0.551800745200592,0.8843490397688792,0.4952878850075185,0.5385737981709623,-0.3099824018253082,0.5402789542112283,0.5467386013653545,0.5449037082435639,0.48326086147930497,0.44733839769113476,0.5492184835046746,0.5518849149979989
UCSF-PDGM-0129,0.9225877204843795,0.4349385828546815,0.9280008283287863,0.9125749900944492,0.8919612627505188,0.8961621231588552,0.089668054735042,0.32004164414658504,0.39006703676141313,0.44673672240086737,0.3813257990553496,0.4161187732304759,0.22684376788367783,0.4150594061700021,0.40874198110387855,-0.21626026562642808,0.9359535559050464,0.23473894246441745,0.9090714370950354,0.9079019412335554,0.029866191143974975,0.43922608675602276,0.23928795757112994,0.888038532105164,0.36331986101067615,0.957140815302843,0.38444299533974957,0.4808936837076116,0.19161960223804145,0.21353503239110597,0.46244813782534866,0.8118157727323271,0.9049089985254224,0.3233248138394514,0.45761442842406097,0.33159958350306584,0.3849828122854629,0.30491946045989743,0.46408837557159893,0.3946409470784297,0.9029006148247175,0.36594386610891344,0.8842469020696498,0.38161946581021133,0.4670025392715541,0.28265017324043207,0.8893583369630496,0.3513416535736288,0.2927659206789851,1.0,0.3448471001214685,0.4752038187749136,0.4468027946188371,0.36918902500031153,0.9597854183152105,0.42773525009769625,0.4387285429446811,0.720959385968453,0.43116747182539167,0.9413936275080339,0.4438404467339867,-0.004367073787759284,0.37526590138207705,0.9480048829549573,0.4623838140234671,0.40827699388428745,0.3595947943686328,0.3474911860188676,0.3213706622151356,0.34833761982993283,0.4216635936623524,0.05678115936834447,0.37028784224939654,0.47910938661531977,0.40811728362316557,0.3021704023763145,0.23424923077192536,0.38708627350430524,0.41567514450478854,0.4211098561489128,0.9495997097071439,0.6851790869737404,0.47051732961197823,0.47120273671310964,0.48128413083501753,0.46977520401260175,0.4707936750023067,0.4715762696061636,0.4715096896680383,0.4717388580532258,0.4668608059038359,0.8896856006082353,0.46839165232874974,0.4696446867506178,0.45309309146750376,0.48079252793226096,0.4821792739478925,0.8885062021469607,0.4318746644928065,0.482806175594437,0.47179757429148494,0.48121665884749665,0.4824526924243765,0.4796090320732354,0.47048758850696204,0.4832024838820791,0.47682908131681023,0.4692439566971904,0.4824798734255451,0.4824954104689419,0.46762099105567284,0.4824894423769424,0.456015925465129,0.4816846262849647,0.45607685254584496,0.47170566917646556,0.33402193863697205,0.48178679927379053,0.8946982113943059,0.2752290599111265,0.9079444803187312,0.44380841977144553,0.4710368916497516,0.47296157623433394,0.35594174160996916,0.8979959790770713,0.4716738939408488,0.47166683261157544,0.47373822326582704,0.4806681897607238,0.04463793403063744,0.4699141626126834,0.17004728976765096,0.3680939773681626,0.884523486119551,0.3480136907888878,0.8477016032275505,0.38111607873158737,0.9192404678956929,0.3945604799783955,0.4302153890183054,0.410629942202424,0.8326359272295383,0.4413066416077443,0.4209064293341449,0.2897073587947591,0.4816426831051686,0.4830986324578199,0.2818519471120119,0.8939976154797947,0.47970527911027905,0.9108922443915574,0.028211035382369933,0.7989501518807001,0.3191261520984473,0.4795539154169088,0.38268773989733496,0.4674110727698784,0.46432255289535235,0.4479934912039662,0.47366177084503025,0.9045454090481401,0.42526342612312784,0.2881798472915671,0.004437827985181749,0.11059506843217459,0.9140358605330035,0.4661027524978291,0.47510768643357376,0.4382158060994521,0.4604461863579989,0.9358073456427871,0.3158272114930897,0.27382831054180945,0.9210201973839168,0.4397261860701938,0.43991387590020475,0.2021419305575817,0.24000650522954334,0.445715498137991,0.4452985395089586,0.41387403886399454,0.482961986228205,0.47149644741907826,0.47148321218640793,0.44359327996447184,0.4595670839281956,0.4671641356145747,0.4708453152871907,0.44931974779571815,0.4708238975623333,0.47611589587436337,0.11470956425681622,0.4717811531312218,-0.0814122375543523,0.4711665490449777,0.4557538395679669,0.4603836006612146,0.1243156048640016,0.09165817411725366,0.4604790813246427,0.888825132033099
UCSF-PDGM-0130,0.4643322120307133,0.9310745319800513,0.23163426210927984,0.5575183615279071,0.5835319368561859,0.5247004272725043,0.8467453117241297,0.9291890719952912,0.9695761055449982,0.5889486370849648,0.9850663696042897,0.9705380164850774,0.3719277067608388,0.9750474993681848,0.5856469923747306,-0.13692433979396207,0.4681934143537452,0.8518471301924679,0.5590835436418821,0.565792890628757,0.6415125375098856,0.9686226074806298,0.9475779761644166,0.5782937243999974,0.9245239099362107,0.44568417002990124,0.9871274121801407,0.5887550621771059,0.8445694221236983,0.9075733535184584,0.9458942554554808,0.2571255487695355,0.5654782607732026,0.9808440511635187,0.9490345717318939,0.9280072782262812,0.5745011156426412,-0.090744929641713,0.5730295574715466,0.9426459742508523,0.5749013830702228,0.974268300741528,0.4945335024426724,0.9791242007489105,0.5905285937322903,0.947298874608589,0.5808254845934799,0.9424391287269599,0.5491026161352668,0.3448471001214685,1.0,0.9204385100212592,0.9518791840494842,0.9393795229126508,0.4011087445458653,0.5520324437942942,0.9569460067740725,0.31046174797799575,0.9459661881118531,0.4614108800970713,0.9594333167356397,0.25382020532410376,0.9619654624486548,0.429413685241633,0.9343494977704152,0.9875391737183777,0.9822725214549816,0.9474599653200972,0.5079243111071566,0.9077358157598501,0.5746285459264018,0.39714926235514864,0.9598917881094106,0.587293418688594,0.9381767143560396,0.32577637529904296,0.9200265726727007,0.9292412606625395,0.5853934640839888,0.5643834902457161,0.355659681888568,0.3262358374865163,0.928728886319096,0.9281365272094908,0.9180216171238287,0.9288520553681037,0.9285707495328851,0.931286389302289,0.9275088934984371,0.9265525026316416,0.9290557326230374,0.5854527924758479,0.9360120826375989,0.9285908383441029,0.9118851183085603,0.917872053191848,0.5779346195801099,0.5879988113805884,0.5814407574553107,0.9224721031912242,0.9260621733221028,0.5863464077740611,0.9179247862385382,0.9172614761651741,0.930971685235801,0.5786844163959062,0.9197471041826295,0.9287685801508863,0.9179102061029758,0.9179014888157748,0.9280172106416048,0.5874437926432282,0.5847510473392128,0.9180772755170546,0.5940606265179829,0.9306227664503169,0.4425781249187521,0.9180795183607464,0.5808763300495136,0.8634150586821072,0.5695800698750735,0.9116747852799175,0.9283500229267413,0.9157026308871995,0.9239324545790615,0.579376548035865,0.9269139283000367,0.9269470027497639,0.5795863903335805,0.9234940962632638,0.380569443354427,0.933017675420248,0.9286608426737285,0.9548121217792565,0.5777565457523842,0.9749703549745572,0.3935249101327433,0.9849195456075528,0.4902172244350055,0.9739117674132552,0.5038708430621677,0.96474905492026,0.0821588554223722,0.9545672097768184,0.9629234733344733,0.8569611714209484,0.5867313493424559,0.9172398268908823,0.9466979288826202,0.5636667070545928,0.5889375288582377,0.5510849457413143,0.8323728663275871,0.44923937517562273,0.8820515017978017,0.9263243982885254,0.565571930900724,0.9415810886823806,0.9490987144117042,0.5852769836262819,0.589090874567406,0.5615741759026671,0.9706314790412112,0.9781005294638276,0.7407247197669142,0.8762630461452825,0.5328710200802361,0.9449549926971204,0.9283732843339076,0.8977849122896611,0.942916531094092,0.35465991840929145,0.8673066033403564,0.823227831724948,0.45960615910703084,0.969856942554936,0.872265664656059,0.8420730138314283,0.516751402571254,0.9673854685413172,0.9656907955079104,0.9529732186677328,0.5877845958104747,0.9275456063779113,0.9316019810444273,0.8748693606679702,0.5630763594830394,0.9086263534560378,0.9285313011075994,0.9067072726490611,0.9131997602328322,0.5563622038679097,0.8471505996077314,0.926226506055016,0.059898451507861106,0.9281885846965724,0.9196240417300798,0.899502515402707,0.13784593755926067,0.8835568724114914,0.9534971708627409,0.5883685931167554
UCSF-PDGM-0132,0.5539766640572495,0.9529220839254186,0.4421877562932638,0.6996267753106078,0.7207191450432764,0.5986588993636884,0.6250774508776384,0.901359215685728,0.9534791527821591,0.6754694297704348,0.955268592211478,0.9476359300109748,0.3358846136005728,0.9716316240248093,0.6699514384895874,-0.24595384610738671,0.6555467969653467,0.7707046937015546,0.70888035374644,0.6943985364135999,0.5725757006397046,0.9719571189829935,0.8241586742924629,0.7243896543221375,0.8665861210831535,0.623628910812875,0.9428086692680071,0.7196197399090555,0.7572498982014098,0.8140006132553599,0.9905365073634055,0.24364281887189648,0.6482858780250599,0.911278342300337,0.9955087492945813,0.8481505479385703,0.6454086622475952,-0.1956920332510508,0.7173442022450308,0.9226999791940009,0.6971922887700198,0.9452621035688419,0.5999511381306354,0.9342767090799451,0.7109844276762151,0.8234443711024455,0.6812149004885806,0.9324226507681833,0.5453865105147471,0.4752038187749136,0.9204385100212592,1.0,0.9943401826074858,0.9271712817844088,0.5481257367452593,0.6705034452217129,0.9895836723129053,0.33233284596737234,0.9725424918593889,0.650217033347917,0.9885865709309318,0.15617130674089133,0.9562591112018819,0.6159768364793263,0.9964277934006296,0.9643715941560662,0.9289477517626514,0.9279904682202251,0.5558219166514798,0.9056199356113313,0.6622772224900428,0.281707194213432,0.9516066483503578,0.7226414024914007,0.9417343714772954,0.4480894249192425,0.7458155191358441,0.936356205190536,0.6473452232573838,0.65323119984632,0.5435062422717285,0.21703450063224,0.993026535388455,0.9908460070512032,0.998232812602636,0.9944212615224275,0.9922978397628655,0.9871347956442239,0.9891938433956462,0.9870507984008726,0.9956234877906401,0.7264597870524412,0.9920174749472427,0.9910203046696925,0.9889742981036078,0.9987643621114148,0.7220604353047688,0.7221887401645424,0.6643917958875789,0.9945799394684313,0.9860443586564379,0.7260455656510688,0.9960789980568073,0.9995509761955734,0.9876734147689661,0.7197688708271589,0.9991710175726162,0.995099622857722,0.996004636738162,0.9959613768056894,0.9962465327601596,0.7247612230304891,0.6916143180321974,0.9976695067540435,0.6954552318725478,0.9857110426345387,0.5431002855616329,0.9975022658075121,0.7234629784778189,0.8603189784830777,0.708071777779045,0.9754695697062833,0.9915044490711681,0.9977067926916148,0.9065523370569472,0.7044343592473907,0.9878266948855479,0.9878994506358775,0.724388969172403,0.9951838178630072,0.19498014036843916,0.9928990310050464,0.7719847500825814,0.9321775670811985,0.7193627275731963,0.9171770575832631,0.42750791448806125,0.9332356527913264,0.6168912519111823,0.9190088043520124,0.6136190064871437,0.9200735712500565,0.22496424321443104,0.9874181270457055,0.9560744780324586,0.7818179911828758,0.7257402420694926,0.9936456813610155,0.8357923344931016,0.630919662767219,0.7171220835082821,0.6911482602562627,0.6401801834058942,0.4366533955590239,0.8883212870093123,0.9976357465691245,0.5979234330723181,0.9913994831363815,0.9888179921236137,0.6803423027426382,0.7142142754650731,0.7128234195205868,0.9437468757485523,0.899156432655776,0.5338803375058713,0.6480127326813016,0.6914634938378631,0.9885783970679691,0.9989104252716708,0.9784887797434864,0.9946924111705825,0.5754697444128192,0.8727879458579999,0.8294825750422199,0.6437283474015832,0.9763799994337192,0.9555788976953825,0.7352768677235596,0.45674655741979864,0.9851046818017032,0.9869871628437347,0.9717615120114927,0.7238135663376324,0.9892830867672964,0.987860656223712,0.9669118712675536,0.7153548621938501,0.9935414745331025,0.9921432144512514,0.9852435557196408,0.9963776765481923,0.7110805096362739,0.7218557484282321,0.9863765507169467,0.1395229349487905,0.9909998838882127,0.990120980264963,0.9870220194330509,0.1554148258284954,0.6380946078807826,0.9925781311345936,0.7143578674698231
UCSF-PDGM-0135,0.53272867107992,0.9538886808259487,0.38918745031551844,0.6725496198657646,0.6946006849570564,0.5801931861934997,0.6884439038726365,0.9138958294861093,0.9749749200415786,0.6608665500704658,0.979405622887598,0.9613895057957472,0.3492430152630228,0.988473758645191,0.6575355138382143,-0.21688065738168613,0.6154772114791934,0.8060395472140615,0.6783091447234068,0.6718046014636276,0.5954448849360492,0.9788577891824077,0.8763341629965025,0.6987991783947308,0.8897535565958176,0.5858373553433832,0.9648449696296295,0.6918823508166766,0.8116043203278496,0.8638361636440514,0.990454598421464,0.24847618373716593,0.6313156586753351,0.9426033257113102,0.9988543049453783,0.8726634378819644,0.6388163367834658,-0.17765931816622982,0.6954525582526183,0.9348320775161661,0.6773375059943384,0.9668846133442239,0.5786082273558414,0.9538255929875192,0.689652360061661,0.8541080168144043,0.6710412441812447,0.9589310407736962,0.5517869794956013,0.4468027946188371,0.9518791840494842,0.9943401826074858,1.0,0.9469179011242603,0.5204803737380608,0.6568016498810807,0.9972587849274539,0.3207125384095461,0.9826900366055697,0.6104908207280123,0.9978696049489302,0.18181814656993278,0.9782322382245056,0.5699108261616714,0.9963375524100546,0.9810402640864071,0.9532026371967423,0.9443627712803554,0.5643800733491051,0.9308552358489194,0.6504037590656633,0.31056000093966074,0.9738874303169743,0.6961378725691355,0.9510852262422167,0.428025260400175,0.8009427571240101,0.9538882738942572,0.6413532026581001,0.6410113639265209,0.5037521323421118,0.24685262424980026,0.9894182355202616,0.9866760852760239,0.9899998319409913,0.9912728443200206,0.9884861820166057,0.9837562846853578,0.9846687675286502,0.982121049113559,0.9931214073513621,0.6995264112588964,0.989654748966174,0.9869636941548233,0.9905188598108838,0.9907741312617493,0.6925390364045344,0.6933422141607554,0.6477900440820302,0.9867687685708146,0.9809407706468318,0.6987029293964161,0.9871344914949581,0.9920706606945813,0.9837016034805907,0.6894555884422737,0.994041636695561,0.9922313178846026,0.9870399144526278,0.9869849850262337,0.994092010326835,0.6967285116656167,0.6687281822097338,0.9892190847793283,0.6743660764216792,0.982068488443438,0.5382352209718732,0.9889928158962585,0.6956276171196975,0.8848342064975949,0.6800568082592858,0.9809811594132684,0.9874904886909184,0.9936344520860035,0.9292798321393542,0.6785342125788317,0.9830374913500216,0.9831237474088139,0.6993365597613833,0.9873527177145454,0.23877535003922062,0.9909676197517858,0.8281762171948562,0.9573144408041383,0.6967695320804382,0.9356343389768572,0.42797854974589544,0.9533073525201522,0.5851530958008567,0.9393281113708803,0.5897103018614668,0.9391885630571947,0.20410396423562438,0.9968734199043724,0.9657707690999305,0.8084170239856101,0.6981906377683805,0.9841201215898702,0.8735402821035442,0.6232299713626253,0.6899640722661714,0.6672586054707141,0.7012363837068352,0.4458055521510991,0.8940589358755852,0.9917054953532329,0.595151355017655,0.9902707352845214,0.9893880873814918,0.664299080008174,0.6900693195837874,0.6837960300204439,0.9585010140053997,0.9314824422956068,0.585099456971327,0.7069572463646079,0.6594297189366012,0.9890753104503912,0.9949921831323232,0.9791750092586912,0.9971859324786994,0.5298926732200709,0.8844294089900977,0.8432558788323765,0.6058956250284775,0.9828191426752831,0.9462430612559527,0.761716455643244,0.4782812190907108,0.9920271057640083,0.9931104886021509,0.9884190960478025,0.6954338934626029,0.9847760886557338,0.9846257578624845,0.9678572221055007,0.6934781173195649,0.9907523164569636,0.9882907246504182,0.9874663477512787,0.9928100997740342,0.6813818879607992,0.7586081338798336,0.981329360393197,0.12180968288969357,0.9868655583154022,0.9924619586290254,0.9854816410014893,0.14864921758798366,0.7065504555055057,0.9953781503222003,0.6913159714004651
UCSF-PDGM-0136,0.4862596194641658,0.9183318901030675,0.2860833915306782,0.5989445864198798,0.6190134111315084,0.562578040647795,0.7885779238017179,0.9559514955625128,0.9903346789968325,0.5761907871912789,0.9689545192524873,0.9321213878043246,0.3642979369921879,0.975708749572002,0.6141222079232075,-0.14142905532819014,0.5332974640008649,0.8831170763091639,0.5966579101886065,0.6196789301608859,0.7216285777019965,0.9232384067105451,0.9116947492727039,0.6277340813365951,0.9351456059489125,0.5024562562158248,0.9270788138773259,0.5974793664408405,0.8655908896092257,0.9147088879154687,0.9081036436958779,0.2284161521539276,0.5941341824421745,0.9794248920650732,0.9470851202918852,0.8938309878088457,0.6027624878697219,-0.1132503343668565,0.6373707069378826,0.9115918114047339,0.5933846118811885,0.9903837152516463,0.573033089546219,0.9525612873539129,0.6203409185220331,0.910353140360137,0.6230419695106897,0.9704221892903828,0.5591798785171054,0.36918902500031153,0.9393795229126508,0.9271712817844088,0.9469179011242603,1.0,0.43227054788039176,0.5845544616431728,0.9641984206983917,0.38401561076195767,0.9862899133375189,0.5408178164019525,0.9557481295467911,0.2116783568298332,0.9805394339605812,0.48289158399160015,0.9537641546431176,0.9560696640222887,0.9816541654261013,0.9541521964749321,0.5320743707963986,0.8780784079971604,0.5728720948019107,0.37194853337675216,0.9706898153136344,0.6097998752950837,0.9535685861982182,0.3271271110184515,0.8823673728959807,0.9972068682500077,0.5740847904504273,0.5387433272821994,0.4072343892588744,0.2700146200147173,0.8955289843576059,0.8894774358369896,0.9117070449199923,0.9001216694144486,0.8933942409704358,0.8871764214821317,0.8853970538354656,0.8805060112454387,0.9056302332471181,0.6175231106136907,0.8996128898429983,0.8903229348196222,0.9287283146343638,0.913982302101027,0.6006767133812138,0.598398069543166,0.5760005297637182,0.9061082202302412,0.8783252831098574,0.6139949352935894,0.9044582907150487,0.9184406049995477,0.8857428660487536,0.5921313711423568,0.9299522551967091,0.9027602354724141,0.9042395278978004,0.9041129214603032,0.908944094356167,0.6073853754579659,0.5960957488441342,0.9095841753258657,0.6063327274031286,0.8839699291587888,0.46572505414457727,0.9089939517296767,0.6128331895953812,0.8675090259551074,0.5866481393688673,0.9684175427559919,0.8912070371271482,0.9361818907626996,0.9978247400769962,0.5706231434219206,0.88223402626272,0.8823983669619362,0.6284004526220056,0.9083134916858282,0.2991196975256009,0.9028674761666872,0.8423172547814511,0.9945423248325627,0.6274399428059716,0.9390367145315207,0.39875518509182284,0.9605005390611279,0.49632584671350305,0.9340995947451317,0.4810246381026727,0.9275772447280718,0.1067250658239326,0.9642036436435412,0.9262009510435655,0.8550460901227488,0.6121026400881343,0.8978824703713832,0.9636108780529625,0.6024529261429878,0.5954827349750317,0.5792149014089228,0.7693983862367065,0.41755845923198853,0.9157913963384009,0.9201693497050847,0.5214704421619744,0.9045494231724296,0.910163973493614,0.5821744710642908,0.6007109029960632,0.607625771827736,0.9276540788442165,0.9490928409550423,0.6499757540834973,0.8051028528493077,0.583572295891556,0.9057268508734269,0.9339215061248386,0.9555029602602991,0.932603778837789,0.4494250998651477,0.8920289002981333,0.8061397892505303,0.5338916980952213,0.9296946984754486,0.8814003863363801,0.8689289628304956,0.47802284547658674,0.9378259240414311,0.9360582625448066,0.944623657273012,0.6037218132955925,0.8856095251878043,0.8888756334520361,0.942675476630081,0.6428266350154228,0.9414331925683589,0.8929578959266726,0.930131294623685,0.9385470347284088,0.601878517776915,0.8009776675728403,0.8790380346160878,-0.04338419498695308,0.8898755318071611,0.9309162839699836,0.9441571400567479,0.053134049182347785,0.7788551361234117,0.9275564815327277,0.5923299534722821
UCSF-PDGM-0137,0.9331719606813612,0.4668961302763539,0.9210759572682015,0.9550075588141183,0.9349573431538075,0.9030506663438026,0.11325684246935055,0.3948869423661574,0.4549885427798765,0.506464594684009,0.45273131372015596,0.44711796307046053,0.19779310225141186,0.47865790093987026,0.48855580637189583,-0.2605152120383003,0.9479900507483472,0.2781561392421867,0.9500413976954293,0.9445393438588258,0.10619312025901502,0.48606139542458526,0.3221992616683499,0.9378411792442543,0.3670925038337844,0.961560744900243,0.4399708552190232,0.5429935027376473,0.30878190838687775,0.3210299161159322,0.5258283584580993,0.8289462056826746,0.9053337355832958,0.38471632918244153,0.5267711138566654,0.33720249763567767,0.4687170420192005,0.3484615188663739,0.5463188926345348,0.42369324982113205,0.951495809343843,0.4332231227094641,0.9275980767917366,0.41716694744480565,0.5328177834857744,0.3034126737840265,0.9313762497125742,0.4485524243129486,0.36971478916639977,0.9597854183152105,0.4011087445458653,0.5481257367452593,0.5204803737380608,0.43227054788039176,1.0,0.516381307410258,0.5112455033168789,0.7408017748202602,0.4937638705361914,0.957009845205594,0.508681326248017,0.09452418660605443,0.45719206889753883,0.9577728790741695,0.5313680223578213,0.46373987488270024,0.4141480924754454,0.4114640213300097,0.4251673149179687,0.4305240024869492,0.5061359005200867,0.14287667694348674,0.449001283030796,0.5473730789442117,0.4456220424088129,0.373711460322688,0.2436673091818371,0.45421511554852956,0.4826030140902314,0.5078490599299756,0.9446621576237093,0.7044718373971015,0.5420352306974848,0.5404540631554439,0.5496531110150926,0.5431156793932811,0.541496072869392,0.5382857949911661,0.5393043395162938,0.5378514572407044,0.5418158609987916,0.9335463612259992,0.5358334425784335,0.5386493377575509,0.5433502456900011,0.5501184981981981,0.5484618691559157,0.9240567532181224,0.4881186395801358,0.5471353912810341,0.5371802647562222,0.5496008612214422,0.547957521981404,0.5509125013909633,0.5352615904154215,0.5457650150543313,0.5515569848711995,0.5436799224705405,0.5479020209493958,0.5478697966880538,0.5447987653498657,0.5478386262203393,0.5019693442650371,0.5491877410233553,0.5027822949529949,0.5373251180728096,0.431160395962925,0.5490534399581953,0.9375050666361349,0.3926823554102295,0.9471683719602186,0.5223885075768119,0.5409221647544494,0.5514808562513936,0.41816641393099513,0.9367207468755621,0.5383733818004098,0.5384225431998403,0.5498386587254727,0.542729657143479,0.07653632500765878,0.5424343357833177,0.2674173441220163,0.43716768183776,0.9387807653026051,0.3919921426361396,0.9081893556606748,0.425548251538601,0.9502560824503635,0.4159535884945565,0.4730564234640947,0.4269713626816775,0.8396225301861244,0.5100997042212578,0.4590310696122968,0.29081965428878226,0.5491360138943191,0.5461975977864758,0.3193082103417281,0.9228776022488853,0.5426590212856419,0.9628113232693686,0.1472737596220136,0.869437501233488,0.3984522776610388,0.5461078378052502,0.44220752686256537,0.5320441550412326,0.5241457558822263,0.5200326908504382,0.5398580830692551,0.9504487773976866,0.4520908521861944,0.3757613642588156,0.05673349932491532,0.13221320825656854,0.9604004023775973,0.5284943287871319,0.5448107293315773,0.5260548927723062,0.5367211571355796,0.9507173765994225,0.393008501730847,0.3843273573673226,0.9271229647512939,0.49205273154800083,0.4976081502568016,0.2273994960084745,0.3111623192646267,0.5018090607803727,0.5041265331290347,0.5016303430038612,0.546711896597812,0.5393656836977222,0.5387817357090814,0.5378716557242691,0.5469251274634243,0.5500617677920052,0.5413832585342145,0.5417700935140746,0.5510945268504124,0.5354315122124702,0.2414319506942978,0.5374011297846584,-0.00683982957720917,0.5405628731073073,0.5438410438281495,0.5473107313544833,0.2042051241569612,0.13917766982882065,0.524061396107705,0.9342494937497552
UCSF-PDGM-0141,0.48182950114337464,0.5490656433877867,0.38731698121476166,0.6442684638667402,0.6686101378923937,0.5136682084340275,0.22216659788952034,0.5303997280072313,0.6112578594756924,0.969785523048836,0.610698147206996,0.5584577140499769,0.6885304253236388,0.6284620175566746,0.9759906805921966,0.33003412563634943,0.6018340847649284,0.34246207294990644,0.6497461182257017,0.6395710901261656,0.27141702374233995,0.6073702152605701,0.4986276684721227,0.6807230825754987,0.47549427791101684,0.5769030998535238,0.5748892605537981,0.9594785730992048,0.5029908991987964,0.4943399233636839,0.648282917680756,0.23129704653271888,0.5749395925565558,0.5406689959877209,0.6627365060601598,0.41865716516006785,0.9763938202999641,-0.18945393041252934,0.9862612436585672,0.5017399612404264,0.663458754334569,0.5817120581292694,0.5319042167298684,0.5380566784415616,0.9765719564536712,0.4282885514046642,0.6560550057494182,0.6195706351732897,0.9097463834752589,0.42773525009769625,0.5520324437942942,0.6705034452217129,0.6568016498810807,0.5845544616431728,0.516381307410258,1.0,0.6547569641977122,0.23649448072357834,0.6366049869793127,0.5900800623561336,0.6455973821735188,0.6068881804941535,0.6063977108134482,0.5417325032980296,0.6592275657633196,0.6081466135472273,0.5651155428203418,0.5064257332783062,0.9603860632394713,0.598080981390535,0.9860224310511488,0.6903678125136604,0.5818325212552915,0.9716780444584433,0.5379227843397154,0.9057984510877106,0.39635273964393686,0.6062726580210811,0.9750843236424698,0.9816270552753732,0.5122432476661808,0.19987084341114955,0.663869150614124,0.6601336091526602,0.665830588243229,0.6666610522582874,0.6625581132790059,0.663274601877908,0.6575847039492824,0.6545024523863433,0.6682516959797993,0.675835297709415,0.6571313346355047,0.6592332021775297,0.6817091320720486,0.6671800302254909,0.9628083176009697,0.6622388904673121,0.950043380213816,0.6671785177413376,0.6531197546629025,0.9703332390662031,0.661458052097319,0.6697836072676054,0.6526333438763726,0.9550262720386717,0.6812089987394089,0.668244672905704,0.6613246004191696,0.6612473310952965,0.6718827259289788,0.9646926958043827,0.9320767568495212,0.6645607952383431,0.9371611307875795,0.6612414159638194,0.9635822331492185,0.6642060607326317,0.6704763855878139,0.47131713253271285,0.6559136800569298,0.6674229954469686,0.6612071053786128,0.6844394564540331,0.5719645591512952,0.6528158968218873,0.655594525424297,0.6556982141831033,0.9812106549011755,0.656076600801844,0.5926475065491305,0.6730197854049406,0.435825793623436,0.5979820979712024,0.6849442014573307,0.5102119748238121,0.40120914718458983,0.5646115402492956,0.554339164806806,0.5385469547496949,0.9528875188313244,0.5533203725610611,0.26438028835005767,0.6540984435797232,0.5583229084029809,0.34311417276289446,0.9687642605348632,0.6574150528643042,0.4712302252391199,0.5857117005982126,0.9618236855650671,0.6579337530991448,0.28505154391438575,0.42612137097302233,0.45903697380151426,0.6706774861885981,0.9481797754017933,0.6532771236671849,0.6445912123248285,0.981937690661858,0.9721599510131607,0.6594801864370547,0.5725854118154785,0.5421109384682362,0.08582830327538105,0.2583931289121478,0.6317973900560169,0.6577242355718905,0.6739294819941462,0.6530920064338464,0.6745451279804431,0.5292966189509661,0.4394898111852859,0.40881746373646355,0.60282965384657,0.6142807905093975,0.5606460180639035,0.29773330737042314,0.863895607271017,0.6295124151913415,0.6325270644601696,0.6590544287075891,0.9613927958392329,0.6577179614468349,0.6643471842366184,0.6830245271511417,0.9829516569943704,0.6866836779463279,0.6622891941791655,0.6818732558401666,0.685539596304439,0.9715187965793756,0.3946778596287676,0.6535722149332122,-0.1346675508975603,0.6603810771757925,0.6882185558339108,0.6871356000449322,0.4908211714829771,0.30005430891880425,0.6497783494829836,0.6726321565311215
UCSF-PDGM-0146,0.5274022313867368,0.9515480658442521,0.37727919772224094,0.6676957407837903,0.6923276404379543,0.5844235090077321,0.7075215844939782,0.9293433002259535,0.9856455754841129,0.6573415264719619,0.9864585658915556,0.9629061670381931,0.35674797019990323,0.9948242360070118,0.6619948621746949,-0.20059503557780667,0.6121763093391265,0.8140847286770946,0.6726127775415639,0.6715758582613023,0.6225198988171683,0.9779915491378307,0.8911933698367271,0.6967874629540107,0.904189719346099,0.5807415730084008,0.9676895236073335,0.6873083348622675,0.8250496137914616,0.8775627211949703,0.9836802136862915,0.2517904924841214,0.6347561796364395,0.9570224206190121,0.9979178396401698,0.8789952364519237,0.6433919114509101,-0.1596711897833697,0.695201900710979,0.93260112300336,0.6723891385106437,0.9780233521325857,0.5825538412293335,0.9601848814057039,0.6890176342856332,0.8737362926315984,0.6723984065964731,0.9677646336113818,0.5666244646974073,0.4387285429446811,0.9569460067740725,0.9895836723129053,0.9972587849274539,0.9641984206983917,0.5112455033168789,0.6547569641977122,1.0,0.32941238123022254,0.9916262753040274,0.6059117488638361,0.9971953086300323,0.18458905184690363,0.9841082665511772,0.5627575087382511,0.9958547431912569,0.9860686254296114,0.9676050987570075,0.9463351051112584,0.5654271091510792,0.9306555062649364,0.6499115241402766,0.33195933806599787,0.9753788245425455,0.6925309762373391,0.9553281045401593,0.4231284162904574,0.8240895755742438,0.9689498226178437,0.6417824093123776,0.6355566444324351,0.49775865340516623,0.2504723775235555,0.9801252917582278,0.9770005486138217,0.9837949482836198,0.9822958381407872,0.979054292040006,0.9756940785806578,0.9747531443786636,0.9719336322596311,0.984581391621156,0.6963956599361781,0.9813303152646573,0.9773700520623119,0.9848994804962699,0.9847432807258637,0.6867811475435777,0.6886669632161387,0.647629287934727,0.9817794124779126,0.9706371798213272,0.695253597289711,0.9804196752943848,0.9864054788167271,0.9742298570823322,0.6830489744226875,0.9909833944669347,0.9834479093832466,0.9803106140752701,0.9802473237808657,0.9858058758212117,0.6927281401047385,0.6669486247010505,0.9828583382112874,0.6746326039012913,0.9738271971970719,0.5378310824043071,0.9825897621006907,0.691880728045013,0.8754821686666135,0.6738825699631437,0.9855987680218732,0.9779208382620039,0.9913353039703778,0.9488765142100724,0.670064232287659,0.9729442557529084,0.9730395705575879,0.6974462149416565,0.9814696371601086,0.2632494025251784,0.9838985992922502,0.8388152324289674,0.9712727635276848,0.6948136091517753,0.9429372250811833,0.42244407381247695,0.9651090348473206,0.5748184392941801,0.9476637202194111,0.584780166620812,0.9471437428963744,0.19393576948304042,0.9986145441057593,0.9636927623724687,0.8128446359727713,0.6945779274547782,0.9769890800422207,0.8984588368221091,0.6278649781755918,0.6854690408012178,0.6608131379781785,0.7176640057404418,0.446196163184527,0.8973377259806443,0.988009760256902,0.5966631058707151,0.9828756351897778,0.9835109936169169,0.6623173456497219,0.6857774426172946,0.679239171299872,0.9620734409853016,0.9442967161254235,0.5873846613955808,0.7281599548555582,0.6527803108800189,0.9833424986896282,0.9927957109366196,0.9789454023750319,0.9940546642534526,0.5231174102066756,0.8801448578853434,0.8298579099422588,0.6066366005725626,0.98228818141481,0.9328861895293865,0.7812091602154254,0.4932060673064628,0.9904539918694755,0.9909003530696155,0.9881345242108601,0.6911493219923494,0.974872651257915,0.9766612342991846,0.9691464073991424,0.6938997255131056,0.989373157249605,0.9788309921907646,0.9823521915747389,0.9908730415081693,0.6791193426489629,0.7786102499264532,0.9710634208135432,0.0920659212160876,0.9772141644322765,0.9884388318864734,0.9849962509791503,0.1228777934145414,0.7254038631926041,0.9911337876941032,0.6850328872536887
UCSF-PDGM-0150,0.8669527396350057,0.403567329038493,0.6320392320846884,0.7385532787410436,0.6955779128152655,0.8751265702927878,0.31481534050529286,0.4209858247394813,0.3432250127916806,0.2944834502669117,0.3045522509072631,0.361534990636293,0.25730821010894134,0.3296170513050724,0.32742557513033005,-0.1853856658893712,0.6538122060812249,0.43399764784586026,0.7221231236563181,0.7538412796051689,0.2702057030478292,0.33659445345556205,0.2179989330128742,0.6825560476978466,0.4031470006564686,0.6686037070263201,0.295779295347476,0.3218762665704512,0.16641680802137546,0.22731859110918862,0.31379286462603306,0.7613364975711026,0.7862170361817438,0.3550579771829295,0.32419383411970726,0.408323852222691,0.3144311346234821,0.5163930890495788,0.31832336202002637,0.395020359239799,0.6837521697656911,0.3698722388378556,0.8935328867286575,0.3803540604854191,0.3264301639757476,0.39836229411161433,0.6952210776668492,0.28524138734464993,0.3173509669163069,0.720959385968453,0.31046174797799575,0.33233284596737234,0.3207125384095461,0.38401561076195767,0.7408017748202602,0.23649448072357834,0.32941238123022254,1.0,0.3592398225754231,0.7130500695191939,0.32474440763261875,0.2883643244905617,0.3281470074728062,0.7332336456829822,0.34677885610622783,0.3337447723389469,0.3678873269247998,0.4255091964496442,0.22026468345729558,0.09931162576239681,0.258368597278403,0.27157456768838173,0.34692737291864606,0.3214209911619655,0.42101519873306265,0.007844777955576723,0.29569057925674724,0.3683528273551857,0.27122229489052346,0.21694486998276385,0.5784677841340099,0.8191245227941752,0.30084416089458726,0.30073686335379685,0.3326424475811709,0.3008150070474451,0.30082353040591925,0.29386886420852343,0.3005871905762558,0.30033864240117925,0.29910969856977565,0.678751211384504,0.3059190662978529,0.2994653855261148,0.2946248503786457,0.3325894322972524,0.3326429595662261,0.6747465315167677,0.32144830820196374,0.325795154663708,0.30020617027373897,0.3258597622918762,0.3326038826554563,0.33237065461693677,0.30295798968096643,0.33227067129181165,0.32474561882651337,0.30074599988785006,0.3325985002365084,0.3325952841904876,0.3003959816095631,0.3258645203505697,0.3541850972543367,0.3326615559340647,0.346824127730583,0.2937083683951537,0.07309792558793443,0.3326620804936501,0.6882082134302808,0.3283259957988949,0.6908013045411348,0.3307126223704109,0.3007825033217504,0.3232836884125516,0.3800126415491573,0.6727080588388437,0.30043442754926636,0.30044309713107925,0.32357646696578546,0.33668637898966464,0.17833907468737956,0.2941483823683409,0.18143678900322363,0.3439442474866219,0.6721557888035602,0.4004550633307413,0.8645609168180535,0.36282129619468667,0.7773108900449518,0.35785592460436544,0.17279298746319352,0.344135755976276,0.4157858972193544,0.32475767800094596,0.3706992728868227,0.42055911309899563,0.32589467207192535,0.33235282243014097,0.3817819269457185,0.8014548951722991,0.3191140687418951,0.6836653477633884,0.22087956143111534,0.8063806268922806,0.489608606092134,0.3280076611364059,0.22899489333294915,0.30940397748194515,0.31549703690627684,0.28273800622859696,0.31444568955774876,0.7161248810233942,0.34195187310267805,0.3108024459941757,0.36829228526680696,0.34275387627030235,0.7531755687030526,0.3018198428144664,0.3305815465217553,0.35082105515231077,0.3025117688196002,0.6513237187620228,0.4489343658938754,0.3716511410108121,0.6050197135432152,0.33935694301723063,0.39438577934742985,0.49460985660392504,0.21889405750087707,0.33202646397290814,0.33129713506625935,0.2653612044417996,0.32574036193011724,0.30059635004156826,0.2939418770550703,0.30870924286714296,0.3170765763515908,0.32074442727557484,0.30081689945004525,0.2928488711151207,0.3223838866484811,0.2948265369350933,0.24747846074624688,0.300250847586183,-0.2969421148254966,0.30074835678324047,0.2891466525432198,0.317483712189439,0.264015872653973,0.23231499061538818,0.3184175678581197,0.6552904662959679
UCSF-PDGM-0151,0.5295420257263472,0.9485673384247028,0.3627501908242294,0.6543012137736277,0.6748111138464014,0.5893142787591912,0.7315744175403093,0.935142142821365,0.9933713516323508,0.6337172603559412,0.9811196718769052,0.9572430729670502,0.3745968256217131,0.9928602966818819,0.6486800374750198,-0.18305535150984623,0.598458800499677,0.8518590991486698,0.6562175575775029,0.6661820292552081,0.651001450649309,0.9600592945516796,0.894041104077513,0.682342928341301,0.9293686350031802,0.5673774222558906,0.9520960101331135,0.6616018509767038,0.8358468029941246,0.887398605046358,0.9572933259306964,0.23242695650397888,0.6346390710986104,0.9652243353458947,0.9842611134476688,0.8924783254775958,0.6324962087394933,-0.1732113838158081,0.6860161133136,0.9332768476482495,0.6511952326102373,0.985492338784067,0.5919895446101798,0.9612284456133062,0.6734836145411612,0.8846775328946903,0.66543199099048,0.9709883091793735,0.5624886161316971,0.43116747182539167,0.9459661881118531,0.9725424918593889,0.9826900366055697,0.9862899133375189,0.4937638705361914,0.6366049869793127,0.9916262753040274,0.3592398225754231,1.0,0.599886397621307,0.987941976535984,0.18180858186189636,0.9873477099141365,0.5506827719066513,0.98829913895767,0.9756997572562933,0.9745556012423163,0.9536588003795383,0.5579953666102563,0.9102654788103806,0.6263100791020987,0.33093776149593984,0.9787254144523653,0.670574219555861,0.966832285461321,0.3948781871061535,0.8487675679080645,0.9905326053706207,0.6223031371060679,0.6016728246720777,0.4793710352978035,0.2510871348933982,0.950242349101221,0.9455823265044851,0.9620377682110928,0.9536778238303663,0.9486142297902641,0.9431407878617949,0.9423694863562699,0.9384551059919967,0.9576875192667732,0.6767105421258831,0.9526404643500328,0.9462425849233892,0.9695809384403928,0.9636773667214809,0.6639885081318313,0.6629467214824712,0.6277124409337095,0.9575395025618167,0.9366900287862315,0.6743188953569257,0.9566353304903328,0.9667910764803164,0.9421973580682771,0.6576891908067855,0.9743455183635518,0.9556037591127752,0.9564686520306007,0.9563721017206738,0.9599452510234372,0.6696378271116197,0.6492982285012096,0.9604818170233508,0.6576380234490882,0.9405664278227484,0.5166898164330527,0.9600450870384862,0.6724930328980069,0.8750130432710029,0.6504095221999173,0.9906171978198495,0.9469279086251343,0.9777006188714001,0.9779031682957362,0.6389231691714778,0.9398453562190798,0.9399771718388762,0.6828643480815868,0.9589744286779018,0.26557708636429755,0.9552703304387036,0.8236089744375668,0.9870938589808096,0.6805241878767376,0.9389545828509887,0.4169302643739415,0.9650407566212422,0.5578786060323101,0.9481900399183287,0.5517102698336446,0.9473114021157657,0.17191614813450162,0.9924217204153261,0.9555575940145716,0.8427297534628202,0.6730033413209797,0.9515481723465958,0.9260161876758211,0.6279130612137613,0.6595086337099183,0.6398385919414061,0.7140070070112725,0.4259946046735251,0.9084793798314934,0.9677605976208606,0.5705117051511103,0.955927250830659,0.9589206236273962,0.6390735346868858,0.6620695395774774,0.6648204463302154,0.955497634368923,0.9363101711093033,0.5945333726889893,0.744820307950323,0.6410803646020554,0.9560804254013334,0.9769309098003774,0.9805128592236092,0.9749818223949923,0.5155585159055199,0.8933207818542642,0.8245884351546523,0.5953329569720338,0.9648121626663323,0.9234484977645414,0.8162088298204349,0.4839057908196759,0.9743176419559265,0.9731709766635903,0.974442903997048,0.6669501390236202,0.9425380327389158,0.9444938739345359,0.9698172697697819,0.6883075795390754,0.9793891326002426,0.9482792315931234,0.9690142075562219,0.9786737680471068,0.6618688170563136,0.7609554324328697,0.9372681906614857,0.03373075295813758,0.9458929384317206,0.9718614761433483,0.9785701421059302,0.10061534127323729,0.7263276004195635,0.9714373616840744,0.6566797418748638
UCSF-PDGM-0155,0.9118078498844334,0.5706782348899586,0.9071547405676608,0.9763959511356942,0.9655317106593077,0.9151368226036307,0.13349961841874486,0.5064190327633625,0.5464472075995621,0.5811931534842976,0.5257009393575922,0.5338919504439003,0.24836234546282304,0.5666377534884048,0.5764030718958745,-0.26507869425900865,0.989817129935806,0.33539434981016497,0.9782617484669667,0.968922233930438,0.22908500519566904,0.5728172609528399,0.34668356882334567,0.9694269399079394,0.4672569388074859,0.9925891680151755,0.5017216859208582,0.6405598985960906,0.3271019256268651,0.35061375999575684,0.6126885769164051,0.7201432142688364,0.9264912472824465,0.4659542929126166,0.6214561624333176,0.4177445628199726,0.5467828550490692,0.201869779532223,0.6472626590381778,0.507542810489935,0.9574979996999607,0.526647587146284,0.9359409087499877,0.5060542652838395,0.6301002581029799,0.3886205425756144,0.9389053830721394,0.5204222091878838,0.4325170398375798,0.9413936275080339,0.4614108800970713,0.650217033347917,0.6104908207280123,0.5408178164019525,0.957009845205594,0.5900800623561336,0.6059117488638361,0.7130500695191939,0.599886397621307,1.0,0.598201570762412,0.05778678323535358,0.5366378436230639,0.9827471471843737,0.6355162318744518,0.5477128261862819,0.50550332736817,0.49729922910367497,0.4587858624582198,0.4763356794829049,0.568351461338561,0.15341390671975916,0.5233838016305732,0.6457833974040095,0.5466475339021764,0.4063509625192649,0.29215334965077466,0.5614421573327837,0.5449529583864959,0.5582345167788108,0.9525362617464045,0.5763283468295765,0.6282770523973623,0.6261973096937682,0.6512689789887686,0.6297310477264129,0.6275627702510713,0.6232149015823107,0.6247080301535619,0.6228451081593803,0.6296438401315434,0.9645675925246509,0.6221447400589459,0.6251068861489633,0.6320295974485836,0.651929371858461,0.6496226041073504,0.9538589512069598,0.5705772506891453,0.6474493096121224,0.6219901478198134,0.6508230107110887,0.6489383573487074,0.6530978612897093,0.6205535057521754,0.6460169711036141,0.6538785499493343,0.6305076137911639,0.6488634115836283,0.648819927206681,0.6321158325910624,0.648395045272094,0.6047635858104035,0.6506196502381403,0.6052440803060573,0.6219861237530439,0.4687632854014192,0.6504338852949173,0.9679577207231196,0.4179124528906168,0.9677914743181008,0.6266871352628947,0.6268085644782511,0.6542489330943364,0.5254037328367016,0.948189350577253,0.623512249186614,0.6235752019780773,0.6524293490542954,0.6439869370272601,0.05729692011002227,0.6286536006636572,0.2656044870924214,0.5285196855137546,0.964343266889825,0.4820075292732356,0.8175112501891268,0.5141171401102482,0.9437962167078388,0.5007087819785335,0.551447608334717,0.5132203102579548,0.7327779225095075,0.6033304131619532,0.5453968695758165,0.3688785623828885,0.650171615579402,0.6465880194035031,0.40714880397460523,0.9250740811515709,0.6380549014267877,0.9691064290661249,0.1327107333820875,0.7784957322500141,0.48635160473352995,0.6477929759469692,0.4900515411950918,0.618190375163014,0.6102874568158169,0.5930205239325246,0.6325729694965557,0.9786774592560572,0.5365095856520129,0.43965595079942477,0.04922766753430812,0.16780592683526038,0.9820322682029411,0.6145056913660002,0.6475253557343866,0.6298200927297222,0.624566342209758,0.974692081711766,0.46019761924352687,0.3993561691712941,0.9756004316901868,0.5793738766352581,0.6008992324566937,0.32428090682225263,0.32880432844983337,0.5900643752950179,0.5927938429717066,0.570574355635236,0.646884010926462,0.6247871152215733,0.6238523978406915,0.6402479085161097,0.6499937957012002,0.6531203861189165,0.6274140546572246,0.630486286474219,0.6540094797583431,0.6477837660756535,0.27112303884274075,0.6222711360733559,-0.1156097061450412,0.6263391119194172,0.6321294703342284,0.6503923925078609,0.12131958535011374,0.14208324025797212,0.6114373462659095,0.9482615262325177
UCSF-PDGM-0156,0.5343763665561329,0.9610539589975315,0.37186619178962416,0.6628964493463394,0.6841215380068472,0.5828835380937304,0.7189008740505761,0.9115413885758056,0.9823447559963002,0.6552643547495477,0.9851742136403498,0.9719844754709392,0.3769297295659549,0.9938236161373039,0.6496052098473991,-0.20234048238958466,0.6015962804201304,0.8288898138716956,0.666968317481664,0.6664823938486314,0.591479844254774,0.9817711292748267,0.8906221889582433,0.6877682996183517,0.9140737122445014,0.5725185380890715,0.9727798022038022,0.680912050266233,0.8184244568322369,0.8728827775840975,0.9865413163460863,0.2435209744224517,0.6358743490448383,0.9534931709394455,0.9972870150427161,0.8945187931118652,0.6329463247390553,-0.18611143433759555,0.6852689211403963,0.9467264130693104,0.6669903719444619,0.9726449492445374,0.5736511072955414,0.9655676531781057,0.6820972458006666,0.8700401366795519,0.6678281070230094,0.9612416041332001,0.5519586825453571,0.4438404467339867,0.9594333167356397,0.9885865709309318,0.9978696049489302,0.9557481295467911,0.508681326248017,0.6455973821735188,0.9971953086300323,0.32474440763261875,0.987941976535984,0.598201570762412,1.0,0.18409909074283637,0.9831365341128393,0.5564860073962015,0.9948321998109838,0.985468614252098,0.9619045264405436,0.9507673357334102,0.5602897806752947,0.9287070174375912,0.6421627852676376,0.3147901148830121,0.9791757944960733,0.6850372283560214,0.9630093262106492,0.4150160330624311,0.8316701007823744,0.9618249836253103,0.6382511310886383,0.6289519302044071,0.48857162592635023,0.2598121401714158,0.9821789556818145,0.9794118768682919,0.9834870152559199,0.9840567243249205,0.9812374480100929,0.9768594920088132,0.9773907158975035,0.9748290554523146,0.9860963172271636,0.6883727398455056,0.9838362537385995,0.9798256493188608,0.9836774218443931,0.9842759838172199,0.680908891841393,0.682124807743444,0.6442765847724382,0.9805709335970059,0.973643391190731,0.6875291115617599,0.9805822041699445,0.9856052801409667,0.9772664449605355,0.6778078236846699,0.9880157738515414,0.9850305076260957,0.9804865836358371,0.9804310538382676,0.9869343014644244,0.6855283635663935,0.6645550016123329,0.9826936442226565,0.6705555260289533,0.9751622471707089,0.5271501258008802,0.9824640331627257,0.6844166916633873,0.8856652872773598,0.6682036342094129,0.9813296932765339,0.9802328309402496,0.9876948764748754,0.9403309501449783,0.6663941275739945,0.9757501176909985,0.9758368300009466,0.6885002305820299,0.9821079665688932,0.25906415005279027,0.984136350975881,0.8372807299881814,0.965876445042751,0.6856876559034026,0.9425628894459873,0.4261182851693682,0.9618541200617619,0.5743768608613848,0.9543628722345225,0.5766093312107649,0.9555484415980815,0.1909836563501059,0.9987135548997959,0.9733963533082872,0.8345640798687493,0.6870078813974442,0.9775395934593607,0.8919860830079777,0.6232569745118968,0.6788371119167738,0.6546886724522963,0.7079167436337191,0.43935205280659695,0.8954492726894857,0.9864523752544959,0.5924537563508183,0.9856929366086855,0.9867730278293184,0.6555151066212518,0.6798481035423117,0.6725149889668718,0.9702889183380959,0.9341223456042399,0.6000128628164366,0.7295880198882346,0.6479235207329888,0.9854380730651493,0.9905365351915102,0.9756812011228454,0.99255873100104,0.5135574663497494,0.8897877282780734,0.8433482241817415,0.592347464707659,0.9840495200596462,0.944249360722384,0.779423132248239,0.48460655854990253,0.9935263699750319,0.9934245896331164,0.9876877536032383,0.6842244433904014,0.9774987054838212,0.9777344312474762,0.9624620136382753,0.6827848973089291,0.9849309843330114,0.9810401507740532,0.9806997510366567,0.9869152887814101,0.6701333637083478,0.7520543643132084,0.9740336883144541,0.10484681625460669,0.9796028197342663,0.9859575647153673,0.9797893189311975,0.1442643352314082,0.7236788761306334,0.9936271453813029,0.6793253424369033
UCSF-PDGM-0157,0.212960499059829,0.19414045508746003,-0.10427270596944578,0.16954948693036181,0.15843982819005822,0.22229106908426532,0.3266189640572829,0.24974535849327456,0.21171902294375378,0.6410980681918059,0.2220807726318491,0.20951645658859155,0.7273614115757278,0.20172710975092478,0.6737921532583455,0.6600166719765806,0.015935125334628,0.27008323238433973,0.15986368218785713,0.17379800429322656,0.1449663873407669,0.19295597611380072,0.27002186025546254,0.15256770161907482,0.21098153753380253,0.022446943442927407,0.22514904012550097,0.5619073269145692,0.24797591838416558,0.2688509211648854,0.17395908926573622,0.1641333325888058,0.18760872174571058,0.25486884935445003,0.1728776759799421,0.24356784892909086,0.7091968018379569,0.1288928330568311,0.5668776228003614,0.22154887709725402,0.17224641514515773,0.23410061984303462,0.2273282894060435,0.23170066282184468,0.5933655612897809,0.26979475002248554,0.18073940951544137,0.21751590212313884,0.7985480584870221,-0.004367073787759284,0.25382020532410376,0.15617130674089133,0.18181814656993278,0.2116783568298332,0.09452418660605443,0.6068881804941535,0.18458905184690363,0.2883643244905617,0.18180858186189636,0.05778678323535358,0.18409909074283637,1.0,0.22053840120140816,0.04290005098365772,0.16715643703504673,0.2141803613078321,0.2373528125301466,0.25268489925366494,0.7473258986341608,0.10423086775080044,0.6554501053148987,0.9158099630540023,0.22980686124487576,0.5657946657251414,0.20662110542412215,0.5955318099934883,0.25966813835769814,0.1960363543008695,0.6774033756567488,0.6349836646942417,-0.08210933764987098,0.35220892075788107,0.162993503388844,0.16283446309588417,0.15403428571847752,0.16306008476912193,0.162945827466413,0.16101006749969932,0.1626893850589607,0.16248164810689703,0.16103540193956087,0.15263958859735305,0.16691186389738222,0.16113396041840966,0.1605342985373136,0.1540256045042558,0.5651118852040043,0.15234941690030643,0.6582295193473245,0.15257242083436903,0.1623784290031225,0.5593247333021625,0.1539696008792743,0.15395745439075986,0.16436734759728058,0.5627462205366861,0.15227599176962878,0.1630727625373312,0.1539657710741436,0.15396350964937494,0.16301032827972192,0.5578755068095921,0.6026045820388672,0.15402887411323307,0.5952531387712869,0.16087213649951101,0.608085000750879,0.1540252383347539,0.1541495876611156,0.2570275890011027,0.1536115739678333,0.15956453875154017,0.16288724624140316,0.1516664032642323,0.2096907084471788,0.1648452810415306,0.16255894365078405,0.16256607944403204,0.5625849459551245,0.15672787335037486,0.8431531822114078,0.16143592118273864,0.30587591905053885,0.21553920945110017,0.15571106435616097,0.25516193101066015,0.296062111825038,0.22839758617757966,0.1844045642644486,0.21542121585850865,0.5647713198716924,0.1979928352167789,-0.17020550364863316,0.1808278294710088,0.2100388123951282,0.24332685526852743,0.5589534884461909,0.1538147468978409,0.25932770225182616,0.2248086439437149,0.5670827341330722,0.15544420115301077,0.3558919616475852,0.3234206104576731,0.2512812875419067,0.1540000637229565,0.6949818378983983,0.16952955966027353,0.17394863152784082,0.6291568644668128,0.5819828276849565,0.15849669680517386,0.1978258958021562,0.2735681076464498,0.36667611279931106,0.33123861105881397,0.1638518095217579,0.16760775218218354,0.15642366871275482,0.16647928182863359,0.1684666127775169,-0.04763092492529232,0.24815530354539322,0.25394229935109686,-0.01866176662203377,0.1963598477691562,0.17756006314318218,0.2898587641442395,0.8167675594902699,0.1898444805265076,0.19000670777904116,0.19047261209445537,0.5569071948926654,0.16269760787794138,0.16107723277049762,0.14518386779147668,0.554241671234963,0.15056700134699483,0.16293490102869262,0.15968985790216544,0.15128049985486813,0.5317917354378775,0.3160312577611466,0.16241284058769748,-0.24190955153128024,0.16284709582733548,0.15948802157292838,0.1491259405354911,0.7109022654482512,0.332551837390417,0.17655319268835232,0.16142867540246952
UCSF-PDGM-0159,0.48420204796934185,0.9306770821482323,0.29195844881708455,0.6061034466484216,0.6237452605431116,0.5365918612907117,0.7810376695822834,0.9299697303875649,0.9939399620639721,0.5932914563644835,0.9901721761867901,0.9480906368884978,0.34768737312828557,0.9903481489925463,0.6116432205092458,-0.16632004544418522,0.5304262649127672,0.8771686525651762,0.6042329449296907,0.6168080778913345,0.6581515853996767,0.9471329287183629,0.9391663403669783,0.6336499943238861,0.9150589651694003,0.5047720878273821,0.9588076954602188,0.6080539513144437,0.8978817696941103,0.9415372690195772,0.9461794685121226,0.23683913257085562,0.5791080895189278,0.9767255311089921,0.9733394583884103,0.8906320316092847,0.6043059743449133,-0.13369897430382227,0.6419976925315323,0.9289116038176466,0.6121064624903788,0.9885830159097387,0.5475674781146955,0.9571582691597094,0.6247640517812356,0.8812770432720614,0.6299099984963702,0.9909893389846098,0.5420304201661368,0.37526590138207705,0.9619654624486548,0.9562591112018819,0.9782322382245056,0.9805394339605812,0.45719206889753883,0.6063977108134482,0.9841082665511772,0.3281470074728062,0.9873477099141365,0.5366378436230639,0.9831365341128393,0.22053840120140816,1.0,0.47889477516447015,0.9738163617546285,0.9716765147655262,0.9732104426019653,0.9621683651326568,0.5591074772580278,0.935087577911736,0.5949066951933156,0.3480978228428972,0.9953472205598815,0.6193489343427231,0.953990730093777,0.36710285346837823,0.8677510348937175,0.9845889830355687,0.5907652861274828,0.5748097019328536,0.41527455067796765,0.27732121967379575,0.9396206414625566,0.9339749423870596,0.942584637343342,0.9438648992462602,0.9376353590308731,0.9293958665651237,0.9301399516177857,0.9255177833793723,0.9486891250803453,0.625321667964379,0.941338648118876,0.934566721662339,0.9681052431769759,0.9446514588093039,0.611564038808355,0.608192833205029,0.5827356246260769,0.9353793005744411,0.9234490217780499,0.6222076284721547,0.9359328729818305,0.9486641960164434,0.9292801959562835,0.6038562764929047,0.9568805221642256,0.9462841892026991,0.9357307632308713,0.9356137619013023,0.951885325890113,0.6163114881802567,0.5955879081040655,0.9406464301954605,0.6035865024856091,0.926366421865779,0.5047113563652981,0.9401060006457256,0.6206906776753691,0.9231447037256891,0.6004813870073583,0.9811577493768983,0.9355940197391843,0.9621138182825625,0.9739840385749337,0.5925528440894859,0.9271537184143773,0.9273091411695198,0.6345231593423231,0.9377716155802871,0.28048019927529716,0.9440355837548869,0.8864621306078538,0.9913112485373035,0.636479283765102,0.9372725686498133,0.4212915529991886,0.9569972369578171,0.5091910901715256,0.9371336503690283,0.5016097270652856,0.932554738366169,0.1528193865943486,0.9866500612270944,0.9477944274667707,0.8498940501210898,0.6205272409249795,0.929828771709599,0.9299296318330519,0.5916565069353603,0.6066197577298373,0.5998352011101247,0.7943233528995608,0.4370038413045137,0.9089470411274599,0.9473090646432086,0.5407337453881428,0.944259030082099,0.9464286673692095,0.598812783811292,0.613403884359697,0.6145464891256022,0.9424900066047975,0.9598473406255735,0.6612246577640641,0.7819298922739445,0.5906633922448256,0.9434493066288593,0.9585455235221462,0.9743912995323997,0.966498881944937,0.4502209196539192,0.9088591629400744,0.8623688371529,0.5254007448262001,0.9528686659133305,0.9142761577538282,0.8192158631405176,0.4802676309787173,0.9648276522959071,0.9642559398647549,0.9849828844938854,0.6130144178532317,0.9303401442709519,0.9309968545904445,0.9633468378893932,0.6459270820027743,0.9661024471712385,0.9372286817529053,0.9687559469834873,0.963989156405868,0.6055908882366166,0.8076014365016524,0.9241256823849046,0.06995128576036262,0.9343479608035916,0.968193711938477,0.9675426607849921,0.11131446572487848,0.7827417620932651,0.9612266879101226,0.6128462157876768
UCSF-PDGM-0160,0.9276728052651391,0.5557439503748268,0.9483493136159357,0.9587584175373874,0.9446302130881951,0.9143369825797331,0.09729962730717368,0.4726699326880907,0.49385204351885437,0.5572818536104854,0.47857415778200246,0.5144250506929104,0.22041337733500235,0.5221461501813995,0.5364323432225878,-0.2975543768105465,0.9775214868032638,0.3010598171254482,0.96459598418653,0.9450288519497262,0.16940778449868446,0.5561241811040355,0.2833689455332565,0.9414488630898089,0.435602708547507,0.9794583791394642,0.4748140373436657,0.6208174476317883,0.2319596017283684,0.2714078590670975,0.5894661999306353,0.7136033850860819,0.9151635458467816,0.41633173488628783,0.5837977029898201,0.40402207192208783,0.49935228999111636,0.20870379097255504,0.5994792625653174,0.494769580794926,0.9341944483948856,0.47972351172376415,0.9250325059076135,0.4799945889767676,0.5971228260699384,0.37443377435242425,0.8988009935809029,0.4506642757634955,0.3909223726852624,0.9480048829549573,0.429413685241633,0.6159768364793263,0.5699108261616714,0.48289158399160015,0.9577728790741695,0.5417325032980296,0.5627575087382511,0.7332336456829822,0.5506827719066513,0.9827471471843737,0.5564860073962015,0.04290005098365772,0.47889477516447015,1.0,0.5954721264002154,0.5174067599505368,0.46673756683025447,0.4672214260111722,0.39579545645150244,0.41989845149326216,0.5358005323526255,0.11540024293824909,0.47181890802765597,0.6191195699824995,0.5206194473485166,0.389840941809024,0.24977253581799377,0.49971436800094526,0.5126024314410458,0.5315117336752155,0.9517114478167585,0.5705579965749258,0.6029114086500069,0.6036889124231558,0.6245068993239187,0.6020427222293933,0.6032290658452991,0.6026070161073585,0.6040183403232937,0.6042390201957575,0.598924869686079,0.944293179301798,0.5986781615938451,0.602187365468691,0.5814933729138186,0.623928171790052,0.6255408719448771,0.9444579117746487,0.5489162035822228,0.6247128982789537,0.6042828557220242,0.6228897098892586,0.6258486001722235,0.6225161230876862,0.6016617216252974,0.6266458361239818,0.6175917180247196,0.6014119857561955,0.6258788829313391,0.6258961642242308,0.5994593689490434,0.6243612030819959,0.581594711466955,0.6249734038868285,0.5802413218064304,0.6027283623182141,0.41284528018944716,0.6250915192634113,0.9496601675157363,0.3745781297135005,0.9556065708372726,0.5676615785648083,0.6035044176405998,0.6128231776478801,0.4624007166841266,0.9411923666703087,0.6041811404221922,0.604174527402746,0.6135459092287355,0.6218617496948651,0.03575634733144325,0.6007231265114079,0.2128682910052596,0.46841050985887267,0.9318158292403222,0.46327359497984,0.8066039524187831,0.49004962619283,0.9629598689283422,0.48181146734930147,0.54094393641652,0.49106072197427086,0.7369521682424226,0.5562957023693794,0.5290949113305281,0.34751580023381873,0.6233890874936936,0.6265428412087863,0.3631762125724763,0.8961327608974826,0.6192941147240861,0.9467962039260731,0.0837802990986861,0.7625586239232717,0.47279562638933864,0.6195464104149655,0.4702757629655352,0.595643576592709,0.5896388442945122,0.5690684434895913,0.607192143717907,0.9594998020948531,0.5177138688582095,0.3925157245126907,0.05246250433588816,0.14582179397427747,0.9709051317760086,0.5901063662552853,0.6133844069533647,0.5750486145064776,0.5888808206652473,0.9671327668208176,0.4408578856048141,0.3917776662848425,0.9552658741535165,0.5617891818813479,0.5766675016664873,0.30646206700524753,0.29250923417176455,0.5632798376397966,0.5653528532518677,0.5173934407324089,0.6248816633415212,0.604004627632178,0.6025120106897839,0.5758995859168629,0.5960731874680614,0.6056036524177546,0.6032879133177786,0.5767758796247219,0.6101686306365752,0.6131115685335923,0.23177895524225112,0.604272005322572,-0.03235407733594752,0.603648938821809,0.583325876820516,0.5971001573088364,0.18886539801916938,0.11056679336234394,0.5842844320384315,0.9307740446003813
UCSF-PDGM-0162,0.5504509978364192,0.9601440866826244,0.41564012787691523,0.6867154740041977,0.7064124818443734,0.5992341451434624,0.6698956022966468,0.9172712912976095,0.9731682586743987,0.6620703517427502,0.9695248669056497,0.9582561877164614,0.3546539944199864,0.9846976696867112,0.6630984403459299,-0.2262549660000592,0.6367571719704079,0.8104880716999985,0.6931754392423085,0.6875554980557992,0.6009962573173322,0.9734100194589318,0.8531013875273098,0.7115692056470646,0.8970116236362019,0.6053985014890015,0.9516376832110611,0.7006390607600612,0.7888888551811863,0.8450059899274813,0.9844977281158646,0.23907710577210245,0.6470263080678105,0.9358018199231343,0.9972673048727146,0.8729770669581997,0.6418492559706462,-0.1924159492380549,0.7083438011418807,0.9357523969369909,0.6827597844348702,0.9651054040452042,0.6008224131138596,0.9507316070186406,0.6995082230935795,0.849451214677978,0.6778454677639184,0.9511457368198082,0.5508869540616059,0.4623838140234671,0.9343494977704152,0.9964277934006296,0.9963375524100546,0.9537641546431176,0.5313680223578213,0.6592275657633196,0.9958547431912569,0.34677885610622783,0.98829913895767,0.6355162318744518,0.9948321998109838,0.16715643703504673,0.9738163617546285,0.5954721264002154,1.0,0.9732847203752689,0.9498163250977694,0.9458655730928507,0.557797642006297,0.9105526897201768,0.649934082013283,0.2973152437855076,0.9689150534963596,0.7058628345777,0.9594739088231387,0.4280677350956973,0.787280039851326,0.9614972147372122,0.6392181440686173,0.6347105915911194,0.5210050134979453,0.23203328649658647,0.9835312109589639,0.9804057340280335,0.9914015367024129,0.9857010346582153,0.9824601516397721,0.9764655432999185,0.9781569402949439,0.9753349626117993,0.9879517487442064,0.7106908989966908,0.9837390118659746,0.9807491068822186,0.9882306507023833,0.99235258727582,0.7037983638335512,0.7028490473371266,0.6531086584042041,0.9867377588244649,0.9740371603149611,0.709534718431898,0.988013783149203,0.9940179954662071,0.9771055636018874,0.6999939995968978,0.9959388215739855,0.986852086034616,0.9879042675826203,0.9878407124791921,0.989205483571627,0.7069736216874152,0.6792717992522795,0.9904618314870446,0.6841422850726062,0.9746018356916594,0.5327166557351136,0.9901923066485441,0.7074721462404172,0.8754731520663392,0.6896817905830829,0.9870385454067311,0.9813264066541205,0.9962735033963948,0.9375845326446782,0.6829516347099901,0.9763465494442838,0.9764419507755471,0.7117055351076357,0.9883117586771981,0.2174582229889106,0.9846511879430125,0.7935762590927673,0.9571245862458629,0.7075046163685482,0.9308355674093961,0.42810919520099844,0.9490127815041135,0.5993582218542046,0.935429243036301,0.5904014400725174,0.9358463044815617,0.20504841464685977,0.9952987561996861,0.9637109404658332,0.8151463891764086,0.7088499729898854,0.9845678865570555,0.8723518125134271,0.6324963791315249,0.698124172259921,0.6750275908143323,0.6695788372817177,0.43371837711737116,0.9039595885909915,0.9925087634216888,0.5875005446126389,0.9845220518239325,0.9839386560494304,0.6662512489885872,0.6973642561022348,0.6986345777532483,0.9542101232135548,0.9158350792747607,0.5637541892898417,0.6865326777138832,0.6772221401879615,0.9822770019911464,0.996724416344508,0.9863638374421475,0.9928889758887312,0.5563438992694922,0.8908459512109186,0.8382616033917668,0.6268276972037065,0.9777398433059473,0.9547277083179143,0.7718699999784725,0.4646431747615045,0.9872524945074101,0.988007602174073,0.977977154304153,0.7053707862783867,0.978276535330845,0.9774309375389159,0.9738857336439817,0.7080417145911494,0.9942787171430669,0.9822368116751002,0.9856626942682274,0.9957999209119396,0.6953209437353349,0.7358391104802764,0.9744638584640946,0.10491720479808651,0.9806194494346929,0.9891213000065481,0.9898579373379879,0.13980929238775427,0.671150736338798,0.9909682724597709,0.6953313291337728
UCSF-PDGM-0164,0.51325832199814,0.9585618010835023,0.32121826820327337,0.626645024001562,0.6544874338553384,0.577252320692724,0.7801593960046919,0.9401206482931685,0.9822257660938248,0.6409394544112441,0.9908770359351281,0.9837889226308258,0.3829285195003688,0.9924326349993072,0.6371810505664101,-0.17244972183291968,0.5577680139145905,0.8300432641353951,0.6317594702425879,0.6330194344709664,0.6306392703958481,0.9911559570137344,0.9132516011807702,0.6504500997944449,0.9315077354325486,0.5285944544014051,0.9897698229457205,0.6590066620926863,0.8100159784431165,0.8759464421007629,0.9781796245208723,0.2597295316034149,0.6233386968364272,0.9752274801653322,0.982707901737243,0.9210171294001896,0.6183584781396896,-0.12792124415285788,0.6427492563615528,0.9519004529926682,0.6355576395867207,0.9817215397716185,0.5509310503437189,0.9848857588240657,0.6562774669608921,0.9319090352803232,0.6352719256222592,0.9483205461977946,0.5706146208047944,0.40827699388428745,0.9875391737183777,0.9643715941560662,0.9810402640864071,0.9560696640222887,0.46373987488270024,0.6081466135472273,0.9860686254296114,0.3337447723389469,0.9756997572562933,0.5477128261862819,0.985468614252098,0.2141803613078321,0.9716765147655262,0.5174067599505368,0.9732847203752689,1.0,0.9859285518805698,0.9519775731935134,0.5297425367214476,0.912517408098994,0.6241627022168428,0.370652984766002,0.9651602672227987,0.6577419943113944,0.9596158791499344,0.3788862080646777,0.8821330094827153,0.9508762018368274,0.6276143542490022,0.6108465843046039,0.4411858671762057,0.2906961552129865,0.9656601599254265,0.9650388706516605,0.963417058321723,0.9657926145556586,0.965493790701804,0.9678633360214616,0.9643828706119656,0.9633845561135351,0.9658964167662774,0.6576083164713885,0.9711484722025753,0.9654209550033167,0.948195081117566,0.963272063309639,0.6506854279067633,0.659719951797038,0.6357631808915674,0.9674402584359917,0.9628730536455387,0.6584587061844142,0.9632801313925857,0.9626562948720078,0.9668604355112331,0.6511978866583938,0.9647062650711499,0.9657084865793238,0.9632638218643864,0.963254091273692,0.9649340138199975,0.6594249049050063,0.6491653677515541,0.9634647168462741,0.6578452408773398,0.9671716371208622,0.48579484410181234,0.9634641460389265,0.6532123247155694,0.8525364781367878,0.6390352184384293,0.9492823819900256,0.9652623504890216,0.9605122755192205,0.9382150054913176,0.6436819266128994,0.9637617069463262,0.9637962265112525,0.6513640039508353,0.9674657479252614,0.33572858909493875,0.9696735931025608,0.8773382545140548,0.9639189673870778,0.6466153788261927,0.9759705247760226,0.4065088963700527,0.9915737074185315,0.5503207975887369,0.9805558121915832,0.5643006457722618,0.9763798686595312,0.13233854510772983,0.9826410272378607,0.9787821767222217,0.8438549565068657,0.6588122506464652,0.9625321986164248,0.9324830873499094,0.6085599579396561,0.6580062787253314,0.6161834779446599,0.7622070484171657,0.44994905313859385,0.8966755491542804,0.970491507103231,0.5989150966277176,0.9752490378632204,0.9805769140238566,0.639434634462661,0.6554714795014004,0.634377650648806,0.9854311793234882,0.9653788404794739,0.662777216561285,0.8122730468162248,0.6060995418509232,0.9782272738061276,0.9715664653977168,0.937084813836066,0.976338395605143,0.4493515193303044,0.872254239703844,0.8179836465005389,0.5501129809671349,0.9925746710581177,0.9097125795191368,0.824888831841831,0.5153072145742473,0.9922961136048415,0.9913105974945295,0.9700294577568842,0.6596697077009912,0.9644212170527462,0.9681924158191314,0.9179061052560367,0.6341516753951814,0.9531480269829294,0.9654523829620104,0.9428176088616868,0.9579099209227689,0.6343756591878709,0.8126913545721127,0.9630444647480423,0.06911433639010392,0.9650933394214725,0.9557858056892992,0.9436339944020776,0.13285962598295767,0.8068437466734586,0.9839454198132974,0.6527702780488855
UCSF-PDGM-0166,0.4844978738185923,0.9390840303395828,0.26326061617217345,0.5830833753942202,0.6087068783555866,0.561222257410827,0.8341178467765336,0.9670910534882985,0.9883724624694593,0.5899093451259374,0.9846127179484788,0.9661784826597891,0.3759077626848739,0.9837713169603121,0.6093455542575658,-0.13781149656425326,0.5072971287457014,0.8720521528376026,0.5843561634025588,0.5986405677377833,0.7045942471362521,0.9607256283082738,0.9322822879330873,0.6071565863576981,0.9483517334021297,0.47874279143769,0.9690095068223581,0.6033420755516651,0.8417190758293582,0.9064000916175807,0.9350750661842214,0.24995336256079895,0.5937143105811663,0.9941023777982043,0.954382156296997,0.9298422621284055,0.5945000968557516,-0.08603673947910467,0.6060781751184021,0.9399021709235891,0.5864749003176819,0.9946465524082045,0.5449389433500575,0.9827334329671276,0.6128027489950498,0.9609589433687923,0.6021609205211825,0.955251008768629,0.5699590928685615,0.3595947943686328,0.9822725214549816,0.9289477517626514,0.9532026371967423,0.9816541654261013,0.4141480924754454,0.5651155428203418,0.9676050987570075,0.3678873269247998,0.9745556012423163,0.50550332736817,0.9619045264405436,0.2373528125301466,0.9732104426019653,0.46673756683025447,0.9498163250977694,0.9859285518805698,1.0,0.960933714516124,0.5098701373518812,0.885480338620152,0.5782115161396503,0.4042042859505677,0.9652738854833159,0.6063943531579373,0.9587476560314213,0.32157451600914644,0.9186201406173686,0.9708603380585071,0.5854066017786608,0.5534845246755883,0.38316258393886554,0.30342352257455985,0.9172049997972468,0.9148303814372278,0.9222184915836507,0.9187875957141312,0.9164015196921829,0.9172688436892844,0.9130757163658573,0.9108351704930578,0.9207622758128822,0.6084295232284274,0.9243869515592062,0.915457956723464,0.9167151488574368,0.9228672312101991,0.5969277236367944,0.6037607069896246,0.5908548490341111,0.9243086116517358,0.9097932029302237,0.6078588240370129,0.9197634136612648,0.9239234015472554,0.9160245503819717,0.5945794167409053,0.9303314679073966,0.9195930625459716,0.9196814263236676,0.9196337880298814,0.9211069392479458,0.6063943818192015,0.6030115279482332,0.9215563931099221,0.6135161493390592,0.9157733399340886,0.4428267872558918,0.9213633486010339,0.6039355232126755,0.8523435999704077,0.5849928339824721,0.9404394898845606,0.9155388034984375,0.9296462807544481,0.9713289564431595,0.5823791742160344,0.9116425893781471,0.9117185044264566,0.6079730273211755,0.9255049200896325,0.3619786634767624,0.9235661277429145,0.8901829000928737,0.9817231742216893,0.6044152986169299,0.9796063641814257,0.3929103822186094,0.9940287534332378,0.5028855725360414,0.9736569581073907,0.501648383687881,0.9640268182041704,0.07617636858287156,0.9636020610175232,0.9576002879929112,0.8674740738127588,0.60748806750984,0.9171318859703972,0.9774629882660298,0.5910192196498407,0.6025164380763544,0.5657872300457031,0.809949226697738,0.43823284067768015,0.9138215718614314,0.9319071733684489,0.5537270511995545,0.9304685293759349,0.9387392715561567,0.5908977616458958,0.6025239096350359,0.5894971644626649,0.9650811030758824,0.9782924524340821,0.7111002721154916,0.8673063968454999,0.5625999943719646,0.9336271727477516,0.9383440936163117,0.9251790606003504,0.9423703747200218,0.40084939997360974,0.8826155568073295,0.808491207286708,0.5035152972037789,0.9643949578948979,0.8789699328366664,0.8845742661185357,0.5095892695949815,0.9628842625452323,0.9608060631187656,0.9470955132073529,0.6053993257611779,0.9131697960751464,0.918037056619314,0.9041130948955143,0.6015767685990059,0.9265832602681049,0.9162324939379078,0.9136900722562918,0.9287304843793336,0.5853051141007509,0.8465053062634434,0.9101365006757106,-0.008705367470594196,0.9149953992983195,0.9237194843293663,0.9212982563404843,0.08871809270070083,0.8502731390856333,0.9479721483417034,0.5954508922100753
UCSF-PDGM-0167,0.5088045035751225,0.9678293479384492,0.2762258856614852,0.5646482145349175,0.5676048709186523,0.5501994293930894,0.8277811860473798,0.9459431126138805,0.9576622862987298,0.5346039918393688,0.9486176697318965,0.9613770942413346,0.3475804120765755,0.9546679995401492,0.547060703709852,-0.20078442212775702,0.47184156554069945,0.9397575182781474,0.5654189822297758,0.5712661089683572,0.6644015091571183,0.9426398366461761,0.8770507771773743,0.5675487228709337,0.9406780824150333,0.45058347471701143,0.9400434767983037,0.5583384251443934,0.7959407632733767,0.8755098710018047,0.9258644868653982,0.2106492145029172,0.5596278054322974,0.9606173090188964,0.9385266594671657,0.9508569886588322,0.5339635791700437,-0.12353279880334077,0.564229750206741,0.974944650938027,0.5447508276972631,0.9723206683680213,0.5502063492374948,0.9729322819501918,0.5635668315521034,0.9206288191071257,0.5496850099655551,0.9245644343800294,0.486544681523461,0.3474911860188676,0.9474599653200972,0.9279904682202251,0.9443627712803554,0.9541521964749321,0.4114640213300097,0.5064257332783062,0.9463351051112584,0.4255091964496442,0.9536588003795383,0.49729922910367497,0.9507673357334102,0.25268489925366494,0.9621683651326568,0.4672214260111722,0.9458655730928507,0.9519775731935134,0.960933714516124,1.0,0.4565310797052599,0.8350134809110717,0.5128347549522991,0.325896336013699,0.9765985172398255,0.5619178620651739,0.9828240357630206,0.2613261813669774,0.857804327459783,0.947244125548813,0.5162580034500692,0.4866696175110173,0.339704053854817,0.2979894378025935,0.9118743531370054,0.909105554962106,0.9211987952083294,0.9137808080404509,0.9109279752373952,0.9002317287823437,0.9071023807948296,0.904579399940129,0.9158718132361052,0.5660654133489461,0.9172807167506627,0.9095237752413221,0.9150679367703457,0.9220260547573861,0.5643538412944575,0.5602679439636074,0.5383567590190576,0.911825814067299,0.903416343075416,0.565236462954742,0.9182175044030325,0.9234555857621213,0.908953482148172,0.5614970213312231,0.9197102233379125,0.9147840113389357,0.918120501179404,0.9180641933299939,0.9168033767735176,0.5633562903644644,0.5628434354919231,0.9203763569694199,0.5627267127291474,0.8985741694448287,0.3644336137444161,0.9201397146976165,0.5662110579888,0.9311398165500788,0.5507913013563693,0.9279805956004099,0.9099232930265769,0.9197817092602985,0.9432534385419795,0.5439009471447769,0.9054848225491487,0.905570156404287,0.5667816369505937,0.9226639884338194,0.24966502426042628,0.9074475088997163,0.8383408978138135,0.9501229461840979,0.5614654808978636,0.9696059460371376,0.41831337684526537,0.954031083338171,0.5141917668940148,0.9458481427930855,0.4279502927750485,0.9308482953626958,0.04157027100063549,0.9462200995305985,0.9696436307247248,0.930911648718427,0.5647383316206411,0.9151529141836195,0.929838169783889,0.5501824622705062,0.5560780074240282,0.5336684815893098,0.7876501374899225,0.40909548519981476,0.976416679667738,0.9194144283653685,0.4682908537488193,0.9219525625781012,0.928021461947668,0.5297373851956049,0.5562194125994195,0.5669909423756817,0.9424530648983722,0.9318468130450447,0.7891375176380537,0.8332406941204581,0.5608610430187196,0.9143035685242826,0.9258207396130694,0.9384840024051607,0.9239968031638693,0.3951088086372694,0.9738045542761918,0.9167992078205234,0.4462990253803946,0.946747372518074,0.9514517457008299,0.9174032061008207,0.40447546019206104,0.9485084440849818,0.9472778257381111,0.9211273591000086,0.5621623715279896,0.9072090956060438,0.901088805532708,0.8980074238764053,0.5629495172076228,0.9176539706266048,0.9107302802501906,0.9125365656248104,0.9192316562082854,0.5396689120132724,0.7885834841114623,0.9037989094829382,0.08145312279492704,0.9092955128176149,0.9106072615763643,0.9132964461040588,0.18614662421217784,0.7834240938096592,0.9372745993603396,0.5477036977847222
UCSF-PDGM-0172,0.4151285883141188,0.45465979322402766,0.23864809143298196,0.5371569766018547,0.5508045860438208,0.43185868740881483,0.28442800184826805,0.4615005820536042,0.5546988294339738,0.9182628856414359,0.5555966627244915,0.47993634810536917,0.7326798067139266,0.5575211751566835,0.9361385068243655,0.4585441234929327,0.4527610938173473,0.3590602282241335,0.5332004801534259,0.539608627195373,0.2576251886164817,0.5081178755616865,0.5183876564709721,0.5677958859496973,0.42674341410807093,0.4411185338653924,0.5116571817014719,0.8710099623328522,0.5502436619253651,0.5258457549616258,0.5371166026879215,0.2200153621537069,0.4821970815546304,0.5044538066468863,0.562805128826273,0.3778937275056023,0.9569666947802539,-0.13875338276035576,0.9244382420099319,0.43584119192911314,0.5648367921985007,0.5280742753083458,0.4588621397981599,0.47315307723017686,0.9087589788801339,0.3873848906375869,0.5787937697520595,0.5844347181342662,0.9270414496919016,0.3213706622151356,0.5079243111071566,0.5558219166514798,0.5643800733491051,0.5320743707963986,0.4251673149179687,0.9603860632394713,0.5654271091510792,0.22026468345729558,0.5579953666102563,0.4587858624582198,0.5602897806752947,0.7473258986341608,0.5591074772580278,0.39579545645150244,0.557797642006297,0.5297425367214476,0.5098701373518812,0.4565310797052599,1.0,0.5424030314539484,0.9495989769637879,0.7895621370533712,0.5395666746767613,0.8894900889200922,0.46472399725818897,0.881694689976564,0.41331612488647784,0.5516267468749267,0.9477727713529498,0.9412083993455154,0.3660143681496793,0.2683076854229688,0.5477544110675238,0.5417086328898566,0.5428535150595216,0.5524773441099591,0.5456007396783604,0.5424469753112348,0.5377262782044517,0.5330369094801153,0.5564069762124693,0.5548456643632969,0.5424137962444633,0.540963015360764,0.5892101640379099,0.5452561493674478,0.8767895359474915,0.5322888704109064,0.8970130952037418,0.54000200656405,0.530972461845388,0.8861912013938844,0.5354451134984338,0.550100370717374,0.5330285882092115,0.8650508650202711,0.5657206786273146,0.5552543588533264,0.5352265380407017,0.5351001599141715,0.5619919185717567,0.8771872891995682,0.8567097234463965,0.5406478178855929,0.861715553838457,0.5393795484787771,0.9595145461914759,0.5400402469144773,0.5496943816843259,0.46837620603994007,0.5363140128525608,0.5856265390845239,0.5434183565170134,0.573860586427343,0.5307904254093095,0.5334041353299119,0.5346839668065244,0.5348411437194551,0.9078063034853426,0.5315032645924062,0.7095820369796914,0.558078543059858,0.4667104106565656,0.5555310784350644,0.5796074191887305,0.4429156499810335,0.4063169024534789,0.49573271015042825,0.4568611545609461,0.4693850605293673,0.8774997972810067,0.4784903472081715,0.192623899660384,0.569565407199488,0.47644169350183013,0.33340780568909617,0.8836185282264667,0.528980845293904,0.453747236310409,0.5209134252662705,0.8753976039497732,0.5555354767422888,0.35469571376487513,0.42863836583470205,0.3954040740255233,0.5491625096095788,0.9266404000389197,0.5407989284895175,0.5349157748386226,0.9299021589082597,0.895339749116812,0.5459586565506329,0.49040093884183883,0.507435571393644,0.1512519188003786,0.2955027674875616,0.5220012883828101,0.5444868027088156,0.5590084343010473,0.5681188556026435,0.5732274372971341,0.3841721106186054,0.40279145038763897,0.38790078249077137,0.45150921485091156,0.516016087023521,0.46216307684453,0.2834647832881744,0.9185410031622858,0.5334404317037262,0.5346782992143495,0.592967053436896,0.8721772388714344,0.5379319824071715,0.544087271522968,0.5979536191490885,0.9241307647437302,0.5822852126246973,0.5451634646115741,0.5928041870642989,0.5773633170369904,0.8818208922765429,0.39392917781565806,0.5316455281043814,-0.20440485821980844,0.5421009501030052,0.5927747869787952,0.5889796749021337,0.5480098805880191,0.35440876176721825,0.5473480774901619,0.5574184893027248
UCSF-PDGM-0178,0.3603886061057005,0.8152190594851467,0.2954152921831987,0.5300521731612745,0.5605197020684328,0.3867045055205441,0.6453094654861626,0.81288421817498,0.9223988210247934,0.5495709561800305,0.9427219111964378,0.8589638038710301,0.21646790830143656,0.9315345283445482,0.5463310691397847,-0.145802433784378,0.5002300968807212,0.7113919954819822,0.5325534291796618,0.5282884884810614,0.5362472938025108,0.8864578983616344,0.915072026393393,0.5765125205476759,0.7726966250007852,0.4812778795995144,0.9121709362918478,0.5541550001166694,0.8990020265539374,0.910179198355959,0.9053869804390676,0.1956646578765123,0.46220357408752577,0.8841258015510345,0.9252437275337839,0.745325026345284,0.5396284511964792,-0.17475658377899636,0.5877378121363318,0.813692047751564,0.5703227360279105,0.9009975609555768,0.4038726793297321,0.8530767167239345,0.5641136480355117,0.7546056130445604,0.5726359164731435,0.952308528974869,0.45960382782809805,0.34833761982993283,0.9077358157598501,0.9056199356113313,0.9308552358489194,0.8780784079971604,0.4305240024869492,0.598080981390535,0.9306555062649364,0.09931162576239681,0.9102654788103806,0.4763356794829049,0.9287070174375912,0.10423086775080044,0.935087577911736,0.41989845149326216,0.9105526897201768,0.912517408098994,0.885480338620152,0.8350134809110717,0.5424030314539484,1.0,0.575645979560828,0.24552477058903643,0.9197680224695645,0.566470679272586,0.8266435578830169,0.44499100873528674,0.7745508424613036,0.8937593856575036,0.557211533448237,0.5852890114529545,0.4417117221887873,0.15469062649047743,0.9094367468914955,0.9037470764408787,0.8927590259045627,0.9137286141617761,0.9074337359827397,0.9045746097260705,0.8998923931045884,0.8952555220148933,0.9182030041654267,0.5692108682959048,0.907303906536866,0.9040341788747916,0.9390391410892681,0.8948399741078309,0.549690941562176,0.5521475373290339,0.5135862994569924,0.8911116775888889,0.8931829930532184,0.5660746285859694,0.8860947840704568,0.8988984069199532,0.8969945241984125,0.5420781105322933,0.9128783240697124,0.9161819849630826,0.8858929591901697,0.8857761385673922,0.9218872383952101,0.5601835372944125,0.5040919448970079,0.8908123977590268,0.5184763107630902,0.9015267396313636,0.5666070425791805,0.890270377652223,0.5613349941176984,0.8532546827851198,0.5487543066870697,0.9235335417708024,0.9053767934406488,0.9183575085176724,0.8697985440285408,0.549219561183163,0.8968956250818929,0.8970515008777604,0.5781412631862148,0.8843504723425422,0.2148306401445731,0.9193651636951233,0.8768089182124053,0.9160848631494126,0.5876424481552937,0.8238506954680636,0.318288863506863,0.8768625636587773,0.4342388029878094,0.8468057053568953,0.5278205252440218,0.8474004380934401,0.2754400674444291,0.9322819658115785,0.8571094696735053,0.6773640803823436,0.564389963656109,0.8800132424337772,0.8125087930674593,0.48784681623702014,0.5560761210972341,0.5628383356202157,0.7435771717250902,0.3626990710927196,0.7533233137925284,0.9005620933167482,0.528193261784401,0.9080959514594941,0.9056213086306718,0.5718064674518469,0.5634768502110531,0.5458980566017299,0.8671132934387233,0.9000562597496337,0.5051705635518138,0.6546714312514577,0.5100659639895502,0.9102934861463434,0.9096048746981554,0.906482898218658,0.9374920269166374,0.4328175055748153,0.7685938760992053,0.7753999814699186,0.5160900938065408,0.8954679318860335,0.8036369862256885,0.6108941970527713,0.4464842880940851,0.9087190989304901,0.9090164363693503,0.9685300657593889,0.5569108956827238,0.9000934353251765,0.9061868057254611,0.9217866584794782,0.591266844997353,0.9227476693797091,0.9070237457972965,0.9399319091347578,0.9203774461598089,0.5582944843564177,0.7657488346741658,0.8938607073079549,0.2350432352691607,0.9041224164523972,0.9444527296439235,0.9246850528237796,0.06663377866259403,0.7306902685325108,0.9184188567183116,0.5759723404070809
UCSF-PDGM-0179,0.5032298173418297,0.5712560678181554,0.36752661664207287,0.6397428361106724,0.6653433899044874,0.5370769321085213,0.2727736085119732,0.5377325916957173,0.6055451861274566,0.9891781433328959,0.6158302470686963,0.5864818609339117,0.7345353523749826,0.6289936694182908,0.9838907930555923,0.3427646392177771,0.5807330868855121,0.34635492974010773,0.6475208469307395,0.6342204786387404,0.25514423519360807,0.631264376619753,0.5104939840468288,0.6683871899038037,0.5027033246428042,0.5575044066586929,0.6046473041458038,0.9723328436065942,0.46859029550355685,0.4810451621803531,0.6574425589213106,0.25618098663631106,0.5953002732371735,0.5518493905002558,0.6593057536015491,0.4603732445657174,0.9824590264780809,-0.15484369426775152,0.9695930567073869,0.529760597838649,0.6594257481733694,0.5816731241517734,0.5292462835797244,0.5640413391607481,0.9813010596747012,0.47608785232141954,0.6448259986274303,0.5974098815208767,0.9405650000477123,0.4216635936623524,0.5746285459264018,0.6622772224900428,0.6504037590656633,0.5728720948019107,0.5061359005200867,0.9860224310511488,0.6499115241402766,0.258368597278403,0.6263100791020987,0.568351461338561,0.6421627852676376,0.6554501053148987,0.5949066951933156,0.5358005323526255,0.649934082013283,0.6241627022168428,0.5782115161396503,0.5128347549522991,0.9495989769637879,0.575645979560828,1.0,0.7461773514172277,0.5699503214961832,0.9769549531663134,0.5505231192607593,0.9051396430006647,0.43357629246769547,0.5868885153242536,0.9938622090528415,0.9943296237521411,0.48438640064839855,0.2501759861395226,0.6660679658582385,0.6653421031190089,0.6644689470107756,0.6664020502838921,0.6658456685831943,0.6719422855755817,0.6647010854314692,0.6637971726929026,0.665162435307068,0.672350739329503,0.6630261280124937,0.664302701004162,0.6567036764641464,0.6644988311571682,0.9689691643039589,0.6703615855808895,0.9791354061521113,0.6715721215251782,0.6633517017360017,0.9738523736037447,0.6639912124142023,0.6643455438129926,0.6625685444366557,0.96613257606847,0.6711524615521302,0.6664915395563655,0.6639690165246557,0.6639559846259953,0.6663321432605486,0.9723283347777585,0.9533254220508502,0.6643850937173801,0.9577733615972538,0.6713167264350702,0.944024610350868,0.6643529515093111,0.6679416663789431,0.4502534612593299,0.6577479219513752,0.6393787461921071,0.6655789164926817,0.6688097602818377,0.555585539403638,0.6626723243059227,0.66413215645297,0.6641631521879234,0.9734068737609567,0.6612135232453419,0.6760049819398514,0.6739918599693104,0.46535033842021506,0.5848588142351547,0.6686894566803622,0.5423446412268178,0.4156439047375495,0.5901737325089259,0.5712189215734091,0.5736322110149956,0.965669994371499,0.5862024226763867,0.22313286702048502,0.6457751903773288,0.5831684279417275,0.3729249509341794,0.9735016139109933,0.6631594285247631,0.48951065800152693,0.5895089013442703,0.9751906132562969,0.6482085293313857,0.3160598226008811,0.45291866588988594,0.4614733613100392,0.6704754295189118,0.9829068015445892,0.6610118322517563,0.6563278153028521,0.9957264392734931,0.9809951046134031,0.6517161925497555,0.6027454270920151,0.5581078399411943,0.13824301545256296,0.3103431011031958,0.6244796669144099,0.6668591465776709,0.6684067160930449,0.622034276292226,0.66869528730767,0.4871290076685225,0.43501360014937235,0.4076606632362505,0.5749404091014089,0.6348115249955844,0.5585716893853818,0.33006288325305455,0.9102463992073445,0.6415153495728054,0.6433044684309317,0.6464723246146573,0.971160177331579,0.6647371416602735,0.672249713371102,0.6418311796822788,0.9581506496541019,0.6643778052895555,0.6657954981085642,0.6533415306372614,0.6672721309314062,0.96511590975786,0.42904365405487527,0.6635000052780935,-0.130594745483705,0.6653985477416985,0.6666542386397573,0.6584247583520882,0.5256106026479604,0.34580606701008915,0.6555246263575827,0.6739494266109667
UCSF-PDGM-0183,0.22946019126591727,0.2897327270003057,-0.07618848507999403,0.27228791745207126,0.29567685197746024,0.3189246764780104,0.4226811979769821,0.4125005725456614,0.36541417665302833,0.7276020693692049,0.376150859178656,0.3339750995354839,0.7588284050735238,0.3527251908203055,0.782262912584669,0.6513238335831284,0.1456858001686392,0.2799143172203677,0.2659620476285545,0.29085726253061356,0.30690252617167857,0.33247030242633396,0.4200986269355216,0.28549844475764513,0.34594440803998056,0.1320577341926108,0.3685669185507671,0.660510157343203,0.36990148556494234,0.39152831105670216,0.3026604858784078,0.2516461709439592,0.31499665737171906,0.416987715589533,0.3123972336498179,0.3344521011648936,0.8074403285904206,0.20009446367331363,0.6575620029282957,0.2941579036401225,0.29319360522164045,0.38215735273350215,0.296590066666762,0.3664944871496982,0.6926979765146025,0.4376618633442341,0.31655222900456614,0.3606562565223668,0.914924957740414,0.05678115936834447,0.39714926235514864,0.281707194213432,0.31056000093966074,0.37194853337675216,0.14287667694348674,0.6903678125136604,0.33195933806599787,0.27157456768838173,0.33093776149593984,0.15341390671975916,0.3147901148830121,0.9158099630540023,0.3480978228428972,0.11540024293824909,0.2973152437855076,0.370652984766002,0.4042042859505677,0.325896336013699,0.7895621370533712,0.24552477058903643,0.7461773514172277,1.0,0.3240510951099806,0.6622924394841491,0.30378864430502334,0.6331926482719142,0.42190916825406083,0.3474789414917407,0.7693680246776796,0.715190370059083,0.035789045850069374,0.36781895232304623,0.285229223820003,0.28562935231510345,0.2804734086944964,0.28479189017261375,0.2853911868355179,0.2964303498240475,0.285805683387677,0.2859334769123553,0.28263029507750165,0.2904367219069769,0.29157819064583324,0.28429858207938236,0.2748052295579363,0.2801717478822689,0.6506460515502792,0.2922855000614878,0.7540520213460356,0.29193909155381925,0.2859642816512733,0.6566050476573256,0.28119917872503136,0.2794503459995364,0.288828674464745,0.6493812593501103,0.2883830069263579,0.2844774708084156,0.2812162976437203,0.2812260904342927,0.28351299540706454,0.6561032790221709,0.7034639320416688,0.2807204378147146,0.7087032039965381,0.296481854920423,0.6813528074980932,0.28078368921251834,0.2857889505420524,0.23854830066565894,0.27433696364020793,0.29423681185374384,0.2855330892230985,0.28606678537869795,0.3662891378109832,0.28656017877503026,0.2858979637658228,0.28589405456657857,0.6561402374282392,0.285973704450498,0.938819506703373,0.29554829481524836,0.44741232662551134,0.36711669654673423,0.28776137487075815,0.39546249205996037,0.292507379294562,0.39284147448460266,0.22043543058976892,0.3641962137263925,0.6526644818060583,0.3541404142824932,-0.132065858925654,0.3212662913847876,0.3134164717707382,0.27522132370228614,0.6565241072533512,0.28161251603473886,0.43104273839904783,0.3507483748355271,0.664176296227058,0.26300065795260336,0.4595162766211873,0.3951180971762092,0.2960760991017517,0.29370613344684465,0.7923769463577948,0.2950412310479479,0.3019232362188935,0.7171844311938843,0.6757244475619583,0.2684335326939823,0.3396357659132608,0.44691585784887256,0.3371769945848236,0.4590968989544273,0.24215579029769568,0.3072879420589385,0.29606318925007385,0.2720795243575103,0.30290067829312384,0.029332388239613517,0.23827388195615923,0.19085472217342658,0.13769656959779172,0.33397138051393466,0.2205983447286358,0.37956813757022406,0.9216259373244949,0.3254254188397918,0.3258301601367148,0.3244829670763103,0.6555881237602093,0.28579815242028866,0.29638806308348287,0.26841069870958384,0.6424132077375158,0.2825879672908404,0.2854213744503798,0.27253575009158243,0.2847847582974403,0.6346644962014419,0.4960950402250126,0.28595588139704714,-0.36031337394759816,0.2856083907808728,0.2871201343372324,0.2785135696168952,0.46029766383273146,0.4740317261948492,0.30420149178194417,0.2956095510452081
UCSF-PDGM-0185,0.4926628711471661,0.9405603045980437,0.2882557899535753,0.5933135462540735,0.6037201531850294,0.531234004274818,0.7913898514386584,0.923130711463348,0.9854701719507237,0.5748226976165306,0.9808353245783586,0.9515663518853789,0.34360691115320335,0.9823556688360632,0.5869396000713648,-0.18205865983665168,0.5094578443440589,0.9052229595099162,0.5909251089517235,0.6015140179739833,0.6459790242302035,0.9448401379135165,0.92646803269732,0.6129712484488417,0.9176996404613865,0.4874601207065933,0.9537868010708753,0.5885194497041822,0.8837396935119496,0.9318877964441181,0.9432193197310306,0.22094782559364554,0.5660584544287325,0.9693597434317518,0.9664548513547158,0.9057979343093574,0.5803407604550298,-0.15452736007882692,0.620032718059868,0.9449793636351286,0.5936821776603475,0.9833403955817697,0.5437531466015099,0.9593001502222234,0.6036300192655258,0.8788799778813666,0.6084433375696475,0.9791199854817372,0.5139446823869308,0.37028784224939654,0.9598917881094106,0.9516066483503578,0.9738874303169743,0.9706898153136344,0.449001283030796,0.5818325212552915,0.9753788245425455,0.34692737291864606,0.9787254144523653,0.5233838016305732,0.9791757944960733,0.22980686124487576,0.9953472205598815,0.47181890802765597,0.9689150534963596,0.9651602672227987,0.9652738854833159,0.9765985172398255,0.5395666746767613,0.9197680224695645,0.5699503214961832,0.3240510951099806,1.0,0.5990992814948645,0.9628061132387329,0.33967227823679336,0.8620339043358538,0.974754917181717,0.5685068805620603,0.5515430620555934,0.3928010469845546,0.2832932608125028,0.9363045476431111,0.9308933067749194,0.9384586463509125,0.9403586913339552,0.9344038688601192,0.9235086192606664,0.9272078894256895,0.9227573972707865,0.9449709397756687,0.6048216939810622,0.9382629885120801,0.9314790220813784,0.9627532134537293,0.9404236799383391,0.5943495259891306,0.588768978191682,0.562827761978867,0.9286943885183885,0.9207627949483412,0.6019152219834247,0.9321096759753508,0.9442250639826968,0.926555516915567,0.5871011020951425,0.9490592101828806,0.9426630033866498,0.9319162673329513,0.931804291202206,0.9479739387241374,0.5963956261045159,0.5782918235598751,0.9366122649802008,0.5832913426389928,0.9205959871658131,0.47201971575221535,0.9360968698143917,0.6016953866215837,0.9472012228981247,0.5838463718910979,0.9718510613472328,0.9324470221161034,0.9538770521275359,0.9639503544673566,0.5764570389956352,0.9243335567303189,0.9244832461586375,0.6134139969444807,0.9341179109151478,0.255613538769555,0.93752310957373,0.8754662695467108,0.9821599312893332,0.6150538348220463,0.9396791704364774,0.4267408892509344,0.9504499148819182,0.511072711728821,0.9357552881061406,0.47815881522484815,0.9287560911416702,0.13341723990419252,0.9795534043521866,0.9555975958154339,0.8769924953399828,0.6003441478202514,0.9262578745813757,0.9222257289569117,0.576281634816942,0.5871220858034332,0.5829196971410759,0.7904810968368172,0.4270181662931638,0.9286266440166827,0.9402235770865909,0.5163631460456422,0.9414160826274336,0.9437888749800035,0.5776098806694488,0.5938694790933311,0.5995830164160967,0.9411874234068961,0.9471699777630619,0.700865022881741,0.7888352314113424,0.5824103172119962,0.9374555132985622,0.9509608005897963,0.9718425958128147,0.959284720376938,0.4365511098904672,0.9389013300434113,0.8973865735708935,0.49728485471056055,0.9503908322698843,0.9321553839199382,0.8352339172502268,0.4506487833845995,0.9618688377017717,0.9611147119475493,0.975752347242204,0.5933015606759463,0.9274004439737651,0.9250464293717011,0.9533743827230003,0.6235977505879301,0.9573850227883879,0.9340142188763999,0.9631512545822417,0.9555602464407811,0.5827096539130614,0.7859673635454567,0.9214153692181085,0.08865013330312099,0.9312513899252668,0.9599806859274936,0.9583819159341918,0.15707623835168957,0.7807939926689016,0.9580945382294273,0.5928740979550263
UCSF-PDGM-0190,0.5536603340388518,0.6378243012622355,0.4442625643969743,0.6999506744605902,0.7256162692942696,0.6018825845778399,0.25077845243592095,0.5862557675052358,0.6343253785404005,0.9868875847948231,0.6329672516957858,0.631046180917157,0.7113832567025863,0.6608747337561164,0.9813276573986968,0.24196985211213687,0.65827381226703,0.3755098362900719,0.711002443496304,0.6935674557372541,0.2854508325780284,0.6776871106180572,0.4728960771188547,0.7254838826846043,0.5473075118658788,0.6254230836937269,0.6216217616493721,0.9982826730418155,0.42114328817471547,0.44705993118091614,0.7094296727724375,0.2532338474309867,0.6545594707053024,0.5725762985522379,0.7074457586907628,0.5028764147605953,0.9681277863478993,-0.18586128038257288,0.985485949442029,0.5795572387022166,0.7018452878102454,0.613503075640206,0.5925102499902376,0.6054546240734837,0.9974232350718454,0.5030295011495247,0.6808682012118409,0.6062338962422349,0.900183401523023,0.47910938661531977,0.587293418688594,0.7226414024914007,0.6961378725691355,0.6097998752950837,0.5473730789442117,0.9716780444584433,0.6925309762373391,0.3214209911619655,0.670574219555861,0.6457833974040095,0.6850372283560214,0.5657946657251414,0.6193489343427231,0.6191195699824995,0.7058628345777,0.6577419943113944,0.6063943531579373,0.5619178620651739,0.8894900889200922,0.566470679272586,0.9769549531663134,0.6622924394841491,0.5990992814948645,1.0,0.6092168464495485,0.8505504472852238,0.4188056559507238,0.6231630337039776,0.9710857553435145,0.9664169569503797,0.5484571448068604,0.22093713796935946,0.7196487148124807,0.7197574429535929,0.7282584272772965,0.719280684712741,0.7197315285834486,0.7239649622188603,0.7196311132664892,0.7193011776286868,0.7173617288429271,0.7321199024777338,0.71587506699344,0.7187827593660455,0.7014751185107414,0.7279099459279418,0.9986733292018328,0.7333361490083816,0.9823150521025553,0.7335685435692243,0.71909816455743,0.9998161049676607,0.7288598490908514,0.7269453275158426,0.7172283673734373,0.997332421754376,0.7288965859702548,0.7189343241263552,0.7288676537199569,0.7288719227758261,0.7176364419099093,0.999571432509916,0.9836850034278041,0.7285091209514899,0.9849417046540793,0.7237143582255916,0.8850659764086722,0.7285670787348255,0.728738394235857,0.46401757289362033,0.7153244519165571,0.6845767763589693,0.7197650255180915,0.7247166856910573,0.5871739514909928,0.7162848060576898,0.7194383285491837,0.7194502362455278,0.9952613802193381,0.725609512070189,0.5635686120675593,0.7238638144905971,0.4145770312681748,0.6076518118598145,0.7193892800253313,0.5872427405611087,0.4202614706221769,0.620692047254655,0.6219197159377235,0.608750956522228,0.9566196249423559,0.6236471556582083,0.22489597860081376,0.6880780020161095,0.6323862712573356,0.414004058286048,0.9998465118258816,0.7288755184685266,0.5038708524080642,0.6315450657082344,0.9982414516663782,0.6932892806666405,0.25830090093964686,0.44228453265247314,0.5304597859343669,0.730674524459519,0.944436402408092,0.7124048277304017,0.7060607274906859,0.9867080499490376,0.9992469827896672,0.7132315415146668,0.6424337113946289,0.563981285482618,0.13371340852181193,0.29873565131667823,0.6891046140355731,0.7166551791972449,0.7262373472518328,0.6763009568337849,0.7117346072785948,0.5691654399679131,0.48872847854176443,0.4347398671010092,0.6474526245767073,0.6796564608935094,0.6377056642889838,0.38051665519893574,0.8264069546265377,0.6875951024511706,0.6907610885222475,0.665577723192838,0.9990561341632241,0.719641217693975,0.7240661736763913,0.6878434515945344,0.9746449244975389,0.7179369548160821,0.7197422231428149,0.696800377244292,0.7222707428097406,0.9949038164498969,0.40093872959862137,0.719168080467807,-0.13253892575267193,0.7197617407379284,0.7092465399572845,0.7095777113084539,0.4818508340432461,0.29746510852578933,0.7024329118296703,0.7239214958733189
UCSF-PDGM-0191,0.5508768144940215,0.9892273447568393,0.32760442834401254,0.6063550992888959,0.6131920272364884,0.5965734285431261,0.800305572619043,0.9175810925429818,0.9596373647914089,0.5820901105228539,0.9484651475786989,0.9826583783549947,0.420163554402308,0.963131927974348,0.5778998687211955,-0.19830259623871693,0.5285120502304954,0.9191279450392522,0.6087001558072438,0.6177956900353594,0.6020160425854097,0.9617558922732928,0.8550761127378297,0.610370826730579,0.9733303916728816,0.5026460268659835,0.9507450856842172,0.6088906565780741,0.7462381243076767,0.8325538946789595,0.9406096227089681,0.2066988411111109,0.6231909861608643,0.9518284391059237,0.9520489267715494,0.967480081381094,0.560689819420213,-0.18313425104872624,0.6030542710480785,0.987703642146144,0.5835898717183807,0.9629084318791,0.5721493443942578,0.983852744022395,0.611770544013452,0.918453510169601,0.5924476767502136,0.9070301640893438,0.5050711277184138,0.40811728362316557,0.9381767143560396,0.9417343714772954,0.9510852262422167,0.9535685861982182,0.4456220424088129,0.5379227843397154,0.9553281045401593,0.42101519873306265,0.966832285461321,0.5466475339021764,0.9630093262106492,0.20662110542412215,0.953990730093777,0.5206194473485166,0.9594739088231387,0.9596158791499344,0.9587476560314213,0.9828240357630206,0.46472399725818897,0.8266435578830169,0.5505231192607593,0.30378864430502334,0.9628061132387329,0.6092168464495485,1.0,0.3007731019835643,0.8681629351763605,0.9497523272406553,0.5589845999360095,0.5190578529051301,0.39762756775014974,0.28723371857584934,0.9242896130362631,0.9227569026697753,0.9381621951430409,0.9251821645261675,0.923791080947461,0.9167890545837802,0.9215341821700942,0.9198993167309137,0.926359861411155,0.6128115171272723,0.9312446895253861,0.923312964551697,0.9160352561247375,0.9384480875984738,0.6120155030971275,0.6114097304582075,0.5904390413307579,0.9325198005492764,0.9191173932282192,0.6129132789374346,0.93676852891297,0.9387408874991023,0.9247345910196333,0.6110141745629629,0.9344666025687263,0.9255670439723864,0.9367166510487839,0.9366863922009883,0.9260082112261341,0.6126137026705537,0.6198508359598582,0.9378248022575606,0.6205173101550987,0.9157021436177272,0.3900505279854974,0.937719853029907,0.6125822402680059,0.8826792554907094,0.5959388992943114,0.9371434578717964,0.9232316164317415,0.9321867102257537,0.9420269850848245,0.5888541011327192,0.9204964313824827,0.9205521424272529,0.6099570304920462,0.9427189356478135,0.26150200849128713,0.9208586038479479,0.7955404813327877,0.9460362103099949,0.6008599341111122,0.9644366894184985,0.41461003433247895,0.9611343223092955,0.5479280683637939,0.971234837651825,0.47645372167343386,0.9664419043734234,0.07592665537179218,0.9578257076942572,0.985141545161196,0.939034701790424,0.6128876645999144,0.9350013674838173,0.923731724825407,0.5860192215430947,0.6055178044435504,0.5701341812004188,0.7054755084866637,0.3935296804062327,0.9490318914668401,0.9387156338356244,0.5112208154714737,0.9369292205864392,0.9449556927333043,0.5709776450574646,0.6035312457369746,0.6089224195684843,0.9719125743315216,0.903895583249888,0.709628050604071,0.7951656622076242,0.5993128806183281,0.9327138549501534,0.942829579279419,0.9376334581220628,0.9332730519617066,0.4446030577193977,0.9451648586903497,0.8738030007473581,0.5058715183511694,0.9607440930135801,0.9568983183908445,0.8926096986569798,0.4257215005289278,0.963686427365806,0.9606349439956192,0.9199761102522169,0.612220298352658,0.9216011938459603,0.9173353101422992,0.8991701834143135,0.5985083548873232,0.9271964876766572,0.9236832716164862,0.9119828792579276,0.930511689155123,0.5916658945169478,0.719350180958747,0.9193763355385735,0.0665729448879588,0.9228685855704702,0.9145472313389532,0.9200449072671676,0.1709124887934275,0.7316181214000878,0.9516270302115057,0.591188593033991
UCSF-PDGM-0197,0.2918423227548501,0.3285109778293919,0.3384056905680514,0.42564843180717765,0.4453221405034832,0.2767168165822949,0.019531829296554545,0.2773377330632209,0.36592950101812394,0.8673084856818556,0.38319774626215153,0.33770311586582846,0.6304370727984645,0.3941757360784515,0.8511471643316204,0.5076875476647946,0.4304282575396443,0.105862622993071,0.4388748762695305,0.4068356421229314,0.011086305277565808,0.39224631312911135,0.30165893015775225,0.45769111617114466,0.237019922156977,0.41704804109396265,0.3730638437553081,0.8419061026595274,0.2992766833008739,0.2879586073997292,0.4350236209952688,0.10677332775825957,0.3444153576334548,0.29084988976957477,0.43659681937594214,0.1958132522161696,0.8553755252647486,-0.21524933540396898,0.8526615918424708,0.28869031374128584,0.4526380011048876,0.3331624521873347,0.28809407154627126,0.30190779679922636,0.8509790909264827,0.19854722527473714,0.42302293086095566,0.38600525864641216,0.8084403895739741,0.3021704023763145,0.32577637529904296,0.4480894249192425,0.428025260400175,0.3271271110184515,0.373711460322688,0.9057984510877106,0.4231284162904574,0.007844777955576723,0.3948781871061535,0.4063509625192649,0.4150160330624311,0.5955318099934883,0.36710285346837823,0.389840941809024,0.4280677350956973,0.3788862080646777,0.32157451600914644,0.2613261813669774,0.881694689976564,0.44499100873528674,0.9051396430006647,0.6331926482719142,0.33967227823679336,0.8505504472852238,0.3007731019835643,1.0,0.17897299203032904,0.3538639791663125,0.8810203333904922,0.9158055317122417,0.4101365588271378,0.024807270305747215,0.4544816143374713,0.45283485475722407,0.4490373022186318,0.455649585736384,0.45391344108376724,0.4577945742461023,0.4516672957633285,0.4502166323587929,0.4542251404761033,0.4570475447224229,0.44745879285629325,0.4508589942418736,0.4584800586730884,0.4495569330218845,0.8416950432430576,0.45129157252672736,0.8463043718867378,0.45352815846915434,0.44955381980469256,0.845812061964047,0.4472406270456262,0.4504969487845778,0.44728719239861486,0.8369225876783019,0.4587309697050611,0.45628194774904984,0.44718353380848735,0.4471504230080068,0.45762470140271744,0.8425738629416938,0.7978800149516625,0.44853181688451893,0.8009346456756044,0.4568255259836905,0.9567037020316761,0.44838801795279165,0.4534726431709354,0.2671789041863882,0.45048946795624956,0.42944117456318304,0.45331659291462933,0.4592594066337942,0.3159668603799046,0.4508282585554842,0.45073505190713614,0.45078403012189816,0.8504982969999316,0.4409669144589203,0.5812799324076054,0.4621520012631743,0.26214383341202424,0.3502825691029781,0.4617456547555061,0.27039812787267437,0.21429982688315502,0.3374967150373032,0.39014296279164484,0.3178807351222678,0.9249301369213978,0.33141769126082055,0.28875731553781225,0.41897961744981754,0.3413269932128463,0.13023522843518404,0.8449410084644635,0.44546370628595644,0.2249890414269677,0.33776514686032566,0.8478138919759631,0.45677179510057075,0.12131890372476482,0.23145447223569796,0.20908101485221162,0.45168608542784294,0.8873913672340663,0.44387494673873756,0.4357202595066994,0.8905064087960719,0.8547758759635659,0.44336426332621304,0.356734325375227,0.3115363819270163,-0.09113337440808439,0.038246064282030104,0.4226015824258437,0.44506658679944566,0.45010904117330336,0.4143914230892232,0.45843106843547826,0.3880538606782002,0.21163898979878054,0.23245093672086495,0.43832458886960546,0.4007470001360248,0.34188052610130154,0.05058709355356843,0.8151166931196808,0.40792845489689894,0.4093810574192755,0.4419982638997115,0.8405672081984299,0.451729102507407,0.4582989472671117,0.4506806003346214,0.8453021862479704,0.4587905889323669,0.4537955198743486,0.4575297531746983,0.4592188498203908,0.856426820270333,0.2261539415959439,0.44977147493391717,0.08486634606109231,0.45294646595630983,0.46575825492211165,0.4571877761785853,0.5378294417163348,0.10942023027677153,0.43556916112107263,0.46199051485807996
UCSF-PDGM-0198,0.3713325350499934,0.8251133920404401,0.04608453530951928,0.39783887433395787,0.4214440415146748,0.4508937881570602,0.9473647266164189,0.8235569559516523,0.8911446301456027,0.4529789617297384,0.8938554245843481,0.8881169998379059,0.461934583267773,0.8758715714346019,0.4573508716809828,-0.003252111222747261,0.2915065667178706,0.8728444612465629,0.38741926712441965,0.43501986500306494,0.5999329365865705,0.8422841814203922,0.9336640568369737,0.41404644229251536,0.9382028826814423,0.27254825249330794,0.8976192474634883,0.4188708356286834,0.8111892354967558,0.874282771039104,0.7777822313310313,0.21136741423466435,0.49022931352449495,0.9352198497249127,0.8011972196185756,0.9220018181774078,0.4618567867141589,-0.05234123511366429,0.4180998123028088,0.8643752961020822,0.41351309553707705,0.891874666297071,0.387925560010972,0.9149140474459696,0.4457483272491316,0.9391581504216806,0.467511012450672,0.8461328775617033,0.4958774309425054,0.23424923077192536,0.9200265726727007,0.7458155191358441,0.8009427571240101,0.8823673728959807,0.2436673091818371,0.39635273964393686,0.8240895755742438,0.29569057925674724,0.8487675679080645,0.29215334965077466,0.8316701007823744,0.25966813835769814,0.8677510348937175,0.24977253581799377,0.787280039851326,0.8821330094827153,0.9186201406173686,0.857804327459783,0.41331612488647784,0.7745508424613036,0.43357629246769547,0.42190916825406083,0.8620339043358538,0.4188056559507238,0.8681629351763605,0.17897299203032904,1.0,0.8624768792388066,0.47250726654895553,0.39858175769667153,0.18168826561924536,0.3711075473589262,0.7412239174492878,0.7397870787387454,0.7366441698597187,0.7421092448283904,0.7407490001402858,0.7467206739892387,0.7386748266267241,0.7372133505137369,0.7440996948952464,0.41754294805744807,0.7562553361139286,0.7409128247983561,0.7364781726940959,0.7369497819193656,0.40396780109496694,0.41640076370011353,0.4621698278538708,0.7437152453306914,0.7365215674068696,0.4175739386779067,0.7353104517525173,0.7373492138925949,0.7465070020870452,0.40327270228343204,0.7462376396796974,0.7425209432835458,0.7352628795065927,0.735235172274179,0.7431365503866839,0.4173032026865374,0.45759420024431074,0.7363063420456952,0.4709333593412473,0.7457295434981206,0.30788947943043415,0.7362041053903476,0.411764660983186,0.7467273895106378,0.3949453315936552,0.7860821196734359,0.7402255178330793,0.7447924100502576,0.8838254849205242,0.4008684798199486,0.7377444816094335,0.7377941780935912,0.41668104115218907,0.7480695750835507,0.48712290420895576,0.7506126524476733,0.8964803264811858,0.8912674435647454,0.4151333780832932,0.8948407939461305,0.31875973843074557,0.9115850806432081,0.32032200149755413,0.9254968399440706,0.33177765607346066,0.9210705613082414,-0.03884688425894762,0.8298998239218016,0.8601091706664095,0.8793415750158605,0.4175367735356477,0.7337255405874301,0.959514702290165,0.4790676607838669,0.4183587319238306,0.37707480689074285,0.823991229750335,0.3654515643432558,0.7764498059588754,0.754343538041838,0.4604896224450264,0.7685575206172852,0.7871400200701711,0.43441554347752415,0.4249980680304533,0.3923975404254688,0.8953587591022576,0.8963111753943872,0.760393844996163,0.9380959532763091,0.36115555103967883,0.7794928245411399,0.7631587826405946,0.7482882851276872,0.7769217698186776,0.1720716175140954,0.7707659950414251,0.694683961981685,0.29193384507606396,0.8356334235144923,0.711120912712493,0.8613359840455447,0.5021774416156601,0.8334767853733255,0.8257198671210403,0.8177199569240939,0.4170006487535344,0.7387352766526523,0.7472231009711133,0.7201647099629297,0.40821686214712216,0.7412587234510778,0.7406474483385289,0.7334708030485736,0.7436329059132929,0.3908808871307467,0.7650568352210282,0.7367502303211305,-0.08941304162265874,0.7398898265350777,0.7471499515038791,0.7359824105075703,0.04452840355924576,0.9190591133990957,0.7984398828191805,0.41429440803116613
UCSF-PDGM-0201,0.4941430287565645,0.914200692935494,0.3107267821803449,0.6141899970391063,0.6323510464220445,0.5605425644619437,0.7576405546744446,0.9385574173483343,0.9903424404870733,0.5864127066193547,0.9682692236601302,0.9255725944061565,0.3582113380710274,0.9770703978428052,0.6210691198647097,-0.15233417427160362,0.5532807891248992,0.874504019328895,0.6116673182008394,0.6332281146765535,0.6989194394158208,0.9195958163930099,0.9067592042545394,0.644752808624527,0.922984965378652,0.5234233415959436,0.9219489300820358,0.6084607377752094,0.873784408043842,0.9156431483854548,0.9119427845027309,0.22085481731060122,0.5978651301748729,0.9682310280160772,0.9534414805053937,0.8769342059498845,0.6107175113540457,-0.1446163784333346,0.6569118886249562,0.9052532007770675,0.6097560133648224,0.9848668821435576,0.577928948917542,0.9416175308656475,0.6330273505425977,0.8813284142160253,0.6392360045002473,0.9772942942285386,0.5532544731730348,0.38708627350430524,0.9292412606625395,0.936356205190536,0.9538882738942572,0.9972068682500077,0.45421511554852956,0.6062726580210811,0.9689498226178437,0.3683528273551857,0.9905326053706207,0.5614421573327837,0.9618249836253103,0.1960363543008695,0.9845889830355687,0.49971436800094526,0.9614972147372122,0.9508762018368274,0.9708603380585071,0.947244125548813,0.5516267468749267,0.8937593856575036,0.5868885153242536,0.3474789414917407,0.974754917181717,0.6231630337039776,0.9497523272406553,0.3538639791663125,0.8624768792388066,1.0,0.5844758035978331,0.5549962564764118,0.4322843399138178,0.2547438247715449,0.9030511085826218,0.8961062978107078,0.9191272169518879,0.9083700929895658,0.9005937248835957,0.8924057795294021,0.891457443180352,0.8859152348681613,0.9146953917729412,0.6318580700429645,0.9055419058790503,0.8969837007361453,0.9441292749107048,0.9217895412412815,0.6139609268475539,0.6092445924432683,0.5813985232685388,0.9114902830086276,0.8834536500672665,0.6276239337491419,0.9107318811016666,0.9270542382731001,0.8907482331273625,0.603910962981775,0.9395613142457252,0.9114487904351218,0.9104802756134964,0.9103347040241577,0.9187465329940654,0.6197767585824835,0.6010782584213754,0.9166558723384324,0.6110874250829411,0.8887788651850385,0.4942652240492705,0.9159707600149443,0.6271179912067717,0.8780832443216254,0.6007918120314687,0.9814003346549113,0.8980846532109156,0.9473995707966718,0.99632766293894,0.5827676770747552,0.8878698202029305,0.8880559010531872,0.6453934833970215,0.9134250611862539,0.27268060130500316,0.9103794612564683,0.8296662328323279,0.9952900479266501,0.645981237436791,0.9206703817192239,0.40536806859579355,0.9485073316087995,0.5084605368107079,0.9227911372715791,0.4954234045660696,0.9188347537486468,0.1422847189632966,0.9709253590591768,0.9216365568028195,0.8425328072373076,0.6253668945141897,0.9032060914498271,0.9448044693663127,0.6077637828634761,0.6065457443889629,0.5984805712501958,0.7458947867906955,0.41362509208881654,0.9057431915084899,0.9266389482612,0.5272557311300745,0.9097310005841961,0.9136700371468826,0.595052989304385,0.6133237216194452,0.6240928973346573,0.9215999659455978,0.9356646541669147,0.6137750066132733,0.7668946845169757,0.6007609814377589,0.9099326046548442,0.9415724700736007,0.9691549945458076,0.9412805445994062,0.4775439420873795,0.8912884457705391,0.8125344579314641,0.554828320507302,0.9267175694045745,0.8880275879456458,0.8375621559654991,0.4731454549031203,0.9384708793608472,0.9368229830014979,0.955160703989739,0.6154665869616384,0.8916989182185311,0.8943331462598229,0.9611105893713611,0.664575601767944,0.9545617236695778,0.9000924877221518,0.946527178993262,0.9505218148671083,0.6181348176055294,0.7747590531467902,0.8842575933556627,-0.02298636290502099,0.8965612160905005,0.9449585574176992,0.9591020055425362,0.06273546822663248,0.7471401260317398,0.9325268180478216,0.6065306499963712
UCSF-PDGM-0202,0.5038750990271561,0.5761275728635324,0.332695413391568,0.6258036416474394,0.6522882350507442,0.5457807836784667,0.313780191795352,0.5322914566311573,0.6069908459520379,0.9941126390106587,0.6159646997317982,0.5980583716983473,0.7916500287146928,0.6285853730954115,0.9839739965754202,0.3791907700403134,0.5576940335692435,0.36822916653789706,0.6310290629293576,0.6263098033778984,0.24869312986457767,0.6332033987062975,0.5172226122332414,0.6519302406668384,0.5301370474495861,0.5336363302979759,0.6094590610798057,0.9684716520741564,0.46183304850022183,0.4767540219013151,0.6497098932615176,0.25542160645319717,0.6049671550078962,0.562120753328624,0.6503769219682731,0.48863424354354906,0.9850917230244421,-0.1589987141401485,0.9599776032952227,0.5407756748079494,0.6455903857246181,0.5828114602882513,0.5226281140955296,0.5781079798242642,0.9800473362862208,0.5000670256765886,0.640070458234084,0.5875954291935627,0.9532428046207152,0.41567514450478854,0.5853934640839888,0.6473452232573838,0.6413532026581001,0.5740847904504273,0.4826030140902314,0.9750843236424698,0.6417824093123776,0.27122229489052346,0.6223031371060679,0.5449529583864959,0.6382511310886383,0.6774033756567488,0.5907652861274828,0.5126024314410458,0.6392181440686173,0.6276143542490022,0.5854066017786608,0.5162580034500692,0.9477727713529498,0.557211533448237,0.9938622090528415,0.7693680246776796,0.5685068805620603,0.9710857553435145,0.5589845999360095,0.8810203333904922,0.47250726654895553,0.5844758035978331,1.0,0.9848724782765514,0.45654227322520474,0.27887343981740215,0.6530851231819685,0.6530415114098376,0.6502495915962678,0.6528672873164311,0.6531088130112097,0.6608650544207559,0.6528366425687316,0.6524341837567581,0.6512238970004417,0.6580875609967181,0.6522216384093029,0.652127857363286,0.6378760895264507,0.6499857425757737,0.962980265397533,0.6587120876017108,0.986241611666266,0.6590714534401578,0.6522056064925923,0.9676258423180801,0.6506469970646801,0.6492232962435264,0.6521166830952316,0.9612344599178315,0.6554560692159703,0.6526235563160573,0.6506499787868992,0.6506514885947844,0.6516250786311782,0.9670021542077735,0.9629804096353416,0.6504309218467133,0.9674806756506232,0.6605632705768937,0.9247327098528028,0.6504711087685379,0.653353911126397,0.43668855206651574,0.6428602356249594,0.6263397096803693,0.6530879524360982,0.651924592720226,0.5575179595229216,0.6507129334799764,0.652594464271176,0.6526087092468968,0.9650691346359938,0.649813018784314,0.7192407732303282,0.6611710290001108,0.4695626752780813,0.5855032863639688,0.6517443203896669,0.5539270771350041,0.4117019424166363,0.5980900327021279,0.5531711697136886,0.5915871121733861,0.9570899083052326,0.6061623759736765,0.18830191284353962,0.6403796806300317,0.589845703029905,0.4013948784065446,0.9675408088622433,0.6505459267554379,0.5091166918072609,0.5938395437806477,0.9708567578340236,0.6288260559359801,0.3153386883739078,0.4501521853942004,0.4586636208725033,0.6580017126882375,0.9907564115966471,0.6516014306662815,0.6493357800327999,0.991875820753369,0.9776866596793226,0.6345882362202917,0.6158213831472693,0.557798874597078,0.16559584211756673,0.3499146901834471,0.6055393987181149,0.6597913153084589,0.6555462355619326,0.6044424252292023,0.6552894692677916,0.45584975162731384,0.432561797218821,0.39298511304987765,0.5509619829221156,0.6333476844366925,0.5492080660453489,0.3539304429566134,0.9283465280074251,0.6398817809101023,0.6406268845299535,0.6354211929521502,0.9663029643429315,0.6528504095676391,0.6609971159480648,0.6198188978147441,0.9459178885683064,0.646101201926123,0.6531081774012023,0.6337997845724614,0.6498329219202647,0.9575833243077945,0.4116486291244645,0.6522834463179474,-0.17971155630818247,0.6530544439589785,0.6489853326095094,0.6388473764316677,0.5336194073822917,0.3757206457105637,0.6478898468910316,0.6612058493830725
UCSF-PDGM-0210,0.4868269684412189,0.5477221319152363,0.3773671927833492,0.6293942469629821,0.6560324321692197,0.5080820335603143,0.23315501634799413,0.511016583376058,0.5825471639389627,0.9812336920713125,0.6008066995807878,0.566962453376509,0.6900831165417988,0.611550045762323,0.9665394632351134,0.32497586731738803,0.5761607717925503,0.3047731433777868,0.6391372093106986,0.6169983576815663,0.22510424009373148,0.6210214648333864,0.49399867496421945,0.6591124730980432,0.4597396149607096,0.5562119334553512,0.5932254096237937,0.9629782318632514,0.45620679775339545,0.4625689940554501,0.6539056248277612,0.25061411728872146,0.5699040962550792,0.5238178160325824,0.6485059991136971,0.42585867304534614,0.9638506862983931,-0.16785190567095828,0.9538325690024994,0.507192291933863,0.6566440563841764,0.5576691277231351,0.5028156786541931,0.5392220131890088,0.9661948697242494,0.44440717182929435,0.6317962440454802,0.5809565543381925,0.9144698165471439,0.4211098561489128,0.5643834902457161,0.65323119984632,0.6410113639265209,0.5387433272821994,0.5078490599299756,0.9816270552753732,0.6355566444324351,0.21694486998276385,0.6016728246720777,0.5582345167788108,0.6289519302044071,0.6349836646942417,0.5748097019328536,0.5315117336752155,0.6347105915911194,0.6108465843046039,0.5534845246755883,0.4866696175110173,0.9412083993455154,0.5852890114529545,0.9943296237521411,0.715190370059083,0.5515430620555934,0.9664169569503797,0.5190578529051301,0.9158055317122417,0.39858175769667153,0.5549962564764118,0.9848724782765514,1.0,0.49178123720692435,0.23060249798073296,0.6659938308154325,0.6658539007263707,0.6573799558230716,0.6658496154161084,0.6659834621456102,0.6731400620271818,0.6655844521763108,0.6651049097114903,0.6639541928816257,0.6649344256826392,0.6617881590399405,0.6647158705611151,0.6513453359998616,0.6571473524171799,0.9576312469557676,0.6652700630144213,0.9627243020347993,0.6657279920300451,0.6648420659951128,0.9621429941740064,0.6576809755686781,0.6564478809299442,0.6629538899542202,0.9558199630029793,0.6624431091047848,0.6656484270862353,0.6576811126820442,0.6576809777444295,0.6647505428425585,0.9614607858025441,0.9324599745623966,0.6575325955089028,0.9371208915204982,0.6727887253114191,0.9489209747540364,0.6575648784905115,0.66046435177553,0.4400123638757758,0.6544175478285695,0.6195801178425975,0.6659277999604497,0.6590171542349476,0.5186666245988246,0.663736404803837,0.6652923864087052,0.6653092199194365,0.9592849595687413,0.6536753045783386,0.64931716173817,0.6736914355516891,0.458151402126318,0.5585701269717616,0.6609374428835572,0.5192335503866513,0.40318532297362386,0.5699682562219103,0.5709381318181822,0.550340617033629,0.9748732540342215,0.5621579307179947,0.24825209542861343,0.6305242160866638,0.5661202609239973,0.3307991861534167,0.9620400839528546,0.657495758417545,0.4517876266547291,0.5680608258036126,0.9669400965327528,0.6470307155762651,0.30041001614833956,0.44704279325000285,0.43163228442034807,0.6625324997643566,0.9800074908605702,0.6588777115806443,0.6524412373826106,0.991498214497139,0.9718001093732003,0.6425710174470363,0.5845717325736361,0.5412313874945488,0.11583084801969,0.2800420983417972,0.6150099483671816,0.6640021079398797,0.6583230415689096,0.6040011383477218,0.6644461807837064,0.48549637919015676,0.4097579383825947,0.399726765037283,0.5710391403692389,0.6257468867657133,0.5409097966493525,0.27965222639716386,0.8940230842622187,0.631158656334696,0.6336700139047421,0.6408102800730041,0.9607334021767652,0.6656015754880151,0.6732984523045626,0.627232121516416,0.9409835314678643,0.653303810436499,0.6659758763149911,0.647299859887414,0.6569711111748013,0.9520976512797727,0.41622140878004843,0.6649310989918065,-0.08662040640244181,0.6658731485646483,0.6619760597404217,0.6461384422737412,0.5439258211309536,0.3340211676234652,0.6494140299158511,0.673716169788191
UCSF-PDGM-0214,0.8239453814636113,0.4298754414002044,0.9523302129058987,0.9085184499626254,0.9076774953958208,0.8197528943398202,-0.006534689463927904,0.36651716129706247,0.4284443299699336,0.4888063870347167,0.4204813931192995,0.4111255157645133,0.13722332816043187,0.45635195077625845,0.46920498949051503,-0.23863936617106332,0.9740167316669628,0.1588768793562058,0.9124505212405203,0.8968766107798328,0.08331443543515467,0.4667291371878159,0.25418006306809665,0.9117937757113573,0.3227581314859969,0.9753098306380427,0.40025662363797493,0.5452563489531749,0.24346700384468972,0.245660796947343,0.5146482011426128,0.7327043041846203,0.849113787504853,0.3388685508557999,0.5171498662092593,0.2666951408774462,0.437178111868968,0.24908646514129776,0.5435532636152369,0.3635965232028505,0.9100103920081781,0.3981480362298892,0.834697111240261,0.374710012529934,0.5278184664134603,0.2569543575087955,0.8848027965921841,0.4139354107507832,0.3185497907947255,0.9495997097071439,0.355659681888568,0.5435062422717285,0.5037521323421118,0.4072343892588744,0.9446621576237093,0.5122432476661808,0.49775865340516623,0.5784677841340099,0.4793710352978035,0.9525362617464045,0.48857162592635023,-0.08210933764987098,0.41527455067796765,0.9517114478167585,0.5210050134979453,0.4411858671762057,0.38316258393886554,0.339704053854817,0.3660143681496793,0.4417117221887873,0.48438640064839855,0.035789045850069374,0.3928010469845546,0.5484571448068604,0.39762756775014974,0.4101365588271378,0.18168826561924536,0.4322843399138178,0.45654227322520474,0.49178123720692435,1.0,0.5085424278674452,0.534862864406868,0.5337628510525653,0.5474206511487403,0.5355533041827933,0.5344973076630667,0.5367086392543202,0.5329201809929696,0.5318198201487995,0.5338777646401777,0.9101394110174489,0.5272300947240102,0.5320029557778679,0.5320085099254099,0.5476833726099075,0.546667062985847,0.9026572084227327,0.46563917139777644,0.5501768260696211,0.5313009378786198,0.5518165706107022,0.5463244356200602,0.5480546167070082,0.5282365920127791,0.5447369689166239,0.5524205174418991,0.535881739230413,0.5462860818467528,0.5462637588143859,0.5364056242038843,0.5506750025385604,0.4916345248616247,0.5471375985547525,0.497096146250204,0.5359675682424314,0.43948205149679276,0.5470529188089311,0.9113048657478747,0.27638266697310543,0.9169042719599665,0.513593677707373,0.5340967977079429,0.5514966834380537,0.3906147898311213,0.9029977649386071,0.532218989592172,0.5322563776669097,0.5497107753962442,0.5398860203973458,-0.022882875558348503,0.5396625172438987,0.18171955637011622,0.4071223811370792,0.9104766861817682,0.34655187355734235,0.7395473844631011,0.3987693043125037,0.8764437468935029,0.38324540775533295,0.5090261468434935,0.40182624094576797,0.871619698181838,0.4942942025347985,0.4175152363565753,0.1960037525677805,0.5515355737655506,0.5450600208863994,0.27405000709664723,0.8506603816524171,0.5441662510687572,0.9234147544257667,0.023936038675125625,0.7229188497337644,0.31542550907302735,0.5474695945422818,0.4185563014283509,0.5222185236894441,0.512351776541695,0.5072973239025902,0.5370042386148399,0.9138194134280888,0.4257612303430215,0.32928933739388516,-0.11182482254794504,0.03850352058751053,0.9088276223555245,0.5231699515835685,0.5443413592497495,0.5062088011716286,0.5297285234951772,0.9765829305284274,0.28851070149044467,0.2508458639214174,0.9764289627308559,0.4732228544589854,0.45293042107480924,0.14027054187984445,0.24519871115108352,0.48318985862220615,0.4862144678444755,0.47856772233542566,0.549869032090392,0.5329658433396872,0.5370853484591084,0.5339416032950085,0.54482560919414,0.5490563548751788,0.5344194352481364,0.5299121642744385,0.5507076165866007,0.5575665016467682,0.17568310321234307,0.5314723317496487,0.021155964365346613,0.5338410051982939,0.5376285110095309,0.545319536448134,0.03026586087141279,0.051875381669096325,0.5101486686387523,0.9056873121422875
UCSF-PDGM-0223,0.7852276980828066,0.2769243395819419,0.47315281588829117,0.6638649865250394,0.6327101397117222,0.7877107266693908,0.40107722846468286,0.2677506298075327,0.2800479607269672,0.2649302306824807,0.29210077678664537,0.3049017745358944,0.3062896397487438,0.27587976621163113,0.2642957268272493,-0.04927557681887474,0.5363637014833056,0.32144881056259994,0.6379212970680058,0.6820155438335972,0.11203181056876975,0.2768250873330443,0.33051993923064243,0.6160961178370944,0.32529549634078764,0.5718319823215634,0.31001176564264926,0.22516122755436435,0.2681623043395862,0.29667572809222154,0.2465310522733501,0.8987965077950343,0.742661903815802,0.32266473046088456,0.24228985316364474,0.34423456323598617,0.2789509456173783,0.6568821330187435,0.20874901475883453,0.30388639567321146,0.6709348204365783,0.28896644490923074,0.7560191546764251,0.3190629669937616,0.23781684020545782,0.3435174837450873,0.7003111279330092,0.2610677489760978,0.3250013831489658,0.6851790869737404,0.3262358374865163,0.21703450063224,0.24685262424980026,0.2700146200147173,0.7044718373971015,0.19987084341114955,0.2504723775235555,0.8191245227941752,0.2510871348933982,0.5763283468295765,0.2598121401714158,0.35220892075788107,0.27732121967379575,0.5705579965749258,0.23203328649658647,0.2906961552129865,0.30342352257455985,0.2979894378025935,0.2683076854229688,0.15469062649047743,0.2501759861395226,0.36781895232304623,0.2832932608125028,0.22093713796935946,0.28723371857584934,0.024807270305747215,0.3711075473589262,0.2547438247715449,0.27887343981740215,0.23060249798073296,0.5085424278674452,1.0,0.22828962558266946,0.22968275709490055,0.21781371304939498,0.22706374590919612,0.22880731918274236,0.2314090367994106,0.2305042173474245,0.2313834714420639,0.22412296213255725,0.6185764155850804,0.23557099312963628,0.2283413913051003,0.2102675905587479,0.2170972557596617,0.21928369382762192,0.6201028076554179,0.27625717738561634,0.22115641520202522,0.23174248402824968,0.21838061419351593,0.21980027816652292,0.2155294518758385,0.23460899735039223,0.2216062977719737,0.21304580634555814,0.22627978910104252,0.21985421268311536,0.21988528250934375,0.22415541250314938,0.2205015770659186,0.26345009375264744,0.21843887465608583,0.2631190240790508,0.23196756177934696,0.12440793610448983,0.21860585754167033,0.6233439035169914,0.2597120902547965,0.6394302753975473,0.21761921451063557,0.2293074118225678,0.20920738626010885,0.2668083477313913,0.6497680616479351,0.23108498398576244,0.23105592598543778,0.21173235834785603,0.22581637018846468,0.38755741439778346,0.22789324755953347,0.34650255689256565,0.27561196376890923,0.6209984124676231,0.32136034944007114,0.9129059561752251,0.3023958023742947,0.6873873214722156,0.3187650088755439,0.13019694901554535,0.31438004145054654,0.49924672687182164,0.25372002168039737,0.2939727580399847,0.3319982784552228,0.21903054752338716,0.22129413907138562,0.3281477046831754,0.7876487328303545,0.22534277906895367,0.6516857423775606,0.3402153849932674,0.920805801381558,0.26417943136848476,0.22191793818608227,0.2740236962404772,0.24019644647795166,0.2482537161135685,0.24228666841636715,0.23129986530809873,0.6328839538390959,0.3023464654924191,0.3149467779630937,0.3622380245322201,0.3887861507806581,0.6445845108671866,0.2447518976698968,0.22214878331156648,0.20898916799528638,0.22975270538770196,0.4927581720426521,0.26632838488713334,0.2469823901653363,0.498549691831087,0.2711192633456692,0.23239552369967217,0.3283210405012149,0.3423117990692958,0.2685522052791897,0.26630691389776195,0.25080902860906384,0.22151576850402216,0.2304635249705217,0.23109443377912128,0.18631380768522143,0.19797346444535563,0.20407982269260283,0.22890945621747763,0.2071990828737879,0.2072509957508371,0.17353972644937096,0.2894904907747845,0.23162724784809727,-0.2923657206073616,0.22959787251171948,0.21309737121401204,0.19860649608062922,0.18953584335472762,0.3767295646243375,0.24825897994128845,0.6387857223682953
UCSF-PDGM-0231,0.5440208620111496,0.9466362367665867,0.43123109127328163,0.688703113186432,0.713036966835832,0.5844896167092231,0.6234374467327448,0.8814197678236972,0.936072840389333,0.6825598183410495,0.9507994592041789,0.9494510618887044,0.33415562012864625,0.9622446208717353,0.662846750813882,-0.2454249300990652,0.6406351566574847,0.7405601025127045,0.6996942255726986,0.6786153169420791,0.5349171440808772,0.9791445662418252,0.8224129972979042,0.7120643923877557,0.8485594653339487,0.6104470150672313,0.9527403191081035,0.7214047084168446,0.7382303015592526,0.7978428854628266,0.9978213469400837,0.25475222770200767,0.638762434762987,0.8990420452095553,0.9900576811141358,0.843396900985638,0.6376242051559242,-0.18644000242716258,0.6996674785959183,0.9195879909779903,0.6947104425280537,0.9282491623031166,0.5726999082129425,0.9308233950034718,0.7045579869143238,0.820587445862624,0.6693432658115849,0.9135654153971645,0.5409163080852972,0.47051732961197823,0.928728886319096,0.993026535388455,0.9894182355202616,0.8955289843576059,0.5420352306974848,0.663869150614124,0.9801252917582278,0.30084416089458726,0.950242349101221,0.6282770523973623,0.9821789556818145,0.162993503388844,0.9396206414625566,0.6029114086500069,0.9835312109589639,0.9656601599254265,0.9172049997972468,0.9118743531370054,0.5477544110675238,0.9094367468914955,0.6660679658582385,0.285229223820003,0.9363045476431111,0.7196487148124807,0.9242896130362631,0.4544816143374713,0.7412239174492878,0.9030511085826218,0.6530851231819685,0.6659938308154325,0.534862864406868,0.22828962558266946,1.0,0.9997382828623903,0.9961224788474344,0.9998255903583159,0.9999657638529419,0.9981966842360743,0.9993009750373665,0.9985435590834855,0.9990990275366589,0.7202974065194966,0.9995465535808065,0.9997150404447976,0.9784706571772465,0.9958040970304333,0.7190143189864946,0.7235339682021774,0.6686514547740422,0.996235400100524,0.9981328112219539,0.7214181887492679,0.9964780411744191,0.9948154065608356,0.998553324193593,0.7199402631789136,0.9915211249672078,0.9995491090156472,0.9964753765789889,0.9964735136616834,0.9982659798051071,0.7228054114646227,0.6910010504084744,0.9963231462647658,0.6946653517979228,0.9976681507066687,0.5408349941564847,0.9963637341253917,0.7171156671540428,0.845454748568481,0.7066511819709549,0.9497267595005947,0.9998635931148186,0.9864718056990301,0.8697137175734169,0.7119239244642703,0.9988380494156017,0.9988645724924735,0.7123244089568346,0.9957337123419876,0.2150370861643825,0.9990554290687025,0.7872873507420691,0.9075036070295242,0.7069027815327208,0.9168044976354464,0.4226490231179627,0.9299620593081821,0.61530898002334,0.9203781579445023,0.6271162762562728,0.9216871926624424,0.22626280189566486,0.9768950129306208,0.9573899561271954,0.7632503415343964,0.7219027650118436,0.9961144872439277,0.8144323684585474,0.6177272854719387,0.7195095534539826,0.6858795911960917,0.6445141724481018,0.44566523404916997,0.8640889372763506,0.9954401231577324,0.6145929041716739,0.9986435274006443,0.9959787417292619,0.6844825146958055,0.7146209890888673,0.7009684391709188,0.9479306855353363,0.8977246572043109,0.5419696267183463,0.6519520354090197,0.6772337089477384,0.9969841551802677,0.9923489795390941,0.9523967142268571,0.9927803924229637,0.5515010625724085,0.8495358900980053,0.821432789172181,0.6265826091859614,0.9817404295745893,0.9439515598501249,0.7074576425940277,0.46738740527848627,0.9874169560113161,0.989669777490416,0.9675191732237212,0.7232439174283626,0.9993283534740042,0.9984356556421399,0.9392607113355419,0.692533623210845,0.9780146874626909,0.9999506226575658,0.9724565426227664,0.9834466185584342,0.7014424331416035,0.7265163580684079,0.9982717155555824,0.17826435180392647,0.9997704600431025,0.981802234271465,0.9673807528203943,0.18041135798896293,0.6550290175921736,0.9948445805003805,0.7179290000783292
UCSF-PDGM-0232,0.5450576435868757,0.9475209130756638,0.43167166655630373,0.6875918863371423,0.7124264840605109,0.5859543834608155,0.6227641551911217,0.8789023074377741,0.9313736931786093,0.6837194085028195,0.9476072179242206,0.9505036502145475,0.33677831380668866,0.9590406032252738,0.6615269391902467,-0.2462358614637034,0.6395509057055461,0.7353154266451797,0.6992045984032951,0.6769106906738755,0.5284483435462779,0.980527329831991,0.8171900109189617,0.7100032114850616,0.8478529010996944,0.6092569706847385,0.9531783091740283,0.7228415229225343,0.7267600097872573,0.7890107193494782,0.9981217120853981,0.25609851140505885,0.6401244246087243,0.8958180774480272,0.9877744132416291,0.844971337054464,0.6354260989994226,-0.18459061232713528,0.6959194168379903,0.9203158280075809,0.6935285877186317,0.924203098690069,0.570368628677576,0.930957011404087,0.7039384514665694,0.8224672636287561,0.6662088010896268,0.9060374670159947,0.5402267628071866,0.47120273671310964,0.9281365272094908,0.9908460070512032,0.9866760852760239,0.8894774358369896,0.5404540631554439,0.6601336091526602,0.9770005486138217,0.30073686335379685,0.9455823265044851,0.6261973096937682,0.9794118768682919,0.16283446309588417,0.9339749423870596,0.6036889124231558,0.9804057340280335,0.9650388706516605,0.9148303814372278,0.909105554962106,0.5417086328898566,0.9037470764408787,0.6653421031190089,0.28562935231510345,0.9308933067749194,0.7197574429535929,0.9227569026697753,0.45283485475722407,0.7397870787387454,0.8961062978107078,0.6530415114098376,0.6658539007263707,0.5337628510525653,0.22968275709490055,0.9997382828623903,1.0,0.9952674071623814,0.999136667001897,0.9998933581903735,0.9989454714228159,0.9998946810195102,0.9995164809942731,0.9979094450173935,0.7198076848897714,0.9996397497692789,0.9999433953819957,0.9734930435367278,0.9947198320401639,0.7195093469328053,0.7250540993359087,0.6706917340534356,0.9962675292636198,0.9992689448318336,0.7213401376122976,0.9962998181559795,0.9932525040779625,0.9994737638777274,0.7212951036420568,0.9890431739293685,0.9986005925517931,0.9963164958377766,0.9963258010628963,0.9966580613779578,0.7234429397022761,0.6931552673144117,0.9956741128838822,0.6966028542870918,0.9986622246699427,0.5354006941764374,0.9957707547525658,0.7167455393883535,0.838137763980648,0.7070333254660226,0.9431624954373345,0.9999797630413434,0.983028136459214,0.8625162696249391,0.7136376174912356,0.9996791533802241,0.9996930208948607,0.7102482635879968,0.9957808801737278,0.21849680542178468,0.9984647580778988,0.7845079188668717,0.9011575850945159,0.7041126701616364,0.917996173613211,0.42064094024709464,0.9297748860463464,0.6168745682989042,0.9217266375329412,0.6290661527739483,0.9230372722961239,0.22243962962873537,0.9732964814231021,0.9582699143305096,0.7623058350794564,0.7220364081298519,0.9964947251843806,0.8110948435013544,0.6161204739979756,0.720928715739943,0.6841304135494348,0.6405105465171007,0.4453655900143479,0.8614027540659027,0.994544415017711,0.6165710230192742,0.9988090086146653,0.9964260796162712,0.6845767028043306,0.7151446226041741,0.6995917606867835,0.9493047691826686,0.895165364472419,0.5432670030561659,0.6528295357997624,0.6758380829191216,0.9973469408765766,0.9903879596216748,0.9458526694441677,0.9904036926627746,0.5482338606288718,0.8453146035324081,0.8174565032136499,0.6246895203988242,0.9825730057850509,0.9425563436239005,0.7066141525955427,0.46754427682301536,0.9871476721202707,0.9893790080862942,0.9628479292838322,0.7242522783456237,0.9999051423152888,0.9990511471534643,0.9314050412628847,0.6875511542644451,0.9734159388535566,0.9999162585989666,0.9668697213745797,0.9795463430084778,0.7005024872075152,0.7247834006718332,0.999354878719865,0.18168791158395667,0.9999989449405564,0.9773040283388759,0.9616757000158493,0.18359215059616776,0.6547079915380609,0.994080032433708,0.7182655220010425
UCSF-PDGM-0233,0.5595943439326342,0.9565074352139983,0.4506497563085123,0.7020453857341648,0.724420964109468,0.6048732572016678,0.6166548791780607,0.8956236651219839,0.9417465334759791,0.6822730446927762,0.947394162408705,0.9504289351571514,0.34021207819404803,0.9643246512094505,0.6703584980299543,-0.251649751405628,0.6593613948793491,0.7543713618656165,0.7132344963295328,0.6945471236396147,0.5553468407959413,0.9769571616013548,0.8080659235377634,0.7245788430970166,0.8625081311448481,0.626892204480634,0.9438794492231236,0.7285724281181475,0.7263099328945217,0.789609045000659,0.9943321368931576,0.2481780793106857,0.6543898446652513,0.9017853771721817,0.9923803017545992,0.8497710628073682,0.6430530864994777,-0.19239387926980275,0.7130286149619889,0.9245318660870967,0.6991403670689733,0.9350275918488786,0.5976880127189556,0.934020351213381,0.7140403649559688,0.8252966654304432,0.6769049716491178,0.91398730538854,0.5445627711759029,0.48128413083501753,0.9180216171238287,0.998232812602636,0.9899998319409913,0.9117070449199923,0.5496531110150926,0.665830588243229,0.9837949482836198,0.3326424475811709,0.9620377682110928,0.6512689789887686,0.9834870152559199,0.15403428571847752,0.942584637343342,0.6245068993239187,0.9914015367024129,0.963417058321723,0.9222184915836507,0.9211987952083294,0.5428535150595216,0.8927590259045627,0.6644689470107756,0.2804734086944964,0.9384586463509125,0.7282584272772965,0.9381621951430409,0.4490373022186318,0.7366441698597187,0.9191272169518879,0.6502495915962678,0.6573799558230716,0.5474206511487403,0.21781371304939498,0.9961224788474344,0.9952674071623814,1.0,0.9964339614215835,0.9958733907904374,0.9926335954608321,0.9944548961368036,0.9932699791006383,0.9963110515747581,0.7306453937490824,0.9957131147493901,0.9953128190903059,0.9800387046198351,0.9999497254609901,0.7289126100202443,0.7314510533731903,0.673131677213308,0.9984445000878894,0.9926755918295307,0.7312744578720962,0.9995621069580324,0.9995200046002086,0.9935881402771988,0.7287883633482309,0.9966573733890243,0.996453445701335,0.999536730818408,0.9995217534234571,0.9959245344241006,0.7317993704989236,0.7011939693483107,0.9999593997404551,0.7043244637447796,0.9918297211561495,0.5336114646081296,0.9999343088173153,0.7279899083114185,0.8427353037441788,0.7145412624264901,0.9613314580975281,0.9955574874735005,0.99272693665214,0.8877520385546775,0.714130184762528,0.9937129413316373,0.9937537261886509,0.7244869181494762,0.9989808933739862,0.19866568626442288,0.9950054934995141,0.7619633997034463,0.9158537228100317,0.7175842546750107,0.9197428270198306,0.4242892718599417,0.9322748954321621,0.6259411456784343,0.9213909059987138,0.6236545228428624,0.9225848042738851,0.22055004012506502,0.9802432974736383,0.9590619993847309,0.7764632584164657,0.7315049352961204,0.9985419858156775,0.8241688623348958,0.6294000058902672,0.7259917983344926,0.6922126645851238,0.6260818686626274,0.4372731430123804,0.8826230660336741,0.9989766027170875,0.6053681808079845,0.9950295548780035,0.9927657879400494,0.6848646066303019,0.7206207382015026,0.7149090766224759,0.947194963945778,0.891976827145331,0.5321875942499357,0.6441512071221926,0.6936493336822002,0.9924959159999868,0.9973904956079387,0.9651250642264361,0.991757862069036,0.5745234949716305,0.862818030372083,0.82080512909563,0.6453173211352088,0.9801770771399582,0.9554665664103247,0.7299503492388271,0.4563641008605286,0.9862908016775161,0.9883074165007095,0.9618123573660217,0.7317872104968485,0.9945013725178353,0.9930224226227241,0.9505731465649083,0.7080378168040509,0.9856026426657549,0.9958151102029542,0.9747415545703222,0.9902293359108142,0.7143766589095611,0.7163201644889532,0.9928740730718688,0.1527526800838774,0.9953371907774646,0.9822598732558576,0.9762395370138284,0.16535887472293986,0.6314067470831108,0.9932816107080068,0.7204991598686598
UCSF-PDGM-0234,0.5429633663347118,0.9455466725225296,0.4307040807192762,0.6893430073559722,0.7132586333841172,0.5830670290786497,0.6237451577890047,0.8831328603753598,0.9395457533319846,0.6813483054398358,0.9530364882609996,0.948223329629479,0.3318848994553302,0.9644868221652297,0.6636669579563919,-0.24466768238863035,0.6412716823602816,0.7445542314424938,0.699822408967879,0.6797435499397566,0.539990394886516,0.9776357710446386,0.8263576557985696,0.7134707199010941,0.8488069770476018,0.6111816206008236,0.952013040293797,0.7199518079661466,0.7473076424419346,0.8047434478501057,0.9971889245081675,0.2535543232645965,0.6374026881921686,0.9013250594785356,0.9915374312057872,0.8417843118693387,0.6391711997006329,-0.18787740928163957,0.702455709211373,0.918636959580078,0.6954056629057517,0.9311919637761795,0.574380814160062,0.9303530980755775,0.7047903340328914,0.8187344086254532,0.6716423516158799,0.9193563664356932,0.54126931139257,0.46977520401260175,0.9288520553681037,0.9944212615224275,0.9912728443200206,0.9001216694144486,0.5431156793932811,0.6666610522582874,0.9822958381407872,0.3008150070474451,0.9536778238303663,0.6297310477264129,0.9840567243249205,0.16306008476912193,0.9438648992462602,0.6020427222293933,0.9857010346582153,0.9657926145556586,0.9187875957141312,0.9137808080404509,0.5524773441099591,0.9137286141617761,0.6664020502838921,0.28479189017261375,0.9403586913339552,0.719280684712741,0.9251821645261675,0.455649585736384,0.7421092448283904,0.9083700929895658,0.6528672873164311,0.6658496154161084,0.5355533041827933,0.22706374590919612,0.9998255903583159,0.999136667001897,0.9964339614215835,1.0,0.9996368222747117,0.9971980449216795,0.9984285083844561,0.997361811830839,0.9996824343533719,0.7204176716845798,0.9990825849121563,0.9991406689770747,0.9821544443196155,0.9963028060798355,0.718331177594844,0.7220122255821544,0.6667263849201132,0.9958225686939184,0.996817984805574,0.7212019500338848,0.9962368374996352,0.9957052370239204,0.9974144172388897,0.7185548508819186,0.9931592375740758,0.9999355458794961,0.9962183837885162,0.996207404433895,0.9991912201828176,0.7220044681734401,0.6889742940287837,0.9964663507272447,0.6928140891660728,0.9964694756006908,0.5450614295626323,0.9964611629109378,0.7171395360800453,0.8510999096891297,0.7060649919605511,0.9547169698764308,0.9993807467065813,0.9889002458961782,0.8752518804323691,0.7102486722096397,0.9977637980191791,0.9978006422251032,0.7137428518723745,0.9953087987414301,0.21212928168263956,0.9991499288481852,0.7892508341839284,0.9123320397877567,0.7089061775460482,0.9154758895250849,0.42412431537928763,0.9297539746292949,0.6137921264447804,0.918920155736947,0.6252811253668542,0.920227376262558,0.22929606038358344,0.9794535919982154,0.9563000704023851,0.7637252037449699,0.7215135207507852,0.9954175226883019,0.8168409195539467,0.6187992953737258,0.7180717989079578,0.687041374899837,0.6475324369426241,0.4457369032977153,0.8659464928818631,0.9957850442709125,0.6127395574009291,0.9981208989775675,0.9952270525267024,0.684140001132932,0.713916200311249,0.7018202761781671,0.9464410892149596,0.8994655724353444,0.5407001894166726,0.6509826854483662,0.6781102244462167,0.9963011003514599,0.9935647719819964,0.9573693823955255,0.9943353594458346,0.5539542392299224,0.8526522813190346,0.8243600789013109,0.6278848863534597,0.9806797748090523,0.9447242373332799,0.707871690705496,0.46707796652289607,0.9872536065412637,0.9895230935718616,0.9709571040383518,0.7221400731445228,0.9984696865759235,0.9975457400793573,0.9453092279539794,0.6963323357381614,0.9813893634814911,0.9995906315309844,0.9766399928276327,0.9862489852104879,0.7019375577469833,0.7276491306551772,0.997000077882519,0.17540033642147887,0.9991959609754508,0.9850933620427572,0.9716626915846536,0.17774469343875351,0.6550368956930648,0.9950826596420186,0.7173756769212984
UCSF-PDGM-0235,0.5444287419303675,0.9470134289272644,0.4314165065055026,0.6883427966789715,0.7128592409581923,0.5850547452018622,0.6232315885160138,0.8805624590422098,0.9344297133943759,0.6830204899493751,0.949702273180169,0.9498891582755974,0.3351244461948011,0.961143866913412,0.6624094263148922,-0.24573307611181375,0.6402816927630929,0.7387078422974518,0.6995594071561391,0.6780397570231883,0.5326096888821159,0.9797038820278127,0.8205735283824037,0.7113618871436178,0.8483551758738793,0.6100534612702715,0.9529563127595847,0.7219679999591447,0.734126082054214,0.7946964838553795,0.9979902854989621,0.25525457541875546,0.6392936682009169,0.8979302560786978,0.9892916449798269,0.8440173422228142,0.6368676755221786,-0.18578234019979914,0.6983540758463453,0.9199068195800859,0.6943249427451685,0.9268417842683344,0.5718912862721715,0.9309279716683521,0.7043764743022815,0.8213169659905297,0.6682499699978722,0.9108977449386133,0.5406995843115961,0.4707936750023067,0.9285707495328851,0.9922978397628655,0.9884861820166057,0.8933942409704358,0.541496072869392,0.6625581132790059,0.979054292040006,0.30082353040591925,0.9486142297902641,0.6275627702510713,0.9812374480100929,0.162945827466413,0.9376353590308731,0.6032290658452991,0.9824601516397721,0.965493790701804,0.9164015196921829,0.9109279752373952,0.5456007396783604,0.9074337359827397,0.6658456685831943,0.2853911868355179,0.9344038688601192,0.7197315285834486,0.923791080947461,0.45391344108376724,0.7407490001402858,0.9005937248835957,0.6531088130112097,0.6659834621456102,0.5344973076630667,0.22880731918274236,0.9999657638529419,0.9998933581903735,0.9958733907904374,0.9996368222747117,1.0,0.9985278406811907,0.9995761050106712,0.998955806495487,0.9987291260652845,0.7201637989351114,0.9996406629375598,0.9998580471894961,0.976729370276713,0.9954720900287521,0.7192368198831645,0.7241275242117787,0.6694298330605843,0.9963072212996754,0.9986040678319723,0.7214335509832204,0.9964737922045795,0.9943102156166022,0.9989465892627394,0.7204738160430204,0.9906847599504326,0.99926642884622,0.9964781235909215,0.9964803001018985,0.9977447150076512,0.7230796841058011,0.6918219907068656,0.9961485948261694,0.6954081274556878,0.998087995962277,0.5389020776081005,0.9962094599932804,0.717025124659938,0.8428592684052236,0.7068321052482281,0.9474098408477729,0.9999660312793636,0.9852858332381507,0.8671629399754991,0.7125867906561932,0.9992026357915984,0.9992245829274324,0.7116165067456348,0.9958109427438172,0.21630146812680057,0.9989021525356658,0.7863295981296301,0.905263075578926,0.705936308685531,0.9172909295714892,0.42194823489817684,0.929950553621926,0.6159124382125173,0.9209215220271766,0.6278594458048289,0.9222312145865745,0.22489362485521655,0.9756524477567149,0.957766091559344,0.7629548328504369,0.7219947267895275,0.9963122128213237,0.8132743926975758,0.6171834260606435,0.7200663456314128,0.6852883559108336,0.6431049988176121,0.44558378259985765,0.8631695538318703,0.9951762955755499,0.6153455322749548,0.998763727837174,0.996200729297192,0.6845579443005959,0.7148535712027136,0.7005128494058543,0.9484849755908399,0.8968532028380375,0.5424716403659142,0.6523088249958185,0.6767698315851989,0.9971756207957178,0.9916996396325379,0.9500872702694795,0.9919807263029145,0.5503526345140155,0.8480603771027418,0.820044195217191,0.6259357377670387,0.9821008982773922,0.9435039478063619,0.7071953003638884,0.4674723891010465,0.9873792225915922,0.9896244088473083,0.9658880391243474,0.723652347535811,0.9995973661359121,0.9987186131985704,0.9364760559470202,0.6907733016763288,0.9764104092962114,0.9999986176186961,0.9704945406177201,0.9820953078201303,0.7011448391104742,0.7259334452602275,0.9987238210364761,0.17951343272218984,0.9999135171435696,0.9802345514767811,0.9653756794928239,0.1815727592430041,0.654952483550629,0.994628157808368,0.7180941034262395
UCSF-PDGM-0236,0.5413959656389168,0.9421448692505414,0.4289096830562052,0.687115148538572,0.715597871494568,0.5874655117766636,0.622842351443344,0.8787037241083351,0.9304737136063814,0.6904229784765791,0.9485931501311329,0.9503208759936326,0.3418219950638796,0.9589783811840636,0.6673496142917742,-0.23797034637857875,0.6414712953244693,0.7217064948932507,0.6991018193055113,0.6774762006302694,0.5280915879576114,0.9825028241123228,0.8196806762273886,0.7117237173290418,0.8470961450973106,0.6098183181497959,0.9560076579514915,0.7282148523696783,0.7228534546786861,0.7850513800046907,0.9976862876234107,0.26201926566509337,0.6441917632187407,0.8967686759221615,0.9862772893301273,0.8420477799034817,0.6402517181104972,-0.1758237241335121,0.6966246028291768,0.9142273958590512,0.6962310685353442,0.9226851848196319,0.5670049053849376,0.93098153216417,0.7082942242121015,0.8289968717828836,0.6690145674126668,0.9027274127127243,0.549975145685275,0.4715762696061636,0.931286389302289,0.9871347956442239,0.9837562846853578,0.8871764214821317,0.5382857949911661,0.663274601877908,0.9756940785806578,0.29386886420852343,0.9431407878617949,0.6232149015823107,0.9768594920088132,0.16101006749969932,0.9293958665651237,0.6026070161073585,0.9764655432999185,0.9678633360214616,0.9172688436892844,0.9002317287823437,0.5424469753112348,0.9045746097260705,0.6719422855755817,0.2964303498240475,0.9235086192606664,0.7239649622188603,0.9167890545837802,0.4577945742461023,0.7467206739892387,0.8924057795294021,0.6608650544207559,0.6731400620271818,0.5367086392543202,0.2314090367994106,0.9981966842360743,0.9989454714228159,0.9926335954608321,0.9971980449216795,0.9985278406811907,1.0,0.9991494294590723,0.9991248374758485,0.9955309577629001,0.7232121072067474,0.9986810179959283,0.9988806153669663,0.9675941842535087,0.9918728105817679,0.722231234413198,0.7302727129801376,0.6777012406115408,0.9960878015672089,0.9990296016101252,0.7251185961290522,0.9942967306050637,0.9899608213472517,0.9991744172128678,0.7247987290758465,0.9865451168809038,0.9964209393593179,0.9943314561072364,0.9943511826592756,0.9938669102776472,0.7278685681067149,0.6984613749772448,0.9932321284229062,0.7033422855533759,0.9999424427671475,0.5399910320240415,0.9933809839067606,0.7195487372598321,0.8207131113475757,0.7098950145214195,0.9377726550672156,0.9987897305597337,0.9796388147995836,0.8594456290649097,0.7182295150187956,0.9991645528704121,0.9991666178166622,0.7121838663840022,0.9941756879469567,0.2367888486673465,0.9982861035560507,0.7885166430060537,0.899156486760827,0.7057349104229051,0.9191033343914894,0.41464757311156275,0.9340949126022593,0.6146061974574193,0.9254179560586518,0.6391234894460847,0.9274585988822908,0.22329617604394258,0.9710106964512905,0.9554919507811841,0.7510437920091649,0.7260067186278776,0.9950132526514872,0.8144467902370415,0.6188526517299899,0.726513835383213,0.6850136387692517,0.6402185218291012,0.44828012010753693,0.8508079709964259,0.9936165341970904,0.6285422768449789,0.9981489109831762,0.996366600437165,0.6913166453865404,0.7199573573307443,0.6993999960394884,0.9520708757801178,0.8984530278334575,0.5341001350491795,0.6584541213479529,0.672927450675041,0.998463726238274,0.9886173619192496,0.9368350417196927,0.9891830095678938,0.5449650324215258,0.828910914455463,0.7996294424805584,0.6290461405051714,0.9840369112277875,0.9286527739239527,0.7010414418339626,0.48130448117657615,0.9871456145760859,0.9892151247503467,0.9609179271521807,0.7290117920948923,0.9991441243256657,0.999983012109645,0.923948943982418,0.6867906965632273,0.9689610987364643,0.9985861348162628,0.9604121807592901,0.9757357519011548,0.7039630254402591,0.7307598499084456,0.9990660990893538,0.17402320691402232,0.9989134726442203,0.9735206455350419,0.9562008674036861,0.1763766772394436,0.6638072124209604,0.9930469122035632,0.7231027487423312
UCSF-PDGM-0238,0.5455674634663108,0.947825031392523,0.43183402811942045,0.6867003612417056,0.7118458856181823,0.5867246142548173,0.6221680414638716,0.8770667742963408,0.9281398883839476,0.6842695108248099,0.9453249696025668,0.9509134803572077,0.3383507319600932,0.9567477816940144,0.6605101633358792,-0.246683489887016,0.6386895296345078,0.7317887457996274,0.6987042569216564,0.6756456190755712,0.5242012271730004,0.9811384719530912,0.813654873022125,0.7085029666684883,0.8471746020251222,0.6083367008707043,0.953197520449617,0.723556877000928,0.7192862011041949,0.7831936114330444,0.9980414205671204,0.2568830841337259,0.6408147560956038,0.893529755188108,0.9860579064416851,0.8457408566612696,0.6338592270101615,-0.18336729496362603,0.6933528584822692,0.9205278316061482,0.6925906462511715,0.921385547324833,0.5687349265115068,0.9307891617305194,0.7033544133455986,0.8234366198478107,0.6640395626150282,0.9010159826978997,0.539642734353546,0.4715096896680383,0.9275088934984371,0.9891938433956462,0.9846687675286502,0.8853970538354656,0.5393043395162938,0.6575847039492824,0.9747531443786636,0.3005871905762558,0.9423694863562699,0.6247080301535619,0.9773907158975035,0.1626893850589607,0.9301399516177857,0.6040183403232937,0.9781569402949439,0.9643828706119656,0.9130757163658573,0.9071023807948296,0.5377262782044517,0.8998923931045884,0.6647010854314692,0.285805683387677,0.9272078894256895,0.7196311132664892,0.9215341821700942,0.4516672957633285,0.7386748266267241,0.891457443180352,0.6528366425687316,0.6655844521763108,0.5329201809929696,0.2305042173474245,0.9993009750373665,0.9998946810195102,0.9944548961368036,0.9984285083844561,0.9995761050106712,0.9991494294590723,1.0,0.9998624722264619,0.9968840077776513,0.7193016928586558,0.9994276210552867,0.9998169272173199,0.9700711542396196,0.9937620723619796,0.719628148112497,0.7258217080137099,0.6718040690834242,0.9960175754754368,0.9997185426008822,0.721094888130524,0.9959164109322687,0.9919915011896779,0.9997864726626856,0.721958874078717,0.9872028183976543,0.9977278969239484,0.995945354576401,0.9959617422001079,0.9953675768688658,0.7236510738277346,0.6943337874298513,0.994992199505718,0.6976429581107317,0.9990218662892255,0.5318079649178762,0.9951243750806378,0.7163162470509452,0.833268536845539,0.7070838995804558,0.9387422860159683,0.9997821163041977,0.9805767740991408,0.8577162598901406,0.7145311171535316,0.9999414768896843,0.9999473121181538,0.7087384590151159,0.9955405987720292,0.22063231721856488,0.997819111798479,0.7825318082520221,0.8968872236128536,0.7021515997774046,0.9185030600122956,0.4192528982649567,0.929403852373122,0.6177003687911586,0.9223319858353771,0.6301324325299171,0.9236432800070281,0.21995390037272555,0.9707495171389533,0.9585681228129685,0.7614998016739781,0.7219252657836513,0.9964655454042632,0.808757471598347,0.6149339501854766,0.721633390519059,0.6828351200751315,0.6377968967276706,0.44505465028810187,0.8594649338551043,0.9937063209394844,0.6176586098799808,0.9986429619965862,0.9964394857919322,0.6844506953661692,0.7152827551460623,0.6985285803916872,0.9499188770693446,0.8932988804747716,0.543942626734202,0.6532090659921741,0.67476932808411,0.9973064583731318,0.9888751735286354,0.9414445568942755,0.9886272004426383,0.5460124277678448,0.842407299324072,0.8147121834526609,0.6233190608000221,0.9828345611332799,0.9414154750525595,0.7058873145868215,0.46751692644963766,0.9867089804943038,0.9889260808611335,0.9596232854597064,0.7246954442618649,0.9999997264441187,0.9991705154808536,0.9261687711244607,0.6842037748450485,0.9702344175016205,0.9996231323014931,0.9630631559667668,0.9768062603554563,0.699716117207991,0.7234873659683423,0.9997708494126578,0.18381047233427653,0.9998725441476559,0.9741852349176691,0.9577955394463972,0.18556018631262855,0.6543266825056124,0.9933252706010296,0.7182841065420994
UCSF-PDGM-0240,0.5460093533412813,0.9479281295912847,0.4319082010378726,0.68550451651124,0.7109988573479004,0.5874534663991516,0.621326409522488,0.874743105064737,0.9242052208713322,0.6847216639652903,0.9424732294448223,0.951136580730785,0.34006030662893294,0.9538810136723447,0.6591779463958896,-0.2471313880229988,0.6375405175949669,0.7275700386156937,0.6979523285108815,0.6740257674725426,0.5192127987839185,0.9815838204417622,0.8094053903981442,0.7066059056483379,0.8461810314310446,0.6071282173077194,0.9529736653118797,0.7241877346741652,0.7105602711075832,0.776344339965014,0.9976922977426196,0.2577133837414777,0.6414383573776167,0.8906844310620116,0.9838421441807499,0.8464021016648379,0.6319052789795968,-0.18192210409449425,0.6902412105745817,0.9205327081567987,0.6913402418084351,0.9179282811432484,0.5667214046454565,0.9303573276261875,0.7025056442582611,0.8243319731466193,0.6613894978123316,0.895045499471533,0.5388361938682985,0.4717388580532258,0.9265525026316416,0.9870507984008726,0.982121049113559,0.8805060112454387,0.5378514572407044,0.6545024523863433,0.9719336322596311,0.30033864240117925,0.9384551059919967,0.6228451081593803,0.9748290554523146,0.16248164810689703,0.9255177833793723,0.6042390201957575,0.9753349626117993,0.9633845561135351,0.9108351704930578,0.904579399940129,0.5330369094801153,0.8952555220148933,0.6637971726929026,0.2859334769123553,0.9227573972707865,0.7193011776286868,0.9198993167309137,0.4502166323587929,0.7372133505137369,0.8859152348681613,0.6524341837567581,0.6651049097114903,0.5318198201487995,0.2313834714420639,0.9985435590834855,0.9995164809942731,0.9932699791006383,0.997361811830839,0.998955806495487,0.9991248374758485,0.9998624722264619,1.0,0.9954551500932145,0.7185379958585805,0.9989274882611254,0.9994145797275757,0.9659107463892889,0.9924113560005857,0.719578328252818,0.7265116938154879,0.672901909206189,0.9954750987300558,0.9999745003590923,0.7206286834418584,0.995221460871748,0.9902947204889184,0.999885987643055,0.7225311983776723,0.9848452369371274,0.9964733619343763,0.995264413565879,0.9952888901352129,0.993636236428417,0.7237022987507514,0.6955014484152227,0.9939563799589586,0.6986515951960358,0.9991752093546209,0.527565353681818,0.9941291263906629,0.7156409659129148,0.8274895109098266,0.7069593504269737,0.933449160592883,0.999298440883298,0.9775226939429713,0.852010025282142,0.7153678722122808,0.999983375827223,0.9999800309273634,0.7068304131783575,0.9950092978209603,0.22301570504583854,0.9968240062560949,0.7800718773024206,0.8917761253365154,0.6997295837885652,0.9188454260602393,0.4175586443202635,0.9287401938601666,0.61848473338062,0.9227858785019736,0.6311883907213854,0.9240975880371303,0.2170566961169142,0.9675887253433041,0.9586616973468678,0.760382360591761,0.7216120933561198,0.996175235173864,0.8058779585131027,0.6134195125821648,0.7222525408078144,0.6811788794343039,0.6345314916866462,0.4445845648533239,0.8570289186501642,0.9924923627752058,0.6187421327632221,0.9981956903060184,0.9961978459434322,0.6841302002049372,0.7152561461261857,0.6971335322518117,0.9503756654168207,0.8909356573036371,0.5445744023052439,0.6534743133855246,0.6733740368032356,0.997003015485126,0.9868914797107428,0.9361645579074339,0.9863422293070127,0.5433331561340401,0.8388678378258597,0.8113661088700217,0.6215922744621027,0.9828799937688437,0.9398690162004955,0.7048747125757006,0.46736511064838393,0.9859532304404725,0.9881534918171827,0.9556909674774918,0.7250149745009432,0.9998499318521907,0.999049256029044,0.9199463623232399,0.6802022293984543,0.9663486398951328,0.9990303918382927,0.9584649796965453,0.9734232271728216,0.6986370784391733,0.7218197950142216,0.9999883674772033,0.18618855631544082,0.9994702593023769,0.970370118707205,0.9531146231921367,0.18776124082191917,0.6537222183802932,0.9922066358083177,0.7181201141036393
UCSF-PDGM-0241,0.5402625696841067,0.9442907267629967,0.427146773093469,0.6885282639828159,0.7120403248127467,0.5800967590849134,0.6247979067330913,0.8848242702843894,0.943674628012146,0.678530371210379,0.9555798253368735,0.9469529207917636,0.32852695579979685,0.9670785946171672,0.6630748276083024,-0.24601056476709493,0.6400809674019134,0.7495849729725865,0.6984135469898748,0.679647917195435,0.5449203978137843,0.9757617100864416,0.8310763209628105,0.7136369195051493,0.8498044612093888,0.6101283504498632,0.9511064076392747,0.7167812769224429,0.7578206862236077,0.8126831959617683,0.9960607593092454,0.2492593641549589,0.6347638033583011,0.9041142753688706,0.9929736191069779,0.8404454387737933,0.6394270550920776,-0.1929260259057077,0.7042646904847358,0.9176869458784772,0.6946447274760419,0.9346289962696238,0.5746439626590323,0.9300026365873008,0.7036598504675777,0.8169782008793944,0.6730372000499701,0.9259150590930156,0.5401957336161495,0.4668608059038359,0.9290557326230374,0.9956234877906401,0.9931214073513621,0.9056302332471181,0.5418158609987916,0.6682516959797993,0.984581391621156,0.29910969856977565,0.9576875192667732,0.6296438401315434,0.9860963172271636,0.16103540193956087,0.9486891250803453,0.598924869686079,0.9879517487442064,0.9658964167662774,0.9207622758128822,0.9158718132361052,0.5564069762124693,0.9182030041654267,0.665162435307068,0.28263029507750165,0.9449709397756687,0.7173617288429271,0.926359861411155,0.4542251404761033,0.7440996948952464,0.9146953917729412,0.6512238970004417,0.6639541928816257,0.5338777646401777,0.22412296213255725,0.9990990275366589,0.9979094450173935,0.9963110515747581,0.9996824343533719,0.9987291260652845,0.9955309577629001,0.9968840077776513,0.9954551500932145,1.0,0.7190604084356543,0.9980832122679522,0.9980765723149716,0.9859619233230676,0.9963995695866803,0.7159975873225598,0.7187402408204556,0.6630680381732721,0.9948741698480392,0.9947555344401661,0.7194513436491694,0.9954657456217916,0.9962610629526945,0.9956088518332948,0.7154035410110315,0.9946180294899574,0.9998666751443793,0.9954287809589082,0.9954071137719352,0.9997546359857614,0.7195715584394918,0.6853169664172569,0.9961460415878459,0.6893981225145472,0.9945681247584293,0.5478786041883015,0.9960871632953466,0.7156670220892619,0.857019487072846,0.703788541610068,0.9603564517972051,0.9982926877092081,0.9912881510568973,0.8819610925110977,0.7067086362260088,0.9959829953776077,0.9960319247592644,0.7139794575171584,0.9943882374710846,0.20791037634285575,0.9987640355435721,0.7913269508371786,0.9181016562329913,0.7097568325379213,0.9139234365719374,0.42372628169103943,0.92963319224763,0.6103130715291238,0.9175729650947206,0.6213165685828789,0.9189352709045705,0.22937506798577242,0.9822809020273572,0.955050149952973,0.764996118664402,0.7195608767288844,0.9941122431995125,0.8201803232655495,0.6187354030402495,0.7148956033343855,0.686680456652386,0.6505563223543183,0.4436522117792352,0.8675763945565894,0.9957955241964914,0.6091230228318982,0.9970995157484184,0.994011628194127,0.6822299005763586,0.711608064822381,0.7012546021739113,0.9449257054543114,0.9012248398775095,0.539136173573885,0.6504676923032288,0.6774681840959913,0.9951383768751056,0.9946050890662915,0.9627864752707826,0.9957553968620431,0.5544007694826429,0.8559095903652856,0.8268739319744104,0.6275303814495631,0.9792564050318768,0.9452517546175209,0.7086968373756618,0.4653834986973858,0.9868823009446209,0.9891234252385165,0.9746652199348708,0.7193542844488255,0.9969413485443448,0.9960060042786445,0.9519641378055966,0.699307089746688,0.9848907924136777,0.9986465451527203,0.9810363457646915,0.9890767767751517,0.7009683552326738,0.7280829605210906,0.9949881833335825,0.16881716198228933,0.9980005100619393,0.988463844611844,0.9762329578997937,0.17239117320589117,0.6554708774374943,0.9950590031066554,0.7151719161649894
UCSF-PDGM-0242,0.8965313697787582,0.6387717251484345,0.8189278256214952,0.9928688711772418,0.9996482902689056,0.929820853045739,0.24907448244843763,0.590161686185815,0.6392881969841289,0.6867507551055108,0.6351426854097658,0.6299560670982394,0.3402629196057839,0.6640476011060662,0.678467782003866,-0.2419380262354865,0.9706537013090178,0.3820974396431018,0.9936136954551238,0.98968298272308,0.293911435397903,0.6759671527059321,0.47436565180913964,0.9975401000555932,0.5495484844312573,0.960076817914115,0.6193456333519383,0.7311403167477734,0.42963643188649053,0.45342294050090604,0.7093406137019403,0.7263890558442472,0.9573612428033891,0.5756380822658251,0.7105122359016598,0.5017307636103651,0.6518298847075621,0.2067713537334848,0.7205246854259848,0.5792928379248631,0.9936283379975263,0.6178585913674443,0.929107899119872,0.6054832579708044,0.7193858124153291,0.5001460786512129,0.9788890026266082,0.6133863334522254,0.555414969209328,0.8896856006082353,0.5854527924758479,0.7264597870524412,0.6995264112588964,0.6175231106136907,0.9335463612259992,0.675835297709415,0.6963956599361781,0.678751211384504,0.6767105421258831,0.9645675925246509,0.6883727398455056,0.15263958859735305,0.625321667964379,0.944293179301798,0.7106908989966908,0.6576083164713885,0.6084295232284274,0.5660654133489461,0.5548456643632969,0.5692108682959048,0.672350739329503,0.2904367219069769,0.6048216939810622,0.7321199024777338,0.6128115171272723,0.4570475447224229,0.41754294805744807,0.6318580700429645,0.6580875609967181,0.6649344256826392,0.9101394110174489,0.6185764155850804,0.7202974065194966,0.7198076848897714,0.7306453937490824,0.7204176716845798,0.7201637989351114,0.7232121072067474,0.7193016928586558,0.7185379958585805,0.7190604084356543,1.0,0.7160380786894169,0.7188583732533378,0.7075072121273125,0.7305597760806413,0.7305800579531097,0.9961056413012244,0.6762242849663902,0.7346817591384411,0.7181482655163267,0.7350445549702809,0.7304697078432004,0.7301436543587053,0.7164736589881375,0.7296462741190617,0.7328846420460934,0.7203679655508053,0.7304552870113047,0.7304467227302062,0.7198234231714415,0.7348922272240309,0.7023313202522191,0.7306596597730248,0.707281586319088,0.722681379674335,0.5482935282611023,0.7306532761888305,0.9997195540322072,0.47117354428341146,0.9971294581335949,0.6930922249616304,0.719981691990564,0.7298070611533146,0.5960357261155786,0.9919049975280781,0.7188259359834758,0.718852320020679,0.7301138597882089,0.7269296673725167,0.2104781646995301,0.7246404462972419,0.4122532645056347,0.614329064461668,0.9943498262171289,0.5861736546963732,0.820246790852864,0.6199368537744269,0.932597819603315,0.6067290639727985,0.6300089276892907,0.6219599863872258,0.661658659327682,0.6925294558363269,0.6316990360016114,0.41627363870176026,0.73507506021696,0.7298432672257834,0.5066966446231351,0.9600771793982231,0.7288089786938245,0.9911261350624909,0.2578523091968059,0.827626372898659,0.5361939253434655,0.7328560421622217,0.6136228265304695,0.712349379464791,0.7055550649938911,0.6913430846066569,0.7243405585238843,0.9951585741769366,0.640550348308242,0.5650275886298358,0.12993954423554555,0.2946422918073821,0.9823619437011744,0.7163432858434701,0.7296240922849286,0.6854052400257488,0.714213651574488,0.9140569327667798,0.495012530641843,0.43862099392680165,0.9566530626184218,0.6783681849395453,0.6424123169540515,0.3837607453289976,0.4697708714679477,0.6879194615213043,0.691218324562273,0.6694239380163469,0.7345276665589885,0.719331145504017,0.723465540672385,0.6979420359809028,0.716350307310223,0.7243430049592088,0.7201310013494394,0.7035267780179807,0.7278815754220588,0.7193930463942975,0.3997374441678615,0.7182787825742649,-0.1371728664602839,0.7198499830005929,0.7144830466026676,0.7172409543048098,0.1525399870448413,0.2915445043206203,0.7032582889273913,0.9959055138194937
UCSF-PDGM-0243,0.5459556214235205,0.9531931237077265,0.4242825400107513,0.6845875937034251,0.7090674494362446,0.5878020799512955,0.6399630448525323,0.8863751364555958,0.9398040035963061,0.6813993949908774,0.9547630135517642,0.9575730684153073,0.3439682754484835,0.9657485395693716,0.6604253759548477,-0.24103606582189627,0.6343708227674453,0.7498125899075205,0.695527665265319,0.6756439546720631,0.5377598200646703,0.9846841927239154,0.8286946610646041,0.7067721362534422,0.8606260874670228,0.6043937208098868,0.9596604983966038,0.7185899962706719,0.7369449122845604,0.7999445006411109,0.9992973395224645,0.25498934553299607,0.6414965636095351,0.9060805392516852,0.9908243434230312,0.8566495638428815,0.6350900604507577,-0.1848256467080671,0.6934657346073941,0.92812215857066,0.6901252514267929,0.9328654327261875,0.5712489222909385,0.9396074728985903,0.7015828473881265,0.834784094493995,0.6657453244586805,0.9132709132114183,0.5432901931984551,0.46839165232874974,0.9360120826375989,0.9920174749472427,0.989654748966174,0.8996128898429983,0.5358334425784335,0.6571313346355047,0.9813303152646573,0.3059190662978529,0.9526404643500328,0.6221447400589459,0.9838362537385995,0.16691186389738222,0.941338648118876,0.5986781615938451,0.9837390118659746,0.9711484722025753,0.9243869515592062,0.9172807167506627,0.5424137962444633,0.907303906536866,0.6630261280124937,0.29157819064583324,0.9382629885120801,0.71587506699344,0.9312446895253861,0.44745879285629325,0.7562553361139286,0.9055419058790503,0.6522216384093029,0.6617881590399405,0.5272300947240102,0.23557099312963628,0.9995465535808065,0.9996397497692789,0.9957131147493901,0.9990825849121563,0.9996406629375598,0.9986810179959283,0.9994276210552867,0.9989274882611254,0.9980832122679522,0.7160380786894169,1.0,0.9996501275636684,0.9748262022150228,0.9952398575520178,0.7151368565910882,0.7206755340716964,0.66911054309108,0.9966664539492852,0.9986274965434407,0.7174433129410164,0.9965259529191332,0.9939276772761488,0.9992843575150407,0.716666254683192,0.9902579467357361,0.9986301992431076,0.9965363537109487,0.9965420346337059,0.9969004093320457,0.7193280275830881,0.6909022859462455,0.9960529963077717,0.6946953003094452,0.9983184423681277,0.5321938379629026,0.996131455879932,0.71295540265965,0.8441077292902797,0.7027301461226769,0.9481390979009301,0.9996663575908528,0.9845554657811636,0.8738198272140159,0.7086856967277447,0.9991325366638861,0.99915047309341,0.707046522628196,0.9964944433719214,0.22814456405455463,0.9986335477183135,0.7940874889667159,0.9108739964624347,0.7010200769148742,0.9259096540526167,0.4213434457594003,0.9384382899838176,0.6136884641232137,0.9308890462558759,0.6240008489967023,0.9318428359592306,0.21537160028245955,0.9779733628482972,0.9643262922487551,0.7759512944417726,0.7180746622213348,0.9965395816882442,0.8254840241399427,0.6175219287598194,0.7167376388319444,0.6800128868235955,0.6519150785669454,0.4453641584177356,0.8685074157965361,0.9955938388302713,0.6157417847183566,0.9997207276002477,0.9981545425630606,0.6820107958954593,0.7113730772658325,0.6961378887279469,0.9564783883737287,0.9030629800807859,0.5558702032783218,0.6686479618721443,0.6723948783453316,0.9984395521296152,0.992118998247889,0.9494885235988674,0.9923763394642826,0.5420314207254717,0.8530402025380033,0.8223619411379512,0.6199084676470084,0.9866340170188779,0.9445130672328342,0.7209428799326041,0.4720346855204162,0.9910024048469089,0.9927992570831478,0.9668608484397863,0.7200258708720967,0.9994435236436979,0.9988298043251689,0.9343504017940817,0.6852543344164272,0.9753161182565354,0.9996513146875491,0.9684007600666094,0.9812211917291737,0.6964365387207803,0.7316604308327196,0.9987304533658098,0.1719209530943328,0.9996493896158324,0.9787371369232506,0.963931943983828,0.18072732243144815,0.6687710042071967,0.9965847713170265,0.7136948171891212
UCSF-PDGM-0244,0.5440193776494064,0.9478476624502614,0.42946552101322183,0.6866234849060745,0.7114961816908082,0.5849702881552046,0.6235551208492951,0.8791980786640288,0.9320878178822446,0.6827295795678798,0.9481149231696859,0.9509363929378349,0.335967534912741,0.9595911372216925,0.6605584954381183,-0.24824415008736,0.6382707723187293,0.7362029864386808,0.6982195657161849,0.6760756072031296,0.5282744535814474,0.9807418149850486,0.8179126646975371,0.7091674826842345,0.8487669596508262,0.6080124773240845,0.9534750697126011,0.721797339767308,0.7276622287758974,0.7897587492581615,0.9981712946119132,0.2536321757929034,0.6393606853873897,0.8964475052342981,0.9880599058032733,0.8456253202589779,0.6344853755669719,-0.1876825279145981,0.6952022695216991,0.9207697104438951,0.6925541970125564,0.924829148149999,0.5693230561766693,0.9314632768777359,0.7030626209517423,0.8230347123363683,0.6655389883643031,0.9066860864033797,0.5392208826518958,0.4696446867506178,0.9285908383441029,0.9910203046696925,0.9869636941548233,0.8903229348196222,0.5386493377575509,0.6592332021775297,0.9773700520623119,0.2994653855261148,0.9462425849233892,0.6251068861489633,0.9798256493188608,0.16113396041840966,0.934566721662339,0.602187365468691,0.9807491068822186,0.9654209550033167,0.915457956723464,0.9095237752413221,0.540963015360764,0.9040341788747916,0.664302701004162,0.28429858207938236,0.9314790220813784,0.7187827593660455,0.923312964551697,0.4508589942418736,0.7409128247983561,0.8969837007361453,0.652127857363286,0.6647158705611151,0.5320029557778679,0.2283413913051003,0.9997150404447976,0.9999433953819957,0.9953128190903059,0.9991406689770747,0.9998580471894961,0.9988806153669663,0.9998169272173199,0.9994145797275757,0.9980765723149716,0.7188583732533378,0.9996501275636684,1.0,0.9737713326348174,0.9947798975570515,0.718465703856916,0.7239865452674664,0.669621882888619,0.9962780878094963,0.999156654061468,0.7203659857749004,0.9963019608520484,0.9933431745287105,0.9994184244911206,0.7202017078295025,0.9892144211487203,0.9986211564697473,0.996317402149793,0.9963259934954254,0.9967207180853267,0.7224263707156404,0.69215302525902,0.9957063524435591,0.6956486769563356,0.9985817085520602,0.5341991309940095,0.9957994108171556,0.7157904880112296,0.8383649851657982,0.7059625035820359,0.9437795820133368,0.9999324330876774,0.9832611654205232,0.8635047318070337,0.7124859282867524,0.9995856446846269,0.9996003180221533,0.7094573241085259,0.9958222703565822,0.21764435393863182,0.9984854528188453,0.7847947105962058,0.9020168081520807,0.7033078120170693,0.9182845619348938,0.41913946789415996,0.9302866381789361,0.615695109543801,0.922293710792584,0.6277380272423859,0.923628376285206,0.21989324698256907,0.9737517357453328,0.9586125878927415,0.7632265299887993,0.7210496071362194,0.9964611729746958,0.8120686102957706,0.6153131602760309,0.7198735571600476,0.6830817464475725,0.6406100842082001,0.4437264391618565,0.8614802309733269,0.994670690340865,0.6154927486836695,0.9988568405464815,0.9965199673676287,0.6836074639311419,0.7141419805385218,0.698653970745786,0.9497678074505689,0.8954501778060571,0.5433364626662935,0.6535327550064254,0.6748230413421852,0.9974082934364844,0.9905874719305305,0.9463054042184754,0.9906287699668622,0.546659563909851,0.8456103426862032,0.8173153360086479,0.6235037181625608,0.982778247629086,0.9426848808074076,0.7072295346471654,0.46660187808793885,0.9874015689069332,0.9895927432909879,0.9632575277088646,0.7232141079773565,0.9998284660077219,0.9989948020349022,0.9319200218738304,0.6868940037785803,0.9737228333043739,0.9998785227803814,0.9671870919179242,0.9798085752437719,0.6995229470184834,0.7244970498922342,0.9992459596451215,0.1788961314834837,0.9999444578289542,0.9775746331337929,0.9620533087721036,0.18169655275652935,0.6553561072146119,0.9942780729077035,0.7172108009494595
UCSF-PDGM-0245,0.5216706778933795,0.9160396171226185,0.41695416179421785,0.6822746132184797,0.7015096709890857,0.557311559746233,0.6146173485064895,0.8830734867231922,0.9561029069176555,0.6557919661953203,0.9568831870382599,0.9172723808984378,0.3025119384275828,0.9681611592086992,0.6589177123839411,-0.23224582936030191,0.6351116578581044,0.7701825228816578,0.6873953976004687,0.6777811564398472,0.5804958701782176,0.9432778272696164,0.8498842466789565,0.7136477681028841,0.8346612768833362,0.6065991363189662,0.9260276389998466,0.6912078632500843,0.8240726177858708,0.8584612484800765,0.9712732419925971,0.2365206263915576,0.6112149767752326,0.9066484989130065,0.987003233107759,0.8090440619857618,0.6422212557143717,-0.1986700988293437,0.7167651745951963,0.8910524867951568,0.688775593305556,0.9425743626581089,0.5800494475797326,0.9073802186586245,0.693314925891215,0.7840245410301094,0.6816298698165237,0.9596531516953231,0.5342143069720737,0.45309309146750376,0.9118851183085603,0.9889742981036078,0.9905188598108838,0.9287283146343638,0.5433502456900011,0.6817091320720486,0.9848994804962699,0.2946248503786457,0.9695809384403928,0.6320295974485836,0.9836774218443931,0.1605342985373136,0.9681052431769759,0.5814933729138186,0.9882306507023833,0.948195081117566,0.9167151488574368,0.9150679367703457,0.5892101640379099,0.9390391410892681,0.6567036764641464,0.2748052295579363,0.9627532134537293,0.7014751185107414,0.9160352561247375,0.4584800586730884,0.7364781726940959,0.9441292749107048,0.6378760895264507,0.6513453359998616,0.5320085099254099,0.2102675905587479,0.9784706571772465,0.9734930435367278,0.9800387046198351,0.9821544443196155,0.976729370276713,0.9675941842535087,0.9700711542396196,0.9659107463892889,0.9859619233230676,0.7075072121273125,0.9748262022150228,0.9737713326348174,1.0,0.9817955906657713,0.6973708847734892,0.6925346152843557,0.6342707647065707,0.9721450681934514,0.9640374012628492,0.7048873434954079,0.9742795993399884,0.9851485364207789,0.9663937452831391,0.6905179309652415,0.9901880439134381,0.9842264808645526,0.9741025025395535,0.9739999310145634,0.9889227842294332,0.6997858437069717,0.6550585337666042,0.9783758086748718,0.6605903770795071,0.9648654291790515,0.5769396198377778,0.9779097370629424,0.7033225728328217,0.8912664726129678,0.6863214924739347,0.9862567325708407,0.9749284105472512,0.9939715572490719,0.9138674879647939,0.6794557266274699,0.9673873934816252,0.9675274547447591,0.7140365743192817,0.9715196949971855,0.1786879909234977,0.9805163012808527,0.7935533015152318,0.9430734430104122,0.7151854980132037,0.8841509809667041,0.4306676302425227,0.9094334564340509,0.5864850767879177,0.8862246652438959,0.5945434451592344,0.8874879918085513,0.25534794074346673,0.9860206440759622,0.9265789899111846,0.7535368133616785,0.7034505486781533,0.9688865894919246,0.8250846360103646,0.6174653317678266,0.6895172333826685,0.6852738032807248,0.665235069652748,0.4377213366720804,0.8676788256314821,0.9797392514399,0.5820644741973205,0.9732926321830314,0.9681487465287005,0.6672802261262306,0.6928244489456393,0.6966416806357316,0.9128879650840738,0.8993662349397069,0.5173174984327521,0.6284602816841964,0.6736449178148799,0.9698929256761072,0.9863326397055879,0.9886804932377026,0.990503791111519,0.5678004514699749,0.8673223527972631,0.8376803799200335,0.6286917416206874,0.9507751758319496,0.9339870709252885,0.6981657078843616,0.4548061124477149,0.9662564906350186,0.968649322279926,0.986546245086874,0.6968684159690411,0.9702504961510581,0.9690299700870655,0.9876911092156262,0.7209379231268555,0.9961370023232544,0.9763713994457067,0.9996255161293569,0.9951379053347936,0.6931643790721365,0.7247934102584943,0.9646508586450888,0.14311998434140497,0.973824255802638,0.9989270198523508,0.995737612049891,0.14740581554337903,0.6422762293949312,0.9779746792709435,0.6977414526576267
UCSF-PDGM-0248,0.5589220454646509,0.9557235712554657,0.4502899644590462,0.7022477004537938,0.724392191599166,0.6040009631165361,0.6166753224818083,0.8963586345596476,0.9434036882854843,0.681473042159179,0.9483780807844631,0.9495623086802855,0.3389280069434258,0.965313843546433,0.6706577130524182,-0.25119572642957105,0.6595774972493782,0.7563583234472943,0.7131606130868609,0.6950154850163566,0.5579631334066434,0.9759305836290212,0.8099824050038174,0.7251855363442321,0.8624655398621929,0.6271654036522439,0.9432709745040422,0.7276414445103125,0.7309950829177119,0.7931190358906388,0.9937693957637932,0.2474743231851578,0.6535348044181216,0.9028110243790477,0.9929553772572065,0.8487268453169304,0.6437450612614057,-0.19312758242171857,0.7143786373382203,0.9238236290499553,0.6993627825313393,0.9364036973825892,0.5984840242948448,0.9335653838158119,0.7140174409158527,0.8241272448172318,0.6779945160594915,0.9168855881363178,0.5446353174299338,0.48079252793226096,0.917872053191848,0.9987643621114148,0.9907741312617493,0.913982302101027,0.5501184981981981,0.6671800302254909,0.9847432807258637,0.3325894322972524,0.9636773667214809,0.651929371858461,0.9842759838172199,0.1540256045042558,0.9446514588093039,0.623928171790052,0.99235258727582,0.963272063309639,0.9228672312101991,0.9220260547573861,0.5452561493674478,0.8948399741078309,0.6644988311571682,0.2801717478822689,0.9404236799383391,0.7279099459279418,0.9384480875984738,0.4495569330218845,0.7369497819193656,0.9217895412412815,0.6499857425757737,0.6571473524171799,0.5476833726099075,0.2170972557596617,0.9958040970304333,0.9947198320401639,0.9999497254609901,0.9963028060798355,0.9954720900287521,0.9918728105817679,0.9937620723619796,0.9924113560005857,0.9963995695866803,0.7305597760806413,0.9952398575520178,0.9947798975570515,0.9817955906657713,1.0,0.7283967572290849,0.7304834318418505,0.6719571293673187,0.9980049040573269,0.9917456466448993,0.7310079918909599,0.9992151424693992,0.9997803996464698,0.992752733027947,0.7278953778326824,0.9973194896113077,0.9964361329073155,0.9991812933036718,0.9991614237605619,0.9961966487758737,0.7312187817422862,0.6999652824209639,0.999818770912702,0.7031884260461027,0.9909617105958101,0.5357476958501877,0.9997691045145457,0.7278538727013275,0.8455677344195419,0.7140782056568612,0.9638033279643119,0.9950736195628866,0.9938143032344896,0.8905408859423662,0.7130777057409229,0.9929119376514497,0.9929582551850569,0.7250997164959825,0.998535893913329,0.1970463239039415,0.994831123921673,0.7628169469515252,0.9182453447407496,0.7185100493679398,0.9188312270120922,0.42498698585723327,0.9319596826286515,0.625002602206244,0.9204074740108127,0.6225300148078271,0.9216000053899246,0.22211855010726625,0.9813997844683344,0.9582680491573214,0.7765605955507322,0.7311455095206898,0.9979505056743176,0.8252868775534173,0.6298478387126973,0.7250687130492603,0.6926885601762166,0.6275380445794072,0.4372051093447992,0.883443190381724,0.9989440673838876,0.6042314102554517,0.9945252956079593,0.9921398588326944,0.6845300142278792,0.7200906876280082,0.7152226891688862,0.9461869101206397,0.892704750697777,0.5313789917039442,0.643480721953542,0.6939836877903728,0.9919053362271991,0.9978262511013803,0.9675879838880828,0.9923695289682054,0.5757358325382644,0.8643104737712827,0.8221897805624624,0.6458929552556262,0.9793904109755917,0.9556817638804803,0.7300360101554729,0.45608481217046726,0.9859836552040427,0.9880084760869996,0.9634333650842378,0.7310439516392754,0.9938159479660499,0.9923199280869882,0.9536136330415402,0.7099323523701898,0.9871996767544703,0.9953971506920529,0.976767927248816,0.9915180397746228,0.7144982748193943,0.7167563440868119,0.9919672730853114,0.15115650623124766,0.9948041601361247,0.9838047899947393,0.9783257993521103,0.1638774868935493,0.6312442069506725,0.9931873240967842,0.7200463134672203
UCSF-PDGM-0251,0.560852231194728,0.6442294099711318,0.45127122987764207,0.7013691310210891,0.7242352151357407,0.6065467918073216,0.24391990511545136,0.5810263273694131,0.624695688578398,0.9829894816948367,0.6227408655188005,0.6306126004877673,0.7134851509699861,0.6528262612825124,0.9750944145555092,0.23188494373277663,0.6586700171272852,0.37791999396308323,0.7131498194875581,0.693299912021398,0.2741060777914225,0.6755758911473434,0.4543811664011249,0.7230231552110216,0.5459675071563128,0.6260888475989563,0.6151493730816645,0.9980358928935797,0.398777312552303,0.42972782175342766,0.7084534410691755,0.24961029440880472,0.656009248657986,0.5630802070157743,0.7034979049650315,0.5063117427694759,0.9609655805144385,-0.19074641758579425,0.9813359477353476,0.5846970255361963,0.6984217744311241,0.6055838415788287,0.5957676085127752,0.6032846736681093,0.9946143140114213,0.49637133089375757,0.6743246988037512,0.593193922557704,0.8894815700197353,0.4821792739478925,0.5779346195801099,0.7220604353047688,0.6925390364045344,0.6006767133812138,0.5484618691559157,0.9628083176009697,0.6867811475435777,0.3326429595662261,0.6639885081318313,0.6496226041073504,0.680908891841393,0.5651118852040043,0.611564038808355,0.6255408719448771,0.7037983638335512,0.6506854279067633,0.5969277236367944,0.5643538412944575,0.8767895359474915,0.549690941562176,0.9689691643039589,0.6506460515502792,0.5943495259891306,0.9986733292018328,0.6120155030971275,0.8416950432430576,0.40396780109496694,0.6139609268475539,0.962980265397533,0.9576312469557676,0.546667062985847,0.21928369382762192,0.7190143189864946,0.7195093469328053,0.7289126100202443,0.718331177594844,0.7192368198831645,0.722231234413198,0.719628148112497,0.719578328252818,0.7159975873225598,0.7305800579531097,0.7151368565910882,0.718465703856916,0.6973708847734892,0.7283967572290849,1.0,0.7332867935379888,0.9806555613684541,0.7330394056346896,0.7194959123228043,0.9988893240267492,0.7300075599339864,0.7270821923341055,0.717255095089613,0.9992864082787364,0.7265166128226525,0.7177934139536033,0.730029451652814,0.7300418541139835,0.7160095981466927,0.9991738767773184,0.9857899137267147,0.7293136562119293,0.9849827413521229,0.7221652742431366,0.8696742563753981,0.729412500381927,0.7280341676332975,0.4648747645987201,0.7152950869710606,0.6781084352655818,0.719409490994374,0.7216264252003007,0.5767598562230155,0.7161547780117536,0.7196180953179978,0.7196206541687672,0.9928550632194533,0.7266786082249873,0.5465875937699767,0.7211264453522095,0.3973539948903109,0.5962201305770324,0.7153430664540523,0.5858149642151783,0.4226400772399515,0.6127083591874466,0.6277502894042201,0.604403304923699,0.9496386527220894,0.6190447797185298,0.21709334012971973,0.6825492221073859,0.6343973181760191,0.42197166605458625,0.9990762054898823,0.7304295921174794,0.49153183386743554,0.628219330374656,0.9974685243537963,0.6909500097833599,0.24359950074429082,0.4372702434600381,0.536568527916415,0.7293392881894915,0.9341891448699076,0.7113275655414231,0.7046877972561432,0.9803117759621545,0.997604235935765,0.7139884954108016,0.639291283527754,0.5519254629595679,0.1391187201600459,0.2885078860412171,0.6926913110044575,0.7141613288110735,0.7239476335623514,0.6739901091576801,0.706672485438655,0.5717135323540258,0.49658960603203944,0.44201982541205487,0.6438556978585592,0.676938665552875,0.6500001304002191,0.38427286125498583,0.8096975008748288,0.68489013475799,0.6883006717865123,0.6559394879671082,0.9989331750181681,0.7196257591690031,0.7222322161340564,0.6815215551619336,0.9701142921263637,0.713998473241388,0.7192755878200965,0.6922493305859619,0.71884500156222,0.9935523226321048,0.3862443476649594,0.7195266858959949,-0.12280235216324079,0.7194891121196209,0.7036266990133336,0.7048282324245833,0.49108277947620993,0.2785285522253857,0.6999409339748406,0.7212289359543749
UCSF-PDGM-0252,0.8974972191336926,0.6466333672329764,0.8170901258788602,0.9862919108922524,0.9952085276809133,0.9325563494109981,0.2512428520573394,0.5847140947043252,0.6256010024436871,0.6920371881379672,0.6274535847478772,0.6385879803388046,0.35069079766765243,0.6561441492168855,0.6740977938047028,-0.24540270537113887,0.9638456370634735,0.3667148060857424,0.9895432482473978,0.9807440889072632,0.272329697195956,0.6857320054047149,0.4590623114836132,0.9875464598521977,0.5510863288004841,0.952617263391255,0.6257707906052891,0.7374819320298671,0.3898450897705072,0.4242055168169499,0.714822891059412,0.7269127548729117,0.9600543784968879,0.5678419909002531,0.7059800227770828,0.5124608629841759,0.6440732332605525,0.20948074482477008,0.7068328565788039,0.5868596321728989,0.9868435298945847,0.6068097475810069,0.9171505598904349,0.6106276839694419,0.7177642392308121,0.5117944123360173,0.9644695831110559,0.5888550897244629,0.5533167106801838,0.8885062021469607,0.5879988113805884,0.7221887401645424,0.6933422141607554,0.598398069543166,0.9240567532181224,0.6622388904673121,0.6886669632161387,0.6747465315167677,0.6629467214824712,0.9538589512069598,0.682124807743444,0.15234941690030643,0.608192833205029,0.9444579117746487,0.7028490473371266,0.659719951797038,0.6037607069896246,0.5602679439636074,0.5322888704109064,0.5521475373290339,0.6703615855808895,0.2922855000614878,0.588768978191682,0.7333361490083816,0.6114097304582075,0.45129157252672736,0.41640076370011353,0.6092445924432683,0.6587120876017108,0.6652700630144213,0.9026572084227327,0.6201028076554179,0.7235339682021774,0.7250540993359087,0.7314510533731903,0.7220122255821544,0.7241275242117787,0.7302727129801376,0.7258217080137099,0.7265116938154879,0.7187402408204556,0.9961056413012244,0.7206755340716964,0.7239865452674664,0.6925346152843557,0.7304834318418505,0.7332867935379888,1.0,0.6848352428347401,0.7388493461446679,0.7267472581145789,0.7355344693861898,0.7338776805990119,0.7282240410713645,0.7242679138438333,0.7356718716137685,0.7273872307975413,0.7209640253469273,0.7339375732873997,0.7339719159607325,0.7178807076162077,0.7381449768871701,0.7113686274563601,0.7322578645708705,0.7154788083575168,0.7306821958591911,0.5280694238435514,0.7324670403310652,0.996249246995315,0.44814427925247935,0.9964482052372235,0.671845397717844,0.724669465506469,0.7205780427216496,0.5724362582889889,0.996448731968671,0.726294456639614,0.7262723322476274,0.7228838591422151,0.7312306909903886,0.2240750623534297,0.7265582682768101,0.40656185461096667,0.5942498049308874,0.9815327079881219,0.5954142062376346,0.8089011023677024,0.6236883025010035,0.9360553931297575,0.6163967612030756,0.638268724972722,0.6314888140084478,0.64269840790344,0.6829859260101242,0.6397443294766246,0.41729390026796603,0.7363824025569251,0.7353956839384895,0.4981904575048176,0.95110511541266,0.7350850291397182,0.9820870839835119,0.24740303849980388,0.8230284439146038,0.5304627921746674,0.7334744615407214,0.6220154642757147,0.7172922915534925,0.7116191909834713,0.6925172050175213,0.7271707919020042,0.9876843721144182,0.650285830516325,0.5598772781926888,0.1399585626195686,0.30261636480454357,0.9746691119424871,0.7219813018882285,0.7261536763527716,0.664348557186667,0.7093162603876297,0.8984173881028497,0.48365482289451794,0.42846480341067733,0.9467237402921496,0.6860280392704828,0.6414586264659444,0.38485103092799927,0.4709518771936267,0.6913193129438187,0.694527652564433,0.6558982492260113,0.7392118850599703,0.7257862834554571,0.7300150076658093,0.6715667123833021,0.6978831306211084,0.710640859202151,0.7242408130420751,0.6861881766368447,0.7168856070879706,0.7165055082765793,0.3974730333881521,0.7266748591950248,-0.12048638759353993,0.7249688602169103,0.7013152686838313,0.6992442803163799,0.16526785398587415,0.2949903155158049,0.7046846483285303,0.9951955849047827
UCSF-PDGM-0253,0.5328386666919036,0.6180465599965778,0.35895302377570076,0.6455825637199479,0.6712965446916719,0.5874523313919384,0.31665886009093624,0.5541896851267222,0.602654495192109,0.9942821196912887,0.6086640301779213,0.6233098254651434,0.8084956533325739,0.6287814856999067,0.9819988914586111,0.34130499963177613,0.5805251836544076,0.3794790129573906,0.6543602497535852,0.6452601077629274,0.2488025967252045,0.6552374464674207,0.4789509857599752,0.6640387483455594,0.5601532507003046,0.5508344597296603,0.6159189465932949,0.9854693351595354,0.39314823817995576,0.4312484810813821,0.6678244166739842,0.2591493713993307,0.6383258289830829,0.564068047118696,0.6600468642178363,0.5251605236801579,0.9754439942754392,-0.14798440195569085,0.9558923685426028,0.5731956255389563,0.6501546549235561,0.5850739828564986,0.5502805284573817,0.6011644132898853,0.9868946554555675,0.5259931454271733,0.6368250528546863,0.5622842118022099,0.9430727266148551,0.4318746644928065,0.5814407574553107,0.6643917958875789,0.6477900440820302,0.5760005297637182,0.4881186395801358,0.950043380213816,0.647629287934727,0.32144830820196374,0.6277124409337095,0.5705772506891453,0.6442765847724382,0.6582295193473245,0.5827356246260769,0.5489162035822228,0.6531086584042041,0.6357631808915674,0.5908548490341111,0.5383567590190576,0.8970130952037418,0.5135862994569924,0.9791354061521113,0.7540520213460356,0.562827761978867,0.9823150521025553,0.5904390413307579,0.8463043718867378,0.4621698278538708,0.5813985232685388,0.986241611666266,0.9627243020347993,0.46563917139777644,0.27625717738561634,0.6686514547740422,0.6706917340534356,0.673131677213308,0.6667263849201132,0.6694298330605843,0.6777012406115408,0.6718040690834242,0.672901909206189,0.6630680381732721,0.6762242849663902,0.66911054309108,0.669621882888619,0.6342707647065707,0.6719571293673187,0.9806555613684541,0.6848352428347401,1.0,0.6826462569219833,0.6733176414510069,0.9803267420922256,0.6762031320239542,0.6692842863709483,0.6722792608711263,0.982335854926234,0.6689998522841877,0.6654424161016665,0.67628219198803,0.6763276204769603,0.6617919443938214,0.9825773643102376,0.9909457113266358,0.6741294457086905,0.9917383077098929,0.678374339952417,0.8704968700480492,0.674391380717476,0.6730439196661407,0.42169083784970235,0.6620224216579063,0.6232820049092226,0.6701595967054743,0.6615329274526517,0.5537801257208855,0.6699633219085174,0.6725411943340349,0.6725053905709657,0.9695025883373047,0.6763755850409341,0.692114848331907,0.6726554821110452,0.43421752808776165,0.5739627088083572,0.6565860670064493,0.5837522553065886,0.41166534896729956,0.6103890661072969,0.577577755140566,0.6129462415163853,0.9473592022666639,0.627591576951897,0.15237118576236539,0.6438170383725645,0.6174580417416807,0.43622476283752737,0.981093371599898,0.6782910823091162,0.5104954930567301,0.6052628973989519,0.985730427106115,0.6332313836828822,0.2856142274824985,0.4431337405655266,0.4955645020790304,0.6780821372637656,0.9741239215429772,0.6682130708011227,0.6668656825127103,0.9835547737170508,0.9870369302537066,0.6533347476397785,0.6369231857962702,0.5523628362223028,0.18456344599042415,0.3528770229688327,0.6279499154560528,0.6754652196657512,0.6714617091180046,0.608024177093045,0.6584752660911757,0.4728196744760684,0.45523824242884786,0.3993902927843031,0.5656951797807539,0.6523591277465797,0.5905918759466813,0.3994915503246585,0.8941465407291938,0.6556399238018172,0.6568356989160912,0.6189575429160367,0.9833626629783733,0.6717508000059215,0.6773028545685065,0.6108794268967617,0.9385694350167089,0.6509455084947624,0.6695807127276823,0.6276641320487006,0.6575655052492119,0.9690153878067985,0.4040727010184659,0.6731864632255222,-0.17347306281224853,0.6705726212325349,0.6445835339626593,0.6390691842301918,0.5193341756096063,0.34483500316566246,0.660487070066009,0.672931154261049
UCSF-PDGM-0254,0.5574772604512114,0.9534033398361511,0.4486912328021911,0.7016978122522791,0.7281056000358963,0.608132772253219,0.6174308267432354,0.8947957294676468,0.9388122311254317,0.6909243866705929,0.9476464852529212,0.9527016302086805,0.34763273956744256,0.9634637662534568,0.6760778222398287,-0.24449630609782477,0.6612008369002492,0.738089037587081,0.7137440106329329,0.6947023083989542,0.5506243784380651,0.981703987919381,0.8082094437817791,0.7257119636433793,0.8624651701669265,0.62730805316544,0.948812956003432,0.7360681621855445,0.7152229937791054,0.7805259599891913,0.9959470306568221,0.2555682036450891,0.6602536205709133,0.901778190878067,0.9908629386832801,0.8494769698412902,0.6471177770895178,-0.18261709582551272,0.7118411340655173,0.9206510746764743,0.7020212876007965,0.9319541396467074,0.593169591657965,0.9357210832655009,0.7188967892969383,0.8344809697478155,0.6782937128518881,0.9065851338590836,0.5544627912938964,0.482806175594437,0.9224721031912242,0.9945799394684313,0.9867687685708146,0.9061082202302412,0.5471353912810341,0.6671785177413376,0.9817794124779126,0.325795154663708,0.9575395025618167,0.6474493096121224,0.9805709335970059,0.15257242083436903,0.9353793005744411,0.6247128982789537,0.9867377588244649,0.9674402584359917,0.9243086116517358,0.911825814067299,0.54000200656405,0.8911116775888889,0.6715721215251782,0.29193909155381925,0.9286943885183885,0.7335685435692243,0.9325198005492764,0.45352815846915434,0.7437152453306914,0.9114902830086276,0.6590714534401578,0.6657279920300451,0.5501768260696211,0.22115641520202522,0.996235400100524,0.9962675292636198,0.9984445000878894,0.9958225686939184,0.9963072212996754,0.9960878015672089,0.9960175754754368,0.9954750987300558,0.9948741698480392,0.7346817591384411,0.9966664539492852,0.9962780878094963,0.9721450681934514,0.9980049040573269,0.7330394056346896,0.7388493461446679,0.6826462569219833,1.0,0.9951571657766479,0.7360025170475915,0.9991564031755132,0.9967621742992966,0.9958380021815005,0.7343582778704587,0.9939634640516052,0.9954018265665284,0.9991638860387116,0.9991678813152469,0.9937543567771479,0.7377259775812083,0.7090649859422948,0.998753897683999,0.7134490598533916,0.9956964158176183,0.5350281527038773,0.9988240273111524,0.7315140912870607,0.8216122618938481,0.7187328583796925,0.9524932966084192,0.9963109419238566,0.988393251038459,0.8804451154554599,0.7211446243918551,0.9956947618686336,0.9957141072778126,0.7258259369539539,0.9991328481360608,0.21988928400548075,0.9962027374518718,0.7655960405514891,0.9104843403747758,0.7180875973460455,0.9232924934589117,0.41759777800181297,0.9379501924732271,0.6258057856664809,0.9276311705046651,0.6361531511941788,0.9295453610972073,0.21896446413836843,0.9769068162115219,0.958663393334708,0.7658167681027054,0.7365880678222672,0.9990850350006678,0.8261525537031373,0.6317206642167918,0.7336903234088886,0.6928291944710265,0.624194418717485,0.440828818248814,0.8713799166201294,0.9990651309128551,0.6198433064197351,0.9963250301671226,0.9948529484660437,0.6927284330476394,0.7268784510149701,0.7146483623985608,0.9526285328063079,0.8949154178621898,0.525329604108435,0.6516111853096169,0.6906263645258387,0.9956946202649212,0.9958071641574643,0.9527351598926523,0.9905042965118597,0.5693804167834309,0.8447824053398542,0.8017626848132525,0.6488987881273053,0.9839957866402327,0.9422364248673528,0.7246875272547525,0.4709723985647737,0.9878339798755963,0.9896839046281743,0.9581495357181332,0.7383330496288286,0.9960353884878226,0.9962523650183951,0.9387115641007998,0.7044208252227447,0.9793040049280101,0.9963134219186998,0.9658118178513515,0.9851193779681112,0.7180444608975126,0.7223023830250129,0.9952659267346498,0.1486345812780661,0.9962809941783844,0.9768296155064233,0.968055102259277,0.16131176008139478,0.6416405168411472,0.9934575078940505,0.72670491338675
UCSF-PDGM-0255,0.5461533773242572,0.9478922157880777,0.43190354916836105,0.684931497698242,0.7105738824566672,0.5877175480061904,0.6209113554347285,0.8736684014987002,0.9224326150758639,0.6848583556411766,0.9411653951934876,0.9511520692282075,0.34076765630648564,0.9525657418016146,0.6585484347612316,-0.24730332030091995,0.636991728933384,0.7256917815543635,0.6975694098666385,0.673271139595967,0.5170207442878796,0.9816924316692076,0.80750694799971,0.7057291484536938,0.8456815012715334,0.6065563961646075,0.9527965347116136,0.7243980347038131,0.7067426004475855,0.7733292037520867,0.9974574370557394,0.2580490853596907,0.6416525432987332,0.8893837471880616,0.9828046635017259,0.8466151327218874,0.6310103543476066,-0.18128437810377565,0.688842826690664,0.9204568200941734,0.6907432346389647,0.9163617808628064,0.5658063493390737,0.9300925552946054,0.7020806393029155,0.8246476833399797,0.6601923205041575,0.8923987217410804,0.53844323911718,0.47179757429148494,0.9260621733221028,0.9860443586564379,0.9809407706468318,0.8783252831098574,0.5371802647562222,0.6531197546629025,0.9706371798213272,0.30020617027373897,0.9366900287862315,0.6219901478198134,0.973643391190731,0.1623784290031225,0.9234490217780499,0.6042828557220242,0.9740371603149611,0.9628730536455387,0.9097932029302237,0.903416343075416,0.530972461845388,0.8931829930532184,0.6633517017360017,0.2859642816512733,0.9207627949483412,0.71909816455743,0.9191173932282192,0.44955381980469256,0.7365215674068696,0.8834536500672665,0.6522056064925923,0.6648420659951128,0.5313009378786198,0.23174248402824968,0.9981328112219539,0.9992689448318336,0.9926755918295307,0.996817984805574,0.9986040678319723,0.9990296016101252,0.9997185426008822,0.9999745003590923,0.9947555344401661,0.7181482655163267,0.9986274965434407,0.999156654061468,0.9640374012628492,0.9917456466448993,0.7194959123228043,0.7267472581145789,0.6733176414510069,0.9951571657766479,1.0,0.7203668791040759,0.9948378928907381,0.9894801717319578,0.9998441289770261,0.7227164337005669,0.9837466025271235,0.9958487250926503,0.9948868743812342,0.9949148320568068,0.9928065228113357,0.7236630443178041,0.6959453315699675,0.993426137387659,0.6990267342063925,0.9991565898112817,0.5256937477881738,0.9936163393959729,0.7152895537521027,0.8249308999546613,0.706845824410325,0.931090806248944,0.9990055044458601,0.9761247606825005,0.8494806816026284,0.7156675809131678,0.9999166988731398,0.9999094012027049,0.7059489067927726,0.9946962167378655,0.22402312139897268,0.9963110525907126,0.7789465186842295,0.8894996842390456,0.6986273583630535,0.9189150072568191,0.41679370607266036,0.9283757326521481,0.6187700902118065,0.9229031503254761,0.6315896221812288,0.9242149275916282,0.2157907421974066,0.9661456826069537,0.9586207732066916,0.7598367594790018,0.7214161029069834,0.995965828297302,0.8045697373788374,0.6127154116050749,0.7224579634725492,0.680407976063604,0.6330716182149634,0.4443444760123417,0.8559073385520463,0.9918855359874214,0.6191562883043658,0.997918523100061,0.9960093950985791,0.6839342319975111,0.715184091190365,0.6964737492670645,0.950491846729709,0.889842549579993,0.5448003145147071,0.6535331688899716,0.6727161620349309,0.9967878834265219,0.9859536716549969,0.9338116258869227,0.9852747347944123,0.5421334038632798,0.8372726414670404,0.8098565167867875,0.6207960416217726,0.98281628746642,0.9391234696055558,0.7043789588361684,0.4672601418777695,0.9855442665903819,0.9877370905244258,0.9539167059261241,0.7250911437774253,0.9997007210758437,0.9989124005995792,0.9171889933387303,0.6784214973492912,0.9645935161664677,0.9986905136253286,0.9564037579721711,0.9718839907978435,0.6981132448306163,0.7210405695816553,0.999997313431411,0.1871968087929813,0.9992123558943956,0.9686450817722639,0.9510182260978326,0.18869312942128694,0.6534065465095273,0.991640880413033,0.7179886578737628
UCSF-PDGM-0256,0.5551885716219106,0.6407887962616219,0.4476076843196769,0.7032181612139633,0.7286988416643122,0.6050756871194042,0.24967710528977233,0.589419753877289,0.6368884959903977,0.9842466399691102,0.6339698469590398,0.6321254316365447,0.7092136052247124,0.6628491777643643,0.9802947044017527,0.2363656079277446,0.6627484466204298,0.3791869041646762,0.7141222701655988,0.6973323102541116,0.2896742086183124,0.6783979626863046,0.4715299551242243,0.7289549807198051,0.5502126459571602,0.6290567911334806,0.6210559180136883,0.9977034237974721,0.42175276185470506,0.44772182495420104,0.7109147678081191,0.2528942465345783,0.6573289114746769,0.5744055306425223,0.7100343545985752,0.5042488002886664,0.9668074460384772,-0.18582833474222363,0.9866895554714523,0.5812117050685183,0.7036385717677069,0.615986095289053,0.5970565415507108,0.6069222153414265,0.9972303497049024,0.5028513296427676,0.683514762023517,0.6087473631936666,0.8968501091811572,0.48121665884749665,0.5863464077740611,0.7260455656510688,0.6987029293964161,0.6139949352935894,0.5496008612214422,0.9703332390662031,0.695253597289711,0.3258597622918762,0.6743188953569257,0.6508230107110887,0.6875291115617599,0.5593247333021625,0.6222076284721547,0.6228897098892586,0.709534718431898,0.6584587061844142,0.6078588240370129,0.565236462954742,0.8861912013938844,0.5660746285859694,0.9738523736037447,0.6566050476573256,0.6019152219834247,0.9998161049676607,0.6129132789374346,0.845812061964047,0.4175739386779067,0.6276239337491419,0.9676258423180801,0.9621429941740064,0.5518165706107022,0.21838061419351593,0.7214181887492679,0.7213401376122976,0.7312744578720962,0.7212019500338848,0.7214335509832204,0.7251185961290522,0.721094888130524,0.7206286834418584,0.7194513436491694,0.7350445549702809,0.7174433129410164,0.7203659857749004,0.7048873434954079,0.7310079918909599,0.9988893240267492,0.7355344693861898,0.9803267420922256,0.7360025170475915,0.7203668791040759,1.0,0.7316320849168212,0.7302137709966795,0.7185262534227238,0.9972480983786374,0.7322231187943695,0.7209475401146987,0.7316328877811551,0.731633113168573,0.7198822515114612,0.9995065240847867,0.983752812515872,0.7314511895813148,0.9848377249285223,0.7247802567953466,0.8816455592463751,0.7314889874934407,0.7316606773319949,0.466752153747543,0.7174998774177993,0.6891771061855793,0.7213997444743712,0.7283786755901596,0.5915767354517747,0.7174558006625339,0.720813254692347,0.7208297121802235,0.9961014074113925,0.728272855090978,0.5541572987138415,0.7254936696581951,0.41134839210184176,0.6106032645357241,0.7226575451436971,0.5884399790619725,0.4208959126286285,0.6210994546342214,0.6224751051169793,0.6090959965927338,0.9523598246490373,0.6243081241796092,0.22573906207932273,0.69101293223185,0.6337492613778948,0.41674708350410933,0.9999568179149758,0.7314448166078539,0.5052747629420666,0.6342124932367307,0.997364535729579,0.6954907320143163,0.2558741301393996,0.4409810785932605,0.5353596058695624,0.7334481292492777,0.9387642466415459,0.7138148843892449,0.7072460833459997,0.9837801619292224,0.998470185801592,0.7166477030138764,0.6429526501932118,0.5643306345015437,0.13207575609402103,0.2964639060152322,0.6926788777786794,0.717953809715002,0.7293759940998591,0.6815242164129882,0.7136632659352029,0.5749860481530907,0.4929987229169147,0.43681766879472866,0.6519473198383329,0.6803690349712287,0.6426247247904537,0.38422789983771655,0.8193669932341937,0.6890531568312304,0.6923355588945389,0.6670764771408952,0.9988622281112561,0.7211110608887557,0.7252674168210667,0.692978752740715,0.9765298521586386,0.7219942443352189,0.7214306774986871,0.7004193962792815,0.7260897762918223,0.9959033048411403,0.3995270942933952,0.7204558851323535,-0.1338395540761445,0.7213563198832548,0.7122375606554177,0.714007387988354,0.47433015907685155,0.29243594440204934,0.7039971953606292,0.7255301136599429
UCSF-PDGM-0257,0.5612502269287102,0.9582598555747003,0.45144730415375145,0.7010367807790321,0.7240811777431515,0.6070927805742511,0.6162330355519894,0.8929297150942382,0.9363041830669584,0.6842338605096406,0.9439352157112768,0.9524291505010983,0.34380191061652,0.960840215554293,0.6690825176794702,-0.2528420446591587,0.6583371262992955,0.7480656038540345,0.7130343894254962,0.6927578132734277,0.5473006112619743,0.9794138401213397,0.8019366731276742,0.7223637104493128,0.8621281698693214,0.6257184789058791,0.9451217007101581,0.7308926247638258,0.7120582961948047,0.7787881830351826,0.9954098509419603,0.2501093622133598,0.6565294228816124,0.8982300273460956,0.9901014734437853,0.8523543585869658,0.6406340835696027,-0.19011593643823893,0.7086266961055777,0.9260798578496783,0.6980741480783382,0.9304185543182861,0.5949885934879521,0.9348153839012082,0.71368940546167,0.8282637826800241,0.6732928985082058,0.9048986715411022,0.5440294364098609,0.4824526924243765,0.9179247862385382,0.9960789980568073,0.9871344914949581,0.9044582907150487,0.547957521981404,0.661458052097319,0.9804196752943848,0.3326038826554563,0.9566353304903328,0.6489383573487074,0.9805822041699445,0.1539696008792743,0.9359328729818305,0.6258486001722235,0.988013783149203,0.9632801313925857,0.9197634136612648,0.9182175044030325,0.5354451134984338,0.8860947840704568,0.6639912124142023,0.28119917872503136,0.9321096759753508,0.7288598490908514,0.93676852891297,0.4472406270456262,0.7353104517525173,0.9107318811016666,0.6506469970646801,0.6576809755686781,0.5463244356200602,0.21980027816652292,0.9964780411744191,0.9962998181559795,0.9995621069580324,0.9962368374996352,0.9964737922045795,0.9942967306050637,0.9959164109322687,0.995221460871748,0.9954657456217916,0.7304697078432004,0.9965259529191332,0.9963019608520484,0.9742795993399884,0.9992151424693992,0.7300075599339864,0.7338776805990119,0.6762031320239542,0.9991564031755132,0.9948378928907381,0.7316320849168212,1.0,0.9981656098101046,0.9954709257589217,0.7309963013733402,0.9941191812537281,0.9959203620241357,0.9999996425608898,0.999999110631611,0.9945376639233222,0.73308366329219,0.704408736504173,0.999788165192421,0.7072639886007174,0.9938097495931628,0.5269946342714468,0.9998356109842335,0.7279645620826909,0.8338827704512197,0.7154888369985264,0.9534734091797017,0.9964017289993281,0.9889361387654819,0.8790017279661858,0.7168173800844088,0.9954941290260919,0.9955185630940979,0.7222538233000292,0.9997084274730889,0.20332794169288387,0.9949367318421347,0.7589978863242878,0.9082591462759787,0.7144315571330798,0.921893748663527,0.4219815833869373,0.9326585368504775,0.6283438192876364,0.9237528369777698,0.6266073167402693,0.9249500690247432,0.21579208323275242,0.9762558444408153,0.9608426866137254,0.775720813687033,0.7321367507381431,0.9997020403943959,0.8203864382342678,0.627709467780044,0.7282902000026572,0.6904024894033249,0.6214176644340154,0.4372175571682219,0.8796854462697042,0.9984869614080932,0.6083678817024024,0.9959342806237051,0.9940308874189152,0.6854504820334547,0.7217624467756668,0.7135644914091861,0.9496144260446335,0.8893058074301797,0.5342617766344762,0.6457521673943979,0.692256003889887,0.9936568581242391,0.9955198621488479,0.9572912032712827,0.9893714177836649,0.5706090817556732,0.8579080139029759,0.8162378358267077,0.6432403109763226,0.981923890392072,0.9542713757094863,0.7292696292434633,0.4569207345575316,0.9866189724548019,0.9886101890235828,0.9564649130531715,0.7335515484210279,0.9959410250258786,0.9945133155380393,0.9410434222448545,0.7020319702998699,0.9803119971972771,0.996464705603081,0.9681903021348838,0.9858458577460871,0.7135989661721228,0.7146130577571179,0.9949679565019414,0.15737342306091265,0.9963266402282145,0.977124985324892,0.9695106725356747,0.16963349476338796,0.6315162376052224,0.9929775355687788,0.7214131109023919
UCSF-PDGM-0259,0.5573355489666084,0.9537750857397735,0.4493918428476706,0.7024425187053129,0.7240968726061382,0.6019818614306477,0.616517831584883,0.8976036225020781,0.9465606710638687,0.6795798693274657,0.9501264563188468,0.9474428587136275,0.3361343958885089,0.967067742583037,0.6710652988657878,-0.2501653073330895,0.6598149838994063,0.7602652949293301,0.7127746640258311,0.6957686604297808,0.5632497522200419,0.9734682911716113,0.8137246705101793,0.7262180153133725,0.8620965130074878,0.6275327397115391,0.9416930767284679,0.7254595457898732,0.7405492146047479,0.8001970408426604,0.9922706810440519,0.24592320089238895,0.6515356793189078,0.9046614029119855,0.9938348420138604,0.8462689872324493,0.6449822106630784,-0.19459824112186067,0.7169681034280755,0.9220435526345091,0.6996005458302506,0.9389755898818942,0.5999532943669413,0.9323114510427776,0.7137377129581572,0.8214157123055664,0.6800514238195002,0.922645005295428,0.5446101052718431,0.4796090320732354,0.9172614761651741,0.9995509761955734,0.9920706606945813,0.9184406049995477,0.5509125013909633,0.6697836072676054,0.9864054788167271,0.33237065461693677,0.9667910764803164,0.6530978612897093,0.9856052801409667,0.15395745439075986,0.9486641960164434,0.6225161230876862,0.9940179954662071,0.9626562948720078,0.9239234015472554,0.9234555857621213,0.550100370717374,0.8988984069199532,0.6643455438129926,0.2794503459995364,0.9442250639826968,0.7269453275158426,0.9387408874991023,0.4504969487845778,0.7373492138925949,0.9270542382731001,0.6492232962435264,0.6564478809299442,0.5480546167070082,0.2155294518758385,0.9948154065608356,0.9932525040779625,0.9995200046002086,0.9957052370239204,0.9943102156166022,0.9899608213472517,0.9919915011896779,0.9902947204889184,0.9962610629526945,0.7301436543587053,0.9939276772761488,0.9933431745287105,0.9851485364207789,0.9997803996464698,0.7270821923341055,0.7282240410713645,0.6692842863709483,0.9967621742992966,0.9894801717319578,0.7302137709966795,0.9981656098101046,1.0,0.990684505329481,0.7257928086209711,0.9983794432811743,0.9960764393255103,0.9981140639148945,0.9980839767558587,0.9964419047577474,0.7297680093729941,0.6971702011565253,0.999200261759266,0.7005859253163422,0.9888259269497419,0.5400382503543639,0.9990992513692376,0.7273332613906014,0.8512126824630508,0.7128786275923589,0.9686563550377191,0.9937393180023347,0.9957641227452679,0.8960801481936052,0.7106466229780974,0.9909155580476863,0.9909734232463738,0.7261449823333619,0.9972816991679115,0.19359805480512862,0.9941437195388129,0.7643531066634457,0.9229454534562315,0.7202115835861398,0.9166277645935778,0.4263071535625319,0.9309983433460497,0.6228382278035676,0.9180533786705238,0.6199777971102238,0.9192426662052257,0.22532445342541216,0.983498088862218,0.9562976583048439,0.7765118947891174,0.7301569679410091,0.9963903720143397,0.8273554650308643,0.6305792695404654,0.722904156264714,0.6934582367724581,0.6303775546552612,0.43692097940425195,0.8848703362297806,0.9985517460736613,0.6016595061918801,0.9931485563085908,0.9905096170500665,0.683608506339893,0.7187491476063098,0.7156458954130788,0.94377298799349,0.893936199794898,0.5295165766157128,0.6418705614960054,0.6944571373229217,0.9903490469190567,0.9984129705040103,0.9724210772294665,0.9933256560406826,0.5780825650757783,0.8671489063973831,0.8248166148406101,0.6468862677929402,0.9774283852654053,0.9558212235788803,0.7299780124264272,0.45535305215476146,0.9850216337927237,0.9870629470677021,0.9665083012934919,0.7292532729015022,0.992060822887599,0.9905296142768674,0.9596583163509932,0.7136612364179249,0.9902167944604053,0.9942004856044184,0.9806857035976713,0.9938893782166575,0.7145204638018695,0.7174352044429141,0.989750097208197,0.14777159762684036,0.9933672012062427,0.9867140902217397,0.9823682328985534,0.16072833870819417,0.6306995701613335,0.9926678182481014,0.7188661363230869
UCSF-PDGM-0260,0.5468364809494766,0.9513813058285512,0.4280104720715164,0.683839884003132,0.7091409128498478,0.5886440104157383,0.6308456160208528,0.8784632664554547,0.9286606701933685,0.6836583689124317,0.9463350763205,0.9554001346522952,0.34451666268204245,0.957530599399187,0.6584129458724958,-0.244559835818813,0.6346756489839652,0.73540318427224,0.6959668099906142,0.6732891913893182,0.5232712146376376,0.984194681675273,0.8155070696932104,0.7047215172803463,0.8535333773213265,0.6044740523220882,0.9568175845988515,0.7220145280506571,0.7153172140919468,0.7817367447865702,0.9985202675563755,0.25682008038407966,0.6424860447024758,0.8961542033557556,0.9855194273549757,0.8532751631489958,0.6315000505283168,-0.18288497597234582,0.6886584693497366,0.9252073223991519,0.6894479029891246,0.9224705933886717,0.5669654001060896,0.9353352497742065,0.7012395631006506,0.8313290503324748,0.6610052337974589,0.8985386062926133,0.5403448263012672,0.47048758850696204,0.930971685235801,0.9876734147689661,0.9837016034805907,0.8857428660487536,0.5352615904154215,0.6526333438763726,0.9742298570823322,0.30295798968096643,0.9421973580682771,0.6205535057521754,0.9772664449605355,0.16436734759728058,0.9292801959562835,0.6016617216252974,0.9771055636018874,0.9668604355112331,0.9160245503819717,0.908953482148172,0.5330285882092115,0.8969945241984125,0.6625685444366557,0.288828674464745,0.926555516915567,0.7172283673734373,0.9247345910196333,0.44728719239861486,0.7465070020870452,0.8907482331273625,0.6521166830952316,0.6629538899542202,0.5282365920127791,0.23460899735039223,0.998553324193593,0.9994737638777274,0.9935881402771988,0.9974144172388897,0.9989465892627394,0.9991744172128678,0.9997864726626856,0.999885987643055,0.9956088518332948,0.7164736589881375,0.9992843575150407,0.9994184244911206,0.9663937452831391,0.992752733027947,0.717255095089613,0.7242679138438333,0.6722792608711263,0.9958380021815005,0.9998441289770261,0.7185262534227238,0.9954709257589217,0.990684505329481,1.0,0.7201334713653873,0.9854633080666036,0.9965520021842187,0.9955119123442214,0.9955352536159919,0.9937810183047623,0.7215352938850893,0.6944739253664178,0.9942536508796863,0.6978009540613798,0.9991999390084639,0.5254886214108895,0.9944207107351968,0.713581427512583,0.8303076555001574,0.7046869963145947,0.9358791275198505,0.9992703162169254,0.9782377479470585,0.857836333474033,0.7128309244977789,0.9998825764524757,0.9998805001319354,0.7049636271148707,0.9955592491752326,0.22858174995120897,0.997009032564665,0.7851181551553815,0.8968070332988224,0.6978647697906394,0.9233225200278936,0.41773319206644816,0.9336689024420639,0.6170296209293632,0.9282492846462117,0.6286869221311147,0.9294082712371737,0.21296682146927481,0.9700801388635568,0.962334523747898,0.7682211095571898,0.7194903428842353,0.9963678669308385,0.813675444688999,0.6140910934785561,0.7201168364307358,0.678847518959713,0.640218702403464,0.4442867634846935,0.8606689410831674,0.9931526017290734,0.6185850912148748,0.9988816782378152,0.9973804308360525,0.6828488454784535,0.713286277689784,0.6951952686714528,0.954765346458357,0.8949867237134677,0.5514162002718147,0.6622010751834312,0.6714589955285897,0.997799449859676,0.9878472776530209,0.9377895095103347,0.9874136941555689,0.5397316270093414,0.8429187852081755,0.8138980897197902,0.6188868807692686,0.9853748173184262,0.9410026462680753,0.7126392170982613,0.4698948423581452,0.9882550618093366,0.990187868950119,0.9577210501128673,0.7228153249030056,0.9997756281766557,0.9991123339409134,0.9210956201083166,0.6785990279515737,0.9671788047995863,0.9990173602937228,0.959009165015668,0.9741839017240064,0.6963765061670699,0.7250104175210408,0.9998633053334166,0.18108369625908682,0.9994308739656265,0.9709477976318972,0.9540541068334348,0.1866069439720915,0.6613803092797692,0.993731417781156,0.7156732155788041
UCSF-PDGM-0261,0.5624210313075307,0.6471635340707543,0.45185091051839765,0.6994006117720019,0.7230981420536935,0.6087906215306127,0.24471587950367765,0.5783427213100278,0.6184636170198238,0.98327523012898,0.6190804163083622,0.6339087867074551,0.7158106747743211,0.6490484938021217,0.9712295757260704,0.22809439586586067,0.6567229751619247,0.3710734237752225,0.7122017940339469,0.6903427678067757,0.2647317836713551,0.6793346689161472,0.44759014708106415,0.7194936406365432,0.5462867517403686,0.6239826876636153,0.61752840610792,0.9988986918450028,0.3815378180389219,0.4169842315781152,0.7103505912861658,0.2518328848587204,0.6581030011753056,0.5594136192847676,0.7011180353609815,0.5105743695125226,0.9555964370962446,-0.1876536859873943,0.973619276908892,0.5875436493230572,0.6963825813765914,0.6004887841920165,0.5917435610902991,0.6051114960262916,0.9920159707592084,0.5010733692503979,0.6690594803452344,0.5823430134101424,0.8864804953181782,0.4832024838820791,0.5786844163959062,0.7197688708271589,0.6894555884422737,0.5921313711423568,0.5457650150543313,0.9550262720386717,0.6830489744226875,0.33227067129181165,0.6576891908067855,0.6460169711036141,0.6778078236846699,0.5627462205366861,0.6038562764929047,0.6266458361239818,0.6999939995968978,0.6511978866583938,0.5945794167409053,0.5614970213312231,0.8650508650202711,0.5420781105322933,0.96613257606847,0.6493812593501103,0.5871011020951425,0.997332421754376,0.6110141745629629,0.8369225876783019,0.40327270228343204,0.603910962981775,0.9612344599178315,0.9558199630029793,0.5447369689166239,0.2216062977719737,0.7199402631789136,0.7212951036420568,0.7287883633482309,0.7185548508819186,0.7204738160430204,0.7247987290758465,0.721958874078717,0.7225311983776723,0.7154035410110315,0.7296462741190617,0.716666254683192,0.7202017078295025,0.6905179309652415,0.7278953778326824,0.9992864082787364,0.7356718716137685,0.982335854926234,0.7343582778704587,0.7227164337005669,0.9972480983786374,0.7309963013733402,0.7257928086209711,0.7201334713653873,1.0,0.7237034866666132,0.7175901190686907,0.7310499824124993,0.7310807394646275,0.7147209581445594,0.998719004465881,0.9877453117264813,0.7295283311667975,0.9866033786563281,0.7251351665559883,0.8589462906583706,0.7297193630697069,0.7272947440729702,0.45469126736414744,0.7158098337703566,0.6685910468818335,0.7209562377080266,0.7172194586344361,0.5663164175090377,0.7188890737662984,0.7223547463675777,0.7223365441087237,0.9879018382075166,0.728052752893512,0.5505542050760264,0.7214938177647556,0.3947122490156829,0.587272950932086,0.7106243396775771,0.5894069962166562,0.4192841624851543,0.6139525603721712,0.6302072919201123,0.6081757966891032,0.9511193583226213,0.6227505891570446,0.2108096272270382,0.678040778319665,0.6374294107944208,0.42210762341618907,0.9977857906253358,0.7323358037943104,0.48761857949584303,0.6254514619879656,0.9982954950942041,0.6879685167779557,0.23900905232779937,0.43677461549333213,0.5337490347699552,0.7291423007177422,0.9357328962077492,0.7129914136766531,0.7068376306742518,0.978863196982835,0.996927920441448,0.7115788880713679,0.6430651886987663,0.5494068336579877,0.14329574733619535,0.2917765268865972,0.6902401719869822,0.7161275957476255,0.7220050354564553,0.6645410452704076,0.7041358263574178,0.5661620756354613,0.4913704682887948,0.43734513646009887,0.6405793654970809,0.6797957234491485,0.6491286161536862,0.38448720628314115,0.8081329362563859,0.6859166483810513,0.6892854979752256,0.6497513524067955,0.9990936907194553,0.7219287220692798,0.7245809720691793,0.6698022536632163,0.9603826695173494,0.7076820683188271,0.7205750777877011,0.6843871014514872,0.7136836323828106,0.9904149288898387,0.38507775498695257,0.7226603485024238,-0.11560863402268799,0.7212203014222428,0.6975493004940464,0.6966797981681673,0.49470096982522926,0.2798869660330577,0.7001099095437934,0.7216950039825436
UCSF-PDGM-0262,0.5493862900202832,0.943592885084574,0.44416933840542344,0.7030612784993512,0.7269377285394453,0.597836157395879,0.6169096101175913,0.9017728768368151,0.955849856938016,0.6813756825319409,0.9573061501559609,0.9420367042622018,0.33317042362385546,0.9731508460395849,0.6785988287525068,-0.23913554050623248,0.6627873599374815,0.7588617323416554,0.7120658112269898,0.699003435402554,0.578659449799491,0.9692706571975404,0.8282877698025239,0.7315054766319689,0.8609437596604517,0.6295491116513363,0.9410169183015095,0.7250131030785557,0.765731096365854,0.8180587317912265,0.9885625888615293,0.24759604962242196,0.650109306856006,0.911949859737845,0.9959584995804559,0.8369602859100149,0.6539741417769778,-0.19035936851091886,0.7257978702561627,0.9117039544358949,0.703637880136544,0.9459097986307571,0.60114858642809,0.9295955408932525,0.7178162705677001,0.8207022275511681,0.6894545754574951,0.9372578769791665,0.5546832226420522,0.47682908131681023,0.9197471041826295,0.9991710175726162,0.994041636695561,0.9299522551967091,0.5515569848711995,0.6812089987394089,0.9909833944669347,0.32474561882651337,0.9743455183635518,0.6538785499493343,0.9880157738515414,0.15227599176962878,0.9568805221642256,0.6175917180247196,0.9959388215739855,0.9647062650711499,0.9303314679073966,0.9197102233379125,0.5657206786273146,0.9128783240697124,0.6711524615521302,0.2883830069263579,0.9490592101828806,0.7288965859702548,0.9344666025687263,0.4587309697050611,0.7462376396796974,0.9395613142457252,0.6554560692159703,0.6624431091047848,0.5524205174418991,0.21304580634555814,0.9915211249672078,0.9890431739293685,0.9966573733890243,0.9931592375740758,0.9906847599504326,0.9865451168809038,0.9872028183976543,0.9848452369371274,0.9946180294899574,0.7328846420460934,0.9902579467357361,0.9892144211487203,0.9901880439134381,0.9973194896113077,0.7265166128226525,0.7273872307975413,0.6689998522841877,0.9939634640516052,0.9837466025271235,0.7322231187943695,0.9941191812537281,0.9983794432811743,0.9854633080666036,0.7237034866666132,1.0,0.9939857754769789,0.9940338621167346,0.993984275860936,0.995510034995105,0.7305041421910732,0.6947747069557227,0.9959768686800744,0.7001843686198177,0.9849798865637754,0.5578680330573095,0.9957777720152047,0.7291615399619268,0.8515264295523641,0.7128084511160039,0.9784089122166162,0.9897842310037666,0.99909383699263,0.9099479577782572,0.7087676015103577,0.9856956560777421,0.9857755694862801,0.731688489291019,0.9930238109695254,0.2020371965740705,0.993082249276408,0.7740792063997874,0.9356042822849053,0.7273912133889978,0.9121820718400941,0.42468880116481933,0.9333980654433981,0.6147251881742036,0.915753135364305,0.623143608560531,0.9176572391190845,0.23592020358897145,0.9883911767245058,0.9487629804637423,0.765844188137592,0.7317898450132685,0.9913700771120464,0.8374518374725411,0.6358949192062329,0.7227270230089583,0.6972200729551377,0.639417786947801,0.43957883381830626,0.8792163959348628,0.9974888136967488,0.6067388579608102,0.9895796593526269,0.9867801296037635,0.6882847671271165,0.7202286522541691,0.7172201393649331,0.9404412244611572,0.901853012061914,0.5157319274322602,0.6435219327376515,0.6934275397016082,0.9880205123085632,0.9993647959925384,0.9785162475153187,0.9960051247015812,0.5819578675077096,0.8599720377659799,0.8158099569884523,0.6544694318798614,0.974187090063673,0.9433177595191315,0.7246911877112362,0.4674753743383622,0.9832678873632181,0.9852040611524299,0.9747589164712411,0.7293288642779135,0.987301643026282,0.9873478677896698,0.9708629810862045,0.7243466800204212,0.995597458574499,0.9905085124474199,0.9868139151387306,0.998028963870361,0.7185415787293835,0.7262749540394138,0.9841087071589246,0.1308684511449367,0.9892159080483279,0.9925620510233092,0.9897202171487347,0.14479245188254844,0.6391741259891401,0.9912102274694267,0.7209033312555213
UCSF-PDGM-0263,0.5422279194592137,0.9447230968236106,0.4303102687769061,0.6896144958537026,0.7132717924663805,0.5821027956608381,0.6238258862136767,0.8840237382573666,0.9414968576190312,0.6804956349804491,0.9542339643824913,0.9473153014230989,0.3304478845249219,0.9656854905507497,0.6640524410512084,-0.2441656188360257,0.6415493183976746,0.7468554401038225,0.6997810276805846,0.6803135497503878,0.5429825063610283,0.976551862542037,0.8286148439480752,0.7142040312163537,0.8488127394917561,0.6115240119305158,0.9514086055930497,0.7189458100680574,0.7526986077935993,0.8088012971320416,0.9966344539416234,0.2527828571990119,0.6364673943201684,0.9025593071898053,0.992267972615513,0.8406604644627147,0.6400026931967046,-0.1887192191071912,0.7040309957720811,0.9179021894938584,0.6957097521688248,0.9328222227145337,0.5753047617599909,0.9299085824630203,0.7048114298289304,0.817468315717763,0.6729255265658783,0.922720112571058,0.541391634934498,0.4692439566971904,0.9287685801508863,0.995099622857722,0.9922313178846026,0.9027602354724141,0.5436799224705405,0.668244672905704,0.9834479093832466,0.30074599988785006,0.9556037591127752,0.6305076137911639,0.9850305076260957,0.1630727625373312,0.9462841892026991,0.6014119857561955,0.986852086034616,0.9657084865793238,0.9195930625459716,0.9147840113389357,0.5552543588533264,0.9161819849630826,0.6664915395563655,0.2844774708084156,0.9426630033866498,0.7189343241263552,0.9255670439723864,0.45628194774904984,0.7425209432835458,0.9114487904351218,0.6526235563160573,0.6656484270862353,0.535881739230413,0.22627978910104252,0.9995491090156472,0.9986005925517931,0.996453445701335,0.9999355458794961,0.99926642884622,0.9964209393593179,0.9977278969239484,0.9964733619343763,0.9998666751443793,0.7203679655508053,0.9986301992431076,0.9986211564697473,0.9842264808645526,0.9964361329073155,0.7177934139536033,0.7209640253469273,0.6654424161016665,0.9954018265665284,0.9958487250926503,0.7209475401146987,0.9959203620241357,0.9960764393255103,0.9965520021842187,0.7175901190686907,0.9939857754769789,1.0,0.9958923128159449,0.9958757931970021,0.9995833548581055,0.7213944632449064,0.6876247142582936,0.996383528535037,0.6915705423136389,0.9955708869185954,0.5475378738512516,0.9963505132944344,0.7170317868532518,0.854386662611695,0.7055882589349876,0.9575878950970613,0.9989168339025493,0.9902079720335313,0.8784694686413242,0.7091091546738796,0.9969406293155157,0.9969837417419078,0.7144834820842454,0.9948807991007189,0.21032538201303852,0.9990370402195279,0.7903099369125287,0.9151118417826233,0.7100032416041331,0.9145121189483792,0.42494888081222476,0.9294689672848874,0.6127653480377145,0.9178771356978499,0.6240588864864626,0.9191830304670721,0.23110097169771673,0.9808420436690101,0.9554744659991505,0.7638836838490565,0.7211538828252907,0.9948241171606272,0.8181658876735418,0.6193455055335954,0.7170753291359189,0.687630526966815,0.649256930966373,0.445704482644171,0.8669281238537747,0.9958249673987905,0.611508394856672,0.9976330163610145,0.9946004108340807,0.6838151436349189,0.713366029298061,0.7022184834717277,0.9453741703946204,0.90037058005573,0.5398362831575109,0.6502824093938885,0.6785274766330507,0.9957160002994476,0.9941345005602634,0.9602291910297404,0.9951111503245481,0.5553511540757913,0.8544014599483029,0.825999120795906,0.628569533461277,0.9798677844046008,0.9450329104492977,0.7080027222772772,0.4668102214209625,0.9869859922893932,0.9892652238647885,0.9728815866269321,0.7213459031493438,0.9977774573504947,0.99683467143727,0.9488251308665616,0.6985229663207265,0.9832736131995241,0.9992013700921275,0.9790167285804606,0.9877844836463657,0.7021188896435673,0.7282137231405491,0.9960570427656388,0.17362931901076797,0.9986763614702494,0.9869261889872518,0.9741001498186089,0.17609325142253712,0.6549300126178936,0.9950577503045103,0.7169169962961857
UCSF-PDGM-0264,0.5612903183494794,0.9582975960547865,0.45146428299445174,0.7009989392655864,0.724062150192938,0.6071483872377951,0.6162130512960406,0.892841247666689,0.9361366258130662,0.6842810821990292,0.9438242331761646,0.952474046407665,0.3439000603533224,0.9607282871479259,0.6690374475349403,-0.2528728587575511,0.6582993867479252,0.7478757985180957,0.7130194951841692,0.692697770765392,0.5470636582056473,0.9794714315286133,0.8017512179447571,0.7222911196617324,0.862106217767926,0.6256768886236062,0.9451450329265,0.7309495147669499,0.7116419121283255,0.7784689696674172,0.9954278345473594,0.25016132705365757,0.6565821089963787,0.8981168784371402,0.990023616963818,0.8524172031071308,0.6405567193081874,-0.1900484007591416,0.708491797816541,0.926112171218589,0.6980346984540658,0.9302748835349874,0.594903804170915,0.9348260701175973,0.7136701923933154,0.8283379043865372,0.673181023664051,0.904627331124361,0.5440071956858399,0.4824798734255451,0.9179102061029758,0.996004636738162,0.9870399144526278,0.9042395278978004,0.5479020209493958,0.6613246004191696,0.9803106140752701,0.3325985002365084,0.9564686520306007,0.6488634115836283,0.9804865836358371,0.1539657710741436,0.9357307632308713,0.6258788829313391,0.9879042675826203,0.9632638218643864,0.9196814263236676,0.918120501179404,0.5352265380407017,0.8858929591901697,0.6639690165246557,0.2812162976437203,0.9319162673329513,0.7288676537199569,0.9367166510487839,0.44718353380848735,0.7352628795065927,0.9104802756134964,0.6506499787868992,0.6576811126820442,0.5462860818467528,0.21985421268311536,0.9964753765789889,0.9963164958377766,0.999536730818408,0.9962183837885162,0.9964781235909215,0.9943314561072364,0.995945354576401,0.995264413565879,0.9954287809589082,0.7304552870113047,0.9965363537109487,0.996317402149793,0.9741025025395535,0.9991812933036718,0.730029451652814,0.7339375732873997,0.67628219198803,0.9991638860387116,0.9948868743812342,0.7316328877811551,0.9999996425608898,0.9981140639148945,0.9955119123442214,0.7310499824124993,0.9940338621167346,0.9958923128159449,1.0,0.9999998808361089,0.994485236771319,0.7331109256250252,0.7044915284187006,0.9997704055289786,0.7073388791138178,0.9938535361356539,0.5267987855848031,0.9998199233431715,0.7279544692325062,0.8336190902172291,0.7155067045277951,0.9532366058312752,0.9964130286958875,0.9888150949125863,0.8787403879366626,0.7168849376932066,0.9955322123011664,0.9955561788542818,0.7221807206824032,0.9997163498657712,0.20345854222959567,0.9949219626311712,0.7589033830119994,0.9080304531642691,0.7143322788519363,0.9219433437659046,0.4219102137488548,0.9326574959069099,0.6284043857149877,0.9238084374446792,0.6266836244169494,0.9250057493415123,0.21565335425339108,0.9761293446385052,0.9608812015391647,0.7756896161675852,0.7321453816493189,0.9997223215239972,0.8202678028187704,0.6276530846947472,0.7283465007376237,0.6903418810250879,0.6212763940611965,0.43721034206395815,0.879590186776134,0.9984601204723774,0.6084457644138644,0.9959473145863048,0.994054243041961,0.6854584011075951,0.7217857806677743,0.713516888513198,0.9496713375526,0.8892180418418181,0.5343141676933569,0.6457896019700313,0.6922072824190624,0.9936772424133066,0.9954535995210061,0.9570550419258199,0.9892904957265161,0.5704898894762371,0.8577566762587153,0.81609682728703,0.6431726851285767,0.9819611661102104,0.9542249437452038,0.7292407932285935,0.45693075917976517,0.986615652067317,0.988606117291092,0.9562998081447014,0.7335925213360931,0.9959693436696108,0.9945431166772575,0.9407590131293475,0.7018513269415201,0.980148208332027,0.9964704427542247,0.9679906492281607,0.9857079186717699,0.7135675609749799,0.7145550828320714,0.995014981382515,0.15750342885523824,0.9963420900001186,0.9769656880243207,0.9693059276259547,0.1697534528070349,0.6315112387745817,0.992956067825373,0.7214299414440173
UCSF-PDGM-0265,0.5613132841191192,0.9583190751639262,0.4514739394813484,0.7009768616421003,0.7240509281073306,0.6071802964672371,0.616201311925387,0.8927898765536546,0.9360395747127821,0.6843081248948681,0.9437598454058451,0.9524996589040372,0.3439566193445731,0.9606633477353405,0.6690112065572066,-0.25289056827274975,0.6582773818972987,0.7477659628241452,0.7130106632360589,0.692662877150933,0.5469266651333318,0.9795043655261846,0.8016438764586747,0.7222489711275828,0.8620932621278768,0.6256526710090065,0.9451581970903394,0.730982124684324,0.7114012633131457,0.7782844047541765,0.9954378940926036,0.2501912497366879,0.656612315829139,0.8980512546981392,0.989978340897628,0.8524532115760949,0.6405118412131974,-0.19000934427782754,0.7084136778749021,0.9261305272309214,0.6980116932840404,0.9301916262179948,0.5948546537647702,0.9348319359320104,0.7136588665739446,0.8283804320601102,0.6731162087879454,0.9044703666356864,0.5439941769532474,0.4824954104689419,0.9179014888157748,0.9959613768056894,0.9869849850262337,0.9041129214603032,0.5478697966880538,0.6612473310952965,0.9802473237808657,0.3325952841904876,0.9563721017206738,0.648819927206681,0.9804310538382676,0.15396350964937494,0.9356137619013023,0.6258961642242308,0.9878407124791921,0.963254091273692,0.9196337880298814,0.9180641933299939,0.5351001599141715,0.8857761385673922,0.6639559846259953,0.2812260904342927,0.931804291202206,0.7288719227758261,0.9366863922009883,0.4471504230080068,0.735235172274179,0.9103347040241577,0.6506514885947844,0.6576809777444295,0.5462637588143859,0.21988528250934375,0.9964735136616834,0.9963258010628963,0.9995217534234571,0.996207404433895,0.9964803001018985,0.9943511826592756,0.9959617422001079,0.9952888901352129,0.9954071137719352,0.7304467227302062,0.9965420346337059,0.9963259934954254,0.9739999310145634,0.9991614237605619,0.7300418541139835,0.7339719159607325,0.6763276204769603,0.9991678813152469,0.9949148320568068,0.731633113168573,0.999999110631611,0.9980839767558587,0.9955352536159919,0.7310807394646275,0.993984275860936,0.9958757931970021,0.9999998808361089,1.0,0.9944546419623497,0.7331264280366397,0.704539102525322,0.9997598257561077,0.7073818900815697,0.9938784946222948,0.5266855324748299,0.9998105399248874,0.7279484047108165,0.8334665717790571,0.7155167881789068,0.9530995669709769,0.9964192286798778,0.9887448831636668,0.8785892060265045,0.7169237115874666,0.9955538772160438,0.9955775738216471,0.7221382766572343,0.9997205987435923,0.20353388379781523,0.9949131111022844,0.7588485704258792,0.9078981118125895,0.7142747237433759,0.9219716794830524,0.4218688680855718,0.9326565912501205,0.6284391517562904,0.9238402400086132,0.6267274799017301,0.9250375976203957,0.2155731829408198,0.9760559867937352,0.960903126966355,0.7756713504227868,0.7321501267274143,0.9997337062450105,0.8201990365541563,0.6276203251795374,0.7283787712632361,0.6903066614482267,0.6211946233172405,0.43720603378268325,0.8795348982872382,0.9984442976652649,0.6084905352495883,0.9959545160745503,0.9940674047984325,0.6854627503749345,0.7217990185130438,0.7134891706629943,0.949703888682559,0.8891670771451666,0.5343442439669048,0.645811006188085,0.6921789256491246,0.993688688665803,0.995415015893303,0.9569183725103015,0.9892434498569421,0.5704208829967816,0.8576690157598222,0.8160151443004946,0.6431334290714481,0.9819823691655739,0.9541978236207821,0.7292239061206834,0.45693639857172197,0.9866134137102317,0.9886034444648559,0.9562041664468365,0.7336159399817476,0.9959853704148065,0.994559999868907,0.9405944911061634,0.7017467962901467,0.9800533187442131,0.9964734309461115,0.9678750559605516,0.9856279527559682,0.7135491955422117,0.714521375909472,0.9950418092839928,0.1575784419840469,0.9963506862306323,0.976873392869462,0.9691873938445315,0.1698226604494612,0.6315081468996315,0.9929433492523879,0.7214394244176887
UCSF-PDGM-0266,0.5400434584183699,0.9420809394895625,0.4290593004398092,0.689904365521472,0.7128911890254691,0.5793135527367266,0.6236689851727748,0.8857754000004149,0.9459105247405368,0.6779328963991649,0.9567243205402748,0.9444569392646511,0.3266027958658513,0.968172230092758,0.6646469532415883,-0.24274750474483342,0.6418827187294897,0.752272152919287,0.6992696000088403,0.681367711345006,0.5502740212654316,0.9732293953986118,0.833872183606218,0.7156536991797499,0.8483346498113669,0.6120394667183111,0.9493196801875872,0.715970953136961,0.7659668864200525,0.8186478832980096,0.9946462964503562,0.2506748501474081,0.6337201643058658,0.9051731435572931,0.9935491814995732,0.8373153478497157,0.641745039750046,-0.19074976434803623,0.7076270872909727,0.9155013685615334,0.6960789630624654,0.9364252539332817,0.577319707888682,0.9282386934459868,0.7044559148353038,0.8137750375198379,0.6757970519410667,0.9307359793127653,0.54138833282458,0.46762099105567284,0.9280172106416048,0.9962465327601596,0.994092010326835,0.908944094356167,0.5447987653498657,0.6718827259289788,0.9858058758212117,0.3003959816095631,0.9599452510234372,0.6321158325910624,0.9869343014644244,0.16301032827972192,0.951885325890113,0.5994593689490434,0.989205483571627,0.9649340138199975,0.9211069392479458,0.9168033767735176,0.5619919185717567,0.9218872383952101,0.6663321432605486,0.28351299540706454,0.9479739387241374,0.7176364419099093,0.9260082112261341,0.45762470140271744,0.7431365503866839,0.9187465329940654,0.6516250786311782,0.6647505428425585,0.5364056242038843,0.22415541250314938,0.9982659798051071,0.9966580613779578,0.9959245344241006,0.9991912201828176,0.9977447150076512,0.9938669102776472,0.9953675768688658,0.993636236428417,0.9997546359857614,0.7198234231714415,0.9969004093320457,0.9967207180853267,0.9889227842294332,0.9961966487758737,0.7160095981466927,0.7178807076162077,0.6617919443938214,0.9937543567771479,0.9928065228113357,0.7198822515114612,0.9945376639233222,0.9964419047577474,0.9937810183047623,0.7147209581445594,0.995510034995105,0.9995833548581055,0.994485236771319,0.9944546419623497,1.0,0.7194249010438143,0.6837945656855738,0.9955945684270269,0.6880076661757785,0.9927085098970768,0.5535157854625699,0.9954908278677091,0.7163416206381633,0.8622464606136292,0.703966683824703,0.9643306431728383,0.9971575726510024,0.9929577290851769,0.8861394519479471,0.7058005666324108,0.9942691941751722,0.9943282170064894,0.7159515943466607,0.9932151813006764,0.20561730940247686,0.9981701031069043,0.7925436708187131,0.9216475886586349,0.7123801013612698,0.9115310877015439,0.4267984540692533,0.9282048445921314,0.6097992998937185,0.9146926784874612,0.6205893714998327,0.9159944447649673,0.23555536634920246,0.9838024627911883,0.9528209099617188,0.7638431434856863,0.7198209577280303,0.9927380278718834,0.82105934942765,0.6203745799062432,0.7141257809787155,0.6887291309974827,0.6532641428805064,0.4453633276957638,0.8689204274148199,0.9953483817752078,0.6080234792288945,0.9958135629299594,0.9924299565109176,0.6825923146400779,0.7115532408691173,0.70282318830943,0.9421129941810312,0.9021486738260995,0.5373266336117922,0.6481246355668728,0.6791943512249212,0.9936505079284693,0.9950057982551544,0.96694214459471,0.9965057445439988,0.5585800879876308,0.8583523392455911,0.8296864918044943,0.6299451956470744,0.9772346782386414,0.9452690415560714,0.7079248397996195,0.46585855910884444,0.9857326984499846,0.9880353800662667,0.9772093555653144,0.7189081740754499,0.9954384183272076,0.9944482850526873,0.9572126652786931,0.7036866183624786,0.9874930671979086,0.9976317266754517,0.9844906801410922,0.9911147034269817,0.7021722991440045,0.7292263316724438,0.9930813892367584,0.16902614379269373,0.9967756698680821,0.9910127927073882,0.9797313276698291,0.17179263735111183,0.6542780987197051,0.9944167892180891,0.7153347386614867
UCSF-PDGM-0268,0.55699868761121,0.6437965232111054,0.4484948758631587,0.702191046965552,0.7283723597426344,0.6074711994943864,0.25053042953596805,0.5876720273616979,0.6322225252640563,0.9853371355748274,0.6314385375945056,0.6354045921003045,0.7117798091066652,0.6602509503640636,0.9779220291426904,0.23340847167680298,0.6616942348085931,0.37383338306592595,0.713954903977295,0.6954706357553143,0.282084366535455,0.6820955679318684,0.46623472757607665,0.7266379663465029,0.5509393089623091,0.6278459768847182,0.6235457630581924,0.9992911457135323,0.40772241694116684,0.4374647603333842,0.7130981546298937,0.2549443463921699,0.659633525592993,0.5718167368660155,0.7086518118831497,0.5082333875724001,0.9631724781915062,-0.1834463670462657,0.9811268578161879,0.5840950572229544,0.702538706243694,0.6122527004654433,0.5942342181546161,0.6089514570403682,0.9959340855437959,0.5071623978163223,0.6797043713563918,0.6002112254669514,0.8951117418455227,0.4824894423769424,0.5874437926432282,0.7247612230304891,0.6967285116656167,0.6073853754579659,0.5478386262203393,0.9646926958043827,0.6927281401047385,0.3258645203505697,0.6696378271116197,0.648395045272094,0.6855283635663935,0.5578755068095921,0.6163114881802567,0.6243612030819959,0.7069736216874152,0.6594249049050063,0.6063943818192015,0.5633562903644644,0.8771872891995682,0.5601835372944125,0.9723283347777585,0.6561032790221709,0.5963956261045159,0.999571432509916,0.6126137026705537,0.8425738629416938,0.4173032026865374,0.6197767585824835,0.9670021542077735,0.9614607858025441,0.5506750025385604,0.2205015770659186,0.7228054114646227,0.7234429397022761,0.7317993704989236,0.7220044681734401,0.7230796841058011,0.7278685681067149,0.7236510738277346,0.7237022987507514,0.7195715584394918,0.7348922272240309,0.7193280275830881,0.7224263707156404,0.6997858437069717,0.7312187817422862,0.9991738767773184,0.7381449768871701,0.9825773643102376,0.7377259775812083,0.7236630443178041,0.9995065240847867,0.73308366329219,0.7297680093729941,0.7215352938850893,0.998719004465881,0.7305041421910732,0.7213944632449064,0.7331109256250252,0.7331264280366397,0.7194249010438143,1.0,0.9862419662690929,0.7322583441518777,0.9870420098828332,0.7278648790066428,0.8734649591368191,0.7323729039201072,0.7316702181028406,0.4587045680028284,0.7185434658046066,0.6818365626377099,0.723303662780849,0.7253298148446776,0.5833667652876929,0.7203442693403869,0.723707062536276,0.7237062540349839,0.9928481632550141,0.7300413092000226,0.5578984398456298,0.726412683993625,0.40945588514932196,0.6036528526574334,0.7193426789350592,0.5919216228481278,0.4184871110154018,0.6226373443114305,0.6250789944694811,0.6127364492545064,0.9544073624574291,0.6279040846954386,0.22068674154263987,0.6878399261883035,0.6368200854562635,0.4172460136665825,0.9997552783729846,0.7336598597772264,0.5024106359297099,0.6324442945062704,0.9989212603057713,0.6936050659749718,0.25223698160554275,0.4409388174014863,0.5334933260786252,0.733907082909681,0.9408442339078895,0.7158071751937661,0.7096354421176116,0.9834221757197666,0.9987767833061391,0.7152629551813292,0.6466282592687393,0.5626805869113394,0.1356860070704954,0.29939957239955856,0.6912502654064245,0.7201949385285163,0.7283777990058106,0.6742488821497418,0.7121518835235907,0.5708690008260116,0.4891153203188196,0.43334377527695866,0.6497638132532938,0.683317800659078,0.6424943646885686,0.3847411756583709,0.8187426349807421,0.6904879824894528,0.6937392223893117,0.66247783765735,0.9998673192134616,0.7236441524287924,0.7278354471206405,0.6838134540556331,0.9692823943782622,0.717350655549,0.7231288235148835,0.6944740299576186,0.722411050801163,0.9941599024774876,0.3988509164594949,0.7236798314197574,-0.1279419306985846,0.7234137178194913,0.707781056474978,0.7078321394232786,0.47781733734911963,0.29375801932991025,0.704734227295338,0.7265313082268194
UCSF-PDGM-0269,0.5504050733016812,0.6488809131304127,0.3855182706881636,0.6716717282669602,0.6981516914673511,0.6187100720610819,0.3108820780770029,0.5756176142725802,0.6170355764860753,0.9816608940336315,0.6153166632110566,0.6429975714754993,0.7999518629456529,0.6431404995915289,0.9714691381360199,0.289775137123707,0.6149839027637909,0.3991667396338872,0.6805976465930444,0.6734563831185131,0.2654222093421705,0.6735616511999488,0.4590077262621044,0.6895051628616382,0.5857730739403811,0.5784322872514776,0.6197122988760897,0.9877945020299563,0.37246958518674145,0.41517964040207583,0.6895690202887033,0.25828066024763335,0.667456120446067,0.5759670110566055,0.6815552836666128,0.5470538865729095,0.9601006051257002,-0.1572892881577804,0.9563305954568687,0.5949647751990653,0.6667464006063394,0.6001067778614199,0.5802001718807224,0.6209830766638695,0.9860154342327828,0.5365425858229199,0.654954085105263,0.5670055132784566,0.9128015927907158,0.456015925465129,0.5847510473392128,0.6916143180321974,0.6687281822097338,0.5960957488441342,0.5019693442650371,0.9320767568495212,0.6669486247010505,0.3541850972543367,0.6492982285012096,0.6047635858104035,0.6645550016123329,0.6026045820388672,0.5955879081040655,0.581594711466955,0.6792717992522795,0.6491653677515541,0.6030115279482332,0.5628434354919231,0.8567097234463965,0.5040919448970079,0.9533254220508502,0.7034639320416688,0.5782918235598751,0.9836850034278041,0.6198508359598582,0.7978800149516625,0.45759420024431074,0.6010782584213754,0.9629804096353416,0.9324599745623966,0.4916345248616247,0.26345009375264744,0.6910010504084744,0.6931552673144117,0.7011939693483107,0.6889742940287837,0.6918219907068656,0.6984613749772448,0.6943337874298513,0.6955014484152227,0.6853169664172569,0.7023313202522191,0.6909022859462455,0.69215302525902,0.6550585337666042,0.6999652824209639,0.9857899137267147,0.7113686274563601,0.9909457113266358,0.7090649859422948,0.6959453315699675,0.983752812515872,0.704408736504173,0.6971702011565253,0.6944739253664178,0.9877453117264813,0.6947747069557227,0.6876247142582936,0.7044915284187006,0.704539102525322,0.6837945656855738,0.9862419662690929,1.0,0.7022379828508557,0.9990922545365766,0.699182089667148,0.8270293617635031,0.7025121021950945,0.6992270566773539,0.4282060429696405,0.6850603743449788,0.6462083185860342,0.692592625555511,0.6869742794526108,0.5717093423972553,0.6906400353835228,0.6951171626989306,0.6950790567252391,0.9720597610240369,0.7043766927551482,0.6245363099885918,0.6931137956928933,0.40576831264328844,0.5859526518971626,0.679109414248273,0.6041638847242016,0.41095830484322005,0.6207570374878338,0.5889230906548111,0.6277407240331176,0.9241563001731915,0.6451912381839888,0.14778995516108073,0.6644712187728697,0.6384807372666331,0.45928053063579755,0.9845903631914051,0.706596314771576,0.5180336466134814,0.6271068524885024,0.9858093991465696,0.6502275517680045,0.25380940066288277,0.43408917914092265,0.5299743430426493,0.7043928285597967,0.9390410749768079,0.6889861477129698,0.6864701087473125,0.9643655905141147,0.9857917069455147,0.6795401024186112,0.6536431797330009,0.5534171621717769,0.1823442588523083,0.34841822864197425,0.6543950474543875,0.6962863599995959,0.6973287241644949,0.6354677901607622,0.675509865713648,0.5104479477162042,0.4816435048251432,0.40790815375831957,0.5981655357005061,0.6688741515069707,0.6296362606465103,0.42753981107531613,0.8380834395709006,0.6751723791119107,0.6773052253263988,0.6262104913913371,0.9871495370344061,0.6942772599284306,0.6980361186054532,0.6341570636499433,0.9402679631480629,0.6759238654097431,0.6919812379526002,0.6481776936247283,0.6828322630230992,0.9758071516847922,0.38257284294721783,0.6958051423525,-0.18517182341314642,0.6930292694401768,0.6637539689863717,0.6635369174592328,0.4771078190114047,0.31804069130649565,0.679345826019535,0.6934045055918924
UCSF-PDGM-0272,0.5601505043462901,0.9571298071165237,0.45093442733271166,0.7018033541202525,0.724384680063471,0.6056052600141372,0.6165836113837957,0.8948863573732433,0.9401765458631413,0.6829334432588451,0.9464286954196395,0.9511262031496676,0.3413368277814716,0.96335299247621,0.6700321048801338,-0.2520361753234201,0.6591106343837395,0.7525210657915914,0.7132397106907714,0.6940666519389936,0.5529480675500942,0.9777958946997815,0.8062743586445393,0.7239714831162515,0.8624724203058527,0.6265929190393098,0.9443452905081395,0.7293465615102932,0.722037312250735,0.7863870533557825,0.9947525518000434,0.24878922235241469,0.6551020947755375,0.9007863227990691,0.9917783832228694,0.8506365576565831,0.6423760813829154,-0.19171803221265582,0.7117542517590947,0.9250890185773697,0.6988805210793776,0.9337107459972198,0.5969214061373173,0.9343490885899488,0.7139997156154464,0.8262767736835399,0.6758677860868526,0.9113043572014533,0.5444508650053951,0.4816846262849647,0.9180772755170546,0.9976695067540435,0.9892190847793283,0.9095841753258657,0.5491877410233553,0.6645607952383431,0.9828583382112874,0.3326615559340647,0.9604818170233508,0.6506196502381403,0.9826936442226565,0.15402887411323307,0.9406464301954605,0.6249734038868285,0.9904618314870446,0.9634647168462741,0.9215563931099221,0.9203763569694199,0.5406478178855929,0.8908123977590268,0.6643850937173801,0.2807204378147146,0.9366122649802008,0.7285091209514899,0.9378248022575606,0.44853181688451893,0.7363063420456952,0.9166558723384324,0.6504309218467133,0.6575325955089028,0.5471375985547525,0.21843887465608583,0.9963231462647658,0.9956741128838822,0.9999593997404551,0.9964663507272447,0.9961485948261694,0.9932321284229062,0.994992199505718,0.9939563799589586,0.9961460415878459,0.7306596597730248,0.9960529963077717,0.9957063524435591,0.9783758086748718,0.999818770912702,0.7293136562119293,0.7322578645708705,0.6741294457086905,0.998753897683999,0.993426137387659,0.7314511895813148,0.999788165192421,0.999200261759266,0.9942536508796863,0.7295283311667975,0.9959768686800744,0.996383528535037,0.9997704055289786,0.9997598257561077,0.9955945684270269,0.7322583441518777,0.7022379828508557,1.0,0.7052849493267763,0.9925246816164365,0.5316459637848957,0.9999969960218864,0.7280497102913978,0.8401176456001801,0.7148960961508263,0.9590276454160851,0.995906917717159,0.9916646171295077,0.8851696850911218,0.7150147390657456,0.9943475244024488,0.9943833338116536,0.7238740796960521,0.9992951007602299,0.20010388756954783,0.9950768398858455,0.7611309971209529,0.9136259261339847,0.7166907336259358,0.920483142793795,0.42362587463348744,0.9324781918277136,0.6267308764219058,0.9221956323332585,0.6246115671049194,0.9233906565598465,0.21912157725619572,0.9791199336150781,0.9596932162006766,0.7763091815571491,0.7317651857135326,0.9989878659659537,0.8230934592003255,0.6289435705012655,0.7267590552507841,0.6917256224987357,0.6247195686522625,0.4372967724864537,0.8818103488644589,0.9989201488764107,0.6063378133967819,0.9953973551375838,0.9932431211923642,0.6851065412813842,0.7210352545277305,0.7145659235840508,0.9480196032758079,0.8912461640175735,0.5328685954958087,0.6446984847607606,0.6932893648551521,0.9929415056617121,0.99691334746897,0.9628289692483127,0.9911231140086826,0.573384743367104,0.8614028314026606,0.8194904013791431,0.6447446715104597,0.9807999368780845,0.9551912193331561,0.7298107550893765,0.45657593740860974,0.9864822157910761,0.9884912832402672,0.9602731321611666,0.7323923689578526,0.9950320225755622,0.993568539514452,0.9477592684358297,0.7062745539983957,0.9840829206839251,0.9961052896515008,0.9728369383883986,0.9889862985382641,0.7142060896481742,0.7158667453172077,0.9936038021324511,0.15417398139416055,0.9957308200902927,0.980787273361058,0.9742809723902294,0.16667594202290098,0.6314986522586085,0.9932811382730573,0.7208443069623035
UCSF-PDGM-0274,0.5456546297747762,0.6469260632976176,0.38306707852833705,0.6734182379329733,0.7029741840231918,0.6183660619993807,0.31648589324038867,0.5834661506375703,0.6272344304051122,0.9836086616718834,0.6257097577849522,0.6462631093812035,0.7957976943184831,0.6522671724522972,0.9756105022894196,0.2920187985328725,0.6192270283394083,0.3971911718255326,0.6819517654191781,0.6768806852237006,0.2775080107834633,0.6786203374626381,0.4738610627586632,0.6948363828832709,0.5900880365631465,0.581480604779923,0.627222087994462,0.9884815634800646,0.3888896184778441,0.42837197836363466,0.6936211587875105,0.26274975171616344,0.669983212567016,0.5861590781560263,0.687890945810318,0.546609139328185,0.9641634196851437,-0.15125736151554442,0.9591169162543742,0.5928185774406006,0.6719929737889927,0.6089335722258167,0.5801626815012852,0.6256911111446314,0.9881323498686251,0.5452055453420165,0.6626565539359155,0.5787754622037886,0.9192063662799855,0.45607685254584496,0.5940606265179829,0.6954552318725478,0.6743660764216792,0.6063327274031286,0.5027822949529949,0.9371611307875795,0.6746326039012913,0.346824127730583,0.6576380234490882,0.6052440803060573,0.6705555260289533,0.5952531387712869,0.6035865024856091,0.5802413218064304,0.6841422850726062,0.6578452408773398,0.6135161493390592,0.5627267127291474,0.861715553838457,0.5184763107630902,0.9577733615972538,0.7087032039965381,0.5832913426389928,0.9849417046540793,0.6205173101550987,0.8009346456756044,0.4709333593412473,0.6110874250829411,0.9674806756506232,0.9371208915204982,0.497096146250204,0.2631190240790508,0.6946653517979228,0.6966028542870918,0.7043244637447796,0.6928140891660728,0.6954081274556878,0.7033422855533759,0.6976429581107317,0.6986515951960358,0.6893981225145472,0.707281586319088,0.6946953003094452,0.6956486769563356,0.6605903770795071,0.7031884260461027,0.9849827413521229,0.7154788083575168,0.9917383077098929,0.7134490598533916,0.6990267342063925,0.9848377249285223,0.7072639886007174,0.7005859253163422,0.6978009540613798,0.9866033786563281,0.7001843686198177,0.6915705423136389,0.7073388791138178,0.7073818900815697,0.6880076661757785,0.9870420098828332,0.9990922545365766,0.7052849493267763,1.0,0.7039569456556312,0.835479978679857,0.7055363052715482,0.7034013577974212,0.4261162332602296,0.6883525985252527,0.6540474611199011,0.6961006594264557,0.6927642395683714,0.5826144367450025,0.6939664626823484,0.6983226982182383,0.698289903775346,0.9738928817588655,0.7073352951249972,0.6335152177354213,0.6985632932305371,0.4191972044205816,0.5971842149298318,0.6853571388910227,0.6086251999092299,0.40793626279778594,0.6302771329705867,0.5854015950106055,0.634383567538757,0.9284912618338894,0.6523674353395175,0.15488389139988523,0.6717578062009943,0.6394834955044668,0.4536163446875845,0.98559110945914,0.7092226328783905,0.5304131854539498,0.6323819977169564,0.9867362216904239,0.6544453420637506,0.26443563818423105,0.43798193351922393,0.5277497639623423,0.7092727444814624,0.9449274923254642,0.6930034827894567,0.6907307059473178,0.9679982441650843,0.987028179059539,0.6819935441071083,0.6593485730085907,0.565416281179779,0.17645677109298952,0.35758426851487823,0.654086291966569,0.7017470058810916,0.7027865417124679,0.6397423983564243,0.682369186881694,0.5123559379500566,0.47590632352815027,0.40097376129206697,0.6059870797120238,0.6742257163349538,0.6221370809110125,0.4272105776615996,0.8474502881867384,0.6804571196407256,0.6824555988205904,0.6356377129453771,0.9878015443886453,0.697593502000513,0.7029744110377172,0.6415778956218403,0.9432770017416742,0.6821580221483847,0.6955516383571699,0.653939291632722,0.6887992187853419,0.9775165006175117,0.3961046452082223,0.6989088758396123,-0.1925412115095601,0.696490670703449,0.670759321892768,0.6701853288757592,0.4617758189463134,0.3327786049415475,0.6842698930684309,0.6988289038674693
UCSF-PDGM-0277,0.5416680667530267,0.9421842419049009,0.42894586525891754,0.6863123629359481,0.7150137685134896,0.5879126574644908,0.6222710747775613,0.877160593659455,0.9278838721195514,0.6906769204776878,0.9467022373606482,0.9504283605288664,0.3429091716402986,0.9570792119784705,0.6664475802885592,-0.23826678387695233,0.640696352817078,0.7189637095068815,0.698586087663578,0.6763966102820091,0.5248325646901877,0.9827493885033408,0.8168846504124956,0.7104606836167482,0.8464188504608456,0.6090084989914818,0.9558192364870444,0.7285857457941166,0.717166617446513,0.7805805883665994,0.9974208395926641,0.2625371401499398,0.644563661128172,0.8948840489323835,0.9848023192753533,0.8424490242314663,0.6389489205286202,-0.1748944575937266,0.6945754525591964,0.9142054054523518,0.6953866981736304,0.9204067314644051,0.5656812762927785,0.9306641908350209,0.7077071198498707,0.8295333811081945,0.6672623617416545,0.8988213199884699,0.5494118995478517,0.47170566917646556,0.9306227664503169,0.9857110426345387,0.982068488443438,0.8839699291587888,0.5373251180728096,0.6612414159638194,0.9738271971970719,0.2937083683951537,0.9405664278227484,0.6219861237530439,0.9751622471707089,0.16087213649951101,0.926366421865779,0.6027283623182141,0.9746018356916594,0.9671716371208622,0.9157733399340886,0.8985741694448287,0.5393795484787771,0.9015267396313636,0.6713167264350702,0.296481854920423,0.9205959871658131,0.7237143582255916,0.9157021436177272,0.4568255259836905,0.7457295434981206,0.8887788651850385,0.6605632705768937,0.6727887253114191,0.5359675682424314,0.23196756177934696,0.9976681507066687,0.9986622246699427,0.9918297211561495,0.9964694756006908,0.998087995962277,0.9999424427671475,0.9990218662892255,0.9991752093546209,0.9945681247584293,0.722681379674335,0.9983184423681277,0.9985817085520602,0.9648654291790515,0.9909617105958101,0.7221652742431366,0.7306821958591911,0.678374339952417,0.9956964158176183,0.9991565898112817,0.7247802567953466,0.9938097495931628,0.9888259269497419,0.9991999390084639,0.7251351665559883,0.9849798865637754,0.9955708869185954,0.9938535361356539,0.9938784946222948,0.9927085098970768,0.7278648790066428,0.699182089667148,0.9925246816164365,0.7039569456556312,1.0,0.5372067311030522,0.9926997764746868,0.7190766557644562,0.816960326749148,0.7097807707959799,0.934308739797325,0.998438257534413,0.9776232842450422,0.8557123792404733,0.7187359086617402,0.9991530606897223,0.9991491869089866,0.7109132901130212,0.9937942346199141,0.2382934921168492,0.997600760379902,0.7868809462830189,0.8958061013582819,0.7041314676716732,0.919287136768807,0.41354206928502457,0.9336190992652837,0.6150952034664235,0.9256692016569965,0.6397653666281404,0.9277087013319816,0.22140475221204456,0.9689242124794274,0.9555198706638192,0.7503090513936455,0.7257673499021455,0.9947880030828954,0.8125388504174804,0.6178398735968023,0.7268768088833486,0.6839095442680179,0.6380736019107744,0.44795181876586965,0.8492119742415081,0.9927906535961682,0.6291989781878023,0.9978201315713202,0.9961703019442434,0.6910688453373016,0.7199027422621973,0.698466870826386,0.9523246321715667,0.8968770731338184,0.5345058524880464,0.6585899518773645,0.6720001781762688,0.9982250730117769,0.9872934679203034,0.9333863047344807,0.9876624861821536,0.5432098678532874,0.8266099743320892,0.7974578167981567,0.6278921273266597,0.9840247036400365,0.9276372686158799,0.7003663711965866,0.48116171814411957,0.9866157921478584,0.9886745827989122,0.9583302827058772,0.7291816451302252,0.9990086259262654,0.9998629182013713,0.9198860116515745,0.6841668463401768,0.9664079579663274,0.9981641152159872,0.9574005096686633,0.9735075727202508,0.7032282241171599,0.7296372921870776,0.9991682191498475,0.17557425383326927,0.9986146465990904,0.9710119756077332,0.9531338516879673,0.17781187519329958,0.6633718329238077,0.9922831346968138,0.7229587683329813
UCSF-PDGM-0280,0.34270812351976215,0.39441056799252827,0.30757426178896197,0.5130116319600427,0.5387440650484521,0.3539491203905096,0.1349821589088919,0.38914839361236614,0.5002390456220112,0.8993569797088746,0.5106988845314259,0.4208637539022331,0.6384225544922458,0.5155596618350107,0.9059534756880075,0.4497187599069148,0.4885583240754496,0.2186376164249459,0.51669176306013,0.5064994331401901,0.16031097280608583,0.4740539606175232,0.4530736284470542,0.558596560227345,0.33390166216450157,0.4724550108409634,0.4692311705956402,0.8676459576312586,0.49042626117539484,0.45582677431116525,0.5209252197297842,0.1803330920947806,0.4281308278307262,0.42633486695402917,0.5420290241048846,0.27107030672368515,0.9179135136290345,-0.17589538608494956,0.9140310058005162,0.35723201850071745,0.5516970571521891,0.4615866921530736,0.38354543545520775,0.399230893986715,0.8940817592652839,0.2896322134570486,0.5485231672371431,0.5406971284788775,0.8638770421730517,0.33402193863697205,0.4425781249187521,0.5431002855616329,0.5382352209718732,0.46572505414457727,0.431160395962925,0.9635822331492185,0.5378310824043071,0.07309792558793443,0.5166898164330527,0.4687632854014192,0.5271501258008802,0.608085000750879,0.5047113563652981,0.41284528018944716,0.5327166557351136,0.48579484410181234,0.4428267872558918,0.3644336137444161,0.9595145461914759,0.5666070425791805,0.944024610350868,0.6813528074980932,0.47201971575221535,0.8850659764086722,0.3900505279854974,0.9567037020316761,0.30788947943043415,0.4942652240492705,0.9247327098528028,0.9489209747540364,0.43948205149679276,0.12440793610448983,0.5408349941564847,0.5354006941764374,0.5336114646081296,0.5450614295626323,0.5389020776081005,0.5399910320240415,0.5318079649178762,0.527565353681818,0.5478786041883015,0.5482935282611023,0.5321938379629026,0.5341991309940095,0.5769396198377778,0.5357476958501877,0.8696742563753981,0.5280694238435514,0.8704968700480492,0.5350281527038773,0.5256937477881738,0.8816455592463751,0.5269946342714468,0.5400382503543639,0.5254886214108895,0.8589462906583706,0.5578680330573095,0.5475378738512516,0.5267987855848031,0.5266855324748299,0.5535157854625699,0.8734649591368191,0.8270293617635031,0.5316459637848957,0.835479978679857,0.5372067311030522,1.0,0.5311038555585115,0.5412336646891404,0.3879995957847935,0.5295767651937497,0.5593275915677166,0.5369400414124416,0.564916640784745,0.4603439502432324,0.5267514246633066,0.5290569087487,0.5291991677961069,0.900125081410552,0.5200880938676077,0.6090461582068378,0.5540832431866779,0.4002261509219548,0.494712208825925,0.5704689957934249,0.36270281703038365,0.31086265438368416,0.4377375011197015,0.42570353998616345,0.4057077383194461,0.9174794658086757,0.42196317293928176,0.30029796825019917,0.5384525152144851,0.4179753973073799,0.20240714666355875,0.8793159934538282,0.5211889164749268,0.3557253115964316,0.4562319430656805,0.8725265864959232,0.5499300972028436,0.2547200895913953,0.34405646220295544,0.2999808467073518,0.5408831250518047,0.9122447245313493,0.5280768798670044,0.5181663795330533,0.9227170897842027,0.8881695779001466,0.5303985203333726,0.441208258294287,0.4454269967635785,-0.020608603835319178,0.1516015743456082,0.4988040630032986,0.5338081930663992,0.5474364239253444,0.5369758874816625,0.5620103427463462,0.4342223257176793,0.3009582479892286,0.30838040906428726,0.5035078135037448,0.4836280941408038,0.40918756471784806,0.13776001451191236,0.8627769997297787,0.5017231312589736,0.5041068809171213,0.5717488472835808,0.8688833029759423,0.5319937812967669,0.5414776299460677,0.5841453728599899,0.9140619854484773,0.5720481421910592,0.5385092172467523,0.5798637593231049,0.5679065961146129,0.8909425042963807,0.33988892205822263,0.5263041901410764,-0.05180361301086555,0.5357540864127417,0.58435441346977,0.5775168295849384,0.4743323839611229,0.23909173243279674,0.5270862507507419,0.5534919314569821
UCSF-PDGM-0281,0.560293917804858,0.9572856542340513,0.4510055266588406,0.7017276598694758,0.7243646344030528,0.6057958661783932,0.6165555640850746,0.8946732296928701,0.9397362830453376,0.6831034859231447,0.9461527816354874,0.9513025072392555,0.3416379781534768,0.9630751567153055,0.6699339095936064,-0.2521377467274467,0.6590331655084666,0.7520071918440444,0.7132311096565699,0.6939262078071767,0.552287804780395,0.9780103043465762,0.8057757051707215,0.7237961037547687,0.862450590744524,0.6265027075969154,0.9444587390132937,0.729546889412558,0.7208649651869137,0.785499586016067,0.9948529356774695,0.24895196566648098,0.6552866326493663,0.9005019140154951,0.9916007219202292,0.850860033121428,0.6421829039395978,-0.19153150050060241,0.7113976111434868,0.9252275753328494,0.6988000221638794,0.9333394316052874,0.5967044945558047,0.9344253836111508,0.7139786284277831,0.8265317675690852,0.6755761647585425,0.9105617613439664,0.5444127768825543,0.48178679927379053,0.9180795183607464,0.9975022658075121,0.9889928158962585,0.9089939517296767,0.5490534399581953,0.6642060607326317,0.9825897621006907,0.3326620804936501,0.9600450870384862,0.6504338852949173,0.9824640331627257,0.1540252383347539,0.9401060006457256,0.6250915192634113,0.9901923066485441,0.9634641460389265,0.9213633486010339,0.9201397146976165,0.5400402469144773,0.890270377652223,0.6643529515093111,0.28078368921251834,0.9360968698143917,0.7285670787348255,0.937719853029907,0.44838801795279165,0.7362041053903476,0.9159707600149443,0.6504711087685379,0.6575648784905115,0.5470529188089311,0.21860585754167033,0.9963637341253917,0.9957707547525658,0.9999343088173153,0.9964611629109378,0.9962094599932804,0.9933809839067606,0.9951243750806378,0.9941291263906629,0.9960871632953466,0.7306532761888305,0.996131455879932,0.9957994108171556,0.9779097370629424,0.9997691045145457,0.729412500381927,0.7324670403310652,0.674391380717476,0.9988240273111524,0.9936163393959729,0.7314889874934407,0.9998356109842335,0.9990992513692376,0.9944207107351968,0.7297193630697069,0.9957777720152047,0.9963505132944344,0.9998199233431715,0.9998105399248874,0.9954908278677091,0.7323729039201072,0.7025121021950945,0.9999969960218864,0.7055363052715482,0.9926997764746868,0.5311038555585115,1.0,0.7280557496974285,0.8393938094298247,0.7149825725093611,0.9583875085605386,0.9959879766983458,0.9913617228319935,0.8844548193382554,0.7152453041102141,0.9945061702795903,0.994540625804259,0.7236972114925777,0.999366531105325,0.2004922845723282,0.9950822683823364,0.760893881464893,0.9130071043352391,0.7164376172987978,0.9206715868620037,0.42343947164464557,0.9325203916790072,0.6269368885088881,0.9224015727900887,0.6248631202477413,0.9235968865015857,0.21872994005634094,0.9788006107502325,0.959851433230675,0.7762563654166502,0.7318256973053396,0.9990951171985183,0.8227893740464874,0.6288105793664183,0.7269575490177226,0.6915834240293274,0.6243402308102642,0.43729705695736343,0.8815768926053301,0.9988907601881266,0.6065930474203651,0.9954834181416898,0.993359008746688,0.685162726213322,0.721137879028727,0.7144625438074329,0.9482305975379884,0.8910348948902984,0.5330463504075226,0.6448382942902458,0.6931817098697628,0.9930487628155779,0.9967695530754299,0.9621908783006663,0.9909365318854444,0.5730669345115028,0.8610057795452186,0.819121267682613,0.6445798467395563,0.9809555841810192,0.9551029033508979,0.7297625316173231,0.45662714563298457,0.9865204248848534,0.9885274111349206,0.9598409547758614,0.7325466908649296,0.9951623878105944,0.9937031324725137,0.946980545954372,0.7057850038027766,0.9836557139356473,0.9961702289188991,0.9723051937806464,0.9886342844417831,0.7141496597842781,0.7157333535558461,0.9937883393079057,0.15455842660677918,0.9958239042223297,0.9803729306821662,0.9737345328737048,0.16703185870995998,0.6315147804427216,0.99326705641408,0.720928064882184
UCSF-PDGM-0282,0.9045941612905076,0.6396620891737681,0.8259645853346217,0.9948970318027637,0.9995287561911231,0.9341008932197646,0.24669866007573774,0.587341510893529,0.6341645396979743,0.6830913334548244,0.629638222127976,0.6282783446597653,0.33775390059108606,0.6592284335330073,0.6736990646506357,-0.24723840953074183,0.9716404125838519,0.3837100156417318,0.9959378525769165,0.990726386745842,0.2895551723622636,0.6732128871540497,0.46706521237787535,0.9971648808116312,0.5476989204554311,0.9625408254068852,0.6154420385839293,0.7280348209501993,0.4207640149737164,0.4466768670789246,0.7062161599470455,0.7284496139495725,0.9592627552580337,0.5704100343946545,0.7064701594711857,0.5024622807952243,0.6467708568444681,0.20647685217761513,0.7162740813088196,0.5808145463241199,0.993652187766465,0.6138024869932842,0.9335663789832342,0.6031740200708882,0.715523443049166,0.4975964812628738,0.9773336299302217,0.6069476259512467,0.5501409407992133,0.8946982113943059,0.5808763300495136,0.7234629784778189,0.6956276171196975,0.6128331895953812,0.9375050666361349,0.6704763855878139,0.691880728045013,0.6882082134302808,0.6724930328980069,0.9679577207231196,0.6844166916633873,0.1541495876611156,0.6206906776753691,0.9496601675157363,0.7074721462404172,0.6532123247155694,0.6039355232126755,0.5662110579888,0.5496943816843259,0.5613349941176984,0.6679416663789431,0.2857889505420524,0.6016953866215837,0.728738394235857,0.6125822402680059,0.4534726431709354,0.411764660983186,0.6271179912067717,0.653353911126397,0.66046435177553,0.9113048657478747,0.6233439035169914,0.7171156671540428,0.7167455393883535,0.7279899083114185,0.7171395360800453,0.717025124659938,0.7195487372598321,0.7163162470509452,0.7156409659129148,0.7156670220892619,0.9997195540322072,0.71295540265965,0.7157904880112296,0.7033225728328217,0.7278538727013275,0.7280341676332975,0.996249246995315,0.6730439196661407,0.7315140912870607,0.7152895537521027,0.7316606773319949,0.7279645620826909,0.7273332613906014,0.713581427512583,0.7272947440729702,0.7291615399619268,0.7170317868532518,0.7279544692325062,0.7279484047108165,0.7163416206381633,0.7316702181028406,0.6992270566773539,0.7280497102913978,0.7034013577974212,0.7190766557644562,0.5412336646891404,0.7280557496974285,1.0,0.47146403635939244,0.9981993300036861,0.6884677486537929,0.7168861279354973,0.7258805751768697,0.5912721365053317,0.99263391825401,0.7158980746627541,0.7159215041099464,0.7263155606124461,0.7244698594820081,0.20535514389790588,0.7206646147919771,0.4052986162040306,0.6090207564182608,0.9934829919653693,0.5842345920583752,0.8264481257471866,0.6163208181720033,0.9401623667937473,0.6039369557656976,0.626257656035646,0.6183452665265425,0.6623640680272259,0.6879102974456881,0.6312077226973364,0.41997841299389677,0.731738723053108,0.7274637904646505,0.5021529417602726,0.9606499692522382,0.7257698517761825,0.9918949734007084,0.25321534849230115,0.8299267881030147,0.5376409586589939,0.7294425767940733,0.6088476507649108,0.7093594401579314,0.7027138911250672,0.6877151593853207,0.7208920502656874,0.9967419470041204,0.6377355760737841,0.5589081835990966,0.13401492535397463,0.2915656360453093,0.9859450184927308,0.7124130952868325,0.7259569071728008,0.6823260764918221,0.7100912327366244,0.9165033252960133,0.4982282138505574,0.44228802032962033,0.9558276356878799,0.675769308202858,0.6448733801232555,0.3855837205113365,0.46374311904009163,0.6846806236688104,0.6878834167488568,0.6637275192165347,0.7313908501634179,0.7163417754064004,0.719770486258313,0.6931633078949367,0.7119474155109184,0.7201809600845057,0.7170010066774369,0.6992226766905761,0.723860959058147,0.7153158739278204,0.3939648190162625,0.7154076171511006,-0.13542409799911856,0.7167801960351935,0.7096716204302325,0.7128613729637321,0.16006196997039931,0.28577390323071294,0.7001656247275932,0.9952116953155254
UCSF-PDGM-0283,0.42878571101203816,0.8544595893813199,0.23131786914070449,0.4832720942542896,0.4704912253971266,0.412645839159849,0.7441259452671533,0.8245944529617208,0.8844020916341224,0.4401494557587084,0.8841394113721722,0.8480095888562008,0.2239131866438457,0.87898314251855,0.45199122879382886,-0.21761223324984602,0.3796885130543135,0.9063259398728534,0.47700848213177477,0.4804320079216401,0.5690133245978445,0.8343933907152635,0.8595639387828666,0.48694857960248605,0.8023360910220204,0.37213944571924795,0.8558878982629149,0.44840596178633035,0.8574698713245937,0.8997684987481893,0.8452313285257863,0.16592289107686164,0.4216347772411645,0.8686004351449845,0.8668925725597916,0.8221941826600874,0.45517395748099926,-0.137995079210739,0.4994492583834429,0.8779721044357013,0.4762225315110966,0.8891119993667169,0.4632053213366604,0.8551365565300694,0.4656338036203126,0.75508663980395,0.481176941892742,0.9077391942983767,0.3801284781135986,0.2752290599111265,0.8634150586821072,0.8603189784830777,0.8848342064975949,0.8675090259551074,0.3926823554102295,0.47131713253271285,0.8754821686666135,0.3283259957988949,0.8750130432710029,0.4179124528906168,0.8856652872773598,0.2570275890011027,0.9231447037256891,0.3745781297135005,0.8754731520663392,0.8525364781367878,0.8523435999704077,0.9311398165500788,0.46837620603994007,0.8532546827851198,0.4502534612593299,0.23854830066565894,0.9472012228981247,0.46401757289362033,0.8826792554907094,0.2671789041863882,0.7467273895106378,0.8780832443216254,0.43668855206651574,0.4400123638757758,0.27638266697310543,0.2597120902547965,0.845454748568481,0.838137763980648,0.8427353037441788,0.8510999096891297,0.8428592684052236,0.8207131113475757,0.833268536845539,0.8274895109098266,0.857019487072846,0.47117354428341146,0.8441077292902797,0.8383649851657982,0.8912664726129678,0.8455677344195419,0.4648747645987201,0.44814427925247935,0.42169083784970235,0.8216122618938481,0.8249308999546613,0.466752153747543,0.8338827704512197,0.8512126824630508,0.8303076555001574,0.45469126736414744,0.8515264295523641,0.854386662611695,0.8336190902172291,0.8334665717790571,0.8622464606136292,0.4587045680028284,0.4282060429696405,0.8401176456001801,0.4261162332602296,0.816960326749148,0.3879995957847935,0.8393938094298247,0.47146403635939244,1.0,0.459828022751948,0.8843963828876646,0.8402165707042301,0.8603656534319949,0.8653484653966457,0.449800801258168,0.8295246121191073,0.8297185242790381,0.4859679449206665,0.8331593162868052,0.14363422361377207,0.8395187460102482,0.8282425324930706,0.888108124207504,0.4928193515233893,0.8376121888225716,0.4198321750531962,0.8308062746775289,0.4406374296485475,0.8139638040412732,0.343659506527138,0.7977644271518721,0.11238459529116285,0.8822545796902307,0.8687594258907306,0.8377974372121932,0.46441928410513084,0.8260304889485048,0.8079137466753606,0.45087408804982376,0.44820923235275495,0.4778580377221336,0.7955146210268533,0.3772631213695138,0.9089489876254075,0.8350755358417743,0.37972660446754497,0.8456575648227878,0.8447216257740795,0.4497416128895943,0.45872413107537763,0.4861148001158198,0.8229035968582041,0.855757171373975,0.7523261357747725,0.7101645706783687,0.49019901185693326,0.8311149368809382,0.8487469621569622,0.9078995478194809,0.8657270600932548,0.3524020512173684,0.9578275024308974,0.973912156695522,0.352453348076978,0.8444719255028635,0.8926853207242958,0.7749119676545863,0.3285295752148758,0.8590199857901633,0.8591890164610306,0.8964535520493813,0.4543530589094127,0.8335209469809541,0.8227123206591779,0.8808273676562374,0.5093979900805551,0.8689431228260274,0.8423307585853722,0.8944626961171017,0.8640186986078164,0.4434261179162048,0.732170284096836,0.8257660097474774,0.24227355915652218,0.8386154118741551,0.877934062901275,0.8750675163759184,0.27458431558533636,0.7092379347604767,0.8624903931810596,0.4623069213706955
UCSF-PDGM-0284,0.915101550082518,0.6282513453597256,0.8397709283951228,0.9945442466732397,0.9966059061914965,0.9348300061389806,0.23450108760658622,0.5667379043337626,0.6129035971183939,0.67362033731767,0.6127540788750292,0.6170957504775059,0.3254220046941199,0.6411273374893778,0.6571295793049747,-0.252599442002398,0.9706937856964074,0.3663652610713445,0.9963949342089019,0.9869569664245715,0.26232842094848063,0.6628315620883851,0.45106297771369236,0.992689518601728,0.5286053124314967,0.9660994038161997,0.6054336965397868,0.7163806251395595,0.39860264453639455,0.4266933553686933,0.6956371892172638,0.7440721097661924,0.9581856392060989,0.5498837512700849,0.6904573370420044,0.49144605961716215,0.629861520484104,0.2170840944057775,0.6972252711278434,0.5721666283795035,0.9945629674210704,0.5936541762650263,0.9310452246055538,0.5889369777371366,0.7002422235856823,0.48353391247327204,0.9726402816292283,0.5848187278675502,0.5342987180270603,0.9079444803187312,0.5695800698750735,0.708071777779045,0.6800568082592858,0.5866481393688673,0.9471683719602186,0.6559136800569298,0.6738825699631437,0.6908013045411348,0.6504095221999173,0.9677914743181008,0.6682036342094129,0.1536115739678333,0.6004813870073583,0.9556065708372726,0.6896817905830829,0.6390352184384293,0.5849928339824721,0.5507913013563693,0.5363140128525608,0.5487543066870697,0.6577479219513752,0.27433696364020793,0.5838463718910979,0.7153244519165571,0.5959388992943114,0.45048946795624956,0.3949453315936552,0.6007918120314687,0.6428602356249594,0.6544175478285695,0.9169042719599665,0.6394302753975473,0.7066511819709549,0.7070333254660226,0.7145412624264901,0.7060649919605511,0.7068321052482281,0.7098950145214195,0.7070838995804558,0.7069593504269737,0.703788541610068,0.9971294581335949,0.7027301461226769,0.7059625035820359,0.6863214924739347,0.7140782056568612,0.7152950869710606,0.9964482052372235,0.6620224216579063,0.7187328583796925,0.706845824410325,0.7174998774177993,0.7154888369985264,0.7128786275923589,0.7046869963145947,0.7158098337703566,0.7128084511160039,0.7055882589349876,0.7155067045277951,0.7155167881789068,0.703966683824703,0.7185434658046066,0.6850603743449788,0.7148960961508263,0.6883525985252527,0.7097807707959799,0.5295767651937497,0.7149825725093611,0.9981993300036861,0.459828022751948,1.0,0.6652833728747354,0.7069642058418234,0.7081949266163156,0.5636708163450883,0.9968705202929409,0.7070247062495715,0.7070297435638714,0.7093474763138833,0.7120114159153397,0.20158517494420347,0.7090786086223464,0.3957304408023287,0.5854802322062774,0.9888096095443969,0.5710544405708399,0.8387268040535845,0.6016569743064268,0.9533000208587197,0.591408795294696,0.6224394089736452,0.6046430515026785,0.678564357743872,0.6694114146532253,0.6214839807389122,0.4087839924577097,0.7178823875189969,0.7157988673849649,0.480092704335138,0.9580159408726364,0.7146897441192799,0.9934542202054903,0.2429058711918871,0.8412874509468892,0.5202535855810664,0.7150483984882995,0.6031712537941936,0.6992235370133917,0.6927337561068182,0.6784296351928772,0.7086871206765342,0.9953139753199848,0.6262705610446242,0.5417472524274833,0.13411310292850795,0.28055079964435625,0.9868818918059487,0.7012832661515014,0.7098411436988162,0.6606445473516874,0.6960120877727061,0.9166390762414273,0.4851303869731158,0.4372470767170373,0.9524241104407712,0.6653452709840676,0.6337429143051305,0.3670848068007673,0.4550171414066988,0.6721518497853082,0.6752457509148038,0.6476066525111993,0.7188054282790194,0.7070849239999202,0.7099228230765274,0.6697005644081155,0.6910767311158564,0.7009325901167033,0.7068626208987314,0.6814098068093095,0.7055534682578138,0.6988755669218788,0.3810058844786433,0.7068866252713114,-0.11792677695048294,0.7070200642697055,0.6926610252081907,0.6921488975655091,0.17782831179032166,0.278557291598078,0.6883252640519885,0.9961495410757473
UCSF-PDGM-0285,0.5228387038385671,0.9186345017693142,0.3939007770942677,0.6712653091469887,0.6897940085252818,0.5719610189509323,0.6586392610815119,0.9039138239619592,0.9777056638786791,0.6377169680963696,0.9637554952417178,0.9211130406227713,0.33696714854326965,0.9778517838095289,0.6558178802334664,-0.20117878019836974,0.6246981574738825,0.8157760128250843,0.6727053878670571,0.6789186001909299,0.6267693793700434,0.9332704844739164,0.8693358633405368,0.7043779642305033,0.8788826237564936,0.5938281325658256,0.9211000309197127,0.6705238870760989,0.8465804451871227,0.8812452597015733,0.948254638496624,0.22471998016036487,0.6224360716339831,0.9322892449945523,0.980113140874943,0.8346736517999039,0.6414271309388854,-0.19655172829093573,0.7133755902158085,0.8963377107661618,0.6705792716392827,0.9634165144552971,0.5954512180233328,0.9209815734794373,0.6850928282011138,0.8161505852781452,0.6829162508794341,0.9739101868495977,0.5475454268128527,0.44380841977144553,0.9116747852799175,0.9754695697062833,0.9809811594132684,0.9684175427559919,0.5223885075768119,0.6674229954469686,0.9855987680218732,0.3307126223704109,0.9906171978198495,0.6266871352628947,0.9813296932765339,0.15956453875154017,0.9811577493768983,0.5676615785648083,0.9870385454067311,0.9492823819900256,0.9404394898845606,0.9279805956004099,0.5856265390845239,0.9235335417708024,0.6393787461921071,0.29423681185374384,0.9718510613472328,0.6845767763589693,0.9371434578717964,0.42944117456318304,0.7860821196734359,0.9814003346549113,0.6263397096803693,0.6195801178425975,0.513593677707373,0.21761921451063557,0.9497267595005947,0.9431624954373345,0.9613314580975281,0.9547169698764308,0.9474098408477729,0.9377726550672156,0.9387422860159683,0.933449160592883,0.9603564517972051,0.6930922249616304,0.9481390979009301,0.9437795820133368,0.9862567325708407,0.9638033279643119,0.6781084352655818,0.671845397717844,0.6232820049092226,0.9524932966084192,0.931090806248944,0.6891771061855793,0.9534734091797017,0.9686563550377191,0.9358791275198505,0.6685910468818335,0.9784089122166162,0.9575878950970613,0.9532366058312752,0.9530995669709769,0.9643306431728383,0.6818365626377099,0.6462083185860342,0.9590276454160851,0.6540474611199011,0.934308739797325,0.5593275915677166,0.9583875085605386,0.6884677486537929,0.8843963828876646,0.6652833728747354,1.0,0.9450374977378394,0.985284814970416,0.9614322635114197,0.6499925175266998,0.9353186258435281,0.93549645245356,0.704885427494767,0.9527723826003299,0.20564596003480062,0.9547652459219689,0.7921197271054985,0.9739347416461026,0.705810327364108,0.8927452823416293,0.42302312512220924,0.9248722153121359,0.5638647941799768,0.9016395551914635,0.5637034561973554,0.9034784670543378,0.22677350962605308,0.9883726762418283,0.9243396418388319,0.7911445732966447,0.6870762809571831,0.9463626616983558,0.8760771555689341,0.6277473505699412,0.6683350457860433,0.6651751228642118,0.6755457024790702,0.42182255029984256,0.8838149564605423,0.9647122759102564,0.5646747061689901,0.9489592171684389,0.9473381549342031,0.6489890439585289,0.6739132548275445,0.6847185112465608,0.9181112547690634,0.9071552279144499,0.5263118574697395,0.6655761066201415,0.6614727731886507,0.9472980600257437,0.976329126509904,0.9944710754379734,0.9759154004690043,0.5582199867542065,0.8783909998520963,0.8224455216206399,0.6238203745755079,0.9406015364638919,0.9201633907127706,0.7505478483072909,0.46288381722033894,0.9570546235621399,0.9574342305125693,0.9790009083660622,0.6777650012235389,0.9389723487829165,0.939609278269609,0.9936061490334774,0.7210020182995523,0.9911964654272191,0.9469364425036443,0.9879155597622987,0.9879258093349997,0.6819945683013793,0.725308228555418,0.9318615083274366,0.06321624152477026,0.9435939826231791,0.9855955420340982,0.9944348218340385,0.10238392798706698,0.6611366092256006,0.9626877524153614,0.6727987518170911
UCSF-PDGM-0298,0.5447979659802061,0.9473246810062566,0.4315718292623035,0.6879370340539972,0.7126336855921258,0.5855778370307856,0.6229841119329582,0.879648564411623,0.9327294088261143,0.6834328650393297,0.948544733586952,0.9502608804965954,0.33606666882480635,0.95998199450842,0.6619287223541891,-0.2460232890156259,0.6398860274978455,0.736812545852982,0.6993774966770331,0.6774202946155663,0.5302750080112381,0.9801943197765928,0.8186854005122141,0.7106137079066592,0.8480939375446265,0.6096199206452354,0.9531065925948209,0.7224799422183559,0.7299879505834825,0.7915082990627375,0.9980906288750191,0.2557375819384553,0.6397793055214264,0.8967616946911082,0.9884612645348553,0.8445779025304966,0.6360707541917686,-0.18511460516964046,0.6969982751246546,0.9201617816602309,0.6938936881820621,0.9253768226432942,0.5710468994835727,0.9309687700034129,0.7041477244495956,0.8219877235757677,0.6671154641018325,0.9081785079978042,0.5404469027180867,0.4710368916497516,0.9283500229267413,0.9915044490711681,0.9874904886909184,0.8912070371271482,0.5409221647544494,0.6612071053786128,0.9779208382620039,0.3007825033217504,0.9469279086251343,0.6268085644782511,0.9802328309402496,0.16288724624140316,0.9355940197391843,0.6035044176405998,0.9813264066541205,0.9652623504890216,0.9155388034984375,0.9099232930265769,0.5434183565170134,0.9053767934406488,0.6655789164926817,0.2855330892230985,0.9324470221161034,0.7197650255180915,0.9232316164317415,0.45331659291462933,0.7402255178330793,0.8980846532109156,0.6530879524360982,0.6659277999604497,0.5340967977079429,0.2293074118225678,0.9998635931148186,0.9999797630413434,0.9955574874735005,0.9993807467065813,0.9999660312793636,0.9987897305597337,0.9997821163041977,0.999298440883298,0.9982926877092081,0.719981691990564,0.9996663575908528,0.9999324330876774,0.9749284105472512,0.9950736195628866,0.719409490994374,0.724669465506469,0.6701595967054743,0.9963109419238566,0.9990055044458601,0.7213997444743712,0.9964017289993281,0.9937393180023347,0.9992703162169254,0.7209562377080266,0.9897842310037666,0.9989168339025493,0.9964130286958875,0.9964192286798778,0.9971575726510024,0.723303662780849,0.692592625555511,0.995906917717159,0.6961006594264557,0.998438257534413,0.5369400414124416,0.9959879766983458,0.7168861279354973,0.8402165707042301,0.7069642058418234,0.9450374977378394,1.0,0.9840374324428518,0.8645631155368635,0.7131985564962912,0.9994977788489322,0.9995151664563638,0.7108629343288706,0.9958200851854825,0.21754617846859087,0.9986814796420055,0.7853220672405681,0.9029696897204293,0.7049255641289204,0.9177130171853012,0.42122146661272586,0.929875790393642,0.6164716092352384,0.9214000718627665,0.6285569682242031,0.9227103305374097,0.22351449697536707,0.9743483314604612,0.9580755591016381,0.762608545534594,0.7220371818749313,0.9964413447942935,0.8120655880179939,0.6165996826549155,0.7205719434064145,0.6846527860591599,0.6416575628402218,0.445472318600077,0.8621950113998085,0.9948457578641108,0.6160533280690768,0.998815471164249,0.99635403590733,0.6845864802621686,0.7150365824528859,0.7000113579207146,0.9489725323747412,0.8959241090517372,0.5429347630011536,0.6526198151464313,0.6762617011421191,0.9972984585303049,0.9909853348446724,0.9477221903499558,0.9911166644250687,0.5491712374941863,0.8465329098641734,0.8186052139734127,0.6252487896831287,0.9823931039054048,0.9429938622026095,0.7068858453159834,0.46752521910072503,0.9872744250434723,0.9895118531221643,0.9641975391246319,0.7240099197097098,0.9997972826090726,0.9989324798145178,0.9336385507237743,0.6889728470847276,0.9747459438694598,0.9999783539651673,0.9684741538976929,0.9806824329319485,0.7008006820694235,0.7253033985704768,0.9991061733118318,0.180745406090434,0.9999879494245775,0.9786062779038435,0.9633127384426561,0.18271725587535315,0.6548316658010097,0.9943448767942596,0.7182096793828121
UCSF-PDGM-0302,0.5444630575419758,0.936722212114469,0.44097244563493165,0.7013066879539248,0.724123574223811,0.5918998971519429,0.6147036910251646,0.901550657735283,0.959354882539668,0.6754582329231802,0.9579442217849578,0.9348396001382538,0.32647774326179574,0.9737480896297563,0.6773727509931765,-0.23627916201730362,0.6612501119189111,0.7644555653131536,0.7091019829299681,0.6984016678934282,0.5876559621120921,0.9612990582183754,0.8333867325262183,0.7313771025925438,0.8575572021431199,0.6283737432348042,0.9349360898565406,0.7183695405281738,0.782838243514818,0.8299622381239841,0.9824870079998073,0.24369912314882503,0.6440623479488591,0.9129338762538731,0.9947004192011212,0.8293860936230818,0.6545099140908675,-0.192744638868292,0.728854894964796,0.9052717805075527,0.701979615216771,0.9482514838128219,0.6022914515082892,0.9241998649690292,0.715065630511507,0.8126912353701063,0.6915450049321513,0.9461129294554693,0.552967131019135,0.47296157623433394,0.9157026308871995,0.9977067926916148,0.9936344520860035,0.9361818907626996,0.5514808562513936,0.6844394564540331,0.9913353039703778,0.3232836884125516,0.9777006188714001,0.6542489330943364,0.9876948764748754,0.1516664032642323,0.9621138182825625,0.6128231776478801,0.9962735033963948,0.9605122755192205,0.9296462807544481,0.9197817092602985,0.573860586427343,0.9183575085176724,0.6688097602818377,0.28606678537869795,0.9538770521275359,0.7247166856910573,0.9321867102257537,0.4592594066337942,0.7447924100502576,0.9473995707966718,0.651924592720226,0.6590171542349476,0.5514966834380537,0.20920738626010885,0.9864718056990301,0.983028136459214,0.99272693665214,0.9889002458961782,0.9852858332381507,0.9796388147995836,0.9805767740991408,0.9775226939429713,0.9912881510568973,0.7298070611533146,0.9845554657811636,0.9832611654205232,0.9939715572490719,0.9938143032344896,0.7216264252003007,0.7205780427216496,0.6615329274526517,0.988393251038459,0.9761247606825005,0.7283786755901596,0.9889361387654819,0.9957641227452679,0.9782377479470585,0.7172194586344361,0.99909383699263,0.9902079720335313,0.9888150949125863,0.9887448831636668,0.9929577290851769,0.7253298148446776,0.6869742794526108,0.9916646171295077,0.6927642395683714,0.9776232842450422,0.564916640784745,0.9913617228319935,0.7258805751768697,0.8603656534319949,0.7081949266163156,0.985284814970416,0.9840374324428518,1.0,0.9184378584988774,0.7016639583938423,0.9786150479339042,0.9787181986800972,0.7315863041193809,0.987428523644052,0.19445539967065215,0.988646157045382,0.7748559836713468,0.9423105385321621,0.7286379202833081,0.904909108637766,0.4260603242492718,0.9286004334941916,0.6084299323911927,0.9081707835382421,0.6160726901919907,0.9100647896683934,0.24173178726187436,0.9896361612716872,0.9418406164989888,0.7633673702576962,0.7275515638237888,0.9851571563426769,0.8391152725650635,0.6354489085747466,0.7161264827208599,0.6966589161975157,0.6432467537046682,0.4376661636083735,0.8794008113944515,0.9936374583880063,0.5996844040851048,0.9837486977919925,0.9804432874950602,0.6843253377071389,0.7153096168791551,0.7158883159362504,0.9326587057432555,0.9016151883299423,0.5103334887777277,0.6382936149393907,0.6922619877245514,0.9818343183178152,0.9974990240834357,0.9853396125339204,0.9949041132549051,0.5849469999669696,0.8630715586817246,0.8186097459689724,0.6545048098161904,0.9672177294520569,0.9406733671978038,0.7223388170713181,0.4646003743705393,0.9783028608623904,0.9802662056351785,0.9780363911907353,0.7234669050826044,0.9807067055879717,0.9806865383614527,0.9801825247807915,0.7297240924474421,0.9986846883666507,0.9850393788211171,0.9917563563711953,0.9997955503425672,0.7164006150100783,0.7254571480718536,0.976583971957275,0.12355115619037081,0.9832620968183587,0.9954414970669143,0.9949104313847149,0.13791362700198123,0.6361412763628904,0.9871189698693097,0.7163111637334577
UCSF-PDGM-0303,0.47380183063857517,0.8986827339210519,0.26950480373112773,0.5806344271521413,0.5982422578268478,0.5468696267600741,0.7904213425191629,0.9419800474538688,0.983368781158878,0.5548741968503483,0.9574981145891157,0.9136838860261425,0.3605042523439926,0.9638096996585652,0.597485259901449,-0.1285688167100936,0.5143060614421886,0.8894001908122259,0.5762276508074646,0.6045367971819129,0.7240558842451758,0.8998662254547175,0.9119920930882042,0.6100094208169983,0.9289653406707644,0.48533496089854183,0.9088215981147961,0.571922783849875,0.8773766872035531,0.9208811760652972,0.8828042913304078,0.21578386874419406,0.5776703389411408,0.9714120632574937,0.9288450497788885,0.8820676692463952,0.5893028244120782,-0.11934997786429408,0.6239624770645003,0.8957106522826782,0.5746276249697783,0.9818053667629212,0.5629347817487743,0.9370671287104892,0.6011967449344319,0.8969369927293206,0.6117536682776592,0.9675442638327387,0.5482803432044899,0.35594174160996916,0.9239324545790615,0.9065523370569472,0.9292798321393542,0.9978247400769962,0.41816641393099513,0.5719645591512952,0.9488765142100724,0.3800126415491573,0.9779031682957362,0.5254037328367016,0.9403309501449783,0.2096907084471788,0.9739840385749337,0.4624007166841266,0.9375845326446782,0.9382150054913176,0.9713289564431595,0.9432534385419795,0.5307904254093095,0.8697985440285408,0.555585539403638,0.3662891378109832,0.9639503544673566,0.5871739514909928,0.9420269850848245,0.3159668603799046,0.8838254849205242,0.99632766293894,0.5575179595229216,0.5186666245988246,0.3906147898311213,0.2668083477313913,0.8697137175734169,0.8625162696249391,0.8877520385546775,0.8752518804323691,0.8671629399754991,0.8594456290649097,0.8577162598901406,0.852010025282142,0.8819610925110977,0.5960357261155786,0.8738198272140159,0.8635047318070337,0.9138674879647939,0.8905408859423662,0.5767598562230155,0.5724362582889889,0.5537801257208855,0.8804451154554599,0.8494806816026284,0.5915767354517747,0.8790017279661858,0.8960801481936052,0.857836333474033,0.5663164175090377,0.9099479577782572,0.8784694686413242,0.8787403879366626,0.8785892060265045,0.8861394519479471,0.5833667652876929,0.5717093423972553,0.8851696850911218,0.5826144367450025,0.8557123792404733,0.4603439502432324,0.8844548193382554,0.5912721365053317,0.8653484653966457,0.5636708163450883,0.9614322635114197,0.8645631155368635,0.9184378584988774,1.0,0.544221959288735,0.8540205827762011,0.8542120959748672,0.6106968874087055,0.8830483497337819,0.29693300591344535,0.8780661658189998,0.8354531087440803,0.9926912161153337,0.6113809022710499,0.9195795468792295,0.39247468704138627,0.945483349426471,0.4762863439094384,0.9181604882172496,0.457598908724292,0.9115765708540029,0.10409127403473523,0.9505323311142528,0.9067739306638504,0.8529262711504191,0.589208658203787,0.8712040299090063,0.9627908967447935,0.5907420059587928,0.5701723101026487,0.5611639887245898,0.7682133164280217,0.4045241812627386,0.9037591366471531,0.8969759986789496,0.5023968386129173,0.8793858310651114,0.8855874507233867,0.5627279897004551,0.5776592286363089,0.5889661298356006,0.9091600896320869,0.9361239503515275,0.6434560070616095,0.8004453277904854,0.5659418832117172,0.8803116055832901,0.9135237372639415,0.9465075464090835,0.9134416344252441,0.43632454423812395,0.8857607854366455,0.7979884056217103,0.5171887624800694,0.9070653091250256,0.8615990934663995,0.8644952838171893,0.47076107099279324,0.9168951202473502,0.9144201762287386,0.932596291439064,0.5788826061900035,0.8579652668270603,0.8614323563742868,0.9358779393717563,0.6319839832514883,0.9264547340410145,0.8666432120728794,0.9167709034184226,0.9218880745303574,0.5814794646847674,0.7871075141432501,0.8503064287880729,-0.06193215055816398,0.8629867067495602,0.915177247562214,0.931892568267172,0.04307520736905248,0.7747334470924401,0.9061364998555004,0.5685477501619466
UCSF-PDGM-0304,0.9063472820467787,0.6274411904198166,0.8217241350511224,0.9854737036330702,0.9906405275205943,0.9274363265117381,0.24308300540464425,0.5581427304872509,0.6054075455940923,0.6820745235309112,0.6133333570552228,0.622581221065731,0.33540065508736255,0.638301099975255,0.6572412242251496,-0.2486574542631159,0.9560095900542237,0.3521571163368581,0.9880345743382167,0.9761427051118954,0.2431520966699063,0.6706683534291931,0.4543391770071013,0.9830837518886358,0.5243392479988394,0.9509778159364634,0.6155725387989975,0.7207320229736507,0.388383688279455,0.41909248538596955,0.702001241157494,0.7489559329238289,0.9539428161291177,0.547910410635642,0.6887815709713431,0.49499978367416736,0.6298484675437735,0.22404785785724182,0.6882043418460237,0.5735270634827984,0.9908405055301773,0.5865792353274919,0.9129555026785235,0.5920546907520052,0.6998106768988291,0.4893362229701207,0.9646789752770921,0.5747874660764765,0.5387749968671566,0.8979959790770713,0.579376548035865,0.7044343592473907,0.6785342125788317,0.5706231434219206,0.9367207468755621,0.6528158968218873,0.670064232287659,0.6727080588388437,0.6389231691714778,0.948189350577253,0.6663941275739945,0.1648452810415306,0.5925528440894859,0.9411923666703087,0.6829516347099901,0.6436819266128994,0.5823791742160344,0.5439009471447769,0.5334041353299119,0.549219561183163,0.6626723243059227,0.28656017877503026,0.5764570389956352,0.7162848060576898,0.5888541011327192,0.4508282585554842,0.4008684798199486,0.5827676770747552,0.6507129334799764,0.663736404803837,0.9029977649386071,0.6497680616479351,0.7119239244642703,0.7136376174912356,0.714130184762528,0.7102486722096397,0.7125867906561932,0.7182295150187956,0.7145311171535316,0.7153678722122808,0.7067086362260088,0.9919049975280781,0.7086856967277447,0.7124859282867524,0.6794557266274699,0.7130777057409229,0.7161547780117536,0.996448731968671,0.6699633219085174,0.7211446243918551,0.7156675809131678,0.7174558006625339,0.7168173800844088,0.7106466229780974,0.7128309244977789,0.7188890737662984,0.7087676015103577,0.7091091546738796,0.7168849376932066,0.7169237115874666,0.7058005666324108,0.7203442693403869,0.6906400353835228,0.7150147390657456,0.6939664626823484,0.7187359086617402,0.5267514246633066,0.7152453041102141,0.99263391825401,0.449800801258168,0.9968705202929409,0.6499925175266998,0.7131985564962912,0.7016639583938423,0.544221959288735,1.0,0.715099257731185,0.7150722208672782,0.7042077624577505,0.7137415959620533,0.22527658644407644,0.7140108832276256,0.4100691472789731,0.5731673163203473,0.9789020820594204,0.5764506152060884,0.833416261690567,0.6041387559204519,0.9470611800894356,0.5978595733233373,0.630504651296316,0.6116616634185946,0.666737424927782,0.6650657897506961,0.6256027258217145,0.4022847859753765,0.718384109223287,0.718561576174689,0.4733101457131187,0.9507034820042932,0.7192109240258364,0.9866449490422448,0.2503719316265864,0.8468092544309159,0.5081356417688087,0.7150301600517336,0.6178809757501672,0.7051219806761462,0.6989034598853279,0.6834125423743435,0.712069891464664,0.9853350618718072,0.6335637591711063,0.5456871542668829,0.14549907610564777,0.29251666381471897,0.974473684610861,0.7086060313542052,0.7069836077174172,0.6443361187445028,0.6955465426018109,0.8932617521349708,0.47171168664299545,0.43097789079626436,0.9360508668281794,0.6713605627254381,0.6269138544580136,0.3570333350984742,0.4686841296342137,0.6762990586570201,0.6795878823812128,0.6460288054194347,0.7215622378541874,0.7144892189112555,0.7179197411450728,0.6517367386743023,0.6783840455469997,0.6914175798270029,0.7127141023007593,0.6729567663665718,0.697843642704026,0.6950043708273286,0.38802699672354785,0.71557429945776,-0.10282538299086243,0.7135399101682148,0.6875408891846969,0.6797699267897521,0.1929268581463236,0.29676918605755376,0.6912543047467695,0.9970213739760193
UCSF-PDGM-0305,0.5458727454933056,0.9479218518739347,0.43189588435773324,0.6859416782146519,0.7113155354744051,0.5872183783586039,0.6216384143198112,0.8755782990293928,0.9256020801799109,0.6845858144860143,0.9434941392546733,0.9510886799454805,0.3394765177320239,0.9549075043050478,0.659661701699451,-0.24698336846513075,0.6379599000879026,0.7290595211883144,0.6982355347389013,0.6746099926309123,0.5209634039389632,0.9814595966888852,0.8109081258188567,0.7072875290566436,0.8465528770138311,0.6075673286196367,0.9530812222682131,0.7239909830659651,0.7136163240447722,0.7787499558560816,0.9978448034751015,0.25743273839678993,0.6412415475684926,0.8917014946872802,0.9846432233982944,0.8461985969475248,0.6326043511476018,-0.18243025216805647,0.6913446191047515,0.9205597262608844,0.6917965552224961,0.9191589586171931,0.5674391565964652,0.9305364906230297,0.7028226627198993,0.8240463836938774,0.6623315201318454,0.8971492750464978,0.5391334247698347,0.4716738939408488,0.9269139283000367,0.9878266948855479,0.9830374913500216,0.88223402626272,0.5383733818004098,0.655594525424297,0.9729442557529084,0.30043442754926636,0.9398453562190798,0.623512249186614,0.9757501176909985,0.16255894365078405,0.9271537184143773,0.6041811404221922,0.9763465494442838,0.9637617069463262,0.9116425893781471,0.9054848225491487,0.5346839668065244,0.8968956250818929,0.66413215645297,0.2858979637658228,0.9243335567303189,0.7194383285491837,0.9204964313824827,0.45073505190713614,0.7377444816094335,0.8878698202029305,0.652594464271176,0.6652923864087052,0.532218989592172,0.23108498398576244,0.9988380494156017,0.9996791533802241,0.9937129413316373,0.9977637980191791,0.9992026357915984,0.9991645528704121,0.9999414768896843,0.999983375827223,0.9959829953776077,0.7188259359834758,0.9991325366638861,0.9995856446846269,0.9673873934816252,0.9929119376514497,0.7196180953179978,0.726294456639614,0.6725411943340349,0.9956947618686336,0.9999166988731398,0.720813254692347,0.9954941290260919,0.9909155580476863,0.9998825764524757,0.7223547463675777,0.9856956560777421,0.9969406293155157,0.9955322123011664,0.9955538772160438,0.9942691941751722,0.723707062536276,0.6951171626989306,0.9943475244024488,0.6983226982182383,0.9991530606897223,0.5290569087487,0.9945061702795903,0.7158980746627541,0.8295246121191073,0.7070247062495715,0.9353186258435281,0.9994977788489322,0.9786150479339042,0.8540205827762011,0.715099257731185,1.0,0.9999998468033393,0.7075158628630417,0.995225060756255,0.2221939894472417,0.9972010844342687,0.7809514946175792,0.8935810023072526,0.7005935125120609,0.9187550509607579,0.4181607383526944,0.9289999086533566,0.6182313123465892,0.9226568500046467,0.6308409364908549,0.923968456038837,0.21807078570857175,0.9687178716762879,0.9586590656857316,0.7607945980168247,0.7217434880161492,0.996307245235118,0.8069042638644894,0.6139651962522595,0.7220597993369059,0.6817759796958771,0.6356866217912411,0.44476187491136276,0.8579026212556194,0.992945397961359,0.6183847064304109,0.9983823367852848,0.9963129346707486,0.6842629717314579,0.7152877082743824,0.6976403170465849,0.9502464907214739,0.891785108727142,0.5443717289871478,0.6534024738489745,0.6738801650194226,0.9971396174157963,0.9876119669582399,0.9380295439719268,0.9871674495059763,0.5442816508176624,0.8401246274251425,0.8125548025870004,0.622212043868061,0.9828948558268307,0.9404360159697215,0.7052487674451969,0.46743247320182457,0.9862467488390346,0.9884529335382461,0.9570879920015444,0.7249264930709608,0.9999332011325317,0.9991225790487674,0.9221385057602338,0.6816147302314856,0.9677298153928265,0.9992676418957183,0.9600936007476918,0.9746298258483421,0.6990340379118302,0.722422102361106,0.9999439313898936,0.1853675360662325,0.9996413042155661,0.9717268516244537,0.9547718449359619,0.18700182040228824,0.6539527736105861,0.99262651942375,0.7181995319584698
UCSF-PDGM-0307,0.5458586768216167,0.9479195912587837,0.43189394658375635,0.6859824445512824,0.7113446914017998,0.5871947835948698,0.6216672784738274,0.8756569434730784,0.9257345551622685,0.6845715759973682,0.9435904930221568,0.9510824181131515,0.339419882144243,0.955004373850554,0.6597069868344182,-0.24696872708295894,0.6379990436017023,0.7292012314659314,0.6982615003514141,0.6746648963973748,0.5211305451024213,0.9814459549810075,0.8110509651681342,0.7073517255810307,0.8465870922977369,0.6076084191939576,0.9530898803848324,0.723970829250299,0.7139084469575571,0.7789795250199884,0.9978576982326965,0.2574053470968654,0.6412215328996878,0.8917975698222288,0.9847184021765902,0.8461775811067112,0.6326703533213386,-0.1824787136368253,0.6914493335045249,0.9205607097936137,0.6918391498200741,0.9192754919571415,0.5675070659462063,0.9305520621171596,0.7028518661729202,0.8240175267329252,0.6624207927297123,0.8973496614408246,0.5391610149846517,0.47166683261157544,0.9269470027497639,0.9878994506358775,0.9831237474088139,0.8823983669619362,0.5384225431998403,0.6556982141831033,0.9730395705575879,0.30044309713107925,0.9399771718388762,0.6235752019780773,0.9758368300009466,0.16256607944403204,0.9273091411695198,0.604174527402746,0.9764419507755471,0.9637962265112525,0.9117185044264566,0.905570156404287,0.5348411437194551,0.8970515008777604,0.6641631521879234,0.28589405456657857,0.9244832461586375,0.7194502362455278,0.9205521424272529,0.45078403012189816,0.7377941780935912,0.8880559010531872,0.6526087092468968,0.6653092199194365,0.5322563776669097,0.23105592598543778,0.9988645724924735,0.9996930208948607,0.9937537261886509,0.9978006422251032,0.9992245829274324,0.9991666178166622,0.9999473121181538,0.9999800309273634,0.9960319247592644,0.718852320020679,0.99915047309341,0.9996003180221533,0.9675274547447591,0.9929582551850569,0.7196206541687672,0.7262723322476274,0.6725053905709657,0.9957141072778126,0.9999094012027049,0.7208297121802235,0.9955185630940979,0.9909734232463738,0.9998805001319354,0.7223365441087237,0.9857755694862801,0.9969837417419078,0.9955561788542818,0.9955775738216471,0.9943282170064894,0.7237062540349839,0.6950790567252391,0.9943833338116536,0.698289903775346,0.9991491869089866,0.5291991677961069,0.994540625804259,0.7159215041099464,0.8297185242790381,0.7070297435638714,0.93549645245356,0.9995151664563638,0.9787181986800972,0.8542120959748672,0.7150722208672782,0.9999998468033393,1.0,0.7075804262980585,0.9952440325802303,0.2221147188098818,0.9972355385370185,0.7810345690656372,0.8937527016556824,0.7006752214578608,0.9187447682869307,0.41821780601839165,0.9290232155436848,0.6182059034319574,0.9226428499067354,0.630806478642319,0.9239544437110906,0.21816775356844778,0.9688245716775956,0.958657136299974,0.7608328407819104,0.7217548390984729,0.9963181751646909,0.8070013744905582,0.6140165062336391,0.722040033859047,0.6818321068963165,0.6357963986420894,0.4447781181797453,0.8579849933185654,0.9929871511315578,0.6183493130794462,0.9983985080025717,0.9963222401977337,0.6842745205442322,0.7152894870541137,0.6976877465102973,0.9502324283330171,0.8918650934934518,0.544351320872082,0.6533944346468007,0.6739275730117394,0.9971509866939219,0.9876794039788536,0.9382069358531923,0.9872449413243902,0.5443717512179198,0.8402438056796074,0.8126674920811521,0.6222704514131776,0.9828945633908932,0.9404888012088359,0.7052834419631523,0.4674381222175741,0.9862732006364442,0.9884799500964596,0.957220427773209,0.724916731201523,0.9999394457647511,0.9991278702903735,0.9223473314721521,0.6817491334981576,0.9678607110966535,0.9992886693423135,0.9602482637704163,0.9747439506804763,0.6990709220666224,0.7224786583320593,0.9999379167063215,0.18528839659191604,0.9996559755315959,0.971855393929547,0.9549292628395936,0.1869285914513887,0.6539737623530937,0.9926650907094787,0.7182058996363347
UCSF-PDGM-0308,0.5466459118327662,0.6283090342921037,0.4402250281541178,0.701064624427091,0.7243264002334668,0.5944470208470468,0.24671445096047154,0.5898152497243501,0.6457591522388615,0.9766144206734353,0.6368421594651132,0.6190977852187567,0.7009439340777341,0.665711836211599,0.9821367583883643,0.24538886772120452,0.6601434491553747,0.3923791192041563,0.7094255793019884,0.6976845882761719,0.30753639165628127,0.6635216174347895,0.48353394619190704,0.7301265966632025,0.5453541349750856,0.6272364299138526,0.6101111673786546,0.9880389270879937,0.4582475811936673,0.47348428043611346,0.6997976089613092,0.24435509789534626,0.646767645985418,0.5779723340935857,0.7089192992624718,0.49058795063113625,0.9724933607127738,-0.19342905484466294,0.9971209613736147,0.5697391283089156,0.7016900702181905,0.6222945195228667,0.6006267674671311,0.5975365753656119,0.995857795547186,0.48780375540119536,0.6895782030784595,0.6283903526684855,0.8980147704456092,0.47373822326582704,0.5795863903335805,0.724388969172403,0.6993365597613833,0.6284004526220056,0.5498386587254727,0.9812106549011755,0.6974462149416565,0.32357646696578546,0.6828643480815868,0.6524293490542954,0.6885002305820299,0.5625849459551245,0.6345231593423231,0.6135459092287355,0.7117055351076357,0.6513640039508353,0.6079730273211755,0.5667816369505937,0.9078063034853426,0.5781412631862148,0.9734068737609567,0.6561402374282392,0.6134139969444807,0.9952613802193381,0.6099570304920462,0.8504982969999316,0.41668104115218907,0.6453934833970215,0.9650691346359938,0.9592849595687413,0.5497107753962442,0.21173235834785603,0.7123244089568346,0.7102482635879968,0.7244869181494762,0.7137428518723745,0.7116165067456348,0.7121838663840022,0.7087384590151159,0.7068304131783575,0.7139794575171584,0.7301138597882089,0.707046522628196,0.7094573241085259,0.7140365743192817,0.7250997164959825,0.9928550632194533,0.7228838591422151,0.9695025883373047,0.7258259369539539,0.7059489067927726,0.9961014074113925,0.7222538233000292,0.7261449823333619,0.7049636271148707,0.9879018382075166,0.731688489291019,0.7144834820842454,0.7221807206824032,0.7221382766572343,0.7159515943466607,0.9928481632550141,0.9720597610240369,0.7238740796960521,0.9738928817588655,0.7109132901130212,0.900125081410552,0.7236972114925777,0.7263155606124461,0.4859679449206665,0.7093474763138833,0.704885427494767,0.7108629343288706,0.7315863041193809,0.6106968874087055,0.7042077624577505,0.7075158628630417,0.7075804262980585,1.0,0.7180906924208365,0.543207394832954,0.7176701434726355,0.4140004214166893,0.6260605281816632,0.7266751477871474,0.5748380283092718,0.4248207722415483,0.6127542225113062,0.6107650891777157,0.5953358751582439,0.9416929708513924,0.6106390970736624,0.23618337958643817,0.6951784059412036,0.6211836874771874,0.4137111198959403,0.9952413543167947,0.7199356083576636,0.5103485139335242,0.6350087756658883,0.9877962084449681,0.695630867428163,0.2641061436688997,0.4378999841935861,0.5365598105420152,0.7268721935292703,0.9288791630390127,0.703191510991054,0.6956311645263252,0.9799761649818293,0.9924968590777338,0.7153129175707318,0.628770782770964,0.5649144490262259,0.12155668221913601,0.28704160990178534,0.6916178520588953,0.7066280980094737,0.7269160815494272,0.6969469146825128,0.7127804807603362,0.5810845160139354,0.5005262143512581,0.44327864564467034,0.6524432264222578,0.6674853294116418,0.6386083305598949,0.38058164419343515,0.8183407608263936,0.6803769153317192,0.6836720456783631,0.6753073107452209,0.9907753122782244,0.7088190182259101,0.7128397774935719,0.7135269834264533,0.9916588569729666,0.7297023240054856,0.7114683787154217,0.7119579240815938,0.731073237999027,0.9954356240701514,0.39775610135936507,0.7062389809715246,-0.15253140340404295,0.7103911454881714,0.7195240730849026,0.726051451508307,0.4634933982475298,0.2873899787373152,0.6970493448088563,0.717476791489522
UCSF-PDGM-0317,0.562589853016597,0.9634880850942644,0.4450168203315526,0.6976850929165721,0.720814679806053,0.6098410714995359,0.6300733784765989,0.8963918757861029,0.9396790926526541,0.6830495221028698,0.9472302751779825,0.9589031398341487,0.35310110497259967,0.9638375140650335,0.6670415242768576,-0.24870134836677207,0.6531548011458679,0.7564627191920378,0.7094709505277083,0.6906249863298974,0.5492131046759019,0.9834713046691964,0.8073535867298457,0.7181626585078225,0.8725934541348659,0.6205933777454873,0.9504487900054002,0.7282798373751987,0.7119170393550759,0.7810862387783095,0.9962322391619892,0.24997351042700672,0.6590417572139972,0.9041772434525801,0.9907116603044333,0.8632709790588494,0.6387012978664006,-0.18939690224047376,0.7039117053616581,0.9328993931697734,0.6942711177219028,0.9342527006605864,0.5939100698686522,0.9419104291821659,0.7113000886219156,0.8392523574229872,0.6708939794754303,0.9051406888919651,0.5458058411980781,0.4806681897607238,0.9234940962632638,0.9951838178630072,0.9873527177145454,0.9083134916858282,0.542729657143479,0.656076600801844,0.9814696371601086,0.33668637898966464,0.9589744286779018,0.6439869370272601,0.9821079665688932,0.15672787335037486,0.9377716155802871,0.6218617496948651,0.9883117586771981,0.9674657479252614,0.9255049200896325,0.9226639884338194,0.5315032645924062,0.8843504723425422,0.6612135232453419,0.285973704450498,0.9341179109151478,0.725609512070189,0.9427189356478135,0.4409669144589203,0.7480695750835507,0.9134250611862539,0.649813018784314,0.6536753045783386,0.5398860203973458,0.22581637018846468,0.9957337123419876,0.9957808801737278,0.9989808933739862,0.9953087987414301,0.9958109427438172,0.9941756879469567,0.9955405987720292,0.9950092978209603,0.9943882374710846,0.7269296673725167,0.9964944433719214,0.9958222703565822,0.9715196949971855,0.998535893913329,0.7266786082249873,0.7312306909903886,0.6763755850409341,0.9991328481360608,0.9946962167378655,0.728272855090978,0.9997084274730889,0.9972816991679115,0.9955592491752326,0.728052752893512,0.9930238109695254,0.9948807991007189,0.9997163498657712,0.9997205987435923,0.9932151813006764,0.7300413092000226,0.7043766927551482,0.9992951007602299,0.7073352951249972,0.9937942346199141,0.5200880938676077,0.999366531105325,0.7244698594820081,0.8331593162868052,0.7120114159153397,0.9527723826003299,0.9958200851854825,0.987428523644052,0.8830483497337819,0.7137415959620533,0.995225060756255,0.9952440325802303,0.7180906924208365,1.0,0.21359718829159988,0.9942403239756864,0.7642646023188863,0.9114993749885466,0.7098154678335462,0.9288199668210428,0.4209750632946766,0.9391286979574739,0.626090745246625,0.9321601159927355,0.623145234475063,0.9332873009601867,0.20698230067079262,0.9774103573492258,0.9662505524956826,0.7866443765598465,0.7288709223989314,0.9996495896879486,0.8295603589953564,0.6279063708031891,0.7256524267180257,0.6855215609988945,0.626937521481326,0.4365292212516737,0.8831278230615746,0.9983826314128692,0.6087173627514023,0.9964023255834846,0.9953748597283704,0.6829932437066105,0.7189091669623706,0.709594111660883,0.956430558761718,0.8933217600242639,0.544866574897858,0.6589543623617757,0.6881972995100671,0.9944890682240952,0.9952465867587992,0.955416693426984,0.9888485487304537,0.563028136251631,0.8609194237907295,0.8167987755138019,0.6378107201010232,0.9853741312210467,0.9548395611122409,0.7402179421959441,0.46038501378775876,0.9893067513610256,0.990914935339708,0.9561013522318774,0.7306746998591752,0.9955579163911445,0.9943349475799674,0.9376533198998316,0.6965902262975999,0.9783113933941806,0.9958182344099037,0.9651720645724934,0.9841433508361556,0.70960031741211,0.7175901131454527,0.9948034002530466,0.15101236455037748,0.9957933826099243,0.9747588513755667,0.9670379921425035,0.16869969387615713,0.6420247344701204,0.9941195588717485,0.7177436393728477
UCSF-PDGM-0320,0.1977130759276385,0.2475101773122424,-0.14021945909564865,0.18861384509507803,0.2143182597474663,0.2686426932046247,0.4645344896826227,0.29926921637918474,0.31224443738439683,0.6675086980514067,0.3374557678002868,0.3229904948657058,0.803720643035935,0.3066025252200839,0.6798115473263989,0.6778103502984315,0.060767587665647244,0.24749154275056956,0.1805842787671143,0.21520942562207585,0.1740182422756463,0.3032851688009335,0.4218706311453432,0.19661335123300355,0.3573063325577638,0.05665388041828448,0.3634171298801681,0.5697762690163938,0.3143548029951841,0.34213019230152086,0.24522617455433088,0.21706925732124607,0.2889674191028149,0.37394177410780627,0.24557579926963044,0.34857082913410936,0.7092303284100586,0.13415490193407983,0.5389177612402587,0.2756257339778766,0.22460843415581333,0.3161255965535349,0.1920865458489202,0.34495400158722817,0.6011718211682175,0.4337724617735676,0.25923655746253865,0.2841891749714572,0.842633400981775,0.04463793403063744,0.380569443354427,0.19498014036843916,0.23877535003922062,0.2991196975256009,0.07653632500765878,0.5926475065491305,0.2632494025251784,0.17833907468737956,0.26557708636429755,0.05729692011002227,0.25906415005279027,0.8431531822114078,0.28048019927529716,0.03575634733144325,0.2174582229889106,0.33572858909493875,0.3619786634767624,0.24966502426042628,0.7095820369796914,0.2148306401445731,0.6760049819398514,0.938819506703373,0.255613538769555,0.5635686120675593,0.26150200849128713,0.5812799324076054,0.48712290420895576,0.27268060130500316,0.7192407732303282,0.64931716173817,-0.022882875558348503,0.38755741439778346,0.2150370861643825,0.21849680542178468,0.19866568626442288,0.21212928168263956,0.21630146812680057,0.2367888486673465,0.22063231721856488,0.22301570504583854,0.20791037634285575,0.2104781646995301,0.22814456405455463,0.21764435393863182,0.1786879909234977,0.1970463239039415,0.5465875937699767,0.2240750623534297,0.692114848331907,0.21988928400548075,0.22402312139897268,0.5541572987138415,0.20332794169288387,0.19359805480512862,0.22858174995120897,0.5505542050760264,0.2020371965740705,0.21032538201303852,0.20345854222959567,0.20353388379781523,0.20561730940247686,0.5578984398456298,0.6245363099885918,0.20010388756954783,0.6335152177354213,0.2382934921168492,0.6090461582068378,0.2004922845723282,0.20535514389790588,0.14363422361377207,0.20158517494420347,0.20564596003480062,0.21754617846859087,0.19445539967065215,0.29693300591344535,0.22527658644407644,0.2221939894472417,0.2221147188098818,0.543207394832954,0.21359718829159988,1.0,0.22810145797024578,0.4455195298527483,0.30809691692911345,0.19930862159572402,0.351029821140944,0.23467075145265512,0.3693114547080679,0.16089518985684634,0.3750070332522824,0.5985992238044802,0.3731669412068075,-0.14247198725462476,0.2583439220573865,0.28763971255029214,0.2829394195545702,0.555321079222876,0.2070398813795984,0.41252578309486204,0.29351342681006976,0.5751414760271388,0.1837087758554119,0.4144667491115137,0.33629901530248346,0.17933696303327146,0.21896786899320766,0.7686420277255898,0.23707708940003658,0.2525746719948385,0.647325749571519,0.5854831230031958,0.1788025325991232,0.3440243146104803,0.38610638878032816,0.3124505068737579,0.4807625969446428,0.1478488750623936,0.2553978546273466,0.21725175520704454,0.15986835489372248,0.23352108246520745,-0.0726837831110419,0.1447350575458761,0.10593126194955116,0.05814968159727746,0.2958273523246973,0.12462008350484945,0.321057658592962,0.9151448891729521,0.28133459086578605,0.2760456811284629,0.2653538021039133,0.5596217054858269,0.2205246025154328,0.23595997824500425,0.1544934810302023,0.5136242031087799,0.1848538237251429,0.21655375103311447,0.17329147110900167,0.19072997455090904,0.5274046282211008,0.4041984431136576,0.2236973770375168,-0.35396994157761597,0.21828052539004553,0.19816948585767544,0.17509894777747415,0.438871370975122,0.5070047988215118,0.2504713995403061,0.2285078073753588
UCSF-PDGM-0327,0.5388138959621361,0.9400195810347424,0.42784256028843887,0.6901006530522455,0.717332792491856,0.5838352230120483,0.6246954041745505,0.8853389966259609,0.9427133880920211,0.6876377552902281,0.9569837088561666,0.9478074854319066,0.3351987253873598,0.9673929157418696,0.670916560018945,-0.23587083257569946,0.644397485847324,0.735203764377726,0.7004972538971693,0.6819911089356354,0.5447973469889035,0.9791655493279753,0.8332696739021236,0.7171697859354272,0.8490727302466757,0.6129989340587815,0.9550967825177482,0.7247150704975416,0.7524070054958223,0.8078457680371605,0.997111042910701,0.258663135482644,0.6408568883232232,0.9052300404108723,0.992322631764123,0.83815161032975,0.646059616811257,-0.18053595197045325,0.7063892367090177,0.9124934306070909,0.6994249153235472,0.9332421574578208,0.5730749649004323,0.9308246114094428,0.7100603272095551,0.8243893518369894,0.6772154780479338,0.9222029684224298,0.5519321587466183,0.4699141626126834,0.933017675420248,0.9928990310050464,0.9909676197517858,0.9028674761666872,0.5424343357833177,0.6730197854049406,0.9838985992922502,0.2941483823683409,0.9552703304387036,0.6286536006636572,0.984136350975881,0.16143592118273864,0.9440355837548869,0.6007231265114079,0.9846511879430125,0.9696735931025608,0.9235661277429145,0.9074475088997163,0.558078543059858,0.9193651636951233,0.6739918599693104,0.29554829481524836,0.93752310957373,0.7238638144905971,0.9208586038479479,0.4621520012631743,0.7506126524476733,0.9103794612564683,0.6611710290001108,0.6736914355516891,0.5396625172438987,0.22789324755953347,0.9990554290687025,0.9984647580778988,0.9950054934995141,0.9991499288481852,0.9989021525356658,0.9982861035560507,0.997819111798479,0.9968240062560949,0.9987640355435721,0.7246404462972419,0.9986335477183135,0.9984854528188453,0.9805163012808527,0.994831123921673,0.7211264453522095,0.7265582682768101,0.6726554821110452,0.9962027374518718,0.9963110525907126,0.7254936696581951,0.9949367318421347,0.9941437195388129,0.997009032564665,0.7214938177647556,0.993082249276408,0.9990370402195279,0.9949219626311712,0.9949131111022844,0.9981701031069043,0.726412683993625,0.6931137956928933,0.9950768398858455,0.6985632932305371,0.997600760379902,0.5540832431866779,0.9950822683823364,0.7206646147919771,0.8395187460102482,0.7090786086223464,0.9547652459219689,0.9986814796420055,0.988646157045382,0.8780661658189998,0.7140108832276256,0.9972010844342687,0.9972355385370185,0.7176701434726355,0.9942403239756864,0.22810145797024578,1.0,0.795839712628234,0.9156081260064473,0.7130499164799192,0.9162369654173421,0.4198368053643819,0.9347960788306261,0.6106925404618767,0.9221709066120748,0.6343262649489743,0.9242136467343645,0.23316031425600928,0.9804225572838526,0.9534020669344143,0.7535285011949673,0.7258401467068325,0.9942241621609788,0.8232022529971662,0.623122006168797,0.7230607028852483,0.6896469225004087,0.6506199231929027,0.44916182675412747,0.8577881760844961,0.9961064743945226,0.6236856496596308,0.9979181751047878,0.995416849203073,0.6912664090989418,0.7187952964250016,0.7030715383946685,0.9487560829128974,0.9052272947269209,0.530804037418389,0.6563779762485341,0.6766207511426283,0.9977407502230172,0.9938339005121059,0.9537467425328072,0.9954709345640612,0.5534336362129367,0.8397807032271014,0.8098532518611172,0.6340652039148937,0.9821080216010598,0.9323087765059564,0.7033020726764292,0.4811071833193948,0.9880337997153602,0.990157583883745,0.9730838814433249,0.7266069878271727,0.9978571008776659,0.998610262281834,0.944236962016053,0.6997100269571926,0.9809225391590161,0.9988630996760001,0.9748920537679385,0.9859109208611759,0.7065435383889497,0.7354010766547882,0.9964831216665748,0.16520998330158287,0.998517802900216,0.9852302695034557,0.9709911627682936,0.1681905902055405,0.6648359307851385,0.9951992603500309,0.722421761103005
UCSF-PDGM-0329,0.2917339752120249,0.7716491487092676,0.03445153681695416,0.38396533446323994,0.41124387240784605,0.3499561804652457,0.8799597950878971,0.8297732145967135,0.8758882414991807,0.4419227437344414,0.9103110844582714,0.8393253012298136,0.2808422741377405,0.8707267016577346,0.45889129049933625,-0.04561344280446653,0.27075819309839316,0.7833290873728429,0.37790001796730566,0.3956635086277966,0.6119866431601605,0.831916392915498,0.9788910126651755,0.41168255327004877,0.8024915153858696,0.2591856686341818,0.9058806522814888,0.410315402518001,0.9114146732037115,0.9520009352093143,0.805463783805405,0.26024639571433367,0.3890205355206133,0.9163690724684737,0.8177442857805943,0.8125382450317875,0.46792054196987887,0.06031945911982274,0.4189763017524828,0.807635710352977,0.4268713526076263,0.882748884558957,0.33340548661360575,0.8631600107520413,0.4270997773446557,0.8613897725633347,0.4475605666081689,0.8959165431233894,0.487465946246645,0.17004728976765096,0.9286608426737285,0.7719847500825814,0.8281762171948562,0.8423172547814511,0.2674173441220163,0.435825793623436,0.8388152324289674,0.18143678900322363,0.8236089744375668,0.2656044870924214,0.8372807299881814,0.30587591905053885,0.8864621306078538,0.2128682910052596,0.7935762590927673,0.8773382545140548,0.8901829000928737,0.8383408978138135,0.4667104106565656,0.8768089182124053,0.46535033842021506,0.44741232662551134,0.8754662695467108,0.4145770312681748,0.7955404813327877,0.26214383341202424,0.8964803264811858,0.8296662328323279,0.4695626752780813,0.458151402126318,0.18171955637011622,0.34650255689256565,0.7872873507420691,0.7845079188668717,0.7619633997034463,0.7892508341839284,0.7863295981296301,0.7885166430060537,0.7825318082520221,0.7800718773024206,0.7913269508371786,0.4122532645056347,0.7940874889667159,0.7847947105962058,0.7935533015152318,0.7628169469515252,0.3973539948903109,0.40656185461096667,0.43421752808776165,0.7655960405514891,0.7789465186842295,0.41134839210184176,0.7589978863242878,0.7643531066634457,0.7851181551553815,0.3947122490156829,0.7740792063997874,0.7903099369125287,0.7589033830119994,0.7588485704258792,0.7925436708187131,0.40945588514932196,0.40576831264328844,0.7611309971209529,0.4191972044205816,0.7868809462830189,0.4002261509219548,0.760893881464893,0.4052986162040306,0.8282425324930706,0.3957304408023287,0.7921197271054985,0.7853220672405681,0.7748559836713468,0.8354531087440803,0.4100691472789731,0.7809514946175792,0.7810345690656372,0.4140004214166893,0.7642646023188863,0.4455195298527483,0.795839712628234,1.0,0.8743174548198995,0.4216141667624504,0.864685016336554,0.3426963346408394,0.877450594660026,0.3108613728658272,0.8536630794327185,0.35326896835336197,0.8388175392255797,0.04085198542177582,0.8360556948450584,0.8260782874439929,0.7530812056683799,0.4108307902204119,0.7560512662965906,0.8837888225836433,0.42783013187986874,0.41252476573511954,0.4004235013197455,0.9534478927074823,0.4317351020535604,0.7547265773742302,0.7737474745335796,0.46631843260664246,0.7997764884789836,0.8075877293889137,0.4457159582686021,0.42083153354312475,0.3855468430964662,0.8399507085137672,0.9483646687804579,0.7667803031289087,0.8777030320291446,0.3506067057672016,0.8059299680063962,0.781355512610108,0.772113609034566,0.8157255402187615,0.1606256122874801,0.7569362187024311,0.7596086136577128,0.27118399169820884,0.8354596486025996,0.7100509038853599,0.754646712309239,0.5091447603155774,0.8352756332301539,0.8337083659538448,0.8730146296618138,0.4083153733158084,0.782636509160731,0.789367233326482,0.7598476536586224,0.4132784934200439,0.7739267125574922,0.7861306468851289,0.7918216733856498,0.7747330204952936,0.37777449694636234,0.9162301893590108,0.7793161528089494,0.10982377645424485,0.7846966128014081,0.8015215015791178,0.7710889878434919,0.06486190269937192,0.9372628158037618,0.8178800503430875,0.42821692750739776
UCSF-PDGM-0330,0.476920669053388,0.9116391594959805,0.2777286310752776,0.5939643006615314,0.6143475665569518,0.5408564134552488,0.7918726898584598,0.9401719537187773,0.996327034359951,0.5826958722754184,0.9828602889866114,0.9350151551229459,0.3562930338608995,0.9844778319932801,0.6119321885258933,-0.13842900651965284,0.5239155990012817,0.8785062681006228,0.5907444718653916,0.6120737608625005,0.6985326749617187,0.929372809401549,0.9394118744419433,0.6250608268025118,0.9247082070944294,0.49693910771227423,0.9419797297403182,0.5944389144280223,0.9002961237325371,0.9404016786108247,0.9181835257432112,0.2292313203088084,0.5808619771403289,0.9818086616983284,0.9551633969761324,0.8869558444118,0.6042232143507332,-0.12985354210737723,0.6367344981882169,0.9110256594754397,0.598814059556583,0.9917002347507005,0.5521763895299334,0.951791897173944,0.6182055289291865,0.8993073091412507,0.6274871597043759,0.9868628944051656,0.5561224848212102,0.3680939773681626,0.9548121217792565,0.9321775670811985,0.9573144408041383,0.9945423248325627,0.43716768183776,0.5979820979712024,0.9712727635276848,0.3439442474866219,0.9870938589808096,0.5285196855137546,0.965876445042751,0.21553920945110017,0.9913112485373035,0.46841050985887267,0.9571245862458629,0.9639189673870778,0.9817231742216893,0.9501229461840979,0.5555310784350644,0.9160848631494126,0.5848588142351547,0.36711669654673423,0.9821599312893332,0.6076518118598145,0.9460362103099949,0.3502825691029781,0.8912674435647454,0.9952900479266501,0.5855032863639688,0.5585701269717616,0.4071223811370792,0.27561196376890923,0.9075036070295242,0.9011575850945159,0.9158537228100317,0.9123320397877567,0.905263075578926,0.899156486760827,0.8968872236128536,0.8917761253365154,0.9181016562329913,0.614329064461668,0.9108739964624347,0.9020168081520807,0.9430734430104122,0.9182453447407496,0.5962201305770324,0.5942498049308874,0.5739627088083572,0.9104843403747758,0.8894996842390456,0.6106032645357241,0.9082591462759787,0.9229454534562315,0.8968070332988224,0.587272950932086,0.9356042822849053,0.9151118417826233,0.9080304531642691,0.9078981118125895,0.9216475886586349,0.6036528526574334,0.5859526518971626,0.9136259261339847,0.5971842149298318,0.8958061013582819,0.494712208825925,0.9130071043352391,0.6090207564182608,0.888108124207504,0.5854802322062774,0.9739347416461026,0.9029696897204293,0.9423105385321621,0.9926912161153337,0.5731673163203473,0.8935810023072526,0.8937527016556824,0.6260605281816632,0.9114993749885466,0.30809691692911345,0.9156081260064473,0.8743174548198995,1.0,0.628233131955678,0.9329142120085032,0.4037513224302264,0.9614610030223347,0.4929336087590332,0.9357661135062535,0.49277041125585447,0.930252420190142,0.13370276733597117,0.973066580687904,0.9289856473391074,0.8458120551028437,0.6086097804455555,0.9013955460008787,0.9576113759550843,0.5959817346513205,0.5935122064061369,0.5842864158643833,0.788905079081636,0.4257027410529476,0.8986996856057766,0.9247003333915239,0.5367294452894947,0.915632667216264,0.9204025077175554,0.5909154319554109,0.6008199283877903,0.6027069030108819,0.9328605321801465,0.9577061685547378,0.6491059214008033,0.804334022006578,0.5766387631235917,0.9170234618982928,0.9385931710143708,0.9589169679852994,0.9454409898493167,0.4405634432862989,0.8878718124475317,0.8199793740016225,0.5259583221393637,0.9360857874385634,0.8770015319976497,0.83836128720383,0.49329430631408316,0.9458489527552835,0.943979154344017,0.9662810334499493,0.5998139840997301,0.897109436004382,0.900933294915985,0.9508751711639442,0.6418631639097999,0.9481212578939198,0.9048053749986655,0.94474440703446,0.944898223806053,0.5967774803962069,0.8058018296971599,0.8902435656324852,-0.010143767643962551,0.9015745609138641,0.9456303171920452,0.9513698276767838,0.07495280964555996,0.7997629954434724,0.9381490543347467,0.5965748460878291
UCSF-PDGM-0331,0.8872038064055073,0.6161666042058599,0.8118271494665331,0.9902811510392543,0.994440512791777,0.9149581222401181,0.24425474983067552,0.5839775413794912,0.64559502616833,0.6730090059540217,0.6369321565795046,0.6098538821171664,0.32088035299347084,0.6639306078129966,0.674091344883599,-0.2332831292690752,0.9665389533975869,0.39044275040159243,0.9877243788128115,0.9891831979342575,0.3093670571874588,0.654984428417909,0.49170185411347234,0.9989074610619841,0.5350393247548163,0.9585310394062112,0.6055366653929353,0.7124611797385108,0.4770486749063359,0.4859236918854869,0.693261674988656,0.7270318974259147,0.9432148052862602,0.5760445997660876,0.7051305069066465,0.47873635201097925,0.6526681992679108,0.20765644938683409,0.7249481580349423,0.5597646610307652,0.9944200696935829,0.6207674982141363,0.9311958286555642,0.589242476213862,0.7101671407903883,0.47757578001492557,0.9882972852706111,0.6350637842725002,0.551698798037572,0.884523486119551,0.5777565457523842,0.7193627275731963,0.6967695320804382,0.6274399428059716,0.9387807653026051,0.6849442014573307,0.6948136091517753,0.6721557888035602,0.6805241878767376,0.964343266889825,0.6856876559034026,0.15571106435616097,0.636479283765102,0.9318158292403222,0.7075046163685482,0.6466153788261927,0.6044152986169299,0.5614654808978636,0.5796074191887305,0.5876424481552937,0.6686894566803622,0.28776137487075815,0.6150538348220463,0.7193892800253313,0.6008599341111122,0.4617456547555061,0.4151333780832932,0.645981237436791,0.6517443203896669,0.6609374428835572,0.9104766861817682,0.6209984124676231,0.7069027815327208,0.7041126701616364,0.7175842546750107,0.7089061775460482,0.705936308685531,0.7057349104229051,0.7021515997774046,0.6997295837885652,0.7097568325379213,0.9943498262171289,0.7010200769148742,0.7033078120170693,0.7151854980132037,0.7185100493679398,0.7153430664540523,0.9815327079881219,0.6565860670064493,0.7180875973460455,0.6986273583630535,0.7226575451436971,0.7144315571330798,0.7202115835861398,0.6978647697906394,0.7106243396775771,0.7273912133889978,0.7100032416041331,0.7143322788519363,0.7142747237433759,0.7123801013612698,0.7193426789350592,0.679109414248273,0.7166907336259358,0.6853571388910227,0.7041314676716732,0.5704689957934249,0.7164376172987978,0.9934829919653693,0.4928193515233893,0.9888096095443969,0.705810327364108,0.7049255641289204,0.7286379202833081,0.6113809022710499,0.9789020820594204,0.7005935125120609,0.7006752214578608,0.7266751477871474,0.7098154678335462,0.19930862159572402,0.7130499164799192,0.4216141667624504,0.628233131955678,1.0,0.5650924699106293,0.8319953388270048,0.6064550853230771,0.9211171971114743,0.5860965705948509,0.61481906510506,0.6011400027415211,0.6863230724387608,0.6932371561592893,0.6119771500448912,0.4041304247628557,0.7217511481615105,0.7113599032864846,0.5076419055054148,0.9622623942255292,0.7106323507067207,0.9941918985084557,0.27264329771556683,0.8340405313772692,0.5285350998592718,0.7202715854764148,0.6007957443505474,0.6970513394759393,0.6889596272657037,0.6830053945108339,0.7106275123449054,0.9932647379135668,0.6197738038828388,0.5651131261688015,0.1174852638090129,0.2832554915969848,0.9804591815934085,0.70037088490606,0.7217029120437967,0.697204184646645,0.7105892327554614,0.9203198500976836,0.4967420720154129,0.44412693987552093,0.9565490453845831,0.6599540018114005,0.6292714242097834,0.3689162270896297,0.46889435650411,0.674181479258618,0.6775181735095528,0.678616195126562,0.7173441523283371,0.7022551246768403,0.7065719726361541,0.716927650754363,0.7259805158027053,0.7283860013943654,0.7057362693658557,0.7139743270642388,0.7287675571268413,0.7100170081235007,0.400006847353084,0.698989034685396,-0.15261174972618224,0.7043007910091179,0.7203460703858183,0.7263178452667237,0.1422217518793685,0.2917480932381749,0.6919792534930419,0.9890744749217105
UCSF-PDGM-0335,0.4945499612539646,0.9638353715293304,0.2546569384937953,0.5655038022927866,0.5868820747040737,0.5701825079369494,0.8476565457305771,0.9614554872198846,0.9511154197362813,0.572781038758157,0.955323062797605,0.9781758526657055,0.3842748125022428,0.9557484650066748,0.57831087683526,-0.16277616292778974,0.4790500389205596,0.8720997246190788,0.5707564278320562,0.5740783748105208,0.6706388292990204,0.9686886878462789,0.8828594549378371,0.5746595419846536,0.9489524249718453,0.45135643473289877,0.9665756497274303,0.5935913168740062,0.7524453806369199,0.8435526766442906,0.9379649840334946,0.2536028929111354,0.5892219442580747,0.9726031809236345,0.9363632318026979,0.9598542259315298,0.5582794448553366,-0.062696909112583,0.5606009184527668,0.9654854541338577,0.5583551619192848,0.9691630311048577,0.5334692762205492,0.9902917028072243,0.5870246380202445,0.9755222975504557,0.5571189092384036,0.898231486216225,0.5402036341306691,0.3480136907888878,0.9749703549745572,0.9171770575832631,0.9356343389768572,0.9390367145315207,0.3919921426361396,0.5102119748238121,0.9429372250811833,0.4004550633307413,0.9389545828509887,0.4820075292732356,0.9425628894459873,0.25516193101066015,0.9372725686498133,0.46327359497984,0.9308355674093961,0.9759705247760226,0.9796063641814257,0.9696059460371376,0.4429156499810335,0.8238506954680636,0.5423446412268178,0.39546249205996037,0.9396791704364774,0.5872427405611087,0.9644366894184985,0.27039812787267437,0.8948407939461305,0.9206703817192239,0.5539270771350041,0.5192335503866513,0.34655187355734235,0.32136034944007114,0.9168044976354464,0.917996173613211,0.9197428270198306,0.9154758895250849,0.9172909295714892,0.9191033343914894,0.9185030600122956,0.9188454260602393,0.9139234365719374,0.5861736546963732,0.9259096540526167,0.9182845619348938,0.8841509809667041,0.9188312270120922,0.5858149642151783,0.5954142062376346,0.5837522553065886,0.9232924934589117,0.9189150072568191,0.5884399790619725,0.921893748663527,0.9166277645935778,0.9233225200278936,0.5894069962166562,0.9121820718400941,0.9145121189483792,0.9219433437659046,0.9219716794830524,0.9115310877015439,0.5919216228481278,0.6041638847242016,0.920483142793795,0.6086251999092299,0.919287136768807,0.36270281703038365,0.9206715868620037,0.5842345920583752,0.8376121888225716,0.5710544405708399,0.8927452823416293,0.9177130171853012,0.904909108637766,0.9195795468792295,0.5764506152060884,0.9187550509607579,0.9187447682869307,0.5748380283092718,0.9288199668210428,0.351029821140944,0.9162369654173421,0.864685016336554,0.9329142120085032,0.5650924699106293,1.0,0.3903163778427212,0.9861255850594564,0.5107888960576602,0.978795430501368,0.47638266457911993,0.9653766091841487,0.014994281651570988,0.936311909725329,0.9748102325388893,0.8960359677285957,0.5895305126152327,0.9230603806672916,0.9498297793895728,0.5667626836249194,0.591612367449043,0.5361490259520294,0.7964757255301648,0.4336835352421369,0.9332443500085745,0.9244095715509496,0.5288592592050712,0.9316927646428277,0.9409920541306307,0.5619892048588265,0.5854365333140163,0.5680853211243688,0.9701098208904424,0.9591113149623348,0.7764725869170744,0.8837689781745324,0.5479219244698958,0.9322283786829991,0.9234330218654352,0.8893240902127456,0.9211505503205776,0.3643161634249887,0.8971890193439664,0.8250862183639861,0.4603075356405196,0.9687269856292768,0.9053158905651204,0.9154318745471666,0.4707984021491637,0.9605330602952488,0.9592381447738784,0.9072496783662154,0.5934970992000524,0.9184819049882794,0.9189591243938907,0.8493088091948875,0.5487655601241885,0.8939695579093349,0.9173810965590531,0.876966476238456,0.9008793021361786,0.557867174660368,0.8375143569351315,0.9188975589867909,0.03169541838187447,0.9179347930664691,0.8897227067799723,0.8811437660130763,0.1295237899785776,0.8418367242564058,0.941665881597455,0.5763701884196962
UCSF-PDGM-0337,0.9274736654632779,0.41487963331328875,0.7227467191533283,0.8669741258684864,0.829469215764188,0.8978753743537314,0.2890919984032177,0.37879461679281373,0.40983540042781075,0.4158588572895149,0.40995285635457623,0.40628738975003587,0.2579540572913672,0.41543539664723256,0.4166514968494147,-0.1910734321083494,0.772908621445466,0.37220206662055344,0.8490194638080195,0.8677686554794484,0.159498909185164,0.4086756334888431,0.36399047319422234,0.8275924081074727,0.37392379129315423,0.8031006433176222,0.4028903296339307,0.4152237498237413,0.3478312228103483,0.36833310340700604,0.4202458941699717,0.8970017144526274,0.8628984896964051,0.39189637024387697,0.4243707422020149,0.3745384141786319,0.4181009374119355,0.5144576029187279,0.42665994341308733,0.40966514903209245,0.8609580591736002,0.4073793762630952,0.9173525060593117,0.4009771500955949,0.42201781263955357,0.3418109309052305,0.8650135297862114,0.40911681532462685,0.38299098274487176,0.8477016032275505,0.3935249101327433,0.42750791448806125,0.42797854974589544,0.39875518509182284,0.9081893556606748,0.40120914718458983,0.42244407381247695,0.8645609168180535,0.4169302643739415,0.8175112501891268,0.4261182851693682,0.296062111825038,0.4212915529991886,0.8066039524187831,0.42810919520099844,0.4065088963700527,0.3929103822186094,0.41831337684526537,0.4063169024534789,0.318288863506863,0.4156439047375495,0.292507379294562,0.4267408892509344,0.4202614706221769,0.41461003433247895,0.21429982688315502,0.31875973843074557,0.40536806859579355,0.4117019424166363,0.40318532297362386,0.7395473844631011,0.9129059561752251,0.4226490231179627,0.42064094024709464,0.4242892718599417,0.42412431537928763,0.42194823489817684,0.41464757311156275,0.4192528982649567,0.4175586443202635,0.42372628169103943,0.820246790852864,0.4213434457594003,0.41913946789415996,0.4306676302425227,0.42498698585723327,0.4226400772399515,0.8089011023677024,0.41166534896729956,0.41759777800181297,0.41679370607266036,0.4208959126286285,0.4219815833869373,0.4263071535625319,0.41773319206644816,0.4192841624851543,0.42468880116481933,0.42494888081222476,0.4219102137488548,0.4218688680855718,0.4267984540692533,0.4184871110154018,0.41095830484322005,0.42362587463348744,0.40793626279778594,0.41354206928502457,0.31086265438368416,0.42343947164464557,0.8264481257471866,0.4198321750531962,0.8387268040535845,0.42302312512220924,0.42122146661272586,0.4260603242492718,0.39247468704138627,0.833416261690567,0.4181607383526944,0.41821780601839165,0.4248207722415483,0.4209750632946766,0.23467075145265512,0.4198368053643819,0.3426963346408394,0.4037513224302264,0.8319953388270048,0.3903163778427212,1.0,0.390534716349386,0.8840335931357352,0.38742808348999097,0.3113211155923251,0.385756121492596,0.6754953678922754,0.42430470748452714,0.41490533773408383,0.3654627162073216,0.42022654792175396,0.4197997698173437,0.3548540871696977,0.9081264494389265,0.41532197396134796,0.8616481122553112,0.29921618335718936,0.963862930936908,0.40427831245475065,0.42036743716482855,0.37676299329610363,0.42097467899433444,0.4192675285026589,0.4154373661967905,0.41989860474712004,0.847884423347246,0.39867662146220656,0.3833370387258993,0.2723838974707918,0.2814758445569425,0.86779074595553,0.41605563798776624,0.42327310148843444,0.4314457156365413,0.42369611860145523,0.7608669979274645,0.41511903551135737,0.40957934122920503,0.7331444632716081,0.4122333836630202,0.43153881712516706,0.32936461302583203,0.35040925201334494,0.4189602694855078,0.4196952858805612,0.42141821635322735,0.41707535312378186,0.41932577703609053,0.41522816196121576,0.42220345953774774,0.4261097051674042,0.4266870519802421,0.4218039296007991,0.43034016601318564,0.42644138006307036,0.38621232522903276,0.306881277942127,0.41704432698503346,-0.16697333567611827,0.4207749932209944,0.4267140873723972,0.4262248566653388,0.267423944657956,0.27466905589934354,0.42332477121614537,0.8269154131747573
UCSF-PDGM-0339,0.5049509113148286,0.9534524258991326,0.2899735007175215,0.5926562788608296,0.6188725152145135,0.5739161969845793,0.8211331458465095,0.9549410567497794,0.9758344022666791,0.6083152948364742,0.979139986949433,0.980249669717374,0.3862977968310328,0.9797911555326495,0.6116776777312891,-0.15291254931502857,0.5198419156589558,0.8517422735549387,0.5975798151940138,0.6036538051313135,0.6652322241268859,0.9778043352000848,0.9135349344494064,0.6122209129675503,0.9497783061586453,0.49256555843170036,0.9805253161149458,0.6230390074849124,0.7951653029931454,0.8711102165926797,0.9491243314583794,0.2505671413891556,0.6091974002490265,0.981233627855217,0.9570075847384661,0.9405724466135429,0.5921728304089521,-0.1057815859448975,0.6037205098715493,0.9534892360891473,0.5959033909550369,0.9823963167081171,0.5421907758900399,0.9888687847442845,0.6228793371202509,0.9667880400245091,0.6003192791965081,0.9305700225111906,0.5679315949692647,0.38111607873158737,0.9849195456075528,0.9332356527913264,0.9533073525201522,0.9605005390611279,0.425548251538601,0.5646115402492956,0.9651090348473206,0.36282129619468667,0.9650407566212422,0.5141171401102482,0.9618541200617619,0.22839758617757966,0.9569972369578171,0.49004962619283,0.9490127815041135,0.9915737074185315,0.9940287534332378,0.954031083338171,0.49573271015042825,0.8768625636587773,0.5901737325089259,0.39284147448460266,0.9504499148819182,0.620692047254655,0.9611343223092955,0.3374967150373032,0.9115850806432081,0.9485073316087995,0.5980900327021279,0.5699682562219103,0.3987693043125037,0.3023958023742947,0.9299620593081821,0.9297748860463464,0.9322748954321621,0.9297539746292949,0.929950553621926,0.9340949126022593,0.929403852373122,0.9287401938601666,0.92963319224763,0.6199368537744269,0.9384382899838176,0.9302866381789361,0.9094334564340509,0.9319596826286515,0.6127083591874466,0.6236883025010035,0.6103890661072969,0.9379501924732271,0.9283757326521481,0.6210994546342214,0.9326585368504775,0.9309983433460497,0.9336689024420639,0.6139525603721712,0.9333980654433981,0.9294689672848874,0.9326574959069099,0.9326565912501205,0.9282048445921314,0.6226373443114305,0.6207570374878338,0.9324781918277136,0.6302771329705867,0.9336190992652837,0.4377375011197015,0.9325203916790072,0.6163208181720033,0.8308062746775289,0.6016569743064268,0.9248722153121359,0.929875790393642,0.9286004334941916,0.945483349426471,0.6041387559204519,0.9289999086533566,0.9290232155436848,0.6127542225113062,0.9391286979574739,0.3693114547080679,0.9347960788306261,0.877450594660026,0.9614610030223347,0.6064550853230771,0.9861255850594564,0.390534716349386,1.0,0.5300843179462603,0.987342109000282,0.5294385971512996,0.9782729513316021,0.08095497626144763,0.9593748339338304,0.9721745685191269,0.8682027660605528,0.6216182914055185,0.9323602146600776,0.9624328186498933,0.5904730448897203,0.6226317240609692,0.5744159907253805,0.7834519427276386,0.436505671175623,0.9048638390442885,0.941435548070787,0.5754712542410042,0.94498388531779,0.9543864773588684,0.6073083217209703,0.6184502854336407,0.5986324435184469,0.981475475438459,0.9667618947278467,0.7047054745474106,0.8594825752310766,0.5730676196346047,0.9480075070058168,0.9431360724798608,0.9093943009806419,0.94636833722685,0.40649526685380516,0.8724625153335804,0.8040893423407488,0.5124033694350348,0.9796113216440087,0.8850421776202113,0.8727767704882299,0.5146134588739947,0.9732263385570222,0.9706355572787946,0.9396404221674607,0.6231929058845331,0.9294274970113784,0.9343083355506593,0.8839517161939981,0.593875746468231,0.9205858071233416,0.9299405584371009,0.9037749551602005,0.9257315631988714,0.5949525498703864,0.8302831971968497,0.9284992228597843,0.024224512670632987,0.9298012410949033,0.918353155218839,0.9105239319607726,0.11973987865251517,0.8405251330158738,0.9584403184744604,0.6106310665848038
UCSF-PDGM-0340,0.9707646801120571,0.5852403674849974,0.8796030908171503,0.9587732255164546,0.9341120566661231,0.9327493883873117,0.20393712000945383,0.4995596165839425,0.5177995451588735,0.5876820392423692,0.5152026679026841,0.5544849181964707,0.2624195214166658,0.5459744758696496,0.5585025110194738,-0.2947916308749766,0.9190895784051696,0.3674795881031816,0.9626014932575173,0.9404163762589793,0.20436156339701603,0.5860015604116633,0.35799814408266334,0.9282607184910682,0.4681377444242923,0.9365166469518101,0.5258807552503444,0.625198799525016,0.2908892867304005,0.3382528147872792,0.6070919272078599,0.742252202750683,0.9229683411514088,0.4579788027169864,0.5935463423655597,0.4648783136434623,0.5305869824371129,0.22013567518079877,0.5960790521950255,0.5481420603442727,0.9407069008256985,0.5124103566104063,0.9367555120217956,0.5224437326677335,0.6037008419619905,0.4333695424715566,0.9018378345231329,0.4789486756455619,0.4484997835153489,0.9192404678956929,0.4902172244350055,0.6168912519111823,0.5851530958008567,0.49632584671350305,0.9502560824503635,0.554339164806806,0.5748184392941801,0.7773108900449518,0.5578786060323101,0.9437962167078388,0.5743768608613848,0.1844045642644486,0.5091910901715256,0.9629598689283422,0.5993582218542046,0.5503207975887369,0.5028855725360414,0.5141917668940148,0.4568611545609461,0.4342388029878094,0.5712189215734091,0.22043543058976892,0.511072711728821,0.6219197159377235,0.5479280683637939,0.39014296279164484,0.32032200149755413,0.5084605368107079,0.5531711697136886,0.5709381318181822,0.8764437468935029,0.6873873214722156,0.61530898002334,0.6168745682989042,0.6259411456784343,0.6137921264447804,0.6159124382125173,0.6146061974574193,0.6177003687911586,0.61848473338062,0.6103130715291238,0.932597819603315,0.6136884641232137,0.615695109543801,0.5864850767879177,0.625002602206244,0.6277502894042201,0.9360553931297575,0.577577755140566,0.6258057856664809,0.6187700902118065,0.6224751051169793,0.6283438192876364,0.6228382278035676,0.6170296209293632,0.6302072919201123,0.6147251881742036,0.6127653480377145,0.6284043857149877,0.6284391517562904,0.6097992998937185,0.6250789944694811,0.5889230906548111,0.6267308764219058,0.5854015950106055,0.6150952034664235,0.42570353998616345,0.6269368885088881,0.9401623667937473,0.4406374296485475,0.9533000208587197,0.5638647941799768,0.6164716092352384,0.6084299323911927,0.4762863439094384,0.9470611800894356,0.6182313123465892,0.6182059034319574,0.6107650891777157,0.626090745246625,0.16089518985684634,0.6106925404618767,0.3108613728658272,0.4929336087590332,0.9211171971114743,0.5107888960576602,0.8840335931357352,0.5300843179462603,1.0,0.5239459627565565,0.5463560515667434,0.523677903204839,0.6674202798530522,0.5680301836678393,0.5711129095380447,0.41888004223202513,0.6233094565265267,0.6299116292057808,0.410460180501672,0.9144762355989728,0.626374939442209,0.9482258955633774,0.19896371772186636,0.8442153863511602,0.5026303082842752,0.6198768486759078,0.523273003604567,0.6128919846847085,0.6101245605521183,0.5993103836060293,0.6161884844975131,0.9536034363697408,0.5530895846834609,0.4446041004543293,0.18839482951069716,0.24756533593558705,0.9711850931508572,0.6039203446879696,0.6128349583639666,0.573604969767767,0.6012897544866356,0.8877794569560267,0.4917242221152893,0.46301390845901524,0.8822630251825033,0.5922310150783752,0.5975564611104702,0.3638522572164779,0.3814651486218046,0.587443666645897,0.5881419883595149,0.5426863127885595,0.6261864063076157,0.6176614276400195,0.6143108705617991,0.5645060977429691,0.5879052145726705,0.5993817989999335,0.6160286108918648,0.5807695211805849,0.6050528637633052,0.5931424321546771,0.3072132346473123,0.6186809255315057,-0.08787106732420531,0.6167847591959656,0.5871590018103453,0.5891242607713942,0.29913987809806614,0.22740343621106157,0.6042015039676183,0.9299621287960677
UCSF-PDGM-0341,0.5196845046282426,0.9680802451681317,0.27989843090652444,0.5829771498901433,0.6055758276889913,0.5825246902528017,0.8375756017066942,0.9082030050422172,0.956408466293435,0.6061674107433199,0.9628889028735954,0.9934707292098759,0.4505128221598689,0.9661076844123979,0.5885633077179784,-0.1465589390098416,0.5040339652550673,0.8637306725020488,0.5868214896361562,0.5968695145397946,0.5865855219949284,0.978763575853289,0.8941835599717576,0.5945033142679871,0.9746834848627667,0.4777454444040628,0.9824539104408786,0.6154923471371047,0.748280313407265,0.8347739813286329,0.9435362340743257,0.23786972798206407,0.6253994441873287,0.9643780827206218,0.9440444800719708,0.9704933454264112,0.570898636757585,-0.14574878434125932,0.5816370389218531,0.9727487188232598,0.5822808150983672,0.9575846928740251,0.5250501958049008,0.994143155460117,0.6128135248359609,0.9598184319757197,0.590586478609784,0.8956816938697113,0.5444664598374026,0.3945604799783955,0.9739117674132552,0.9190088043520124,0.9393281113708803,0.9340995947451317,0.4159535884945565,0.5385469547496949,0.9476637202194111,0.35785592460436544,0.9481900399183287,0.5007087819785335,0.9543628722345225,0.21542121585850865,0.9371336503690283,0.48181146734930147,0.935429243036301,0.9805558121915832,0.9736569581073907,0.9458481427930855,0.4693850605293673,0.8468057053568953,0.5736322110149956,0.3641962137263925,0.9357552881061406,0.608750956522228,0.971234837651825,0.3178807351222678,0.9254968399440706,0.9227911372715791,0.5915871121733861,0.550340617033629,0.38324540775533295,0.3187650088755439,0.9203781579445023,0.9217266375329412,0.9213909059987138,0.918920155736947,0.9209215220271766,0.9254179560586518,0.9223319858353771,0.9227858785019736,0.9175729650947206,0.6067290639727985,0.9308890462558759,0.922293710792584,0.8862246652438959,0.9204074740108127,0.604403304923699,0.6163967612030756,0.6129462415163853,0.9276311705046651,0.9229031503254761,0.6090959965927338,0.9237528369777698,0.9180533786705238,0.9282492846462117,0.6081757966891032,0.915753135364305,0.9178771356978499,0.9238084374446792,0.9238402400086132,0.9146926784874612,0.6127364492545064,0.6277407240331176,0.9221956323332585,0.634383567538757,0.9256692016569965,0.4057077383194461,0.9224015727900887,0.6039369557656976,0.8139638040412732,0.591408795294696,0.9016395551914635,0.9214000718627665,0.9081707835382421,0.9181604882172496,0.5978595733233373,0.9226568500046467,0.9226428499067354,0.5953358751582439,0.9321601159927355,0.3750070332522824,0.9221709066120748,0.8536630794327185,0.9357661135062535,0.5860965705948509,0.978795430501368,0.38742808348999097,0.987342109000282,0.5239459627565565,1.0,0.5127462608011557,0.9972933134533117,0.0676130367244428,0.9470020932720145,0.9832402093322591,0.905042486230078,0.6102356370104673,0.9250923085326932,0.9441225044575332,0.5841336535258169,0.6137769169442029,0.5575181449645964,0.7394730019559417,0.41436631885768144,0.8858633763015196,0.929474897752793,0.5694917761130135,0.9384769104948789,0.9500849445696674,0.5922430513505008,0.6092558917884561,0.5848814110467625,0.9957392220786212,0.9321957487050211,0.7050270313124312,0.8524771034366707,0.5611030861763718,0.9422767349613572,0.928529942550983,0.8843463065659009,0.9280173223555909,0.3874128093434265,0.867615261484118,0.7983964609948333,0.49051307786827014,0.9742258187330298,0.893095550661861,0.8665682841168872,0.50133734871226,0.9695134231201947,0.9653424910547753,0.9186885218470704,0.6143861913475244,0.922305832100598,0.9252368007406327,0.8510520933131731,0.5677779808542711,0.8968506721563809,0.9210230991925297,0.8788345826771018,0.9039919218644062,0.5818467497294281,0.7634931717480643,0.9228702444757945,0.038727499179554786,0.9216553585426877,0.8944253860929394,0.883649378287415,0.13801417914344316,0.8168807767492007,0.951021102503894,0.5993319157630247
UCSF-PDGM-0342,0.45047488685733994,0.5157593218338103,0.4128202743885864,0.5891997957780044,0.6196902103963845,0.47216884433988027,0.14643346058201795,0.4674837174063744,0.5221775490525796,0.9643215581134393,0.535880813949475,0.5271250682817672,0.6750794046136198,0.556458333782412,0.9398105743763743,0.3626861720145788,0.5795524199688189,0.23043376032206309,0.6055609659599002,0.5735602592988355,0.17316661411671308,0.5857732937752519,0.39602323080481766,0.6184056812789714,0.4176119489432387,0.5597428138265015,0.5376040008684226,0.9581432712578981,0.33724160560467253,0.3527195697723538,0.6157528133334843,0.19584819575186332,0.5348969021636495,0.45641889482494064,0.602997749701107,0.3828682213577311,0.9266605561074273,-0.2190909149717206,0.9292258513487998,0.4658363825061763,0.6089892286725999,0.49858933457420246,0.4555245754623937,0.4930224781728785,0.9509203762946464,0.40741126944658745,0.5723259291684444,0.4992500511310656,0.8742783880000446,0.4302153890183054,0.5038708430621677,0.6136190064871437,0.5897103018614668,0.4810246381026727,0.4730564234640947,0.9528875188313244,0.584780166620812,0.17279298746319352,0.5517102698336446,0.551447608334717,0.5766093312107649,0.5647713198716924,0.5016097270652856,0.54094393641652,0.5904014400725174,0.5643006457722618,0.501648383687881,0.4279502927750485,0.8774997972810067,0.5278205252440218,0.965669994371499,0.6526644818060583,0.47815881522484815,0.9566196249423559,0.47645372167343386,0.9249301369213978,0.33177765607346066,0.4954234045660696,0.9570899083052326,0.9748732540342215,0.5090261468434935,0.13019694901554535,0.6271162762562728,0.6290661527739483,0.6236545228428624,0.6252811253668542,0.6278594458048289,0.6391234894460847,0.6301324325299171,0.6311883907213854,0.6213165685828789,0.6300089276892907,0.6240008489967023,0.6277380272423859,0.5945434451592344,0.6225300148078271,0.9496386527220894,0.638268724972722,0.9473592022666639,0.6361531511941788,0.6315896221812288,0.9523598246490373,0.6266073167402693,0.6199777971102238,0.6286869221311147,0.9511193583226213,0.623143608560531,0.6240588864864626,0.6266836244169494,0.6267274799017301,0.6205893714998327,0.9544073624574291,0.9241563001731915,0.6246115671049194,0.9284912618338894,0.6397653666281404,0.9174794658086757,0.6248631202477413,0.626257656035646,0.343659506527138,0.6224394089736452,0.5637034561973554,0.6285569682242031,0.6160726901919907,0.457598908724292,0.630504651296316,0.6308409364908549,0.630806478642319,0.9416929708513924,0.623145234475063,0.5985992238044802,0.6343262649489743,0.35326896835336197,0.49277041125585447,0.61481906510506,0.47638266457911993,0.3113211155923251,0.5294385971512996,0.5463560515667434,0.5127462608011557,1.0,0.5254972440969895,0.24398191107688572,0.5766354825839961,0.5263651666639896,0.27839843696566263,0.9530634968473677,0.628630074510187,0.3952572828199277,0.509837086995467,0.962218061310855,0.6028168322634129,0.18576078608502852,0.3529874655336422,0.3840250398520659,0.6289031003013724,0.9610533279254252,0.6215903788118391,0.6162378795380529,0.9750448922515569,0.9607069057707581,0.6051978308153761,0.5480806200976824,0.46759576047779416,0.0373526502110236,0.2147834600752228,0.5790070949786655,0.6266893412243377,0.6203281639034778,0.5470981717834122,0.619120538489084,0.4953740008067813,0.3479441262174188,0.3235335230009139,0.5811271938120087,0.5903353519529392,0.4991576870728553,0.23520957118299263,0.8445795371051519,0.5893028853110911,0.5913015596962016,0.572953345365042,0.9550982933766674,0.630081298427463,0.6387439274657482,0.5683549730681245,0.912746023655553,0.6060717466897313,0.6280035939387674,0.5883047983408703,0.6123222674536367,0.9527442624476072,0.3327249011053419,0.6314629174836149,-0.07072625217871133,0.6289521324009272,0.6077398473331154,0.5948753749692934,0.5293802977198987,0.25328266992035764,0.6083059313463739,0.6345879770359225
UCSF-PDGM-0345,0.5232492421458175,0.9633646082851434,0.288629744232123,0.5949757935808879,0.6202173722408207,0.5899650375515277,0.819404917381181,0.8868519366926338,0.95269799857046,0.6212232872570723,0.9593888525936902,0.9907259903375796,0.47495657266116054,0.9645041708197027,0.5987629349684936,-0.14089206862135503,0.5208941468647013,0.8477254086563605,0.5980054312386593,0.6112542840066816,0.5560060268051199,0.9768342379322055,0.8861133136880573,0.6093394508458682,0.974124033395831,0.4917066705857521,0.9792517068698267,0.6305086917331142,0.7396541964493747,0.8223752273722325,0.9441171554535714,0.23914096892197198,0.6415947393355519,0.9558039566680765,0.9451367035630034,0.9621522709713863,0.5815361969732215,-0.16066708776888303,0.5968501972436228,0.9642811282822336,0.5962454345731353,0.9475717338791588,0.5266148378506846,0.9879741387352304,0.628518124449696,0.9429292400087872,0.6084400022701032,0.8907375977600385,0.5482195301880071,0.410629942202424,0.96474905492026,0.9200735712500565,0.9391885630571947,0.9275772447280718,0.4269713626816775,0.5533203725610611,0.9471437428963744,0.344135755976276,0.9473114021157657,0.5132203102579548,0.9555484415980815,0.1979928352167789,0.932554738366169,0.49106072197427086,0.9358463044815617,0.9763798686595312,0.9640268182041704,0.9308482953626958,0.4784903472081715,0.8474004380934401,0.5862024226763867,0.3541404142824932,0.9287560911416702,0.6236471556582083,0.9664419043734234,0.33141769126082055,0.9210705613082414,0.9188347537486468,0.6061623759736765,0.5621579307179947,0.40182624094576797,0.31438004145054654,0.9216871926624424,0.9230372722961239,0.9225848042738851,0.920227376262558,0.9222312145865745,0.9274585988822908,0.9236432800070281,0.9240975880371303,0.9189352709045705,0.6219599863872258,0.9318428359592306,0.923628376285206,0.8874879918085513,0.9216000053899246,0.6190447797185298,0.6314888140084478,0.627591576951897,0.9295453610972073,0.9242149275916282,0.6243081241796092,0.9249500690247432,0.9192426662052257,0.9294082712371737,0.6227505891570446,0.9176572391190845,0.9191830304670721,0.9250057493415123,0.9250375976203957,0.9159944447649673,0.6279040846954386,0.6451912381839888,0.9233906565598465,0.6523674353395175,0.9277087013319816,0.42196317293928176,0.9235968865015857,0.6183452665265425,0.7977644271518721,0.6046430515026785,0.9034784670543378,0.9227103305374097,0.9100647896683934,0.9115765708540029,0.6116616634185946,0.923968456038837,0.9239544437110906,0.6106390970736624,0.9332873009601867,0.3731669412068075,0.9242136467343645,0.8388175392255797,0.930252420190142,0.6011400027415211,0.9653766091841487,0.385756121492596,0.9782729513316021,0.523677903204839,0.9972933134533117,0.5254972440969895,1.0,0.0875939306592093,0.9486908108429543,0.9780934489435322,0.8930041727760691,0.6254361656939458,0.926291501465216,0.9307824995292143,0.5954847535273213,0.6280642984677952,0.5703857099561346,0.7080854780128115,0.41022914499063373,0.8657620264722301,0.9315107095408299,0.5817108213126638,0.9390519525840435,0.9501406658407677,0.6040349201655149,0.6243708961091914,0.5970525628965136,0.9962261982272078,0.9182340143700466,0.6651574421913161,0.8274166335108468,0.5701659474154052,0.944894512376234,0.9304013198005632,0.8826876402592846,0.9281776971585338,0.4038899020539152,0.8487123342479085,0.7779301479455356,0.5095634915245063,0.9701369535772526,0.8877217834724019,0.8402710754351849,0.5065564742274064,0.968683432093667,0.9644184560570971,0.919077426093478,0.6295248604416989,0.9236170993447073,0.9272779661381693,0.8528535792403953,0.5828866748868692,0.8987279552689118,0.922332913120636,0.8800877694427216,0.9058799282232444,0.5997786099821188,0.7327967540606434,0.9241820070904683,0.03686899336475165,0.9229659121059235,0.896433848167373,0.8855057758147854,0.12810437725487828,0.7919781535399738,0.9507858605607836,0.6149994090409415
UCSF-PDGM-0346,0.6367847600624686,0.08980294292209359,0.8550571823438743,0.6745366174803563,0.6589753307195678,0.5754236474176367,-0.1795963797180777,0.028843864928131745,0.14064440559179225,0.19242305764567022,0.14962658517430816,0.09259825645102111,-0.06581010918600239,0.16271444125464135,0.16622872748556664,-0.1634480702252025,0.7575436249670328,-0.05896170377813761,0.6668826667294598,0.6616729076176943,-0.18975290713331608,0.14241123450674315,0.0877461515339942,0.6736988584959239,0.00999406557979533,0.7799691469430601,0.12403306913372887,0.21414700426460362,0.1437694050245242,0.09996842324157673,0.19947822346802163,0.738087108877175,0.6006143069494455,0.05568393657223363,0.20829044922057147,-0.03635451602726223,0.15645203931384732,0.40185334652014537,0.2453496466643793,0.054196224226246,0.7006936925239667,0.09908558521706864,0.6167332705557053,0.0565444495301184,0.21020138536478597,-0.06194039087021879,0.6876415151662877,0.18068369487293148,0.05397940748152603,0.8326359272295383,0.0821588554223722,0.22496424321443104,0.20410396423562438,0.1067250658239326,0.8396225301861244,0.26438028835005767,0.19393576948304042,0.4157858972193544,0.17191614813450162,0.7327779225095075,0.1909836563501059,-0.17020550364863316,0.1528193865943486,0.7369521682424226,0.20504841464685977,0.13233854510772983,0.07617636858287156,0.04157027100063549,0.192623899660384,0.2754400674444291,0.22313286702048502,-0.132065858925654,0.13341723990419252,0.22489597860081376,0.07592665537179218,0.28875731553781225,-0.03884688425894762,0.1422847189632966,0.18830191284353962,0.24825209542861343,0.871619698181838,0.49924672687182164,0.22626280189566486,0.22243962962873537,0.22055004012506502,0.22929606038358344,0.22489362485521655,0.22329617604394258,0.21995390037272555,0.2170566961169142,0.22937506798577242,0.661658659327682,0.21537160028245955,0.21989324698256907,0.25534794074346673,0.22211855010726625,0.21709334012971973,0.64269840790344,0.15237118576236539,0.21896446413836843,0.2157907421974066,0.22573906207932273,0.21579208323275242,0.22532445342541216,0.21296682146927481,0.2108096272270382,0.23592020358897145,0.23110097169771673,0.21565335425339108,0.2155731829408198,0.23555536634920246,0.22068674154263987,0.14778995516108073,0.21912157725619572,0.15488389139988523,0.22140475221204456,0.30029796825019917,0.21872994005634094,0.6623640680272259,0.11238459529116285,0.678564357743872,0.22677350962605308,0.22351449697536707,0.24173178726187436,0.10409127403473523,0.666737424927782,0.21807078570857175,0.21816775356844778,0.23618337958643817,0.20698230067079262,-0.14247198725462476,0.23316031425600928,0.04085198542177582,0.13370276733597117,0.6863230724387608,0.014994281651570988,0.6754953678922754,0.08095497626144763,0.6674202798530522,0.0676130367244428,0.24398191107688572,0.0875939306592093,1.0,0.1975930952468632,0.09922913755969133,-0.07128296458416648,0.22426755487588076,0.21172492034353385,-0.010457943666171187,0.6407587707492897,0.2159574995926757,0.7226405646318192,-0.07977373289667626,0.6430105863804351,0.010349407888081905,0.22029837225655674,0.16647730752994472,0.20962117406391978,0.1973649112161816,0.22093120040632205,0.21850333311224157,0.6741114604024847,0.11039847851588658,0.06652220431958332,-0.2609425327681166,-0.18315396470562484,0.677440923003304,0.20993344543765804,0.22283534733981394,0.2177080591427992,0.23189476484156535,0.8241264586053714,0.03364289473948713,0.07798918269503126,0.7697209977005679,0.15071628577180202,0.13434435512586237,-0.16748414578020726,0.056961690330315444,0.16811678532523067,0.17027020949227484,0.22799202500079274,0.21798098722475817,0.2200817086889951,0.2243129741275758,0.2629707690593924,0.2543193694544322,0.24815097274095066,0.22461663888347305,0.258379805117369,0.24433926381722984,0.23786754506264057,-0.01795383183114631,0.21620286383913995,0.21508241978804435,0.222685850038883,0.25740956419676575,0.25374157367530586,-0.0007494697055346251,-0.10920498609305081,0.20112230751783336,0.675777496568685
UCSF-PDGM-0347,0.5279077537293912,0.95117577571005,0.370992617063579,0.6656093392878768,0.6885757276113497,0.5821825637967296,0.7118816772153257,0.9163387949608501,0.9865639914923372,0.6549850786541221,0.9860522769646115,0.9630364619613373,0.37165084948128996,0.9949415219352182,0.6568250141482311,-0.19575207111583887,0.6078441992079375,0.824455829980447,0.6688144574834247,0.6713844987704067,0.6078530134114373,0.9742249411811451,0.8938469874630216,0.6943079497158394,0.9097502045254997,0.5769388499680113,0.9658587736650712,0.6818031379065587,0.8320960252133077,0.8812980353861302,0.9804570936774515,0.2453741912454162,0.6356803069634357,0.955869359300147,0.9966287621722419,0.8824079711644263,0.6406975814071482,-0.1770937868544615,0.6946144462768075,0.9343733143457126,0.6703900815767959,0.975732550822876,0.5791883493890907,0.9594498657601969,0.6864880355042021,0.8654105362713829,0.6753570597532679,0.9696103273266028,0.559669463424752,0.4413066416077443,0.9545672097768184,0.9874181270457055,0.9968734199043724,0.9642036436435412,0.5100997042212578,0.6540984435797232,0.9986145441057593,0.32475767800094596,0.9924217204153261,0.6033304131619532,0.9987135548997959,0.1808278294710088,0.9866500612270944,0.5562957023693794,0.9952987561996861,0.9826410272378607,0.9636020610175232,0.9462200995305985,0.569565407199488,0.9322819658115785,0.6457751903773288,0.3212662913847876,0.9795534043521866,0.6880780020161095,0.9578257076942572,0.41897961744981754,0.8298998239218016,0.9709253590591768,0.6403796806300317,0.6305242160866638,0.4942942025347985,0.25372002168039737,0.9768950129306208,0.9732964814231021,0.9802432974736383,0.9794535919982154,0.9756524477567149,0.9710106964512905,0.9707495171389533,0.9675887253433041,0.9822809020273572,0.6925294558363269,0.9779733628482972,0.9737517357453328,0.9860206440759622,0.9813997844683344,0.6825492221073859,0.6829859260101242,0.6438170383725645,0.9769068162115219,0.9661456826069537,0.69101293223185,0.9762558444408153,0.983498088862218,0.9700801388635568,0.678040778319665,0.9883911767245058,0.9808420436690101,0.9761293446385052,0.9760559867937352,0.9838024627911883,0.6878399261883035,0.6644712187728697,0.9791199336150781,0.6717578062009943,0.9689242124794274,0.5384525152144851,0.9788006107502325,0.6879102974456881,0.8822545796902307,0.6694114146532253,0.9883726762418283,0.9743483314604612,0.9896361612716872,0.9505323311142528,0.6650657897506961,0.9687178716762879,0.9688245716775956,0.6951784059412036,0.9774103573492258,0.2583439220573865,0.9804225572838526,0.8360556948450584,0.973066580687904,0.6932371561592893,0.936311909725329,0.42430470748452714,0.9593748339338304,0.5680301836678393,0.9470020932720145,0.5766354825839961,0.9486908108429543,0.1975930952468632,1.0,0.9633006283643927,0.8221380292957725,0.6901452507779701,0.9723229966444921,0.8962519480986161,0.6284886952767865,0.6796342549743076,0.6584889905066451,0.709267215995924,0.4402457476920036,0.892723917851975,0.9842742215274985,0.591835698519786,0.9796158986801413,0.9802135939554264,0.6575105521794382,0.6817565289229697,0.6762893583789862,0.9621766281866214,0.9367921152283814,0.5837190163510173,0.7238216924592684,0.6499384255542283,0.9801754790605374,0.9901190518609349,0.9809763001122785,0.9917184948053648,0.5216781191238807,0.8832132013886597,0.8327025140543247,0.6021094084321811,0.9774676195185894,0.9349760587023764,0.7761632472246192,0.4887337024016482,0.9884581218867752,0.9885533177815623,0.9897171638889609,0.6859272059603192,0.9708842710203278,0.9720973839988738,0.9716447681917139,0.694212987148934,0.9887539615811003,0.9753947009636945,0.9840466925060857,0.9895992592721977,0.676051371377723,0.7575929667613627,0.9666194801555632,0.08774717493039194,0.9735401235598978,0.9885642087741977,0.9854237197469585,0.12474920593338015,0.7199193731459171,0.9889979264394099,0.6812665673402557
UCSF-PDGM-0348,0.5493880022898907,0.9935752899303829,0.33941833404452704,0.6165273206429819,0.6291946154832893,0.5886147185974073,0.7860408355200308,0.9089711825148009,0.9527555921674082,0.6153013207167879,0.9597139720651537,0.9971672999656055,0.40769084678081047,0.9684993666535167,0.5928640922355685,-0.2072432846068216,0.5382484832808321,0.8699111951138719,0.6233984988414074,0.6183082962211897,0.5669028086722866,0.9892391044587964,0.8634766795973317,0.6213922713421761,0.9512977026111687,0.515403621444244,0.9791465185826158,0.6378451487747665,0.7346657810025599,0.8231653907236454,0.9720652699381672,0.22818643997780888,0.6251346094263117,0.946261267753604,0.9664984238229233,0.9609919040397921,0.5728847957644106,-0.18279787118546162,0.6067919332332399,0.9922188749604145,0.6071390143065749,0.9561090165648373,0.5495752977517375,0.9893945585466245,0.6283163672227255,0.920853846757266,0.5988852080038046,0.9011682790511507,0.5168213690744893,0.4209064293341449,0.9629234733344733,0.9560744780324586,0.9657707690999305,0.9262009510435655,0.4590310696122968,0.5583229084029809,0.9636927623724687,0.3706992728868227,0.9555575940145716,0.5453968695758165,0.9733963533082872,0.2100388123951282,0.9477944274667707,0.5290949113305281,0.9637109404658332,0.9787821767222217,0.9576002879929112,0.9696436307247248,0.47644169350183013,0.8571094696735053,0.5831684279417275,0.3134164717707382,0.9555975958154339,0.6323862712573356,0.985141545161196,0.3413269932128463,0.8601091706664095,0.9216365568028195,0.589845703029905,0.5661202609239973,0.4175152363565753,0.2939727580399847,0.9573899561271954,0.9582699143305096,0.9590619993847309,0.9563000704023851,0.957766091559344,0.9554919507811841,0.9585681228129685,0.9586616973468678,0.955050149952973,0.6316990360016114,0.9643262922487551,0.9586125878927415,0.9265789899111846,0.9582680491573214,0.6343973181760191,0.6397443294766246,0.6174580417416807,0.958663393334708,0.9586207732066916,0.6337492613778948,0.9608426866137254,0.9562976583048439,0.962334523747898,0.6374294107944208,0.9487629804637423,0.9554744659991505,0.9608812015391647,0.960903126966355,0.9528209099617188,0.6368200854562635,0.6384807372666331,0.9596932162006766,0.6394834955044668,0.9555198706638192,0.4179753973073799,0.959851433230675,0.6312077226973364,0.8687594258907306,0.6214839807389122,0.9243396418388319,0.9580755591016381,0.9418406164989888,0.9067739306638504,0.6256027258217145,0.9586590656857316,0.958657136299974,0.6211836874771874,0.9662505524956826,0.28763971255029214,0.9534020669344143,0.8260782874439929,0.9289856473391074,0.6119771500448912,0.9748102325388893,0.41490533773408383,0.9721745685191269,0.5711129095380447,0.9832402093322591,0.5263651666639896,0.9780934489435322,0.09922913755969133,0.9633006283643927,1.0,0.9097912281177735,0.6347229133129176,0.9616782316813292,0.902448545566863,0.5849556425183513,0.6357521156164178,0.591228322814614,0.715036877989205,0.41747537334664647,0.9200091261216503,0.9594488014040959,0.5570555513178185,0.9691899959829179,0.9762058008440736,0.604465152921803,0.6304922265803639,0.6199008181847948,0.9901256866966284,0.9177350262508239,0.7047804030781817,0.7946374834576043,0.6054572704201686,0.9659931344213541,0.9575452973149365,0.9239398921978156,0.955067787891764,0.43898046395451196,0.9160972895292251,0.8640856506538358,0.5144716609366664,0.987423500654076,0.956724091402878,0.8511340515341108,0.45561407335411946,0.9857385837595785,0.9835556594871653,0.9362512631312956,0.6381650748090473,0.9585578073783392,0.9554306726868552,0.8869844701925131,0.5956749855176352,0.931234529055812,0.9578337607228654,0.919501786364821,0.9379539228609296,0.6062102513381755,0.7431271042013385,0.9586394157730181,0.11581719790857557,0.9582289535965631,0.9284244895873287,0.9186381083902592,0.1915341962195037,0.7558812815782873,0.9763075454000051,0.6231607930577384
UCSF-PDGM-0350,0.4763675848700692,0.9170283874620128,0.16419088675456173,0.4359094641808977,0.4215341337665573,0.4989713088364161,0.8881247051697599,0.8114062519637653,0.8516953409903828,0.41638385833499225,0.8373177618739295,0.908277753137559,0.4386229743273506,0.8440088093245985,0.40410995808227546,-0.1368805504129445,0.32220916685005163,0.9637053050115046,0.4319241258348893,0.4546247453163052,0.5381946286776677,0.8438148653624058,0.8018298378878777,0.41462718667217385,0.9529335003483992,0.31435350063833534,0.8588467969603024,0.4158021384974249,0.6731680655424028,0.775327804723477,0.7931378666359264,0.14273737260432934,0.5040453165972553,0.877092926130447,0.8035785809991245,0.9753486458835644,0.4011542482688932,-0.17765305348145127,0.4085127499862204,0.9510289325579117,0.4006462022763572,0.8661827432899546,0.4522652934116583,0.918575006138209,0.428445401409551,0.8873796466238711,0.42685195096375855,0.7859983539989923,0.3867850457689326,0.2897073587947591,0.8569611714209484,0.7818179911828758,0.8084170239856101,0.8550460901227488,0.29081965428878226,0.34311417276289446,0.8128446359727713,0.42055911309899563,0.8427297534628202,0.3688785623828885,0.8345640798687493,0.24332685526852743,0.8498940501210898,0.34751580023381873,0.8151463891764086,0.8438549565068657,0.8674740738127588,0.930911648718427,0.33340780568909617,0.6773640803823436,0.3729249509341794,0.27522132370228614,0.8769924953399828,0.414004058286048,0.939034701790424,0.13023522843518404,0.8793415750158605,0.8425328072373076,0.4013948784065446,0.3307991861534167,0.1960037525677805,0.3319982784552228,0.7632503415343964,0.7623058350794564,0.7764632584164657,0.7637252037449699,0.7629548328504369,0.7510437920091649,0.7614998016739781,0.760382360591761,0.764996118664402,0.41627363870176026,0.7759512944417726,0.7632265299887993,0.7535368133616785,0.7765605955507322,0.42197166605458625,0.41729390026796603,0.43622476283752737,0.7658167681027054,0.7598367594790018,0.41674708350410933,0.775720813687033,0.7765118947891174,0.7682211095571898,0.42210762341618907,0.765844188137592,0.7638836838490565,0.7756896161675852,0.7756713504227868,0.7638431434856863,0.4172460136665825,0.45928053063579755,0.7763091815571491,0.4536163446875845,0.7503090513936455,0.20240714666355875,0.7762563654166502,0.41997841299389677,0.8377974372121932,0.4087839924577097,0.7911445732966447,0.762608545534594,0.7633673702576962,0.8529262711504191,0.4022847859753765,0.7607945980168247,0.7608328407819104,0.4137111198959403,0.7866443765598465,0.2829394195545702,0.7535285011949673,0.7530812056683799,0.8458120551028437,0.4041304247628557,0.8960359677285957,0.3654627162073216,0.8682027660605528,0.41888004223202513,0.905042486230078,0.27839843696566263,0.8930041727760691,-0.07128296458416648,0.8221380292957725,0.9097912281177735,1.0,0.4169375370628359,0.7745970156586094,0.8843016608097101,0.45803993722220493,0.4125389255351883,0.383083561963279,0.7104889077244274,0.3117865908419904,0.8870527930314991,0.7741462265491217,0.36053353198000565,0.7863188775040276,0.8021250764257095,0.39027742032759005,0.41383511762009606,0.4267449293240375,0.886800238529899,0.8057108628942918,0.8257798963535486,0.8435304026301303,0.43159746026837426,0.7775578704571099,0.7802369647149943,0.7949942033210526,0.773278716837043,0.24423225081620428,0.9189835093288102,0.843718203698635,0.2862112997292298,0.8381553362724377,0.8716602915393183,0.925673968206694,0.3368739769459125,0.8372823565467801,0.8302524565854356,0.777850369488503,0.41734261033314596,0.7615447612107515,0.7514067187289011,0.7334918695242729,0.4021348405009037,0.7585462554471056,0.7628891486730809,0.7498156820632411,0.7617059855963325,0.3883945060912283,0.6353945295151197,0.7600181035989914,0.01706683218083402,0.7623776718975759,0.745890476832332,0.7519807405528254,0.17282759332003655,0.749180778787347,0.8107146272177512,0.3947256733463933
UCSF-PDGM-0351,0.5557811694383136,0.6417445048216222,0.4479161768124649,0.7029865910520633,0.7286771714432521,0.6058466018874328,0.249955228697957,0.5889632926863698,0.6355735602414582,0.984670452074417,0.6332861450997441,0.6331605523959654,0.710045725199347,0.6621486475062784,0.9796935401935063,0.23551504802600717,0.662504698964713,0.3776420637636933,0.7141461752778361,0.6968532324999362,0.2874585555929679,0.679561636582867,0.47001185464189055,0.7283444430322671,0.5504841954701233,0.6287632491692965,0.6218563838053788,0.9982757225131506,0.41764528216381713,0.4447333302502878,0.7116338072594487,0.2535267636247828,0.6580783064628458,0.5736986982759805,0.7096983326405915,0.5054794725366459,0.9658314492368681,-0.18514274113631646,0.9851452889753796,0.5821244924636284,0.7033855215549247,0.6149449106663293,0.5962829488429549,0.6075849597357167,0.9969493800728968,0.504178446728953,0.6824577411040409,0.606284555465952,0.8964280242455278,0.4816426831051686,0.5867313493424559,0.7257402420694926,0.6981906377683805,0.6121026400881343,0.5491360138943191,0.9687642605348632,0.6945779274547782,0.32589467207192535,0.6730033413209797,0.650171615579402,0.6870078813974442,0.5589534884461909,0.6205272409249795,0.6233890874936936,0.7088499729898854,0.6588122506464652,0.60748806750984,0.5647383316206411,0.8836185282264667,0.564389963656109,0.9735016139109933,0.6565241072533512,0.6003441478202514,0.9998465118258816,0.6128876645999144,0.8449410084644635,0.4175367735356477,0.6253668945141897,0.9675408088622433,0.9620400839528546,0.5515355737655506,0.21903054752338716,0.7219027650118436,0.7220364081298519,0.7315049352961204,0.7215135207507852,0.7219947267895275,0.7260067186278776,0.7219252657836513,0.7216120933561198,0.7195608767288844,0.73507506021696,0.7180746622213348,0.7210496071362194,0.7034505486781533,0.7311455095206898,0.9990762054898823,0.7363824025569251,0.981093371599898,0.7365880678222672,0.7214161029069834,0.9999568179149758,0.7321367507381431,0.7301569679410091,0.7194903428842353,0.9977857906253358,0.7317898450132685,0.7211538828252907,0.7321453816493189,0.7321501267274143,0.7198209577280303,0.9997552783729846,0.9845903631914051,0.7317651857135326,0.98559110945914,0.7257673499021455,0.8793159934538282,0.7318256973053396,0.731738723053108,0.46441928410513084,0.7178823875189969,0.6870762809571831,0.7220371818749313,0.7275515638237888,0.589208658203787,0.718384109223287,0.7217434880161492,0.7217548390984729,0.9952413543167947,0.7288709223989314,0.555321079222876,0.7258401467068325,0.4108307902204119,0.6086097804455555,0.7217511481615105,0.5895305126152327,0.42022654792175396,0.6216182914055185,0.6233094565265267,0.6102356370104673,0.9530634968473677,0.6254361656939458,0.22426755487588076,0.6901452507779701,0.6347229133129176,0.4169375370628359,1.0,0.7321753322309974,0.5044793665246838,0.6337545806021212,0.9979276291220476,0.6950043670904855,0.2548243960886751,0.44101391364313924,0.5348625130001083,0.73365931636458,0.9394761211454811,0.7144776867507584,0.7080256818751571,0.9837753965325952,0.9986635460551033,0.7163117086058468,0.6441061723959611,0.5639004919150644,0.13315741827073474,0.2973628950983887,0.6923274418915911,0.7186906556772501,0.7291556689190891,0.6794418963754277,0.7132895001850221,0.5738271456692546,0.4919005143754594,0.43583483638298576,0.6513683628087384,0.6813113692992406,0.6426522272885388,0.38441925417671147,0.8192665188081881,0.6895484888030137,0.6928220090906471,0.6657845648340778,0.9992622761684806,0.7219346078588518,0.7261017276525144,0.6903384693479659,0.9744861092681548,0.7206946800715248,0.7220072408876056,0.6987324864071699,0.7250760853689352,0.9954899141102518,0.39936812482375644,0.7214837523063289,-0.1321085179227895,0.7220391593648372,0.7109923417822492,0.7122538650593769,0.4754105981950706,0.2928571425679628,0.7042876233096292,0.725900907261186
UCSF-PDGM-0352,0.5622462241898203,0.959073785405469,0.4518076271910734,0.6997426534220044,0.723323579207406,0.6085235152420483,0.6154788384929248,0.8901188262809,0.9311975022786382,0.6854003328860624,0.9404596466534558,0.9534513339565946,0.3465365928268367,0.9573324767232981,0.6675888917701226,-0.2536589171544815,0.657058224722168,0.7423707680786457,0.7123992966245302,0.690825126689932,0.5403023734228047,0.9807947795825911,0.7963519303597808,0.7200602403834707,0.8612464319322318,0.6243377895355504,0.9455234444075763,0.7323247994893182,0.6998325112812646,0.7693485126960857,0.9956427158504241,0.2515376406356317,0.6578616216111455,0.8947050619399134,0.9875689711521287,0.8539235023518981,0.6382163125107424,-0.18811150281917832,0.7045283657481736,0.9267463637660804,0.6967344468882273,0.9260031665972973,0.5923695912687821,0.9348550033015384,0.712929440128168,0.8301654271591433,0.6698694162306013,0.8968048142543175,0.5432308640033936,0.4830986324578199,0.9172398268908823,0.9936456813610155,0.9841201215898702,0.8978824703713832,0.5461975977864758,0.6574150528643042,0.9769890800422207,0.33235282243014097,0.9515481723465958,0.6465880194035031,0.9775395934593607,0.1538147468978409,0.929828771709599,0.6265428412087863,0.9845678865570555,0.9625321986164248,0.9171318859703972,0.9151529141836195,0.528980845293904,0.8800132424337772,0.6631594285247631,0.28161251603473886,0.9262578745813757,0.7288755184685266,0.9350013674838173,0.44546370628595644,0.7337255405874301,0.9032060914498271,0.6505459267554379,0.657495758417545,0.5450600208863994,0.22129413907138562,0.9961144872439277,0.9964947251843806,0.9985419858156775,0.9954175226883019,0.9963122128213237,0.9950132526514872,0.9964655454042632,0.996175235173864,0.9941122431995125,0.7298432672257834,0.9965395816882442,0.9964611729746958,0.9688865894919246,0.9979505056743176,0.7304295921174794,0.7353956839384895,0.6782910823091162,0.9990850350006678,0.995965828297302,0.7314448166078539,0.9997020403943959,0.9963903720143397,0.9963678669308385,0.7323358037943104,0.9913700771120464,0.9948241171606272,0.9997223215239972,0.9997337062450105,0.9927380278718834,0.7336598597772264,0.706596314771576,0.9989878659659537,0.7092226328783905,0.9947880030828954,0.5211889164749268,0.9990951171985183,0.7274637904646505,0.8260304889485048,0.7157988673849649,0.9463626616983558,0.9964413447942935,0.9851571563426769,0.8712040299090063,0.718561576174689,0.996307245235118,0.9963181751646909,0.7199356083576636,0.9996495896879486,0.2070398813795984,0.9942241621609788,0.7560512662965906,0.9013955460008787,0.7113599032864846,0.9230603806672916,0.4197997698173437,0.9323602146600776,0.6299116292057808,0.9250923085326932,0.628630074510187,0.926291501465216,0.21172492034353385,0.9723229966444921,0.9616782316813292,0.7745970156586094,0.7321753322309974,1.0,0.8167254688676051,0.6259011389115777,0.729706111175193,0.688454143687432,0.6171604574652543,0.43688349637669427,0.8766822807459707,0.9974248609978525,0.6104413569738195,0.9960240989705037,0.9944192386089419,0.6854819417148668,0.7222284859913222,0.7119849503958341,0.9509843083924411,0.8865162230292503,0.5356206262401227,0.6466471556207378,0.6906502989092106,0.9939595347722557,0.9933205147125257,0.9501978922024155,0.986750622565271,0.5670038818322333,0.8532921415977055,0.8119321498090095,0.6411029373330337,0.9827175958580452,0.9526564023646553,0.7282273688624874,0.45707871559286734,0.9862393217365784,0.9882082742925831,0.951423232202896,0.7345234335218787,0.9964721087160588,0.9950876093980797,0.9325618761842807,0.6966148810732463,0.9753014510047952,0.9963437131289682,0.9621478511819732,0.9815800007853228,0.7124870412598605,0.7127337756462196,0.9960393673555257,0.1610814109666499,0.9964860899002622,0.9722450268886501,0.9633208361511215,0.1730478785758355,0.6311902722765141,0.9920721434402465,0.7216914994943314
UCSF-PDGM-0355,0.427988430387218,0.8827018392804393,0.15558933369439198,0.488807808854954,0.5110798736832735,0.5155096777282562,0.9002295314841986,0.9414073493350319,0.9527187079230282,0.5009320647002452,0.9388621078319292,0.9190340170369675,0.39023323167895224,0.9325834907475388,0.5355674214872036,-0.07228323111613943,0.4004604844388087,0.8989595651165292,0.4841045900113276,0.5178702895881119,0.7328126435465953,0.8908253671876937,0.9301008812425541,0.5092692474414128,0.951040028460926,0.3753807696052263,0.9176401034936686,0.4986431842205749,0.838931292600327,0.90404671592443,0.8424334744134551,0.22567924140700482,0.5357958680247425,0.9802389157933029,0.8745828398462986,0.9274740925550806,0.528428301449661,-0.042685644266241406,0.5142331090232527,0.900041005836101,0.4885277743971349,0.9644509278279164,0.493972594375405,0.9514565611245162,0.5222210675632479,0.9719680839756184,0.5271770117822623,0.913712573934752,0.5410789873127037,0.2818519471120119,0.9466979288826202,0.8357923344931016,0.8735402821035442,0.9636108780529625,0.3193082103417281,0.4712302252391199,0.8984588368221091,0.3817819269457185,0.9260161876758211,0.40714880397460523,0.8919860830079777,0.25932770225182616,0.9299296318330519,0.3631762125724763,0.8723518125134271,0.9324830873499094,0.9774629882660298,0.929838169783889,0.453747236310409,0.8125087930674593,0.48951065800152693,0.43104273839904783,0.9222257289569117,0.5038708524080642,0.923731724825407,0.2249890414269677,0.959514702290165,0.9448044693663127,0.5091166918072609,0.4517876266547291,0.27405000709664723,0.3281477046831754,0.8144323684585474,0.8110948435013544,0.8241688623348958,0.8168409195539467,0.8132743926975758,0.8144467902370415,0.808757471598347,0.8058779585131027,0.8201803232655495,0.5066966446231351,0.8254840241399427,0.8120686102957706,0.8250846360103646,0.8252868775534173,0.49153183386743554,0.4981904575048176,0.5104954930567301,0.8261525537031373,0.8045697373788374,0.5052747629420666,0.8203864382342678,0.8273554650308643,0.813675444688999,0.48761857949584303,0.8374518374725411,0.8181658876735418,0.8202678028187704,0.8201990365541563,0.82105934942765,0.5024106359297099,0.5180336466134814,0.8230934592003255,0.5304131854539498,0.8125388504174804,0.3557253115964316,0.8227893740464874,0.5021529417602726,0.8079137466753606,0.480092704335138,0.8760771555689341,0.8120655880179939,0.8391152725650635,0.9627908967447935,0.4733101457131187,0.8069042638644894,0.8070013744905582,0.5103485139335242,0.8295603589953564,0.41252578309486204,0.8232022529971662,0.8837888225836433,0.9576113759550843,0.5076419055054148,0.9498297793895728,0.3548540871696977,0.9624328186498933,0.410460180501672,0.9441225044575332,0.3952572828199277,0.9307824995292143,-0.010457943666171187,0.8962519480986161,0.902448545566863,0.8843016608097101,0.5044793665246838,0.8167254688676051,1.0,0.5385077612024068,0.498041319922427,0.4627378365640707,0.8380538750504962,0.4001561016994519,0.8833618849419832,0.8380038945879864,0.48096940784691106,0.8351153964376058,0.8490464754660858,0.4983480014577488,0.501238647578918,0.4906055494746334,0.9174902429244198,0.9515484410814365,0.759834768860248,0.9247744345928806,0.4650916008382398,0.840194958243355,0.8491878492155103,0.8527215422058209,0.8539183842272711,0.2931418861015657,0.8518749493057196,0.7578862540806452,0.4003492981432592,0.8935121309884216,0.7974018107812466,0.9250981618065294,0.49286866410688385,0.8896742955304956,0.8849962511031508,0.8749914841138015,0.5007301470473784,0.8088807181707753,0.8154440336160893,0.8266892636241113,0.5113446957916978,0.8390994601754068,0.8130349851959562,0.8238327729893683,0.8393727409160813,0.4829380751967183,0.838513996205728,0.8049988699912298,-0.10307239497029756,0.8113193882415501,0.8325338329071675,0.8369824948689057,0.04052454393045276,0.89295173028593,0.863290920434209,0.4885161419300983
UCSF-PDGM-0356,0.9337448761981256,0.5885224693777084,0.7583940834295814,0.9704300409004081,0.9662390917302106,0.9737722848162275,0.3514123081421298,0.5647584484582786,0.6091469295484228,0.6078272931042749,0.5964303745627706,0.5912023067893227,0.38728348589532857,0.6168639202233083,0.6138688942086256,-0.17856548225434032,0.9139149569711357,0.4374351715925038,0.9596522756727807,0.9828805389004722,0.31177519451550334,0.608200555495804,0.48927644336780163,0.9624050434006536,0.5640695130008359,0.9137883289345398,0.5755863873809361,0.628165304394544,0.44692690980396327,0.4692664467432889,0.6180853210063153,0.8244561968739232,0.9801221148111539,0.5740232363251443,0.630769088712038,0.5179833560626098,0.6001735767914312,0.3480014301855936,0.632230796026655,0.5519732238900914,0.9685490901260115,0.5943228620749903,0.9666993077002046,0.5849423942805024,0.633708909264005,0.520059560297743,0.9828662025626242,0.5794652846657644,0.5440972613043529,0.8939976154797947,0.5636667070545928,0.630919662767219,0.6232299713626253,0.6024529261429878,0.9228776022488853,0.5857117005982126,0.6278649781755918,0.8014548951722991,0.6279130612137613,0.9250740811515709,0.6232569745118968,0.2248086439437149,0.5916565069353603,0.8961327608974826,0.6324963791315249,0.6085599579396561,0.5910192196498407,0.5501824622705062,0.5209134252662705,0.48784681623702014,0.5895089013442703,0.3507483748355271,0.576281634816942,0.6315450657082344,0.5860192215430947,0.33776514686032566,0.4790676607838669,0.6077637828634761,0.5938395437806477,0.5680608258036126,0.8506603816524171,0.7876487328303545,0.6177272854719387,0.6161204739979756,0.6294000058902672,0.6187992953737258,0.6171834260606435,0.6188526517299899,0.6149339501854766,0.6134195125821648,0.6187354030402495,0.9600771793982231,0.6175219287598194,0.6153131602760309,0.6174653317678266,0.6298478387126973,0.628219330374656,0.95110511541266,0.6052628973989519,0.6317206642167918,0.6127154116050749,0.6342124932367307,0.627709467780044,0.6305792695404654,0.6140910934785561,0.6254514619879656,0.6358949192062329,0.6193455055335954,0.6276530846947472,0.6276203251795374,0.6203745799062432,0.6324442945062704,0.6271068524885024,0.6289435705012655,0.6323819977169564,0.6178398735968023,0.4562319430656805,0.6288105793664183,0.9606499692522382,0.45087408804982376,0.9580159408726364,0.6277473505699412,0.6165996826549155,0.6354489085747466,0.5907420059587928,0.9507034820042932,0.6139651962522595,0.6140165062336391,0.6350087756658883,0.6279063708031891,0.29351342681006976,0.623122006168797,0.42783013187986874,0.5959817346513205,0.9622623942255292,0.5667626836249194,0.9081264494389265,0.5904730448897203,0.9144762355989728,0.5841336535258169,0.509837086995467,0.5954847535273213,0.6407587707492897,0.6284886952767865,0.5849556425183513,0.45803993722220493,0.6337545806021212,0.6259011389115777,0.5385077612024068,1.0,0.6257542127754026,0.9587979547104768,0.31174681071526633,0.9110713341048644,0.5164103987822648,0.6347568917656001,0.5492270581380384,0.6173536149298468,0.6162004119916492,0.6028442239657256,0.6271744811310661,0.9622868936972132,0.5985502089694714,0.5483562586646138,0.22175157460623549,0.38131716277224337,0.9542821480949569,0.6231583216601805,0.6368558009588667,0.6141228799297254,0.6242293267108248,0.857173939912111,0.4825365083228292,0.40775280327940777,0.8961335046700581,0.6083548934980516,0.5704968586136175,0.44220155738944333,0.4736579080320508,0.6178509906481969,0.6187355510431696,0.6023782929884214,0.6312815958215915,0.6149975551946486,0.6193730100612981,0.618099978921769,0.6293055101374526,0.6333821300731957,0.617069041646917,0.6154367673627997,0.6348335403969407,0.6128512780138807,0.39645429494977835,0.6129473806509051,-0.27646978699878105,0.6162320898568412,0.6232858427842047,0.6297956051193584,0.13621331374178033,0.36218200101711545,0.6193850261246281,0.9555606094770206
UCSF-PDGM-0357,0.5558013339256289,0.6400198887367742,0.44454286132917026,0.6952088479855906,0.721923651531928,0.6031181417406579,0.2521169776504769,0.5813130508962283,0.6240515677663894,0.9889157890100291,0.6270819612095965,0.6348196863709468,0.7145529600038422,0.6542917413060972,0.976643911523572,0.2399981724814523,0.6530244791628927,0.3638907816634838,0.707897084815892,0.6869488067762354,0.27120001087463474,0.6824100101598113,0.46404447937256477,0.7182740266846293,0.5456337621400836,0.6207589813769727,0.6250658245178581,0.9997993193763697,0.3964590585524518,0.4287514894182014,0.7108473786303852,0.2560525156779226,0.6554177315584228,0.5661369414934444,0.7022941315873996,0.5078485127356568,0.9613753874697456,-0.18236662534181347,0.9739823553177911,0.582636078693504,0.6977742412341534,0.6050952625793538,0.5846268720995831,0.6069690739289245,0.9938535034280082,0.5102386587384896,0.6714193541854729,0.5894236578071598,0.8982780742249242,0.47970527911027905,0.5889375288582377,0.7171220835082821,0.6899640722661714,0.5954827349750317,0.5426590212856419,0.9618236855650671,0.6854690408012178,0.3191140687418951,0.6595086337099183,0.6380549014267877,0.6788371119167738,0.5670827341330722,0.6066197577298373,0.6192941147240861,0.698124172259921,0.6580062787253314,0.6025164380763544,0.5560780074240282,0.8753976039497732,0.5560761210972341,0.9751906132562969,0.664176296227058,0.5871220858034332,0.9982414516663782,0.6055178044435504,0.8478138919759631,0.4183587319238306,0.6065457443889629,0.9708567578340236,0.9669400965327528,0.5441662510687572,0.22534277906895367,0.7195095534539826,0.720928715739943,0.7259917983344926,0.7180717989079578,0.7200663456314128,0.726513835383213,0.721633390519059,0.7222525408078144,0.7148956033343855,0.7288089786938245,0.7167376388319444,0.7198735571600476,0.6895172333826685,0.7250687130492603,0.9974685243537963,0.7350850291397182,0.985730427106115,0.7336903234088886,0.7224579634725492,0.997364535729579,0.7282902000026572,0.722904156264714,0.7201168364307358,0.9982954950942041,0.7227270230089583,0.7170753291359189,0.7283465007376237,0.7283787712632361,0.7141257809787155,0.9989212603057713,0.9858093991465696,0.7267590552507841,0.9867362216904239,0.7268768088833486,0.8725265864959232,0.7269575490177226,0.7257698517761825,0.44820923235275495,0.7146897441192799,0.6683350457860433,0.7205719434064145,0.7161264827208599,0.5701723101026487,0.7192109240258364,0.7220597993369059,0.722040033859047,0.9877962084449681,0.7256524267180257,0.5751414760271388,0.7230607028852483,0.41252476573511954,0.5935122064061369,0.7106323507067207,0.591612367449043,0.41532197396134796,0.6226317240609692,0.626374939442209,0.6137769169442029,0.962218061310855,0.6280642984677952,0.2159574995926757,0.6796342549743076,0.6357521156164178,0.4125389255351883,0.9979276291220476,0.729706111175193,0.498041319922427,0.6257542127754026,1.0,0.6878231256374094,0.2535738134297978,0.44233990041740817,0.5240390172390005,0.7284621561777112,0.9504721012793942,0.7136232162414594,0.7081714776559765,0.9869880586470816,0.9987454657782243,0.7078362045347636,0.6471993794633889,0.5601895633291711,0.14107333134698163,0.30502692795419034,0.683848466486655,0.7182098065629318,0.7213847632545969,0.6597993422346389,0.7069485169144479,0.558301214561576,0.47933400131070014,0.4275324287524236,0.6403386941938515,0.6833251213519003,0.6331240040655004,0.37912296499306475,0.8289607759444114,0.6879347063344253,0.6909207907923298,0.6557381277420864,0.9993403711495618,0.7216011521181567,0.7262815791054308,0.6681932611894258,0.9599075483725514,0.7064513647533485,0.7201722805432508,0.6833140605026645,0.712535997875724,0.9897707596814161,0.4006578578134061,0.7223953242311182,-0.12172312747492174,0.7208498235989182,0.6986514940169334,0.695318891828137,0.49344677756810623,0.30293823175818546,0.7015880349517438,0.723268651401349
UCSF-PDGM-0359,0.9104240515244433,0.593847066721553,0.8428307924476659,0.9928578522465851,0.9907365590001375,0.9181294398085741,0.2171834015513645,0.5440461789331323,0.6049635638748659,0.6519183080564758,0.6033895004509722,0.5853150631614689,0.29379131698721356,0.628590813844824,0.6417660892101891,-0.24765803961513225,0.9677824402978854,0.3612945273690467,0.9914039965568642,0.9853653620370859,0.25710057592593616,0.6316536953889601,0.45978251181096647,0.993359556138753,0.496868427779746,0.968293261880553,0.5830554100432971,0.6887352216102994,0.43782224036510947,0.45045821219456195,0.6711977081006122,0.7583976243010372,0.9416129570780462,0.5354031624738449,0.6745496168747162,0.45463354548721635,0.6201585094487974,0.23213670065464667,0.6910017521158821,0.5419291878739473,0.997755776580409,0.5819497164612869,0.9322230397038165,0.559103416673015,0.6806086788323688,0.4444489422578553,0.9815852499199831,0.5951651647721365,0.5191295211856534,0.9108922443915574,0.5510849457413143,0.6911482602562627,0.6672586054707141,0.5792149014089228,0.9628113232693686,0.6579337530991448,0.6608131379781785,0.6836653477633884,0.6398385919414061,0.9691064290661249,0.6546886724522963,0.15544420115301077,0.5998352011101247,0.9467962039260731,0.6750275908143323,0.6161834779446599,0.5657872300457031,0.5336684815893098,0.5555354767422888,0.5628383356202157,0.6482085293313857,0.26300065795260336,0.5829196971410759,0.6932892806666405,0.5701341812004188,0.45677179510057075,0.37707480689074285,0.5984805712501958,0.6288260559359801,0.6470307155762651,0.9234147544257667,0.6516857423775606,0.6858795911960917,0.6841304135494348,0.6922126645851238,0.687041374899837,0.6852883559108336,0.6850136387692517,0.6828351200751315,0.6811788794343039,0.686680456652386,0.9911261350624909,0.6800128868235955,0.6830817464475725,0.6852738032807248,0.6926885601762166,0.6909500097833599,0.9820870839835119,0.6332313836828822,0.6928291944710265,0.680407976063604,0.6954907320143163,0.6904024894033249,0.6934582367724581,0.678847518959713,0.6879685167779557,0.6972200729551377,0.687630526966815,0.6903418810250879,0.6903066614482267,0.6887291309974827,0.6936050659749718,0.6502275517680045,0.6917256224987357,0.6544453420637506,0.6839095442680179,0.5499300972028436,0.6915834240293274,0.9918949734007084,0.4778580377221336,0.9934542202054903,0.6651751228642118,0.6846527860591599,0.6966589161975157,0.5611639887245898,0.9866449490422448,0.6817759796958771,0.6818321068963165,0.695630867428163,0.6855215609988945,0.1837087758554119,0.6896469225004087,0.4004235013197455,0.5842864158643833,0.9941918985084557,0.5361490259520294,0.8616481122553112,0.5744159907253805,0.9482258955633774,0.5575181449645964,0.6028168322634129,0.5703857099561346,0.7226405646318192,0.6584889905066451,0.591228322814614,0.383083561963279,0.6950043670904855,0.688454143687432,0.4627378365640707,0.9587979547104768,0.6878231256374094,1.0,0.2531611940229635,0.8575228759873025,0.49985761729366784,0.6925555849741007,0.5846103569590066,0.6759756491835488,0.6677801529748848,0.6630306145884913,0.6861131481091944,0.9938971747124785,0.5937654810078783,0.5302270321571244,0.11547763805722154,0.2543114714079627,0.9867934504249881,0.6768333197193404,0.6914311743309559,0.6607854840124027,0.6834135281044736,0.9272882020947453,0.47751884773235426,0.4419621468510865,0.95257187388013,0.6369158440804907,0.6116470984996738,0.33351762478034885,0.4474479377083745,0.64819371793223,0.6514324239815813,0.6483718931946468,0.6923576857581671,0.6829046145439822,0.685580414737838,0.6773028727399314,0.6897436357229395,0.694306096507616,0.6851638889211621,0.6829806923517678,0.6959499792247016,0.679163372642025,0.3745205451154387,0.6806620068870406,-0.11214405941053114,0.6842521276260047,0.6895594416762643,0.6902901624470961,0.17806311228888488,0.2685361862975691,0.6680639946764144,0.9911107297490391
UCSF-PDGM-0360,0.19435767928535813,0.6671358414721529,-0.08197670900427312,0.24611206562714802,0.2617565972262319,0.2530042441651253,0.8867161601747539,0.8031037454398882,0.7767325855731688,0.28143037095384676,0.8019014978494269,0.721997227848929,0.16958464285076363,0.7547074229985161,0.33387296500119956,-0.023739638216479304,0.11778253607877741,0.7749478866508026,0.2372235603391972,0.2584515463125524,0.6696474181040974,0.7020521637449296,0.9077209311482265,0.2630404681006343,0.711022913493273,0.11257569272358384,0.7867840666690127,0.2508198127482376,0.8647762502958211,0.9108848341610648,0.6658303612515369,0.2312263605463021,0.24907884825935125,0.8454450873770026,0.6857808301669552,0.7395284953157937,0.3475978491224286,0.1872477150645461,0.2743955530275323,0.7157821472219985,0.2749565810004008,0.8067271555750304,0.2659394597201185,0.7676730341650817,0.27365126686633523,0.8157808293192171,0.2974360389551035,0.8081304783741686,0.4047380182817087,0.028211035382369933,0.8323728663275871,0.6401801834058942,0.7012363837068352,0.7693983862367065,0.1472737596220136,0.28505154391438575,0.7176640057404418,0.22087956143111534,0.7140070070112725,0.1327107333820875,0.7079167436337191,0.3558919616475852,0.7943233528995608,0.0837802990986861,0.6695788372817177,0.7622070484171657,0.809949226697738,0.7876501374899225,0.35469571376487513,0.7435771717250902,0.3160598226008811,0.4595162766211873,0.7904810968368172,0.25830090093964686,0.7054755084866637,0.12131890372476482,0.823991229750335,0.7458947867906955,0.3153386883739078,0.30041001614833956,0.023936038675125625,0.3402153849932674,0.6445141724481018,0.6405105465171007,0.6260818686626274,0.6475324369426241,0.6431049988176121,0.6402185218291012,0.6377968967276706,0.6345314916866462,0.6505563223543183,0.2578523091968059,0.6519150785669454,0.6406100842082001,0.665235069652748,0.6275380445794072,0.24359950074429082,0.24740303849980388,0.2856142274824985,0.624194418717485,0.6330716182149634,0.2558741301393996,0.6214176644340154,0.6303775546552612,0.640218702403464,0.23900905232779937,0.639417786947801,0.649256930966373,0.6212763940611965,0.6211946233172405,0.6532641428805064,0.25223698160554275,0.25380940066288277,0.6247195686522625,0.26443563818423105,0.6380736019107744,0.2547200895913953,0.6243402308102642,0.25321534849230115,0.7955146210268533,0.2429058711918871,0.6755457024790702,0.6416575628402218,0.6432467537046682,0.7682133164280217,0.2503719316265864,0.6356866217912411,0.6357963986420894,0.2641061436688997,0.626937521481326,0.4144667491115137,0.6506199231929027,0.9534478927074823,0.788905079081636,0.27264329771556683,0.7964757255301648,0.29921618335718936,0.7834519427276386,0.19896371772186636,0.7394730019559417,0.18576078608502852,0.7080854780128115,-0.07977373289667626,0.709267215995924,0.715036877989205,0.7104889077244274,0.2548243960886751,0.6171604574652543,0.8380538750504962,0.31174681071526633,0.2535738134297978,0.2531611940229635,1.0,0.38848902059875173,0.7419860918011678,0.6348295009574102,0.3135601711532075,0.6581487053049684,0.6673268490368945,0.2910422724745423,0.2621363451352737,0.2446099386220673,0.7085980466974068,0.8904717906136096,0.852466771678956,0.8883351207075034,0.22290712818191843,0.6588825866926116,0.6464190132732105,0.6699765960369453,0.6801339905535119,0.026984532254294393,0.7348839240248758,0.7399840960348125,0.11217446143186768,0.7113750854804953,0.6154428680075702,0.785565488909062,0.41444511704938947,0.7048984822968055,0.704178385285693,0.7459119513095789,0.2502528378860263,0.6379384498068034,0.6413529197332389,0.6456075509026552,0.27394178627686716,0.6463111269809986,0.6428165205379276,0.6658343696966629,0.6446573881654711,0.21915179762137807,0.9438370264950718,0.6335490168435592,0.09033744187741535,0.6407747316053735,0.668181941749452,0.6476578667450865,0.049747709231145534,0.930669298595803,0.6816928686687007,0.2660059922923355
UCSF-PDGM-0364,0.8628992253358229,0.4004778749988371,0.6570429170742894,0.8507123531917696,0.8359344157426416,0.8764724205499916,0.32808015704736476,0.4357773644642281,0.43557535189696306,0.44668936855719865,0.45011770461924955,0.4191462913005464,0.24530590561686103,0.44225812630835365,0.4604596807745328,-0.14359711173976977,0.7580463205298879,0.31678091325351865,0.8353125227726703,0.8524801232006095,0.2371917542186391,0.4387405005089182,0.4232433404771354,0.8279043622748946,0.36783221120774423,0.7799819527081749,0.44324137347946735,0.4413998172699481,0.3947582698804897,0.4102847390832731,0.4459974474518259,0.938708407836742,0.8499381419133603,0.43800212208237604,0.4439734275923567,0.36628429907366383,0.4594732844574407,0.6100314364216418,0.4352921299425563,0.3904855084036333,0.8668446252059767,0.4389657090888508,0.8836504438801229,0.42349456270270086,0.4429976721770643,0.4030916163219157,0.8678334600356332,0.4404182731956005,0.4532179296816728,0.7989501518807001,0.44923937517562273,0.4366533955590239,0.4458055521510991,0.41755845923198853,0.869437501233488,0.42612137097302233,0.446196163184527,0.8063806268922806,0.4259946046735251,0.7784957322500141,0.43935205280659695,0.3234206104576731,0.4370038413045137,0.7625586239232717,0.43371837711737116,0.44994905313859385,0.43823284067768015,0.40909548519981476,0.42863836583470205,0.3626990710927196,0.45291866588988594,0.3951180971762092,0.4270181662931638,0.44228453265247314,0.3935296804062327,0.23145447223569796,0.3654515643432558,0.41362509208881654,0.4501521853942004,0.44704279325000285,0.7229188497337644,0.920805801381558,0.44566523404916997,0.4453655900143479,0.4372731430123804,0.4457369032977153,0.44558378259985765,0.44828012010753693,0.44505465028810187,0.4445845648533239,0.4436522117792352,0.827626372898659,0.4453641584177356,0.4437264391618565,0.4377213366720804,0.4372051093447992,0.4372702434600381,0.8230284439146038,0.4431337405655266,0.440828818248814,0.4443444760123417,0.4409810785932605,0.4372175571682219,0.43692097940425195,0.4442867634846935,0.43677461549333213,0.43957883381830626,0.445704482644171,0.43721034206395815,0.43720603378268325,0.4453633276957638,0.4409388174014863,0.43408917914092265,0.4372967724864537,0.43798193351922393,0.44795181876586965,0.34405646220295544,0.43729705695736343,0.8299267881030147,0.3772631213695138,0.8412874509468892,0.42182255029984256,0.445472318600077,0.4376661636083735,0.4045241812627386,0.8468092544309159,0.44476187491136276,0.4447781181797453,0.4378999841935861,0.4365292212516737,0.33629901530248346,0.44916182675412747,0.4317351020535604,0.4257027410529476,0.8340405313772692,0.4336835352421369,0.963862930936908,0.436505671175623,0.8442153863511602,0.41436631885768144,0.3529874655336422,0.41022914499063373,0.6430105863804351,0.4402457476920036,0.41747537334664647,0.3117865908419904,0.44101391364313924,0.43688349637669427,0.4001561016994519,0.9110713341048644,0.44233990041740817,0.8575228759873025,0.38848902059875173,1.0,0.3824267635404726,0.4403159087872895,0.4336994004919651,0.4444296443803026,0.4427670692992121,0.44809336784785014,0.4446974858840632,0.8348110748911172,0.41988332367310155,0.46270983196503773,0.28737116037150384,0.3578939000994654,0.8355598035248436,0.44776204112896517,0.43990974539230465,0.4186264563320077,0.4471049530573906,0.71037667569445,0.35722362357267623,0.3455832567423427,0.7307803210748445,0.4427844046887987,0.38868824478661684,0.33523127181051066,0.43015415355430053,0.44325956294777763,0.4459296800140473,0.4487799072663538,0.4407455599891253,0.44507276483253144,0.44843684691858154,0.4182446379199261,0.4294288488618738,0.43430860023488455,0.44556373403760047,0.43525462748098115,0.43647959758679405,0.40239411858547147,0.43547598758834805,0.44442489035853144,-0.21177134229506517,0.4453915476691728,0.442855214345513,0.42997153688945566,0.18315643814763274,0.3827220366570023,0.4428056840169816,0.8448408998248781
UCSF-PDGM-0366,0.500899191711762,0.9295341396547246,0.291985579726623,0.5408698240363589,0.5393767998580963,0.5419698970945174,0.7669725646258452,0.9362111710730469,0.9043012990791486,0.48541359837004217,0.8851998515475976,0.9049451523784724,0.287886720930314,0.8980508130244347,0.5125970500113551,-0.2339552939435785,0.4564012885752763,0.9214397885867728,0.5421316645813019,0.5460899587027851,0.6745028194778547,0.8901307238266137,0.7916969656691483,0.538357253563161,0.8877548198996918,0.4297594600828939,0.8706880754589427,0.5269217223324532,0.7191134816350743,0.8055629299830507,0.8760193206758965,0.19198365404902512,0.5254141557121063,0.9082924476535063,0.8894065094004316,0.9026166207487896,0.4929529677500272,-0.0777303224609925,0.5327203269683641,0.9296735070059252,0.5046946073680223,0.9285652984714411,0.5643893561813185,0.9217968021610206,0.5276356028493046,0.8813400751940529,0.5015800222962313,0.8665992185093249,0.44517947010887815,0.3191261520984473,0.8820515017978017,0.8883212870093123,0.8940589358755852,0.9157913963384009,0.3984522776610388,0.45903697380151426,0.8973377259806443,0.489608606092134,0.9084793798314934,0.48635160473352995,0.8954492726894857,0.2512812875419067,0.9089470411274599,0.47279562638933864,0.9039595885909915,0.8966755491542804,0.9138215718614314,0.976416679667738,0.3954040740255233,0.7533233137925284,0.4614733613100392,0.2960760991017517,0.9286266440166827,0.5304597859343669,0.9490318914668401,0.20908101485221162,0.7764498059588754,0.9057431915084899,0.4586636208725033,0.43163228442034807,0.31542550907302735,0.26417943136848476,0.8640889372763506,0.8614027540659027,0.8826230660336741,0.8659464928818631,0.8631695538318703,0.8508079709964259,0.8594649338551043,0.8570289186501642,0.8675763945565894,0.5361939253434655,0.8685074157965361,0.8614802309733269,0.8676788256314821,0.883443190381724,0.536568527916415,0.5304627921746674,0.4955645020790304,0.8713799166201294,0.8559073385520463,0.5353596058695624,0.8796854462697042,0.8848703362297806,0.8606689410831674,0.5337490347699552,0.8792163959348628,0.8669281238537747,0.879590186776134,0.8795348982872382,0.8689204274148199,0.5334933260786252,0.5299743430426493,0.8818103488644589,0.5277497639623423,0.8492119742415081,0.2999808467073518,0.8815768926053301,0.5376409586589939,0.9089489876254075,0.5202535855810664,0.8838149564605423,0.8621950113998085,0.8794008113944515,0.9037591366471531,0.5081356417688087,0.8579026212556194,0.8579849933185654,0.5365598105420152,0.8831278230615746,0.17933696303327146,0.8577881760844961,0.7547265773742302,0.8986996856057766,0.5285350998592718,0.9332443500085745,0.40427831245475065,0.9048638390442885,0.5026303082842752,0.8858633763015196,0.3840250398520659,0.8657620264722301,0.010349407888081905,0.892723917851975,0.9200091261216503,0.8870527930314991,0.5348625130001083,0.8766822807459707,0.8833618849419832,0.5164103987822648,0.5240390172390005,0.49985761729366784,0.7419860918011678,0.3824267635404726,1.0,0.8780507255139393,0.40577708119866374,0.8721332739279392,0.8769611470252673,0.48416754835695675,0.5205716233560324,0.543722279688768,0.8804674656937957,0.8806900387930929,0.7865235291157919,0.7869936656458124,0.5483944051790156,0.8615128275962329,0.8840997807199724,0.9067471341125671,0.8737100569786304,0.4016390849393532,0.9779254775083747,0.9227781892017636,0.4254712584199865,0.8970359675981101,0.9256168243819671,0.9204331492595248,0.33519540767434525,0.8955258851741703,0.8956521442778068,0.8563904131849484,0.5323182159558586,0.8595680751605367,0.8516339870643506,0.8591226942754595,0.5337797074396977,0.8775063093743455,0.8629776777952833,0.8653530227549326,0.8789300486576709,0.5111678520224096,0.7604479145819445,0.8562761764465969,0.11214808502531023,0.8615867237461309,0.8612411296050303,0.873475054902761,0.23820677223641254,0.7129067359768915,0.885596910207214,0.5089569289099164
UCSF-PDGM-0367,0.5553074707134874,0.9541447799149808,0.44237850665351014,0.7011876669011988,0.7267203869251134,0.6064251200628534,0.627256614791874,0.901038435180205,0.9497739271718334,0.6872021790539049,0.9554290200230001,0.9539136079587339,0.34876697953275004,0.9711043693930592,0.6768862923620077,-0.24005784992983584,0.6594109432979793,0.7535105927321842,0.7117550868332178,0.696335958319741,0.563939589601599,0.9805807290123066,0.8215253392525564,0.7266717229132723,0.8701699836523001,0.6256352014276505,0.9504339295593868,0.730876981188955,0.737868313960614,0.7991979187347144,0.995015491872736,0.252317467966039,0.6587664366186057,0.911459845455318,0.9951021384790344,0.85261846362912,0.6498667419757033,-0.18599823941610083,0.7159505724410672,0.9226368475553263,0.7013693828521593,0.9417598408602792,0.5965393381306415,0.9392352422259085,0.7181123547173816,0.8367424566113639,0.6828018293068215,0.9212943126939384,0.556418316256159,0.4795539154169088,0.9263243982885254,0.9976357465691245,0.9917054953532329,0.9201693497050847,0.5461078378052502,0.6706774861885981,0.988009760256902,0.3280076611364059,0.9677605976208606,0.6477929759469692,0.9864523752544959,0.1540000637229565,0.9473090646432086,0.6195464104149655,0.9925087634216888,0.970491507103231,0.9319071733684489,0.9194144283653685,0.5491625096095788,0.9005620933167482,0.6704754295189118,0.29370613344684465,0.9402235770865909,0.730674524459519,0.9387156338356244,0.45168608542784294,0.754343538041838,0.9266389482612,0.6580017126882375,0.6625324997643566,0.5474695945422818,0.22191793818608227,0.9954401231577324,0.994544415017711,0.9989766027170875,0.9957850442709125,0.9951762955755499,0.9936165341970904,0.9937063209394844,0.9924923627752058,0.9957955241964914,0.7328560421622217,0.9955938388302713,0.994670690340865,0.9797392514399,0.9989440673838876,0.7293392881894915,0.7334744615407214,0.6780821372637656,0.9990651309128551,0.9918855359874214,0.7334481292492777,0.9984869614080932,0.9985517460736613,0.9931526017290734,0.7291423007177422,0.9974888136967488,0.9958249673987905,0.9984601204723774,0.9984442976652649,0.9953483817752078,0.733907082909681,0.7043928285597967,0.9989201488764107,0.7092727444814624,0.9927906535961682,0.5408831250518047,0.9988907601881266,0.7294425767940733,0.8350755358417743,0.7150483984882995,0.9647122759102564,0.9948457578641108,0.9936374583880063,0.8969759986789496,0.7150301600517336,0.992945397961359,0.9929871511315578,0.7268721935292703,0.9983826314128692,0.21896786899320766,0.9961064743945226,0.7737474745335796,0.9247003333915239,0.7202715854764148,0.9244095715509496,0.42036743716482855,0.941435548070787,0.6198768486759078,0.929474897752793,0.6289031003013724,0.9315107095408299,0.22029837225655674,0.9842742215274985,0.9594488014040959,0.7741462265491217,0.73365931636458,0.9974248609978525,0.8380038945879864,0.6347568917656001,0.7284621561777112,0.6925555849741007,0.6348295009574102,0.4403159087872895,0.8780507255139393,1.0,0.6152211202500854,0.9953994324143544,0.9938886843575954,0.6901069773311436,0.7233998146202959,0.7142509649094325,0.9534213287676216,0.9017902056075416,0.5285241479499108,0.6575320094984669,0.6900857039800325,0.994682351060368,0.9988172703999033,0.9641131490878053,0.9940868633256382,0.57044277994211,0.8542928139090491,0.8089534304352154,0.6486327167835995,0.9835008932265412,0.9447250601699148,0.7326475280915098,0.47215214998558425,0.9892569357960362,0.9909201264655488,0.9666133178491146,0.7338598993197583,0.993754097374714,0.9940172695179519,0.9518298547940425,0.7106053778293171,0.9866062395565822,0.9951150589282138,0.9744938373778794,0.991176849472519,0.7169290884442855,0.7264704244006076,0.9920880505490524,0.13647254925238375,0.9946167676588037,0.9836844601427447,0.9773306932655709,0.15290959397630777,0.6480673059799862,0.9948385130147068,0.7231027768276322
UCSF-PDGM-0368,0.46720591103997083,0.5352665661950428,0.2985115902356274,0.5767030887791296,0.6069212919700119,0.5055838545141503,0.30541968740157827,0.4960144245750988,0.561971164679286,0.981262061994699,0.5815503105969694,0.5683706885066482,0.7865953038039,0.5879326837109516,0.9624176307411222,0.41894502414611273,0.5098843981254065,0.31548213109680945,0.5843261407595919,0.574495358395388,0.21255542413339037,0.6062881293677921,0.49722665472167416,0.6015756828465911,0.4922590281260688,0.4897235613705034,0.5895728995363897,0.9465017524527978,0.4195967335143146,0.4394241546152294,0.6144811489363996,0.24952706293618354,0.565372827449805,0.5269616137583939,0.605968260123659,0.46083002829266373,0.9628444452105612,-0.13802017864984334,0.9189347706540163,0.5058958912396346,0.6042330388910966,0.5407149777281139,0.4685298095486909,0.5469103508925962,0.9523111255593887,0.490286176475175,0.5911664767781843,0.5380945666602488,0.9513893002934053,0.38268773989733496,0.565571930900724,0.5979234330723181,0.595151355017655,0.5214704421619744,0.44220752686256537,0.9481797754017933,0.5966631058707151,0.22899489333294915,0.5705117051511103,0.4900515411950918,0.5924537563508183,0.6949818378983983,0.5407337453881428,0.4702757629655352,0.5875005446126389,0.5989150966277176,0.5537270511995545,0.4682908537488193,0.9266404000389197,0.528193261784401,0.9829068015445892,0.7923769463577948,0.5163631460456422,0.944436402408092,0.5112208154714737,0.8873913672340663,0.4604896224450264,0.5272557311300745,0.9907564115966471,0.9800074908605702,0.4185563014283509,0.2740236962404772,0.6145929041716739,0.6165710230192742,0.6053681808079845,0.6127395574009291,0.6153455322749548,0.6285422768449789,0.6176586098799808,0.6187421327632221,0.6091230228318982,0.6136228265304695,0.6157417847183566,0.6154927486836695,0.5820644741973205,0.6042314102554517,0.9341891448699076,0.6220154642757147,0.9741239215429772,0.6198433064197351,0.6191562883043658,0.9387642466415459,0.6083678817024024,0.6016595061918801,0.6185850912148748,0.9357328962077492,0.6067388579608102,0.611508394856672,0.6084457644138644,0.6084905352495883,0.6080234792288945,0.9408442339078895,0.9390410749768079,0.6063378133967819,0.9449274923254642,0.6291989781878023,0.9122447245313493,0.6065930474203651,0.6088476507649108,0.37972660446754497,0.6031712537941936,0.5646747061689901,0.6160533280690768,0.5996844040851048,0.5023968386129173,0.6178809757501672,0.6183847064304109,0.6183493130794462,0.9288791630390127,0.6087173627514023,0.7686420277255898,0.6236856496596308,0.46631843260664246,0.5367294452894947,0.6007957443505474,0.5288592592050712,0.37676299329610363,0.5754712542410042,0.523273003604567,0.5694917761130135,0.9610533279254252,0.5817108213126638,0.16647730752994472,0.591835698519786,0.5570555513178185,0.36053353198000565,0.9394761211454811,0.6104413569738195,0.48096940784691106,0.5492270581380384,0.9504721012793942,0.5846103569590066,0.3135601711532075,0.4336994004919651,0.40577708119866374,0.6152211202500854,1.0,0.6162754334642742,0.6162093371300161,0.9801047335932298,0.9543838074166138,0.5848199356857249,0.5905477569676175,0.5344241636058694,0.16163507560348522,0.3519398061473165,0.554080598226681,0.6261279992753942,0.609009299995917,0.5380566170227638,0.6136892689091668,0.3983009116718115,0.3748632717340069,0.346330375133636,0.5048486309182398,0.6057505479817739,0.4896307254005889,0.31981980276577865,0.9487496210318941,0.604967814357318,0.6049809311833046,0.5923183027140798,0.941557262670381,0.6176063262948486,0.6281551718101761,0.5524372114816691,0.899293041870609,0.5897427403492272,0.6154916844378246,0.5758720098559938,0.5959522090159033,0.9249124360986454,0.4134865818061477,0.6190253190795666,-0.16265535157117644,0.6164550148905185,0.5971359410350905,0.5786446350269595,0.5507121241024446,0.39012037109704706,0.6105805914955922,0.6239492445511492
UCSF-PDGM-0371,0.5479781755254051,0.9575607925097235,0.4201438763909932,0.6814924766076682,0.705604854545339,0.5893759247032919,0.6523693411011898,0.8900921120288854,0.9441083903101469,0.6799182354507746,0.9586450072975988,0.9632495321705039,0.3500148849421905,0.9693379600779591,0.6583429088652931,-0.23745971802067084,0.6298050867342104,0.759014858639991,0.6922156314322565,0.6735363283283313,0.5414307503007134,0.9881255702541514,0.8353915510817552,0.7029367887526218,0.8699911954904238,0.600440283910924,0.964624108883911,0.7153202678543639,0.7399329434720068,0.8045118019056141,0.9997254127547405,0.25346836284020435,0.642725483602208,0.9119373927006523,0.991739114284027,0.8661583596109066,0.6332341634136438,-0.1871035608021908,0.689600543371318,0.9345025167961271,0.6867372168699728,0.9374737358192818,0.5706172652089435,0.9459004324722294,0.6990317759879916,0.8446930804231186,0.6637098735712621,0.9153696137265949,0.544700629988621,0.4674110727698784,0.9415810886823806,0.9913994831363815,0.9902707352845214,0.9045494231724296,0.5320441550412326,0.6532771236671849,0.9828756351897778,0.30940397748194515,0.955927250830659,0.618190375163014,0.9856929366086855,0.16952955966027353,0.944259030082099,0.595643576592709,0.9845220518239325,0.9752490378632204,0.9304685293759349,0.9219525625781012,0.5407989284895175,0.9080959514594941,0.6610118322517563,0.2950412310479479,0.9414160826274336,0.7124048277304017,0.9369292205864392,0.44387494673873756,0.7685575206172852,0.9097310005841961,0.6516014306662815,0.6588777115806443,0.5222185236894441,0.24019644647795166,0.9986435274006443,0.9988090086146653,0.9950295548780035,0.9981208989775675,0.998763727837174,0.9981489109831762,0.9986429619965862,0.9981956903060184,0.9970995157484184,0.712349379464791,0.9997207276002477,0.9988568405464815,0.9732926321830314,0.9945252956079593,0.7113275655414231,0.7172922915534925,0.6682130708011227,0.9963250301671226,0.997918523100061,0.7138148843892449,0.9959342806237051,0.9931485563085908,0.9988816782378152,0.7129914136766531,0.9895796593526269,0.9976330163610145,0.9959473145863048,0.9959545160745503,0.9958135629299594,0.7158071751937661,0.6889861477129698,0.9953973551375838,0.6930034827894567,0.9978201315713202,0.5280768798670044,0.9954834181416898,0.7093594401579314,0.8456575648227878,0.6992235370133917,0.9489592171684389,0.998815471164249,0.9837486977919925,0.8793858310651114,0.7051219806761462,0.9983823367852848,0.9983985080025717,0.703191510991054,0.9964023255834846,0.23707708940003658,0.9979181751047878,0.7997764884789836,0.915632667216264,0.6970513394759393,0.9316927646428277,0.42097467899433444,0.94498388531779,0.6128919846847085,0.9384769104948789,0.6215903788118391,0.9390519525840435,0.20962117406391978,0.9796158986801413,0.9691899959829179,0.7863188775040276,0.7144776867507584,0.9960240989705037,0.8351153964376058,0.6173536149298468,0.7136232162414594,0.6759756491835488,0.6581487053049684,0.4444296443803026,0.8721332739279392,0.9953994324143544,0.6162754334642742,1.0,0.9992884238193779,0.68029796383847,0.7081990169366272,0.6925915383918757,0.9625056079611988,0.9070958550037611,0.5655146490089341,0.6807310112136578,0.6691211209234565,0.9988189278135801,0.9920540849524958,0.9490926523701008,0.9926094742299059,0.5361480454430765,0.8572129834916592,0.8248611593548555,0.6153737848846098,0.9898784976519897,0.9446817610614618,0.7308324606614697,0.47579874635261354,0.9934504577643646,0.9947933368753931,0.9677708237342022,0.7165621727644709,0.9986565119647053,0.9982793621630378,0.932965033589911,0.680985725255877,0.9743565158647609,0.9987796296783734,0.9667885382269681,0.9803538975019261,0.6922767881044279,0.7347178497047964,0.9980140673631285,0.16641951397237661,0.9988140456766837,0.9774996870732534,0.962826840314381,0.18209025900789813,0.6794161220946188,0.9978905777992688,0.709752150574681
UCSF-PDGM-0374,0.5500431019921742,0.964169764695543,0.41163171065353027,0.6753460803369068,0.699214778451375,0.5921970190014997,0.6724393949051123,0.8952774776218232,0.9486656582286453,0.676720117142311,0.9629133862512671,0.9717123473076277,0.3610289880777022,0.9730820852813796,0.6541375890821521,-0.2312658574508887,0.6212018907609577,0.7715615717636672,0.6858519365449385,0.6690256832842824,0.5457409862820214,0.992965260026772,0.8436596624473109,0.6953903196081065,0.8845123381495611,0.5924272682002946,0.9716991691225976,0.7097455175459687,0.7402681521657904,0.808482065366268,0.9994163247428847,0.2522433853538575,0.6447462450203436,0.9200562054591993,0.9915022315877609,0.8813794801885346,0.6291671401611467,-0.18666235200879766,0.681457005060144,0.943908811331973,0.6798508556716994,0.942891799789237,0.568573994906777,0.9553795170253957,0.6939993392793666,0.8608253657284114,0.6586750406568528,0.9155514593669082,0.5467630199840804,0.46432255289535235,0.9490987144117042,0.9888179921236137,0.9893880873814918,0.910163973493614,0.5241457558822263,0.6445912123248285,0.9835109936169169,0.31549703690627684,0.9589206236273962,0.6102874568158169,0.9867730278293184,0.17394863152784082,0.9464286673692095,0.5896388442945122,0.9839386560494304,0.9805769140238566,0.9387392715561567,0.928021461947668,0.5349157748386226,0.9056213086306718,0.6563278153028521,0.3019232362188935,0.9437888749800035,0.7060607274906859,0.9449556927333043,0.4357202595066994,0.7871400200701711,0.9136700371468826,0.6493357800327999,0.6524412373826106,0.512351776541695,0.2482537161135685,0.9959787417292619,0.9964260796162712,0.9927657879400494,0.9952270525267024,0.996200729297192,0.996366600437165,0.9964394857919322,0.9961978459434322,0.994011628194127,0.7055550649938911,0.9981545425630606,0.9965199673676287,0.9681487465287005,0.9921398588326944,0.7046877972561432,0.7116191909834713,0.6668656825127103,0.9948529484660437,0.9960093950985791,0.7072460833459997,0.9940308874189152,0.9905096170500665,0.9973804308360525,0.7068376306742518,0.9867801296037635,0.9946004108340807,0.994054243041961,0.9940674047984325,0.9924299565109176,0.7096354421176116,0.6864701087473125,0.9932431211923642,0.6907307059473178,0.9961703019442434,0.5181663795330533,0.993359008746688,0.7027138911250672,0.8447216257740795,0.6927337561068182,0.9473381549342031,0.99635403590733,0.9804432874950602,0.8855874507233867,0.6989034598853279,0.9963129346707486,0.9963222401977337,0.6956311645263252,0.9953748597283704,0.2525746719948385,0.995416849203073,0.8075877293889137,0.9204025077175554,0.6889596272657037,0.9409920541306307,0.4192675285026589,0.9543864773588684,0.6101245605521183,0.9500849445696674,0.6162378795380529,0.9501406658407677,0.1973649112161816,0.9802135939554264,0.9762058008440736,0.8021250764257095,0.7080256818751571,0.9944192386089419,0.8490464754660858,0.6162004119916492,0.7081714776559765,0.6677801529748848,0.6673268490368945,0.4427670692992121,0.8769611470252673,0.9938886843575954,0.6162093371300161,0.9992884238193779,1.0,0.6760442249249111,0.7023766597866229,0.6856084498839338,0.9714888969136772,0.9125893825781758,0.5814290669754864,0.7001869996141307,0.6624009562324811,0.9984396587402512,0.9904287270314339,0.9456436174222204,0.9909276116553917,0.5245317141109488,0.8617428049910753,0.8262708677552898,0.6065443954033208,0.9941204171186622,0.9440212996621882,0.7470835696398627,0.4811050053842986,0.9962137671105641,0.996888942836648,0.9664909679603464,0.7105987468033609,0.9964438785323543,0.9964251633174124,0.9273845348316867,0.6718707449433244,0.9704496442890252,0.9962371058274238,0.961332558669465,0.9768102525235947,0.6846980010240079,0.7400066858838636,0.996076132293378,0.15791216140493314,0.9964131826432351,0.9729440278416357,0.9583476928748903,0.18209658028521966,0.6954263034218181,0.9984829307665849,0.7025818358086519
UCSF-PDGM-0375,0.529213082013276,0.5959794669424684,0.40071252314913897,0.6594256971614101,0.6842935796172273,0.5613730342552388,0.26642932706819017,0.5548719854897378,0.6144500263871693,0.9945018170698104,0.6213536080654511,0.606258680471212,0.7275088118491774,0.6398949720933242,0.9838526002875039,0.30901516312389765,0.6060944971949143,0.3565566654672564,0.6692225145104036,0.65222427200728,0.26486547054457665,0.6518180241548279,0.49555267372625456,0.6850983025088492,0.5193214267880777,0.5819259868691647,0.6132946729969424,0.9842269965104796,0.44375759685502125,0.4620402718230337,0.6765046107842931,0.24950520072135401,0.6166108358493247,0.5574776852385162,0.6744308054796982,0.48038904169334967,0.9771104907178968,-0.18323736302872345,0.9728242602528443,0.5519822001357463,0.6738222823566601,0.5926904765241829,0.550226568959758,0.5815630837089552,0.9881870889725635,0.4942343806066202,0.6540786463595577,0.5946124014642336,0.9287703754310805,0.4479934912039662,0.5852769836262819,0.6803423027426382,0.664299080008174,0.5821744710642908,0.5200326908504382,0.981937690661858,0.6623173456497219,0.28273800622859696,0.6390735346868858,0.5930205239325246,0.6555151066212518,0.6291568644668128,0.598812783811292,0.5690684434895913,0.6662512489885872,0.639434634462661,0.5908977616458958,0.5297373851956049,0.9299021589082597,0.5718064674518469,0.9957264392734931,0.7171844311938843,0.5776098806694488,0.9867080499490376,0.5709776450574646,0.8905064087960719,0.43441554347752415,0.595052989304385,0.991875820753369,0.991498214497139,0.5072973239025902,0.24228666841636715,0.6844825146958055,0.6845767028043306,0.6848646066303019,0.684140001132932,0.6845579443005959,0.6913166453865404,0.6844506953661692,0.6841302002049372,0.6822299005763586,0.6913430846066569,0.6820107958954593,0.6836074639311419,0.6672802261262306,0.6845300142278792,0.9803117759621545,0.6925172050175213,0.9835547737170508,0.6927284330476394,0.6839342319975111,0.9837801619292224,0.6854504820334547,0.683608506339893,0.6828488454784535,0.978863196982835,0.6882847671271165,0.6838151436349189,0.6854584011075951,0.6854627503749345,0.6825923146400779,0.9834221757197666,0.9643655905141147,0.6851065412813842,0.9679982441650843,0.6910688453373016,0.9227170897842027,0.685162726213322,0.6877151593853207,0.4497416128895943,0.6784296351928772,0.6489890439585289,0.6845864802621686,0.6843253377071389,0.5627279897004551,0.6834125423743435,0.6842629717314579,0.6842745205442322,0.9799761649818293,0.6829932437066105,0.647325749571519,0.6912664090989418,0.4457159582686021,0.5909154319554109,0.6830053945108339,0.5619892048588265,0.4154373661967905,0.6073083217209703,0.5993103836060293,0.5922430513505008,0.9750448922515569,0.6040349201655149,0.22093120040632205,0.6575105521794382,0.604465152921803,0.39027742032759005,0.9837753965325952,0.6854819417148668,0.4983480014577488,0.6028442239657256,0.9869880586470816,0.6630306145884913,0.2910422724745423,0.44809336784785014,0.48416754835695675,0.6901069773311436,0.9801047335932298,0.68029796383847,0.6760442249249111,1.0,0.9901235657888776,0.671528336807349,0.621907201587211,0.5582108993123023,0.14409140855506197,0.3165162501775793,0.6466930771071867,0.6851432771905138,0.6862592449551429,0.6336749964594617,0.6835952676376131,0.5123061745890449,0.4532306228848531,0.4167497361625254,0.5980595990675623,0.655238863272363,0.581439359762717,0.34941966240711647,0.8887275665163804,0.6593746011752604,0.6610550991132106,0.6504044380786494,0.982854391225127,0.6844606041559838,0.6914179090457141,0.6494490556694622,0.9598165654076377,0.6779084199923164,0.6845674456577293,0.6628446878550771,0.6820097824476269,0.9744741606061069,0.413178023994911,0.6840016646408035,-0.13860503593203466,0.6845813763104782,0.677443025117657,0.6700005452453135,0.5349649004907943,0.34124991351019834,0.6733424785095861,0.6913194139990255
UCSF-PDGM-0383,0.5499608290028247,0.6332084414332685,0.4309994970039818,0.6918071969965066,0.7177391020899229,0.5968807052140149,0.2589995802537373,0.5769651464867394,0.6285999631909285,0.9920776110251905,0.6302385430775936,0.630205075983703,0.7268469468377271,0.6561953340071205,0.9826936221987103,0.25870348963723555,0.6457782895571679,0.3724157070737838,0.70248811302911,0.685479830355456,0.27298060753827663,0.6756894308467333,0.4755743624483398,0.716409651352071,0.5455544475042303,0.6140810399708149,0.6226989676461112,0.9985366592068937,0.4188967491992693,0.44503325175231684,0.7054508999107281,0.2550790999604816,0.6508343080934306,0.5697572395074848,0.7010339047147737,0.5043020285954357,0.9709066833558209,-0.18435200511993333,0.9818912577278105,0.5779874304637734,0.6962522001241588,0.6075673973749439,0.5824550754515447,0.6040471932984364,0.9974246843091794,0.50377371035936,0.6754595705480332,0.5996441761000969,0.9070841391455449,0.47366177084503025,0.589090874567406,0.7142142754650731,0.6900693195837874,0.6007109029960632,0.5398580830692551,0.9721599510131607,0.6857774426172946,0.31444568955774876,0.6620695395774774,0.6325729694965557,0.6798481035423117,0.5819828276849565,0.613403884359697,0.607192143717907,0.6973642561022348,0.6554714795014004,0.6025239096350359,0.5562194125994195,0.895339749116812,0.5634768502110531,0.9809951046134031,0.6757244475619583,0.5938694790933311,0.9992469827896672,0.6035312457369746,0.8547758759635659,0.4249980680304533,0.6133237216194452,0.9776866596793226,0.9718001093732003,0.5370042386148399,0.23129986530809873,0.7146209890888673,0.7151446226041741,0.7206207382015026,0.713916200311249,0.7148535712027136,0.7199573573307443,0.7152827551460623,0.7152561461261857,0.711608064822381,0.7243405585238843,0.7113730772658325,0.7141419805385218,0.6928244489456393,0.7200906876280082,0.997604235935765,0.7271707919020042,0.9870369302537066,0.7268784510149701,0.715184091190365,0.998470185801592,0.7217624467756668,0.7187491476063098,0.713286277689784,0.996927920441448,0.7202286522541691,0.713366029298061,0.7217857806677743,0.7217990185130438,0.7115532408691173,0.9987767833061391,0.9857917069455147,0.7210352545277305,0.987028179059539,0.7199027422621973,0.8881695779001466,0.721137879028727,0.7208920502656874,0.45872413107537763,0.7086871206765342,0.6739132548275445,0.7150365824528859,0.7153096168791551,0.5776592286363089,0.712069891464664,0.7152877082743824,0.7152894870541137,0.9924968590777338,0.7189091669623706,0.5854831230031958,0.7187952964250016,0.42083153354312475,0.6008199283877903,0.7106275123449054,0.5854365333140163,0.41989860474712004,0.6184502854336407,0.6161884844975131,0.6092558917884561,0.9607069057707581,0.6243708961091914,0.21850333311224157,0.6817565289229697,0.6304922265803639,0.41383511762009606,0.9986635460551033,0.7222284859913222,0.501238647578918,0.6271744811310661,0.9987454657782243,0.6861131481091944,0.2621363451352737,0.4446974858840632,0.5205716233560324,0.7233998146202959,0.9543838074166138,0.7081990169366272,0.7023766597866229,0.9901235657888776,1.0,0.704149086705191,0.64241541547719,0.5620084313699284,0.14081736219314972,0.3062105255640493,0.6793867259906253,0.7130084274870742,0.7182464519834365,0.6644123846742909,0.7055255468627034,0.5533838074879079,0.4810317627965521,0.42991259549466265,0.6342715631946799,0.67680849461137,0.6293039907111716,0.3757481533748281,0.8403052178295811,0.6841323404794325,0.6870632818261322,0.6610051682940932,0.9985476676737836,0.7152793588230595,0.7199522852102294,0.6752223047654552,0.9695552550549482,0.7076621171587808,0.7148944011138807,0.6876972751555223,0.7125184991184219,0.9920347530134481,0.3989777238504512,0.715211477589492,-0.13406430185817184,0.7151225035050879,0.7011740948311244,0.6984888295380774,0.4959390595729586,0.3078973791323228,0.6979254360369275,0.7189001843411826
UCSF-PDGM-0386,0.9222308944399741,0.6323814768647423,0.8431047292774563,0.9989410855415408,0.9958134597658953,0.9391478107956963,0.23623028777430782,0.578250378245792,0.6239862326086019,0.6642150216702568,0.6143327635456507,0.6130758161689531,0.32159105327990883,0.6459332339356973,0.6580795933957931,-0.25899553234314465,0.9729167617602249,0.39723108747277586,0.9989247790309926,0.993687601409875,0.28854196996186177,0.6539335734962717,0.4524630286496188,0.9964358359151578,0.53729709229109,0.9682787367096864,0.595296035539991,0.7098827301246501,0.4186059598993777,0.4433078843033399,0.6887226210692274,0.7300839844631185,0.9568734325076456,0.5563138624021673,0.6930236100053959,0.49371940438815165,0.632758544050308,0.2043825208247508,0.7083918107317305,0.5759861105092364,0.9918916734147961,0.604938706840179,0.9495532902265682,0.5886435682357593,0.7005952279635471,0.4782227732712242,0.976316423293044,0.6004634559471477,0.5319349764844958,0.9045454090481401,0.5615741759026671,0.7128234195205868,0.6837960300204439,0.607625771827736,0.9504487773976866,0.6594801864370547,0.679239171299872,0.7161248810233942,0.6648204463302154,0.9786774592560572,0.6725149889668718,0.15849669680517386,0.6145464891256022,0.9594998020948531,0.6986345777532483,0.634377650648806,0.5894971644626649,0.5669909423756817,0.5459586565506329,0.5458980566017299,0.6517161925497555,0.2684335326939823,0.5995830164160967,0.7132315415146668,0.6089224195684843,0.44336426332621304,0.3923975404254688,0.6240928973346573,0.6345882362202917,0.6425710174470363,0.9138194134280888,0.6328839538390959,0.7009684391709188,0.6995917606867835,0.7149090766224759,0.7018202761781671,0.7005128494058543,0.6993999960394884,0.6985285803916872,0.6971335322518117,0.7012546021739113,0.9951585741769366,0.6961378887279469,0.698653970745786,0.6966416806357316,0.7152226891688862,0.7139884954108016,0.9876843721144182,0.6533347476397785,0.7146483623985608,0.6964737492670645,0.7166477030138764,0.7135644914091861,0.7156458954130788,0.6951952686714528,0.7115788880713679,0.7172201393649331,0.7022184834717277,0.713516888513198,0.7134891706629943,0.70282318830943,0.7152629551813292,0.6795401024186112,0.7145659235840508,0.6819935441071083,0.698466870826386,0.5303985203333726,0.7144625438074329,0.9967419470041204,0.4861148001158198,0.9953139753199848,0.6847185112465608,0.7000113579207146,0.7158883159362504,0.5889661298356006,0.9853350618718072,0.6976403170465849,0.6976877465102973,0.7153129175707318,0.709594111660883,0.1788025325991232,0.7030715383946685,0.3855468430964662,0.6027069030108819,0.9932647379135668,0.5680853211243688,0.847884423347246,0.5986324435184469,0.9536034363697408,0.5848814110467625,0.6051978308153761,0.5970525628965136,0.6741114604024847,0.6762893583789862,0.6199008181847948,0.4267449293240375,0.7163117086058468,0.7119849503958341,0.4906055494746334,0.9622868936972132,0.7078362045347636,0.9938971747124785,0.2446099386220673,0.8348110748911172,0.543722279688768,0.7142509649094325,0.5848199356857249,0.6925915383918757,0.6856084498839338,0.671528336807349,0.704149086705191,1.0,0.6184803371010051,0.5403429302130714,0.13880907254403327,0.2746710009776618,0.9954641580345364,0.6924751730600605,0.7128040934147511,0.6832020380112905,0.6966175614822144,0.929282910980452,0.5132971225447465,0.4591843684964963,0.9538745351405671,0.6582735657565452,0.6483384067884382,0.38733591318958194,0.4415249294572572,0.6682779650604532,0.6712683903363426,0.6517767806090055,0.7142669218959701,0.6985863249096407,0.6998731934637769,0.6924831570485097,0.7068978160598929,0.712560816244014,0.7004155137864112,0.6938184987461551,0.7148010413816642,0.7006882869227851,0.37502354832063906,0.6966918013978635,-0.13684791225171106,0.6996900629477474,0.6999044264114173,0.7075559183308492,0.17702791591484843,0.26381313592286854,0.6854526042906816,0.9873668542208757
UCSF-PDGM-0388,0.5370836029721617,0.9759700683995457,0.32186127580679436,0.6148409085493391,0.6376148245547945,0.5921015025964765,0.7949264413451412,0.8961457988255566,0.9573588828719299,0.6347034867473408,0.9670672763896779,0.9971524090434938,0.44523452287924964,0.9731292081405902,0.609411346473589,-0.16998824595084536,0.5425668886146622,0.8424705972510468,0.6203149168284,0.6238947617881208,0.5550816490285232,0.9905639527362151,0.8824605115796368,0.62796737185636,0.9607692648875299,0.5154867903843453,0.987515117942327,0.6491261412759546,0.7420714955472845,0.8248453183962294,0.9661779402189209,0.24025029044097398,0.642123370228927,0.9534505671941201,0.9630500506063817,0.9560386175874993,0.5900313570515451,-0.1740230786592428,0.6140624161574281,0.9741565651834215,0.6157801203184313,0.9536372997375766,0.5376845960493191,0.9901297026991045,0.6424553108035643,0.9330300556940729,0.6170720110460223,0.9010798689822719,0.5451653369817855,0.42526342612312784,0.9706314790412112,0.9437468757485523,0.9585010140053997,0.9276540788442165,0.4520908521861944,0.5725854118154785,0.9620734409853016,0.34195187310267805,0.955497634368923,0.5365095856520129,0.9702889183380959,0.1978258958021562,0.9424900066047975,0.5177138688582095,0.9542101232135548,0.9854311793234882,0.9650811030758824,0.9424530648983722,0.49040093884183883,0.8671132934387233,0.6027454270920151,0.3396357659132608,0.9411874234068961,0.6424337113946289,0.9719125743315216,0.356734325375227,0.8953587591022576,0.9215999659455978,0.6158213831472693,0.5845717325736361,0.4257612303430215,0.3023464654924191,0.9479306855353363,0.9493047691826686,0.947194963945778,0.9464410892149596,0.9484849755908399,0.9520708757801178,0.9499188770693446,0.9503756654168207,0.9449257054543114,0.640550348308242,0.9564783883737287,0.9497678074505689,0.9128879650840738,0.9461869101206397,0.639291283527754,0.650285830516325,0.6369231857962702,0.9526285328063079,0.950491846729709,0.6429526501932118,0.9496144260446335,0.94377298799349,0.954765346458357,0.6430651886987663,0.9404412244611572,0.9453741703946204,0.9496713375526,0.949703888682559,0.9421129941810312,0.6466282592687393,0.6536431797330009,0.9480196032758079,0.6593485730085907,0.9523246321715667,0.441208258294287,0.9482305975379884,0.6377355760737841,0.8229035968582041,0.6262705610446242,0.9181112547690634,0.9489725323747412,0.9326587057432555,0.9091600896320869,0.6335637591711063,0.9502464907214739,0.9502324283330171,0.628770782770964,0.956430558761718,0.3440243146104803,0.9487560829128974,0.8399507085137672,0.9328605321801465,0.6197738038828388,0.9701098208904424,0.39867662146220656,0.981475475438459,0.5530895846834609,0.9957392220786212,0.5480806200976824,0.9962261982272078,0.11039847851588658,0.9621766281866214,0.9901256866966284,0.886800238529899,0.6441061723959611,0.9509843083924411,0.9174902429244198,0.5985502089694714,0.6471993794633889,0.5937654810078783,0.7085980466974068,0.41988332367310155,0.8804674656937957,0.9534213287676216,0.5905477569676175,0.9625056079611988,0.9714888969136772,0.621907201587211,0.64241541547719,0.6184803371010051,1.0,0.9234440816213048,0.6644981383211365,0.8073637838752463,0.5945188389458967,0.9654979793805637,0.9512394765012139,0.903616523161291,0.9504990545238606,0.43040076109230435,0.8671839825154731,0.80785024179639,0.5281305816186589,0.9860463370600652,0.9142209832949741,0.8295488977465245,0.49937281999577976,0.9841358972873536,0.9808511046547301,0.936631619562774,0.6482830627181091,0.9498924174244553,0.9518870701905925,0.8740198045101893,0.6004843988327228,0.9210385192251993,0.9485885205376007,0.9052938824614366,0.9283692003105778,0.6171503675869293,0.741673856056555,0.9504594490786366,0.07827391417676569,0.9492322936220665,0.92028637112822,0.9074862466315526,0.15605857804051093,0.7785593801858676,0.9711485023164071,0.6350825430680943
UCSF-PDGM-0390,0.41031507338022566,0.8870127687468176,0.19102474639742556,0.5332103624848115,0.5646889360529052,0.4953498240459764,0.8413319875319576,0.958124488403404,0.963608774424918,0.5534162590847265,0.975116347542632,0.9259272842737678,0.31383954354930693,0.959186244232269,0.5843197733020592,-0.11638085441472354,0.44681060711688414,0.8275101944194582,0.5335542424845876,0.5442296909365469,0.7169960385738317,0.9306224187049533,0.9568827144935084,0.5635427291379349,0.8865332838156064,0.41950553927281503,0.9573688326039194,0.5603520736217046,0.8836476186525711,0.9386434404019044,0.9124370849405863,0.27901990274574096,0.5259726145368675,0.9839171999337669,0.9278830277811707,0.8787695487142938,0.575023166864865,0.014581171944423132,0.5645308971855872,0.8915501583358454,0.5521439945504819,0.9749952845146956,0.489194608276015,0.9487068275825316,0.568751921196824,0.9367347789045557,0.5630672953088796,0.9567422804624639,0.5643655880702124,0.2881798472915671,0.9781005294638276,0.899156432655776,0.9314824422956068,0.9490928409550423,0.3757613642588156,0.5421109384682362,0.9442967161254235,0.3108024459941757,0.9363101711093033,0.43965595079942477,0.9341223456042399,0.2735681076464498,0.9598473406255735,0.3925157245126907,0.9158350792747607,0.9653788404794739,0.9782924524340821,0.9318468130450447,0.507435571393644,0.9000562597496337,0.5581078399411943,0.44691585784887256,0.9471699777630619,0.563981285482618,0.903895583249888,0.3115363819270163,0.8963111753943872,0.9356646541669147,0.557798874597078,0.5412313874945488,0.32928933739388516,0.3149467779630937,0.8977246572043109,0.895165364472419,0.891976827145331,0.8994655724353444,0.8968532028380375,0.8984530278334575,0.8932988804747716,0.8909356573036371,0.9012248398775095,0.5650275886298358,0.9030629800807859,0.8954501778060571,0.8993662349397069,0.892704750697777,0.5519254629595679,0.5598772781926888,0.5523628362223028,0.8949154178621898,0.889842549579993,0.5643306345015437,0.8893058074301797,0.893936199794898,0.8949867237134677,0.5494068336579877,0.901853012061914,0.90037058005573,0.8892180418418181,0.8891670771451666,0.9021486738260995,0.5626805869113394,0.5534171621717769,0.8912461640175735,0.565416281179779,0.8968770731338184,0.4454269967635785,0.8910348948902984,0.5589081835990966,0.855757171373975,0.5417472524274833,0.9071552279144499,0.8959241090517372,0.9016151883299423,0.9361239503515275,0.5456871542668829,0.891785108727142,0.8918650934934518,0.5649144490262259,0.8933217600242639,0.38610638878032816,0.9052272947269209,0.9483646687804579,0.9577061685547378,0.5651131261688015,0.9591113149623348,0.3833370387258993,0.9667618947278467,0.4446041004543293,0.9321957487050211,0.46759576047779416,0.9182340143700466,0.06652220431958332,0.9367921152283814,0.9177350262508239,0.8057108628942918,0.5639004919150644,0.8865162230292503,0.9515484410814365,0.5483562586646138,0.5601895633291711,0.5302270321571244,0.8904717906136096,0.46270983196503773,0.8806900387930929,0.9017902056075416,0.5344241636058694,0.9070958550037611,0.9125893825781758,0.5582108993123023,0.5620084313699284,0.5403429302130714,0.9234440816213048,1.0,0.7370702156767703,0.8760182131179935,0.5073154547921603,0.9116953208360115,0.9079843660241281,0.8946445994788921,0.9214789243093309,0.3353891882501463,0.8454939508576282,0.7983474019674912,0.44549781120892634,0.9364388429459508,0.8350352800300339,0.8484663375025422,0.5176850497846259,0.9351548239786946,0.9354844005752286,0.941152655815345,0.5616062673410854,0.8933985584088744,0.8992658562051901,0.8788379075872272,0.5604901153523479,0.8991585604611688,0.8966706795703807,0.896679785086785,0.900929723435499,0.537753929618312,0.9262738315551471,0.8902023353515126,0.03895369759818878,0.8953418024854773,0.9071391166967239,0.8945290797629778,0.06020422128058023,0.8912521090098044,0.9213227358070701,0.5622939845758063
UCSF-PDGM-0391,0.2411376595536242,0.6851644206951544,-0.10648540271534133,0.15449840798211634,0.1388370676046148,0.26276612893790113,0.9034386127382895,0.7209798531103876,0.6485248672663451,0.16405910503791526,0.6598460273759413,0.6981964584091466,0.2141506379043165,0.6309205757835258,0.18109020083398666,-0.07592685113566157,0.0007734937124128724,0.8493328303393473,0.14675460622613898,0.16299068576467085,0.5648944349396565,0.6382392417860957,0.7171822316640997,0.12277999972919189,0.7191759626882752,0.005258620072413262,0.688818121232368,0.1405702030545649,0.6074108907648144,0.7050615019245451,0.5760296616284577,0.14148155304241478,0.21098022490961107,0.7395412758896696,0.5672607129804659,0.8062249088854098,0.1878651675271832,0.10764991984815075,0.11432285950261059,0.7536716034461777,0.13635815087176908,0.7015418409635112,0.2429464749548222,0.7381823093862249,0.1451423705300492,0.8026162246455746,0.1448058088581482,0.6156440310309683,0.2507572523481444,0.004437827985181749,0.7407247197669142,0.5338803375058713,0.585099456971327,0.6499757540834973,0.05673349932491532,0.08582830327538105,0.5873846613955808,0.36829228526680696,0.5945333726889893,0.04922766753430812,0.6000128628164366,0.36667611279931106,0.6612246577640641,0.05246250433588816,0.5637541892898417,0.662777216561285,0.7111002721154916,0.7891375176380537,0.1512519188003786,0.5051705635518138,0.13824301545256296,0.3371769945848236,0.700865022881741,0.13371340852181193,0.709628050604071,-0.09113337440808439,0.760393844996163,0.6137750066132733,0.16559584211756673,0.11583084801969,-0.11182482254794504,0.3622380245322201,0.5419696267183463,0.5432670030561659,0.5321875942499357,0.5407001894166726,0.5424716403659142,0.5341001350491795,0.543942626734202,0.5445744023052439,0.539136173573885,0.12993954423554555,0.5558702032783218,0.5433364626662935,0.5173174984327521,0.5313789917039442,0.1391187201600459,0.1399585626195686,0.18456344599042415,0.525329604108435,0.5448003145147071,0.13207575609402103,0.5342617766344762,0.5295165766157128,0.5514162002718147,0.14329574733619535,0.5157319274322602,0.5398362831575109,0.5343141676933569,0.5343442439669048,0.5373266336117922,0.1356860070704954,0.1823442588523083,0.5328685954958087,0.17645677109298952,0.5345058524880464,-0.020608603835319178,0.5330463504075226,0.13401492535397463,0.7523261357747725,0.13411310292850795,0.5263118574697395,0.5429347630011536,0.5103334887777277,0.6434560070616095,0.14549907610564777,0.5443717289871478,0.544351320872082,0.12155668221913601,0.544866574897858,0.3124505068737579,0.530804037418389,0.7667803031289087,0.6491059214008033,0.1174852638090129,0.7764725869170744,0.2723838974707918,0.7047054745474106,0.18839482951069716,0.7050270313124312,0.0373526502110236,0.6651574421913161,-0.2609425327681166,0.5837190163510173,0.7047804030781817,0.8257798963535486,0.13315741827073474,0.5356206262401227,0.759834768860248,0.22175157460623549,0.14107333134698163,0.11547763805722154,0.852466771678956,0.28737116037150384,0.7865235291157919,0.5285241479499108,0.16163507560348522,0.5655146490089341,0.5814290669754864,0.14409140855506197,0.14081736219314972,0.13880907254403327,0.6644981383211365,0.7370702156767703,1.0,0.9005948545910284,0.15118863816074202,0.5549224785304637,0.5310624386137586,0.5486561321120877,0.5466454994652358,-0.07077333030837273,0.7971171463529152,0.7808604415982285,-0.04306694075462569,0.6393746940142225,0.6378108668413369,0.876213580307037,0.23400991247147673,0.6211926773842693,0.6179635307357902,0.5734053588403428,0.13750546166592045,0.5439109637723193,0.5338539422464595,0.47294148897996957,0.10377461353565802,0.5026018324714101,0.5425680351356214,0.5123784245654919,0.5074447657769977,0.08387326216274142,0.7413043713555405,0.5447300314153207,0.08354105775346503,0.5431930789461081,0.5106580199809891,0.4938607100100604,0.22371028229856652,0.8446522863128265,0.5852972545823667,0.13108762594848544
UCSF-PDGM-0391_FU016d,0.29273775710761923,0.7599149559054693,-0.05725090606336171,0.2838266911855957,0.3021644946729651,0.3796710740932321,0.9702253630142548,0.8370107108243579,0.8033411587338908,0.33510831309812084,0.8097942994081601,0.814757391431881,0.35119572933294874,0.7820923402390308,0.3603573989772928,-0.0014055605572640966,0.15692047784355256,0.8492474843008285,0.2758590402109433,0.31225956275404537,0.6732294521870292,0.767421539739972,0.8640822497359906,0.28560793741327367,0.8554362103670944,0.14355689643408218,0.8212137432893735,0.30449305842202556,0.7354432756162951,0.8154588544370861,0.6927757984591845,0.2112699831999168,0.3734400041996317,0.8856598430237059,0.7013857187108498,0.8827200168683242,0.3622060061641872,0.08756276200039807,0.28186497478266515,0.8104003199663984,0.29103606746281663,0.8365878326332783,0.32824099134224466,0.859410866112146,0.3201785798387689,0.9444071421687343,0.3266504210887432,0.7560149504534533,0.4361913572232177,0.11059506843217459,0.8762630461452825,0.6480127326813016,0.7069572463646079,0.8051028528493077,0.13221320825656854,0.2583931289121478,0.7281599548555582,0.34275387627030235,0.744820307950323,0.16780592683526038,0.7295880198882346,0.33123861105881397,0.7819298922739445,0.14582179397427747,0.6865326777138832,0.8122730468162248,0.8673063968454999,0.8332406941204581,0.2955027674875616,0.6546714312514577,0.3103431011031958,0.4590968989544273,0.7888352314113424,0.29873565131667823,0.7951656622076242,0.038246064282030104,0.9380959532763091,0.7668946845169757,0.3499146901834471,0.2800420983417972,0.03850352058751053,0.3887861507806581,0.6519520354090197,0.6528295357997624,0.6441512071221926,0.6509826854483662,0.6523088249958185,0.6584541213479529,0.6532090659921741,0.6534743133855246,0.6504676923032288,0.2946422918073821,0.6686479618721443,0.6535327550064254,0.6284602816841964,0.643480721953542,0.2885078860412171,0.30261636480454357,0.3528770229688327,0.6516111853096169,0.6535331688899716,0.2964639060152322,0.6457521673943979,0.6418705614960054,0.6622010751834312,0.2917765268865972,0.6435219327376515,0.6502824093938885,0.6457896019700313,0.645811006188085,0.6481246355668728,0.29939957239955856,0.34841822864197425,0.6446984847607606,0.35758426851487823,0.6585899518773645,0.1516015743456082,0.6448382942902458,0.2915656360453093,0.7101645706783687,0.28055079964435625,0.6655761066201415,0.6526198151464313,0.6382936149393907,0.8004453277904854,0.29251666381471897,0.6534024738489745,0.6533944346468007,0.28704160990178534,0.6589543623617757,0.4807625969446428,0.6563779762485341,0.8777030320291446,0.804334022006578,0.2832554915969848,0.8837689781745324,0.2814758445569425,0.8594825752310766,0.24756533593558705,0.8524771034366707,0.2147834600752228,0.8274166335108468,-0.18315396470562484,0.7238216924592684,0.7946374834576043,0.8435304026301303,0.2973628950983887,0.6466471556207378,0.9247744345928806,0.38131716277224337,0.30502692795419034,0.2543114714079627,0.8883351207075034,0.3578939000994654,0.7869936656458124,0.6575320094984669,0.3519398061473165,0.6807310112136578,0.7001869996141307,0.3165162501775793,0.3062105255640493,0.2746710009776618,0.8073637838752463,0.8760182131179935,0.9005948545910284,1.0,0.2535466269339809,0.6867905808654223,0.66230563198462,0.6468749771844982,0.6777859551302516,0.03513715058157513,0.7573521873492043,0.6837520581627322,0.14492083791405336,0.7653260082092243,0.6487775124135026,0.914517760995522,0.42769772878633705,0.7488335659070161,0.743644967155566,0.7100519249189674,0.3008055888703462,0.6531930503686908,0.6583485518332739,0.5986178847458308,0.2683737475854963,0.6304589056970825,0.6523751303942025,0.6233161752535726,0.6354044646966125,0.25756285780579813,0.8334828250067887,0.6535177184902331,-0.10512106550971924,0.6527839775303358,0.6373170856876381,0.6212978151312234,0.06524177296391552,0.9685213722024799,0.706550270998311,0.29488225169050514
UCSF-PDGM-0394,0.9450069489261973,0.622879796775435,0.8646455962023449,0.9961298414669665,0.9837894460727435,0.9446290019836158,0.21931492058237786,0.5581121552424558,0.59685496312077,0.638102369493546,0.5841825456332138,0.5935655984591305,0.3025538865609787,0.6184404641192112,0.6297716408462453,-0.279282978761393,0.9665497608739516,0.4041693896609047,0.996028644263494,0.9880025896211136,0.2685621626491184,0.6301227653027424,0.4181993624062839,0.9847656904395484,0.5194609026248732,0.9670913063412172,0.5677960429872737,0.6855797765783135,0.38547413641240214,0.41516998192987187,0.6645445947489634,0.7300575003115509,0.9510529413951676,0.527546414168897,0.6676563904716418,0.48451568046472976,0.6041783405077624,0.20520793058970432,0.6846676494379954,0.5700115398130043,0.9808906608191373,0.5812145219444981,0.9616928039774426,0.567766074924257,0.6752149542260698,0.4554372660061341,0.9610298251996374,0.5712030260629878,0.5012902549525995,0.9140358605330035,0.5328710200802361,0.6914634938378631,0.6594297189366012,0.583572295891556,0.9604004023775973,0.6317973900560169,0.6527803108800189,0.7531755687030526,0.6410803646020554,0.9820322682029411,0.6479235207329888,0.1638518095217579,0.5906633922448256,0.9709051317760086,0.6772221401879615,0.6060995418509232,0.5625999943719646,0.5608610430187196,0.5220012883828101,0.5100659639895502,0.6244796669144099,0.24215579029769568,0.5824103172119962,0.6891046140355731,0.5993128806183281,0.4226015824258437,0.36115555103967883,0.6007609814377589,0.6055393987181149,0.6150099483671816,0.9088276223555245,0.6445845108671866,0.6772337089477384,0.6758380829191216,0.6936493336822002,0.6781102244462167,0.6767698315851989,0.672927450675041,0.67476932808411,0.6733740368032356,0.6774681840959913,0.9823619437011744,0.6723948783453316,0.6748230413421852,0.6736449178148799,0.6939836877903728,0.6926913110044575,0.9746691119424871,0.6279499154560528,0.6906263645258387,0.6727161620349309,0.6926788777786794,0.692256003889887,0.6944571373229217,0.6714589955285897,0.6902401719869822,0.6934275397016082,0.6785274766330507,0.6922072824190624,0.6921789256491246,0.6791943512249212,0.6912502654064245,0.6543950474543875,0.6932893648551521,0.654086291966569,0.6720001781762688,0.4988040630032986,0.6931817098697628,0.9859450184927308,0.49019901185693326,0.9868818918059487,0.6614727731886507,0.6762617011421191,0.6922619877245514,0.5659418832117172,0.974473684610861,0.6738801650194226,0.6739275730117394,0.6916178520588953,0.6881972995100671,0.1478488750623936,0.6766207511426283,0.3506067057672016,0.5766387631235917,0.9804591815934085,0.5479219244698958,0.86779074595553,0.5730676196346047,0.9711850931508572,0.5611030861763718,0.5790070949786655,0.5701659474154052,0.677440923003304,0.6499384255542283,0.6054572704201686,0.43159746026837426,0.6923274418915911,0.6906502989092106,0.4650916008382398,0.9542821480949569,0.683848466486655,0.9867934504249881,0.22290712818191843,0.8355598035248436,0.5483944051790156,0.6900857039800325,0.554080598226681,0.6691211209234565,0.6624009562324811,0.6466930771071867,0.6793867259906253,0.9954641580345364,0.5945188389458967,0.5073154547921603,0.15118863816074202,0.2535466269339809,1.0,0.6652076469843732,0.6886564793412566,0.6666815824114269,0.6712320286325647,0.9350053142558417,0.525796350265078,0.47760275422066933,0.9409323717080785,0.6355361098655451,0.6474966149158157,0.387049731238868,0.4080664292601524,0.6440585624327696,0.6466898760192041,0.6225537523435467,0.6902408160918159,0.6748272356815166,0.6733987459352807,0.6701985708768383,0.6838734100467017,0.6891916566767374,0.6766710267858834,0.670993840910567,0.6912687068336696,0.6749644081263025,0.34371902815470823,0.6729334619656552,-0.11951730341742946,0.6759372186045394,0.6740406197373705,0.6844941643988073,0.21926107025585082,0.23273372381051066,0.6623721130891673,0.9723046742335231
UCSF-PDGM-0395,0.5412906742653465,0.9521283681654441,0.41042967288778615,0.6813388656525458,0.7095763999516047,0.5913874195488442,0.6569004017583242,0.8885995438362552,0.9460879166012726,0.6864486280702529,0.9617142431978887,0.9633686471328397,0.3633764134475465,0.9712772632715191,0.6653590978545554,-0.22454174316914627,0.630988408227434,0.7496954785805595,0.6913988081765664,0.6760520656802376,0.5405686165870032,0.9891249570534985,0.8416087983859876,0.705947988753117,0.8729484588946619,0.5991112047144895,0.9675866295913059,0.7201335864060028,0.7429971172806572,0.8056781947423892,0.9991038665716714,0.2609884747353488,0.6487193534214873,0.9161222994304523,0.9915672802080281,0.8645037676063219,0.6404755957763347,-0.17567774566449698,0.6926964719035285,0.9279553848724289,0.6899796054698176,0.9376098128052045,0.5676197583093888,0.9469923380180509,0.704507655680307,0.8496024677549217,0.6703549189986856,0.9162215641299946,0.5556008182801698,0.4661027524978291,0.9449549926971204,0.9885783970679691,0.9890753104503912,0.9057268508734269,0.5284943287871319,0.6577242355718905,0.9833424986896282,0.3018198428144664,0.9560804254013334,0.6145056913660002,0.9854380730651493,0.16760775218218354,0.9434493066288593,0.5901063662552853,0.9822770019911464,0.9782272738061276,0.9336271727477516,0.9143035685242826,0.5444868027088156,0.9102934861463434,0.6668591465776709,0.3072879420589385,0.9374555132985622,0.7166551791972449,0.9327138549501534,0.44506658679944566,0.7794928245411399,0.9099326046548442,0.6597913153084589,0.6640021079398797,0.5231699515835685,0.2447518976698968,0.9969841551802677,0.9973469408765766,0.9924959159999868,0.9963011003514599,0.9971756207957178,0.998463726238274,0.9973064583731318,0.997003015485126,0.9951383768751056,0.7163432858434701,0.9984395521296152,0.9974082934364844,0.9698929256761072,0.9919053362271991,0.7141613288110735,0.7219813018882285,0.6754652196657512,0.9956946202649212,0.9967878834265219,0.717953809715002,0.9936568581242391,0.9903490469190567,0.997799449859676,0.7161275957476255,0.9880205123085632,0.9957160002994476,0.9936772424133066,0.993688688665803,0.9936505079284693,0.7201949385285163,0.6962863599995959,0.9929415056617121,0.7017470058810916,0.9982250730117769,0.5338081930663992,0.9930487628155779,0.7124130952868325,0.8311149368809382,0.7012832661515014,0.9472980600257437,0.9972984585303049,0.9818343183178152,0.8803116055832901,0.7086060313542052,0.9971396174157963,0.9971509866939219,0.7066280980094737,0.9944890682240952,0.2553978546273466,0.9977407502230172,0.8059299680063962,0.9170234618982928,0.70037088490606,0.9322283786829991,0.41605563798776624,0.9480075070058168,0.6039203446879696,0.9422767349613572,0.6266893412243377,0.944894512376234,0.20993344543765804,0.9801754790605374,0.9659931344213541,0.7775578704571099,0.7186906556772501,0.9939595347722557,0.840194958243355,0.6231583216601805,0.7182098065629318,0.6768333197193404,0.6588825866926116,0.44776204112896517,0.8615128275962329,0.994682351060368,0.6261279992753942,0.9988189278135801,0.9984396587402512,0.6851432771905138,0.7130084274870742,0.6924751730600605,0.9654979793805637,0.9116953208360115,0.5549224785304637,0.6867905808654223,0.6652076469843732,1.0,0.9911343262548924,0.9434006749103571,0.9916687728913335,0.5323701388302119,0.8415268026731356,0.8059978918726859,0.6194527899335351,0.9897543171547459,0.9321540780784189,0.7258917038635496,0.48939924987634936,0.9937100472113468,0.9950074552693677,0.9683967221292843,0.7210772718501904,0.9973136020239944,0.9985451984201935,0.9294432979591083,0.6833072970430283,0.9720188076833078,0.9972058560681291,0.9631690586873072,0.9782719699364666,0.697044669008264,0.7384049779177146,0.9968632854140551,0.15289469932769056,0.997339427014289,0.9758854901430282,0.9600853129824528,0.1663764973327853,0.6878745031403026,0.996700412768387,0.7148464646990533
UCSF-PDGM-0396,0.5518037915169508,0.9521381236387808,0.4359590874888299,0.6995346710660687,0.7239851436045442,0.6030961555366617,0.6356787502087792,0.9070954290961919,0.9598235879698185,0.6816387963061202,0.9618948429611781,0.952301563339654,0.3470569282900507,0.9773015206365656,0.6769730548143119,-0.23417429955912095,0.6567528013927507,0.7683106151387366,0.7085051337206228,0.6968430938838713,0.5799986882195591,0.9767446645309326,0.8344515575324736,0.7266675935482069,0.8753439337204744,0.6232637082554521,0.9496325530792169,0.7237660885371117,0.7621471182710148,0.8187368650272414,0.9916089755668399,0.24925900331165887,0.6550918613708117,0.920062117534812,0.9975634141845894,0.8528668986745206,0.6520904529799678,-0.18717508372582553,0.7195503915706402,0.9219778969942697,0.6995901198829915,0.9508091447388742,0.5998387531259608,0.9403939981325535,0.7159191891901198,0.8371115595983163,0.6864261444157215,0.936084543653237,0.5580667927326104,0.47510768643357376,0.9283732843339076,0.9989104252716708,0.9949921831323232,0.9339215061248386,0.5448107293315773,0.6739294819941462,0.9927957109366196,0.3305815465217553,0.9769309098003774,0.6475253557343866,0.9905365351915102,0.15642366871275482,0.9585455235221462,0.6133844069533647,0.996724416344508,0.9715664653977168,0.9383440936163117,0.9258207396130694,0.5590084343010473,0.9096048746981554,0.6684067160930449,0.29606318925007385,0.9509608005897963,0.7262373472518328,0.942829579279419,0.45010904117330336,0.7631587826405946,0.9415724700736007,0.6555462355619326,0.6583230415689096,0.5443413592497495,0.22214878331156648,0.9923489795390941,0.9903879596216748,0.9973904956079387,0.9935647719819964,0.9916996396325379,0.9886173619192496,0.9888751735286354,0.9868914797107428,0.9946050890662915,0.7296240922849286,0.992118998247889,0.9905874719305305,0.9863326397055879,0.9978262511013803,0.7239476335623514,0.7261536763527716,0.6714617091180046,0.9958071641574643,0.9859536716549969,0.7293759940998591,0.9955198621488479,0.9984129705040103,0.9878472776530209,0.7220050354564553,0.9993647959925384,0.9941345005602634,0.9954535995210061,0.995415015893303,0.9950057982551544,0.7283777990058106,0.6973287241644949,0.99691334746897,0.7027865417124679,0.9872934679203034,0.5474364239253444,0.9967695530754299,0.7259569071728008,0.8487469621569622,0.7098411436988162,0.976329126509904,0.9909853348446724,0.9974990240834357,0.9135237372639415,0.7069836077174172,0.9876119669582399,0.9876794039788536,0.7269160815494272,0.9952465867587992,0.21725175520704454,0.9938339005121059,0.781355512610108,0.9385931710143708,0.7217029120437967,0.9234330218654352,0.42327310148843444,0.9431360724798608,0.6128349583639666,0.928529942550983,0.6203281639034778,0.9304013198005632,0.22283534733981394,0.9901190518609349,0.9575452973149365,0.7802369647149943,0.7291556689190891,0.9933205147125257,0.8491878492155103,0.6368558009588667,0.7213847632545969,0.6914311743309559,0.6464190132732105,0.43990974539230465,0.8840997807199724,0.9988172703999033,0.609009299995917,0.9920540849524958,0.9904287270314339,0.6862592449551429,0.7182464519834365,0.7128040934147511,0.9512394765012139,0.9079843660241281,0.5310624386137586,0.66230563198462,0.6886564793412566,0.9911343262548924,1.0,0.9750058324995359,0.9960544463546963,0.5715557509154808,0.8631951044727819,0.8157374330932551,0.6477715228075839,0.9806043664726308,0.9450633263013855,0.7397697688335396,0.47284787335523143,0.9883460369096483,0.9898501631762661,0.9740238872211114,0.727577125457708,0.9889573117509213,0.9892888994929561,0.9648401646692085,0.7166338280845916,0.9928504758853318,0.9915609653191177,0.9823500070777881,0.9959792731243643,0.7144987252925962,0.7314214782548907,0.9862635860858886,0.12386606565395962,0.9905278912848039,0.9894348067666752,0.9858651079522389,0.14412591973447839,0.6539404078599551,0.9940464279200301,0.7178738002085616
UCSF-PDGM-0396_FU175d,0.5279987458968783,0.9239517546514762,0.40638270782360947,0.6699855092557642,0.6822633493015743,0.5673587065526517,0.6408350993588638,0.9050026084182222,0.9637357756819507,0.6220776688717785,0.9490688674198479,0.9134387723463089,0.3070573727574419,0.9653100008730758,0.6411784496005026,-0.23036955556548747,0.6202619823306161,0.8232870385145056,0.6726091757931537,0.6719061267519573,0.6252088354301283,0.9265849856878207,0.8429402396863218,0.6971096242651799,0.8613870783989703,0.5910699969716667,0.9073652200510992,0.6623210364140769,0.8266995198507342,0.8659384945604195,0.9479372250629703,0.21749052959009224,0.6074280997879842,0.9171058756202725,0.9757762415178062,0.8289452604364629,0.625500913490198,-0.1949398973314874,0.7043718951885375,0.9004698256009195,0.6619388381259691,0.9547466067421743,0.601113064359719,0.9121085431549336,0.6727940872284177,0.7987208766321757,0.6655540230227097,0.9624852773627621,0.5228527245847223,0.4382158060994521,0.8977849122896611,0.9784887797434864,0.9791750092586912,0.9555029602602991,0.5260548927723062,0.6530920064338464,0.9789454023750319,0.35082105515231077,0.9805128592236092,0.6298200927297222,0.9756812011228454,0.16647928182863359,0.9743912995323997,0.5750486145064776,0.9863638374421475,0.937084813836066,0.9251790606003504,0.9384840024051607,0.5681188556026435,0.906482898218658,0.622034276292226,0.2720795243575103,0.9718425958128147,0.6763009568337849,0.9376334581220628,0.4143914230892232,0.7482882851276872,0.9691549945458076,0.6044424252292023,0.6040011383477218,0.5062088011716286,0.20898916799528638,0.9523967142268571,0.9458526694441677,0.9651250642264361,0.9573693823955255,0.9500872702694795,0.9368350417196927,0.9414445568942755,0.9361645579074339,0.9627864752707826,0.6854052400257488,0.9494885235988674,0.9463054042184754,0.9886804932377026,0.9675879838880828,0.6739901091576801,0.664348557186667,0.608024177093045,0.9527351598926523,0.9338116258869227,0.6815242164129882,0.9572912032712827,0.9724210772294665,0.9377895095103347,0.6645410452704076,0.9785162475153187,0.9602291910297404,0.9570550419258199,0.9569183725103015,0.96694214459471,0.6742488821497418,0.6354677901607622,0.9628289692483127,0.6397423983564243,0.9333863047344807,0.5369758874816625,0.9621908783006663,0.6823260764918221,0.9078995478194809,0.6606445473516874,0.9944710754379734,0.9477221903499558,0.9853396125339204,0.9465075464090835,0.6443361187445028,0.9380295439719268,0.9382069358531923,0.6969469146825128,0.955416693426984,0.15986835489372248,0.9537467425328072,0.772113609034566,0.9589169679852994,0.697204184646645,0.8893240902127456,0.4314457156365413,0.9093943009806419,0.573604969767767,0.8843463065659009,0.5470981717834122,0.8826876402592846,0.2177080591427992,0.9809763001122785,0.9239398921978156,0.7949942033210526,0.6794418963754277,0.9501978922024155,0.8527215422058209,0.6141228799297254,0.6597993422346389,0.6607854840124027,0.6699765960369453,0.4186264563320077,0.9067471341125671,0.9641131490878053,0.5380566170227638,0.9490926523701008,0.9456436174222204,0.6336749964594617,0.6644123846742909,0.6832020380112905,0.903616523161291,0.8946445994788921,0.5486561321120877,0.6468749771844982,0.6666815824114269,0.9434006749103571,0.9750058324995359,1.0,0.9725947942926361,0.5635347858119722,0.9050983490251783,0.8566125662183872,0.6120922861364971,0.935376795659093,0.9441629966380057,0.7563116363465436,0.4257826297642689,0.9518338281960524,0.9533630879136044,0.9699325091767721,0.6702140849877275,0.9416740168970179,0.9386634641018604,0.9934151016636827,0.7131075168638642,0.9911878406636462,0.9496153517998466,0.9902988510980067,0.9879556125069084,0.6729353003281102,0.719446616157195,0.9345805831467151,0.09908999525848824,0.9462829146412441,0.9843605070375826,0.9943648420197739,0.13400796065851273,0.6346116738254655,0.9601983932993676,0.6637479090048911
UCSF-PDGM-0398,0.5355664637760812,0.9406672992481211,0.41605448491025443,0.683378990829916,0.7079208618901006,0.5779534037896616,0.6500203561528362,0.9032160009121261,0.9649413451552106,0.6751973198902852,0.9724960670623071,0.9502551166248576,0.3293880095942045,0.9820510962960742,0.6682264145559959,-0.22584208123233399,0.6350930564546189,0.769507610248791,0.6913689603951676,0.679079253183558,0.5815625031941287,0.9763438627467541,0.8630038922176012,0.7123657247403047,0.8654296813985208,0.6057401760181024,0.9589074278737172,0.7080196943557497,0.7981487325870125,0.8474218632489976,0.9915547243706736,0.24952070520330383,0.6327763136073077,0.925962211039149,0.9975789023831952,0.8469028725403586,0.6466904699336604,-0.1867766748611993,0.7077168413484566,0.9179343642022729,0.6920732198953937,0.9549403636709095,0.5783398912840384,0.9388069972592528,0.7022747499691167,0.8369263135075277,0.6789373000301766,0.9507297973424471,0.5558966861162264,0.4604461863579989,0.942916531094092,0.9946924111705825,0.9971859324786994,0.932603778837789,0.5367211571355796,0.6745451279804431,0.9940546642534526,0.3025117688196002,0.9749818223949923,0.624566342209758,0.99255873100104,0.1684666127775169,0.966498881944937,0.5888808206652473,0.9928889758887312,0.976338395605143,0.9423703747200218,0.9239968031638693,0.5732274372971341,0.9374920269166374,0.66869528730767,0.30290067829312384,0.959284720376938,0.7117346072785948,0.9332730519617066,0.45843106843547826,0.7769217698186776,0.9412805445994062,0.6552894692677916,0.6644461807837064,0.5297285234951772,0.22975270538770196,0.9927803924229637,0.9904036926627746,0.991757862069036,0.9943353594458346,0.9919807263029145,0.9891830095678938,0.9886272004426383,0.9863422293070127,0.9957553968620431,0.714213651574488,0.9923763394642826,0.9906287699668622,0.990503791111519,0.9923695289682054,0.706672485438655,0.7093162603876297,0.6584752660911757,0.9905042965118597,0.9852747347944123,0.7136632659352029,0.9893714177836649,0.9933256560406826,0.9874136941555689,0.7041358263574178,0.9960051247015812,0.9951111503245481,0.9892904957265161,0.9892434498569421,0.9965057445439988,0.7121518835235907,0.675509865713648,0.9911231140086826,0.682369186881694,0.9876624861821536,0.5620103427463462,0.9909365318854444,0.7100912327366244,0.8657270600932548,0.6960120877727061,0.9759154004690043,0.9911166644250687,0.9949041132549051,0.9134416344252441,0.6955465426018109,0.9871674495059763,0.9872449413243902,0.7127804807603362,0.9888485487304537,0.23352108246520745,0.9954709345640612,0.8157255402187615,0.9454409898493167,0.7105892327554614,0.9211505503205776,0.42369611860145523,0.94636833722685,0.6012897544866356,0.9280173223555909,0.619120538489084,0.9281776971585338,0.23189476484156535,0.9917184948053648,0.955067787891764,0.773278716837043,0.7132895001850221,0.986750622565271,0.8539183842272711,0.6242293267108248,0.7069485169144479,0.6834135281044736,0.6801339905535119,0.4471049530573906,0.8737100569786304,0.9940868633256382,0.6136892689091668,0.9926094742299059,0.9909276116553917,0.6835952676376131,0.7055255468627034,0.6966175614822144,0.9504990545238606,0.9214789243093309,0.5466454994652358,0.6777859551302516,0.6712320286325647,0.9916687728913335,0.9960544463546963,0.9725947942926361,1.0,0.5497130617051373,0.860822765117222,0.8265547378533445,0.6280451447700858,0.9815179418496655,0.9321859025739704,0.7269904865507523,0.48645572655005365,0.9889561629306605,0.9902526247649109,0.9870892184386234,0.7110913898303534,0.988722777465528,0.9899613447709024,0.9658670689739569,0.7048618177903555,0.9911830919063895,0.9918118425159617,0.9870035414398654,0.9937493319059795,0.6965820443672662,0.7522238171234888,0.9856267402865755,0.13957494934150189,0.9905700188405541,0.9941743026380467,0.9850995098713352,0.1576172099939506,0.6881419610113341,0.9956009219702575,0.708047149031035
UCSF-PDGM-0399,0.8495261884643469,0.4640017956171061,0.9500704245297263,0.92406758270655,0.9134498209334917,0.8390568930995509,-0.00011466636106344221,0.40342963057811204,0.45576069440845335,0.4931086266584649,0.4324172664276085,0.4246687483279572,0.14355374576955662,0.47656287630384464,0.48784515718798954,-0.27303760338947425,0.9778003658890362,0.23695282578159915,0.9250237642248166,0.914495841215243,0.13376247081767104,0.474249769105504,0.24879822969895415,0.9227199444455509,0.34995357731953824,0.9771522001486953,0.3969571905671417,0.5606952631176978,0.2623262407742102,0.2662268063368258,0.5283634157799211,0.6945460519064568,0.8516851273538667,0.3589756043410476,0.5409035015701564,0.2917402225132196,0.4563446053709404,0.21492560953645162,0.5801107377718508,0.39521090077296067,0.9077146343782398,0.4284810142147129,0.8808654965142457,0.3928550703135473,0.549520807753644,0.26009002014743643,0.8867651582103198,0.4435480930757453,0.32206741268791356,0.9358073456427871,0.35465991840929145,0.5754697444128192,0.5298926732200709,0.4494250998651477,0.9507173765994225,0.5292966189509661,0.5231174102066756,0.6513237187620228,0.5155585159055199,0.974692081711766,0.5135574663497494,-0.04763092492529232,0.4502209196539192,0.9671327668208176,0.5563438992694922,0.4493515193303044,0.40084939997360974,0.3951088086372694,0.3841721106186054,0.4328175055748153,0.4871290076685225,0.029332388239613517,0.4365511098904672,0.5691654399679131,0.4446030577193977,0.3880538606782002,0.1720716175140954,0.4775439420873795,0.45584975162731384,0.48549637919015676,0.9765829305284274,0.4927581720426521,0.5515010625724085,0.5482338606288718,0.5745234949716305,0.5539542392299224,0.5503526345140155,0.5449650324215258,0.5460124277678448,0.5433331561340401,0.5544007694826429,0.9140569327667798,0.5420314207254717,0.546659563909851,0.5678004514699749,0.5757358325382644,0.5717135323540258,0.8984173881028497,0.4728196744760684,0.5693804167834309,0.5421334038632798,0.5749860481530907,0.5706090817556732,0.5780825650757783,0.5397316270093414,0.5661620756354613,0.5819578675077096,0.5553511540757913,0.5704898894762371,0.5704208829967816,0.5585800879876308,0.5708690008260116,0.5104479477162042,0.573384743367104,0.5123559379500566,0.5432098678532874,0.4342223257176793,0.5730669345115028,0.9165033252960133,0.3524020512173684,0.9166390762414273,0.5582199867542065,0.5491712374941863,0.5849469999669696,0.43632454423812395,0.8932617521349708,0.5442816508176624,0.5443717512179198,0.5810845160139354,0.563028136251631,-0.0726837831110419,0.5534336362129367,0.1606256122874801,0.4405634432862989,0.9203198500976836,0.3643161634249887,0.7608669979274645,0.40649526685380516,0.8877794569560267,0.3874128093434265,0.4953740008067813,0.4038899020539152,0.8241264586053714,0.5216781191238807,0.43898046395451196,0.24423225081620428,0.5738271456692546,0.5670038818322333,0.2931418861015657,0.857173939912111,0.558301214561576,0.9272882020947453,0.026984532254294393,0.71037667569445,0.4016390849393532,0.57044277994211,0.3983009116718115,0.5361480454430765,0.5245317141109488,0.5123061745890449,0.5533838074879079,0.929282910980452,0.43040076109230435,0.3353891882501463,-0.07077333030837273,0.03513715058157513,0.9350053142558417,0.5323701388302119,0.5715557509154808,0.5635347858119722,0.5497130617051373,1.0,0.3777637201449837,0.3371814011992239,0.9724199573364174,0.4829675719079736,0.5118075379206759,0.19798422797047258,0.21885735992061586,0.4979530767345316,0.50164870262784,0.4962384200017277,0.5685121789815879,0.5461284269238706,0.5458922805217701,0.5848001703881415,0.5877748704681396,0.587139977017101,0.5501173178070792,0.5681281259507421,0.5859956637927338,0.5832860566139685,0.1675456399653786,0.5425258615161211,0.0028992534450839394,0.5484498491635574,0.5672631242680968,0.5877916311635618,0.10214259377086955,0.021914344028891676,0.5271018639295052,0.8977782625790108
UCSF-PDGM-0409,0.4993647254096753,0.922944411167696,0.2787762617097641,0.5131829226149806,0.4973333918399979,0.500479489992508,0.7721055479810789,0.8766571427105613,0.8902274299800778,0.4545261201029484,0.8739799775016578,0.8957926434452251,0.2868715121449167,0.8847210035944836,0.4645010259882513,-0.24017755558002005,0.41573379429546353,0.9533180483458122,0.5114945078110664,0.5148914242878299,0.6044385625793987,0.8689830869017842,0.8010122945921234,0.5026119407980649,0.8788185279493,0.40190488858412776,0.862233011939099,0.48134746456126615,0.7446271965360219,0.8234182449817798,0.8591255128394305,0.15518396716093574,0.4903043341774635,0.8842194452347899,0.874115933478079,0.9030175190832355,0.4543997484062955,-0.15644124506008203,0.5024686127356182,0.9385669537563248,0.4782540244902768,0.9071435795713325,0.5268255677707944,0.9046124808507877,0.48867789799885486,0.8333645083281485,0.4788129038702399,0.8650022567637224,0.39163233431083555,0.3158272114930897,0.8673066033403564,0.8727879458579999,0.8844294089900977,0.8920289002981333,0.393008501730847,0.4394898111852859,0.8801448578853434,0.4489343658938754,0.8933207818542642,0.46019761924352687,0.8897877282780734,0.24815530354539322,0.9088591629400744,0.4408578856048141,0.8908459512109186,0.872254239703844,0.8826155568073295,0.9738045542761918,0.40279145038763897,0.7685938760992053,0.43501360014937235,0.23827388195615923,0.9389013300434113,0.48872847854176443,0.9451648586903497,0.21163898979878054,0.7707659950414251,0.8912884457705391,0.432561797218821,0.4097579383825947,0.28851070149044467,0.26632838488713334,0.8495358900980053,0.8453146035324081,0.862818030372083,0.8526522813190346,0.8480603771027418,0.828910914455463,0.842407299324072,0.8388678378258597,0.8559095903652856,0.495012530641843,0.8530402025380033,0.8456103426862032,0.8673223527972631,0.8643104737712827,0.49658960603203944,0.48365482289451794,0.45523824242884786,0.8447824053398542,0.8372726414670404,0.4929987229169147,0.8579080139029759,0.8671489063973831,0.8429187852081755,0.4913704682887948,0.8599720377659799,0.8544014599483029,0.8577566762587153,0.8576690157598222,0.8583523392455911,0.4891153203188196,0.4816435048251432,0.8614028314026606,0.47590632352815027,0.8266099743320892,0.3009582479892286,0.8610057795452186,0.4982282138505574,0.9578275024308974,0.4851303869731158,0.8783909998520963,0.8465329098641734,0.8630715586817246,0.8857607854366455,0.47171168664299545,0.8401246274251425,0.8402438056796074,0.5005262143512581,0.8609194237907295,0.1447350575458761,0.8397807032271014,0.7569362187024311,0.8878718124475317,0.4967420720154129,0.8971890193439664,0.41511903551135737,0.8724625153335804,0.4917242221152893,0.867615261484118,0.3479441262174188,0.8487123342479085,0.03364289473948713,0.8832132013886597,0.9160972895292251,0.9189835093288102,0.4919005143754594,0.8532921415977055,0.8518749493057196,0.4825365083228292,0.47933400131070014,0.47751884773235426,0.7348839240248758,0.35722362357267623,0.9779254775083747,0.8542928139090491,0.3748632717340069,0.8572129834916592,0.8617428049910753,0.4532306228848531,0.4810317627965521,0.5132971225447465,0.8671839825154731,0.8454939508576282,0.7971171463529152,0.7573521873492043,0.525796350265078,0.8415268026731356,0.8631951044727819,0.9050983490251783,0.860822765117222,0.3777637201449837,1.0,0.9686505899826913,0.37893601988352416,0.8755864743992978,0.9379320307821966,0.8856670718098281,0.304913469750276,0.8799347433999883,0.8784947646377764,0.8583990161766286,0.4869114286039217,0.8425597645207203,0.8301209692609572,0.8567537740490386,0.5063871815307279,0.8647280890807522,0.8477568749985496,0.8668800244787376,0.86399607086294,0.4680788241201058,0.7001736858793371,0.8377951060326322,0.16466706817078555,0.8455957967232326,0.8549707509708051,0.8641653343603366,0.28501087671579206,0.6932465600812219,0.8739631446802373,0.47179207132847367
UCSF-PDGM-0409_FU001d,0.4541958907617703,0.8582688764350749,0.2627600341005785,0.45902931960894566,0.43769186597142756,0.4148740520224808,0.7133919840421434,0.7911195156912509,0.8255218463219323,0.4098914004308751,0.8292968659613567,0.8363140578349718,0.20534221522876434,0.8297826146825737,0.403270242903777,-0.2634604501229162,0.35594691366343784,0.8961501922248015,0.4574015319365249,0.4486416457193178,0.5030273432624587,0.8206339144110526,0.7797143816911226,0.4456841552519447,0.781950325622804,0.35094773404820734,0.8280732303824632,0.42743816986833827,0.7359787357623888,0.8058341449513984,0.8239190855065716,0.14112272722846086,0.4061417480766062,0.8141780499477435,0.8283899786813663,0.8267798621659747,0.39781394745810195,-0.14602758521612405,0.4455392039423041,0.8840772506095379,0.43679683891379256,0.8387663261667581,0.45496894551578365,0.8349511819120067,0.42865180203721265,0.7422151676669457,0.4210101634483048,0.8256996887088371,0.3268530710348277,0.27382831054180945,0.823227831724948,0.8294825750422199,0.8432558788323765,0.8061397892505303,0.3843273573673226,0.40881746373646355,0.8298579099422588,0.3716511410108121,0.8245884351546523,0.3993561691712941,0.8433482241817415,0.25394229935109686,0.8623688371529,0.3917776662848425,0.8382616033917668,0.8179836465005389,0.808491207286708,0.9167992078205234,0.38790078249077137,0.7753999814699186,0.4076606632362505,0.19085472217342658,0.8973865735708935,0.4347398671010092,0.8738030007473581,0.23245093672086495,0.694683961981685,0.8125344579314641,0.39298511304987765,0.399726765037283,0.2508458639214174,0.2469823901653363,0.821432789172181,0.8174565032136499,0.82080512909563,0.8243600789013109,0.820044195217191,0.7996294424805584,0.8147121834526609,0.8113661088700217,0.8268739319744104,0.43862099392680165,0.8223619411379512,0.8173153360086479,0.8376803799200335,0.8221897805624624,0.44201982541205487,0.42846480341067733,0.3993902927843031,0.8017626848132525,0.8098565167867875,0.43681766879472866,0.8162378358267077,0.8248166148406101,0.8138980897197902,0.43734513646009887,0.8158099569884523,0.825999120795906,0.81609682728703,0.8160151443004946,0.8296864918044943,0.43334377527695866,0.40790815375831957,0.8194904013791431,0.40097376129206697,0.7974578167981567,0.30838040906428726,0.819121267682613,0.44228802032962033,0.973912156695522,0.4372470767170373,0.8224455216206399,0.8186052139734127,0.8186097459689724,0.7979884056217103,0.43097789079626436,0.8125548025870004,0.8126674920811521,0.44327864564467034,0.8167987755138019,0.10593126194955116,0.8098532518611172,0.7596086136577128,0.8199793740016225,0.44412693987552093,0.8250862183639861,0.40957934122920503,0.8040893423407488,0.46301390845901524,0.7983964609948333,0.3235335230009139,0.7779301479455356,0.07798918269503126,0.8327025140543247,0.8640856506538358,0.843718203698635,0.43583483638298576,0.8119321498090095,0.7578862540806452,0.40775280327940777,0.4275324287524236,0.4419621468510865,0.7399840960348125,0.3455832567423427,0.9227781892017636,0.8089534304352154,0.346330375133636,0.8248611593548555,0.8262708677552898,0.4167497361625254,0.42991259549466265,0.4591843684964963,0.80785024179639,0.7983474019674912,0.7808604415982285,0.6837520581627322,0.47760275422066933,0.8059978918726859,0.8157374330932551,0.8566125662183872,0.8265547378533445,0.3371814011992239,0.9686505899826913,1.0,0.31472073323910266,0.8290731186961634,0.8933062507807131,0.7794970307201926,0.2733010820010332,0.8337062956965092,0.8330584085830202,0.8338253457695358,0.4313739160133681,0.8148562008905015,0.8007706563163988,0.8119655526220343,0.44890691891262924,0.8200122161602101,0.8197583904406842,0.8371297282810964,0.8194200926563765,0.40677309413484913,0.6821551995293108,0.8103510418413253,0.33183185790003106,0.8177217061328886,0.8237452811912623,0.819315594168402,0.3791185020572162,0.6566128415853411,0.8364315857398728,0.42891668678951966
UCSF-PDGM-0413,0.8327818579997621,0.5287961295694769,0.8945837560050252,0.9461081197730326,0.9550518469033802,0.8617678981817198,0.09151256597420057,0.49333733209890146,0.5452779221489233,0.5821734434732957,0.5294173402175091,0.5127563282982885,0.22081555648214535,0.5672638260852353,0.5794021175861174,-0.22713844751244167,0.9945833365495593,0.2571240572343938,0.9495910180988394,0.942631030226348,0.22103441296892196,0.567094060917903,0.3542218003175132,0.9592109064140375,0.438393917031732,0.9864925242497702,0.49828022944464606,0.64261556764834,0.33823632856813934,0.34594161119883055,0.6098072126954706,0.7007840528507686,0.8947725158431227,0.46055087930453337,0.6211725984639761,0.367997573411139,0.5461459634107385,0.20417864826292795,0.6474186119918646,0.4562370617374668,0.9446656045735803,0.5166082588305266,0.8763174877004734,0.4852413165703338,0.6312140707858661,0.3757110684943619,0.9296847675430828,0.5240309411970837,0.4325962726055084,0.9210201973839168,0.45960615910703084,0.6437283474015832,0.6058956250284775,0.5338916980952213,0.9271229647512939,0.60282965384657,0.6066366005725626,0.6050197135432152,0.5953329569720338,0.9756004316901868,0.592347464707659,-0.01866176662203377,0.5254007448262001,0.9552658741535165,0.6268276972037065,0.5501129809671349,0.5035152972037789,0.4462990253803946,0.45150921485091156,0.5160900938065408,0.5749404091014089,0.13769656959779172,0.49728485471056055,0.6474526245767073,0.5058715183511694,0.43832458886960546,0.29193384507606396,0.554828320507302,0.5509619829221156,0.5710391403692389,0.9764289627308559,0.498549691831087,0.6265826091859614,0.6246895203988242,0.6453173211352088,0.6278848863534597,0.6259357377670387,0.6290461405051714,0.6233190608000221,0.6215922744621027,0.6275303814495631,0.9566530626184218,0.6199084676470084,0.6235037181625608,0.6286917416206874,0.6458929552556262,0.6438556978585592,0.9467237402921496,0.5656951797807539,0.6488987881273053,0.6207960416217726,0.6519473198383329,0.6432403109763226,0.6468862677929402,0.6188868807692686,0.6405793654970809,0.6544694318798614,0.628569533461277,0.6431726851285767,0.6431334290714481,0.6299451956470744,0.6497638132532938,0.5981655357005061,0.6447446715104597,0.6059870797120238,0.6278921273266597,0.5035078135037448,0.6445798467395563,0.9558276356878799,0.352453348076978,0.9524241104407712,0.6238203745755079,0.6252487896831287,0.6545048098161904,0.5171887624800694,0.9360508668281794,0.622212043868061,0.6222704514131776,0.6524432264222578,0.6378107201010232,0.05814968159727746,0.6340652039148937,0.27118399169820884,0.5259583221393637,0.9565490453845831,0.4603075356405196,0.7331444632716081,0.5124033694350348,0.8822630251825033,0.49051307786827014,0.5811271938120087,0.5095634915245063,0.7697209977005679,0.6021094084321811,0.5144716609366664,0.2862112997292298,0.6513683628087384,0.6411029373330337,0.4003492981432592,0.8961335046700581,0.6403386941938515,0.95257187388013,0.11217446143186768,0.7307803210748445,0.4254712584199865,0.6486327167835995,0.5048486309182398,0.6153737848846098,0.6065443954033208,0.5980595990675623,0.6342715631946799,0.9538745351405671,0.5281305816186589,0.44549781120892634,-0.04306694075462569,0.14492083791405336,0.9409323717080785,0.6194527899335351,0.6477715228075839,0.6120922861364971,0.6280451447700858,0.9724199573364174,0.37893601988352416,0.31472073323910266,1.0,0.5732361292128394,0.539966844308837,0.25950922208301896,0.3385416862952653,0.584611102038308,0.5878674650422747,0.5770684921326288,0.6483790168794847,0.6233920830074853,0.6296427371794866,0.6389384109837979,0.6494117316401381,0.6529720775163007,0.6258005813970761,0.6269413087362385,0.6541060399238335,0.6579757718263413,0.2797603361166567,0.6210579608726909,-0.09015976483843612,0.6248194472636517,0.6362061639863329,0.6498533069594457,0.028304966156472728,0.14526641915759292,0.606863591916118,0.9445906874015602
UCSF-PDGM-0415,0.5433001308493245,0.9737876690871883,0.37499942390095636,0.6499225474101674,0.6737846114288406,0.5927260440606127,0.7324275331407389,0.9234037121618273,0.961421947490126,0.6568978465489558,0.9732587054220159,0.9864717157329185,0.3731146788351845,0.9804843615304266,0.640043193734427,-0.21069728740499022,0.5876749592791628,0.8067667801047876,0.6595218780183102,0.6481940934741255,0.5866177466193155,0.9989347354130916,0.8688601376143203,0.6673261101253082,0.9163881523226874,0.560088937720266,0.9844182048600437,0.6844279330636125,0.7515238290208558,0.8277482093874968,0.9914591470934858,0.2525823037671449,0.637723527095355,0.9462307629704835,0.9857616467843955,0.9158252606621031,0.6156489139881085,-0.1614210177244906,0.65299536744749,0.9612201565474814,0.6524113847402607,0.9616992532665892,0.5625741897799468,0.977560218084203,0.6713836458220546,0.9095985584062527,0.6367169477123272,0.9199688134993084,0.5545604445087902,0.4397261860701938,0.969856942554936,0.9763799994337192,0.9828191426752831,0.9296946984754486,0.49205273154800083,0.6142807905093975,0.98228818141481,0.33935694301723063,0.9648121626663323,0.5793738766352581,0.9840495200596462,0.1963598477691562,0.9528686659133305,0.5617891818813479,0.9777398433059473,0.9925746710581177,0.9643949578948979,0.946747372518074,0.516016087023521,0.8954679318860335,0.6348115249955844,0.33397138051393466,0.9503908322698843,0.6796564608935094,0.9607440930135801,0.4007470001360248,0.8356334235144923,0.9267175694045745,0.6333476844366925,0.6257468867657133,0.4732228544589854,0.2711192633456692,0.9817404295745893,0.9825730057850509,0.9801770771399582,0.9806797748090523,0.9821008982773922,0.9840369112277875,0.9828345611332799,0.9828799937688437,0.9792564050318768,0.6783681849395453,0.9866340170188779,0.982778247629086,0.9507751758319496,0.9793904109755917,0.676938665552875,0.6860280392704828,0.6523591277465797,0.9839957866402327,0.98281628746642,0.6803690349712287,0.981923890392072,0.9774283852654053,0.9853748173184262,0.6797957234491485,0.974187090063673,0.9798677844046008,0.9819611661102104,0.9819823691655739,0.9772346782386414,0.683317800659078,0.6688741515069707,0.9807999368780845,0.6742257163349538,0.9840247036400365,0.4836280941408038,0.9809555841810192,0.675769308202858,0.8444719255028635,0.6653452709840676,0.9406015364638919,0.9823931039054048,0.9672177294520569,0.9070653091250256,0.6713605627254381,0.9828948558268307,0.9828945633908932,0.6674853294116418,0.9853741312210467,0.2958273523246973,0.9821080216010598,0.8354596486025996,0.9360857874385634,0.6599540018114005,0.9687269856292768,0.4122333836630202,0.9796113216440087,0.5922310150783752,0.9742258187330298,0.5903353519529392,0.9701369535772526,0.15071628577180202,0.9774676195185894,0.987423500654076,0.8381553362724377,0.6813113692992406,0.9827175958580452,0.8935121309884216,0.6083548934980516,0.6833251213519003,0.6369158440804907,0.7113750854804953,0.4427844046887987,0.8970359675981101,0.9835008932265412,0.6057505479817739,0.9898784976519897,0.9941204171186622,0.655238863272363,0.67680849461137,0.6582735657565452,0.9860463370600652,0.9364388429459508,0.6393746940142225,0.7653260082092243,0.6355361098655451,0.9897543171547459,0.9806043664726308,0.935376795659093,0.9815179418496655,0.4829675719079736,0.8755864743992978,0.8290731186961634,0.5732361292128394,1.0,0.9352306683374012,0.8026313009217013,0.4930050399828872,0.9973802110832685,0.9967970196380441,0.9597826844451042,0.6845814254998738,0.9828262373812903,0.983996056096836,0.911532905003568,0.6418797605663733,0.9564939456620657,0.9821652182531285,0.9435993843945365,0.9632925954988617,0.654865118408288,0.7765442196182597,0.9828424601437442,0.11997714669265654,0.9825354318794188,0.957033574957117,0.943720358547926,0.1714722788629919,0.7523642863016645,0.9932029939933714,0.6735974435630571
UCSF-PDGM-0418,0.5638085971606869,0.9729482459423426,0.40862662280252676,0.64253793606729,0.6397140171553396,0.5817540903071395,0.6589739579291429,0.8646829693040614,0.899041393076244,0.5897279462855447,0.8940511308721362,0.9362751142508254,0.342345595300662,0.9159620646499435,0.575420330494161,-0.2749655570450359,0.574847140630219,0.8418824584889917,0.651180008819296,0.6332507000404692,0.5283035653335398,0.9333480886795591,0.7564091544640248,0.6401477451131924,0.8755912065137896,0.5531469216941391,0.8992139958149085,0.6373934177566998,0.6748660600231443,0.7580005776088751,0.9450873913439817,0.19800332585356747,0.6056807634568439,0.8689455555077048,0.9419394787134455,0.8890888398329292,0.5541860455859494,-0.22301260660156788,0.6282054915722565,0.9555672790570388,0.6129092447333289,0.9034965633341121,0.5781545036708875,0.9215736445689673,0.6256898513157352,0.8031504587190033,0.5928507004385057,0.8632298425429872,0.4533686586483978,0.43991387590020475,0.872265664656059,0.9555788976953825,0.9462430612559527,0.8814003863363801,0.4976081502568016,0.5606460180639035,0.9328861895293865,0.39438577934742985,0.9234484977645414,0.6008992324566937,0.944249360722384,0.17756006314318218,0.9142761577538282,0.5766675016664873,0.9547277083179143,0.9097125795191368,0.8789699328366664,0.9514517457008299,0.46216307684453,0.8036369862256885,0.5585716893853818,0.2205983447286358,0.9321553839199382,0.6377056642889838,0.9568983183908445,0.34188052610130154,0.711120912712493,0.8880275879456458,0.5492080660453489,0.5409097966493525,0.45293042107480924,0.23239552369967217,0.9439515598501249,0.9425563436239005,0.9554665664103247,0.9447242373332799,0.9435039478063619,0.9286527739239527,0.9414154750525595,0.9398690162004955,0.9452517546175209,0.6424123169540515,0.9445130672328342,0.9426848808074076,0.9339870709252885,0.9556817638804803,0.6500001304002191,0.6414586264659444,0.5905918759466813,0.9422364248673528,0.9391234696055558,0.6426247247904537,0.9542713757094863,0.9558212235788803,0.9410026462680753,0.6491286161536862,0.9433177595191315,0.9450329104492977,0.9542249437452038,0.9541978236207821,0.9452690415560714,0.6424943646885686,0.6296362606465103,0.9551912193331561,0.6221370809110125,0.9276372686158799,0.40918756471784806,0.9551029033508979,0.6448733801232555,0.8926853207242958,0.6337429143051305,0.9201633907127706,0.9429938622026095,0.9406733671978038,0.8615990934663995,0.6269138544580136,0.9404360159697215,0.9404888012088359,0.6386083305598949,0.9548395611122409,0.12462008350484945,0.9323087765059564,0.7100509038853599,0.8770015319976497,0.6292714242097834,0.9053158905651204,0.43153881712516706,0.8850421776202113,0.5975564611104702,0.893095550661861,0.4991576870728553,0.8877217834724019,0.13434435512586237,0.9349760587023764,0.956724091402878,0.8716602915393183,0.6426522272885388,0.9526564023646553,0.7974018107812466,0.5704968586136175,0.6331240040655004,0.6116470984996738,0.6154428680075702,0.38868824478661684,0.9256168243819671,0.9447250601699148,0.4896307254005889,0.9446817610614618,0.9440212996621882,0.581439359762717,0.6293039907111716,0.6483384067884382,0.9142209832949741,0.8350352800300339,0.6378108668413369,0.6487775124135026,0.6474966149158157,0.9321540780784189,0.9450633263013855,0.9441629966380057,0.9321859025739704,0.5118075379206759,0.9379320307821966,0.8933062507807131,0.539966844308837,0.9352306683374012,1.0,0.7954515193526218,0.3498056401340625,0.9433316127464749,0.9443913877472774,0.9018296648981903,0.6421771002139589,0.9414784163357174,0.9291596636608005,0.9057563605299234,0.6262616719280472,0.9352236170149534,0.9434062076867893,0.9296499802230692,0.9388197910857863,0.6226624731984626,0.6512216633675864,0.9393707161960214,0.16990202711938426,0.9426596042504628,0.9245608402587258,0.9276072256730684,0.209995464355053,0.590366257874525,0.9465867367420596,0.6234663109599152
UCSF-PDGM-0423,0.4108706562890102,0.8596800962082494,0.10395218889902587,0.3932760442346527,0.393276001405214,0.4894585937958441,0.8983076260411714,0.9032397671026574,0.8356624985957832,0.36622376307940313,0.8103142256619066,0.8534937435677208,0.35171000868209834,0.8121783185608442,0.4073756186967881,-0.10808267451942262,0.2866945035761993,0.9265257100003121,0.39038168138659773,0.41743483473370036,0.7136402533213665,0.8014123986604775,0.7794045843021427,0.38169212492375926,0.9098584102500232,0.26616682555314736,0.8096084089044641,0.3822408353334912,0.6623484598457544,0.7673727138602989,0.7411439388554988,0.18050690083496948,0.4595058308391324,0.8903835505501233,0.7595965309424585,0.9274271885738908,0.3960835089871658,0.012514158864803872,0.3751427621654472,0.8827641895152646,0.353848201222258,0.874787713701932,0.46744263355138366,0.8929059746111525,0.39429720682888986,0.9388552075246326,0.37915824176172225,0.7698500697242094,0.4256778017840826,0.2021419305575817,0.8420730138314283,0.7352768677235596,0.761716455643244,0.8689289628304956,0.2273994960084745,0.29773330737042314,0.7812091602154254,0.49460985660392504,0.8162088298204349,0.32428090682225263,0.779423132248239,0.2898587641442395,0.8192158631405176,0.30646206700524753,0.7718699999784725,0.824888831841831,0.8845742661185357,0.9174032061008207,0.2834647832881744,0.6108941970527713,0.33006288325305455,0.37956813757022406,0.8352339172502268,0.38051665519893574,0.8926096986569798,0.05058709355356843,0.8613359840455447,0.8375621559654991,0.3539304429566134,0.27965222639716386,0.14027054187984445,0.3283210405012149,0.7074576425940277,0.7066141525955427,0.7299503492388271,0.707871690705496,0.7071953003638884,0.7010414418339626,0.7058873145868215,0.7048747125757006,0.7086968373756618,0.3837607453289976,0.7209428799326041,0.7072295346471654,0.6981657078843616,0.7300360101554729,0.38427286125498583,0.38485103092799927,0.3994915503246585,0.7246875272547525,0.7043789588361684,0.38422789983771655,0.7292696292434633,0.7299780124264272,0.7126392170982613,0.38448720628314115,0.7246911877112362,0.7080027222772772,0.7292407932285935,0.7292239061206834,0.7079248397996195,0.3847411756583709,0.42753981107531613,0.7298107550893765,0.4272105776615996,0.7003663711965866,0.13776001451191236,0.7297625316173231,0.3855837205113365,0.7749119676545863,0.3670848068007673,0.7505478483072909,0.7068858453159834,0.7223388170713181,0.8644952838171893,0.3570333350984742,0.7052487674451969,0.7052834419631523,0.38058164419343515,0.7402179421959441,0.321057658592962,0.7033020726764292,0.754646712309239,0.83836128720383,0.3689162270896297,0.9154318745471666,0.32936461302583203,0.8727767704882299,0.3638522572164779,0.8665682841168872,0.23520957118299263,0.8402710754351849,-0.16748414578020726,0.7761632472246192,0.8511340515341108,0.925673968206694,0.38441925417671147,0.7282273688624874,0.9250981618065294,0.44220155738944333,0.37912296499306475,0.33351762478034885,0.785565488909062,0.33523127181051066,0.9204331492595248,0.7326475280915098,0.31981980276577865,0.7308324606614697,0.7470835696398627,0.34941966240711647,0.3757481533748281,0.38733591318958194,0.8295488977465245,0.8484663375025422,0.876213580307037,0.914517760995522,0.387049731238868,0.7258917038635496,0.7397697688335396,0.7563116363465436,0.7269904865507523,0.19798422797047258,0.8856670718098281,0.7794970307201926,0.25950922208301896,0.8026313009217013,0.7954515193526218,1.0,0.33841717260322784,0.7905622627942234,0.7865695071773599,0.723958174550507,0.38485784246972315,0.7059279545481015,0.7013743640079826,0.6940286582049564,0.37039055545017535,0.7177663727259666,0.707136741467896,0.6946792722189966,0.7207626057771422,0.3552473646764279,0.7697073464778521,0.7045438129959948,-0.0892687161083641,0.7066787084738845,0.6960021079055546,0.7115436474214619,0.09387973928229892,0.8105535527970745,0.756196946094145,0.35339586071304785
UCSF-PDGM-0425,0.3623768041636942,0.4223447647235928,0.10957602399486567,0.4393166208372623,0.46802518164777823,0.41757192801432247,0.39781564184503065,0.45156747102455486,0.5018072442427705,0.8909487928937052,0.5201143484831394,0.47773543120155915,0.8164786240184833,0.5074074150377893,0.9013726871268796,0.566861015050682,0.33826364922294927,0.3178589049757959,0.43742373311024413,0.45210111638803396,0.2479576553476587,0.49309002515567363,0.5232833757814789,0.46399297988665994,0.45215343293022603,0.3247528234640237,0.5181450737129274,0.823714288340022,0.4602951585894258,0.4710782054008663,0.47774591381710074,0.2551096409524742,0.46207655158351907,0.5037412369509445,0.4855952912161861,0.4183666439866983,0.9196842142402586,-0.005823787526248113,0.8188693696375522,0.41769420732173734,0.47511665320739493,0.48886521653304327,0.38206982259791455,0.4807289018096962,0.8514544784189156,0.4827443832453459,0.4909576702295302,0.4931976521685617,0.970679290866556,0.24000650522954334,0.516751402571254,0.45674655741979864,0.4782812190907108,0.47802284547658674,0.3111623192646267,0.863895607271017,0.4932060673064628,0.21889405750087707,0.4839057908196759,0.32880432844983337,0.48460655854990253,0.8167675594902699,0.4802676309787173,0.29250923417176455,0.4646431747615045,0.5153072145742473,0.5095892695949815,0.40447546019206104,0.9185410031622858,0.4464842880940851,0.9102463992073445,0.9216259373244949,0.4506487833845995,0.8264069546265377,0.4257215005289278,0.8151166931196808,0.5021774416156601,0.4731454549031203,0.9283465280074251,0.8940230842622187,0.24519871115108352,0.3423117990692958,0.46738740527848627,0.46754427682301536,0.4563641008605286,0.46707796652289607,0.4674723891010465,0.48130448117657615,0.46751692644963766,0.46736511064838393,0.4653834986973858,0.4697708714679477,0.4720346855204162,0.46660187808793885,0.4548061124477149,0.45608481217046726,0.8096975008748288,0.4709518771936267,0.8941465407291938,0.4709723985647737,0.4672601418777695,0.8193669932341937,0.4569207345575316,0.45535305215476146,0.4698948423581452,0.8081329362563859,0.4674753743383622,0.4668102214209625,0.45693075917976517,0.45693639857172197,0.46585855910884444,0.8187426349807421,0.8380834395709006,0.45657593740860974,0.8474502881867384,0.48116171814411957,0.8627769997297787,0.45662714563298457,0.46374311904009163,0.3285295752148758,0.4550171414066988,0.46288381722033894,0.46752521910072503,0.4646003743705393,0.47076107099279324,0.4686841296342137,0.46743247320182457,0.4674381222175741,0.8183407608263936,0.46038501378775876,0.9151448891729521,0.4811071833193948,0.5091447603155774,0.49329430631408316,0.46889435650411,0.4707984021491637,0.35040925201334494,0.5146134588739947,0.3814651486218046,0.50133734871226,0.8445795371051519,0.5065564742274064,0.056961690330315444,0.4887337024016482,0.45561407335411946,0.3368739769459125,0.8192665188081881,0.45707871559286734,0.49286866410688385,0.4736579080320508,0.8289607759444114,0.4474479377083745,0.41444511704938947,0.43015415355430053,0.33519540767434525,0.47215214998558425,0.9487496210318941,0.47579874635261354,0.4811050053842986,0.8887275665163804,0.8403052178295811,0.4415249294572572,0.49937281999577976,0.5176850497846259,0.23400991247147673,0.42769772878633705,0.4080664292601524,0.48939924987634936,0.47284787335523143,0.4257826297642689,0.48645572655005365,0.21885735992061586,0.304913469750276,0.2733010820010332,0.3385416862952653,0.4930050399828872,0.3498056401340625,0.33841717260322784,1.0,0.4905046980313944,0.488580382306777,0.5010653717846697,0.8181007089128535,0.46752070198640144,0.4813588149515431,0.440052484751816,0.8016449426912409,0.4600186959720057,0.46748560386656185,0.4516693633448988,0.46293952341218303,0.8016569166254235,0.4641150984562416,0.46729682578003134,-0.2722940261035856,0.46754159244538557,0.47101140628107985,0.4544326060087016,0.5133614248507575,0.47478050546723094,0.4826920263980035,0.4811513538329621
UCSF-PDGM-0429,0.5422836957593462,0.9729059794870262,0.37574368169708194,0.6596171770542169,0.6832589538662551,0.5930779253082125,0.7258751348956344,0.9163393751243881,0.969465693304882,0.6622702797682382,0.9791070717104823,0.9847870781381576,0.38247049697903024,0.9871869688558284,0.6473395289023197,-0.20866192881108006,0.5976767108727162,0.812732077372705,0.6671828106433978,0.6598126844626383,0.5798499057225611,0.9967297482990154,0.8754689448672653,0.6798776257862713,0.917542737179702,0.568535635981879,0.9832929882438884,0.6897406527163173,0.7725817146511202,0.8412314667183833,0.9949165597818994,0.25220799252619425,0.6429449183540856,0.9490357307701986,0.9936977804098646,0.9101828948477471,0.6256819586517691,-0.17161943560072251,0.6691479763892629,0.9584672717838166,0.6630244376456411,0.9650998163318568,0.5678643153274495,0.9755220695834627,0.680884033632938,0.8936523960853116,0.6531492700248102,0.9346464139682368,0.554897815046193,0.445715498137991,0.9673854685413172,0.9851046818017032,0.9920271057640083,0.9378259240414311,0.5018090607803727,0.6295124151913415,0.9904539918694755,0.33202646397290814,0.9743176419559265,0.5900643752950179,0.9935263699750319,0.1898444805265076,0.9648276522959071,0.5632798376397966,0.9872524945074101,0.9922961136048415,0.9628842625452323,0.9485084440849818,0.5334404317037262,0.9087190989304901,0.6415153495728054,0.3254254188397918,0.9618688377017717,0.6875951024511706,0.963686427365806,0.40792845489689894,0.8334767853733255,0.9384708793608472,0.6398817809101023,0.631158656334696,0.48318985862220615,0.2685522052791897,0.9874169560113161,0.9871476721202707,0.9862908016775161,0.9872536065412637,0.9873792225915922,0.9871456145760859,0.9867089804943038,0.9859532304404725,0.9868823009446209,0.6879194615213043,0.9910024048469089,0.9874015689069332,0.9662564906350186,0.9859836552040427,0.68489013475799,0.6913193129438187,0.6556399238018172,0.9878339798755963,0.9855442665903819,0.6890531568312304,0.9866189724548019,0.9850216337927237,0.9882550618093366,0.6859166483810513,0.9832678873632181,0.9869859922893932,0.986615652067317,0.9866134137102317,0.9857326984499846,0.6904879824894528,0.6751723791119107,0.9864822157910761,0.6804571196407256,0.9866157921478584,0.5017231312589736,0.9865204248848534,0.6846806236688104,0.8590199857901633,0.6721518497853082,0.9570546235621399,0.9872744250434723,0.9783028608623904,0.9168951202473502,0.6762990586570201,0.9862467488390346,0.9862732006364442,0.6803769153317192,0.9893067513610256,0.28133459086578605,0.9880337997153602,0.8352756332301539,0.9458489527552835,0.674181479258618,0.9605330602952488,0.4189602694855078,0.9732263385570222,0.587443666645897,0.9695134231201947,0.5893028853110911,0.968683432093667,0.16811678532523067,0.9884581218867752,0.9857385837595785,0.8372823565467801,0.6895484888030137,0.9862393217365784,0.8896742955304956,0.6178509906481969,0.6879347063344253,0.64819371793223,0.7048984822968055,0.44325956294777763,0.8955258851741703,0.9892569357960362,0.604967814357318,0.9934504577643646,0.9962137671105641,0.6593746011752604,0.6841323404794325,0.6682779650604532,0.9841358972873536,0.9351548239786946,0.6211926773842693,0.7488335659070161,0.6440585624327696,0.9937100472113468,0.9883460369096483,0.9518338281960524,0.9889561629306605,0.4979530767345316,0.8799347433999883,0.8337062956965092,0.584611102038308,0.9973802110832685,0.9433316127464749,0.7905622627942234,0.4905046980313944,1.0,0.9997793592888349,0.9725300606040025,0.6909637321162216,0.986736365312471,0.9873858195141291,0.9316804337581227,0.660711315098273,0.9699669493961126,0.9873634826293642,0.9603307257972621,0.9753229063466463,0.6666163701338262,0.7629597115606467,0.9856825214783829,0.11864062599002165,0.9871801338154388,0.971084804479984,0.9594704689110307,0.16139766932842228,0.7376672085801337,0.9974487471710637,0.68230926230709
UCSF-PDGM-0429_FU003d,0.5403702071148504,0.9709654303074595,0.3777358486850556,0.6622439899961015,0.6864529091605314,0.5926325040575615,0.7190593474201615,0.9175428107992957,0.9679616474303832,0.6637607533537426,0.9779909685759736,0.9819654917800327,0.37683252047137467,0.9860674656277953,0.650094961634242,-0.21133677942299692,0.6010092815877013,0.8070469513709587,0.6700297613019093,0.6616214360059195,0.5818618893001842,0.9958800140986444,0.8721646535862471,0.6831584954337829,0.911473551783556,0.5712005812360645,0.9811708617290951,0.6928439976164446,0.771985944750019,0.8397106009061226,0.9962402296786057,0.2550214795293021,0.6420913128339887,0.947152929739386,0.9944691674694086,0.9045000810269892,0.6281098948362507,-0.16614152811483499,0.6723198847433096,0.954924248763466,0.6659181105862291,0.9640148112035707,0.5693608137047921,0.9727651940699679,0.6832428406472832,0.8894390506723365,0.6547521568759334,0.9348108796844473,0.555554321906789,0.4452985395089586,0.9656907955079104,0.9869871628437347,0.9931104886021509,0.9360582625448066,0.5041265331290347,0.6325270644601696,0.9909003530696155,0.33129713506625935,0.9731709766635903,0.5927938429717066,0.9934245896331164,0.19000670777904116,0.9642559398647549,0.5653528532518677,0.988007602174073,0.9913105974945295,0.9608060631187656,0.9472778257381111,0.5346782992143495,0.9090164363693503,0.6433044684309317,0.3258301601367148,0.9611147119475493,0.6907610885222475,0.9606349439956192,0.4093810574192755,0.8257198671210403,0.9368229830014979,0.6406268845299535,0.6336700139047421,0.4862144678444755,0.26630691389776195,0.989669777490416,0.9893790080862942,0.9883074165007095,0.9895230935718616,0.9896244088473083,0.9892151247503467,0.9889260808611335,0.9881534918171827,0.9891234252385165,0.691218324562273,0.9927992570831478,0.9895927432909879,0.968649322279926,0.9880084760869996,0.6883006717865123,0.694527652564433,0.6568356989160912,0.9896839046281743,0.9877370905244258,0.6923355588945389,0.9886101890235828,0.9870629470677021,0.990187868950119,0.6892854979752256,0.9852040611524299,0.9892652238647885,0.988606117291092,0.9886034444648559,0.9880353800662667,0.6937392223893117,0.6773052253263988,0.9884912832402672,0.6824555988205904,0.9886745827989122,0.5041068809171213,0.9885274111349206,0.6878834167488568,0.8591890164610306,0.6752457509148038,0.9574342305125693,0.9895118531221643,0.9802662056351785,0.9144201762287386,0.6795878823812128,0.9884529335382461,0.9884799500964596,0.6836720456783631,0.990914935339708,0.2760456811284629,0.990157583883745,0.8337083659538448,0.943979154344017,0.6775181735095528,0.9592381447738784,0.4196952858805612,0.9706355572787946,0.5881419883595149,0.9653424910547753,0.5913015596962016,0.9644184560570971,0.17027020949227484,0.9885533177815623,0.9835556594871653,0.8302524565854356,0.6928220090906471,0.9882082742925831,0.8849962511031508,0.6187355510431696,0.6909207907923298,0.6514324239815813,0.704178385285693,0.4459296800140473,0.8956521442778068,0.9909201264655488,0.6049809311833046,0.9947933368753931,0.996888942836648,0.6610550991132106,0.6870632818261322,0.6712683903363426,0.9808511046547301,0.9354844005752286,0.6179635307357902,0.743644967155566,0.6466898760192041,0.9950074552693677,0.9898501631762661,0.9533630879136044,0.9902526247649109,0.50164870262784,0.8784947646377764,0.8330584085830202,0.5878674650422747,0.9967970196380441,0.9443913877472774,0.7865695071773599,0.488580382306777,0.9997793592888349,1.0,0.9731414452573184,0.69419754876709,0.988954202506001,0.9894610535274807,0.9337230521099119,0.6641192419448578,0.9719583004895893,0.9896071160831525,0.9627343947925457,0.9772979128712113,0.6700692171097277,0.765613786876508,0.9878777717865562,0.12137822339846231,0.9894128687656667,0.9733253748856127,0.9614839353198947,0.15969444007077355,0.7335383752739498,0.9979152221151885,0.6858619421324705
UCSF-PDGM-0432,0.48974342988456027,0.9115111130372628,0.34423812878541504,0.6398645062844588,0.6639625753226603,0.5314763690632743,0.700194608384485,0.8918464267388626,0.9768716936673427,0.6402859889252771,0.9857622161733828,0.9355192265215931,0.32693245710214275,0.9854970651361419,0.6419886923796633,-0.18519460034265597,0.5784235752257925,0.796609558071429,0.6417513375913353,0.6418292299888766,0.5953683711035588,0.9539504971950609,0.9202444846067112,0.6741185243781832,0.86510001834874,0.5526587135625737,0.9601482719756653,0.6562129131787956,0.8803182073266126,0.9136663302332763,0.9672597088761616,0.24796181883710414,0.5910666356182547,0.9438248285984336,0.9846481720235815,0.8403428248756085,0.6313765203385264,-0.16414374630539863,0.679375211273177,0.9014353515215358,0.6591535781694645,0.9627545093987545,0.5401187251462282,0.9316578024150998,0.664049123514296,0.8324079152171038,0.6628016992395238,0.9821185810547088,0.5502874942742764,0.41387403886399454,0.9529732186677328,0.9717615120114927,0.9884190960478025,0.944623657273012,0.5016303430038612,0.6590544287075891,0.9881345242108601,0.2653612044417996,0.974442903997048,0.570574355635236,0.9876877536032383,0.19047261209445537,0.9849828844938854,0.5173934407324089,0.977977154304153,0.9700294577568842,0.9470955132073529,0.9211273591000086,0.592967053436896,0.9685300657593889,0.6464723246146573,0.3244829670763103,0.975752347242204,0.665577723192838,0.9199761102522169,0.4419982638997115,0.8177199569240939,0.955160703989739,0.6354211929521502,0.6408102800730041,0.47856772233542566,0.25080902860906384,0.9675191732237212,0.9628479292838322,0.9618123573660217,0.9709571040383518,0.9658880391243474,0.9609179271521807,0.9596232854597064,0.9556909674774918,0.9746652199348708,0.6694239380163469,0.9668608484397863,0.9632575277088646,0.986546245086874,0.9634333650842378,0.6559394879671082,0.6558982492260113,0.6189575429160367,0.9581495357181332,0.9539167059261241,0.6670764771408952,0.9564649130531715,0.9665083012934919,0.9577210501128673,0.6497513524067955,0.9747589164712411,0.9728815866269321,0.9562998081447014,0.9562041664468365,0.9772093555653144,0.66247783765735,0.6262104913913371,0.9602731321611666,0.6356377129453771,0.9583302827058772,0.5717488472835808,0.9598409547758614,0.6637275192165347,0.8964535520493813,0.6476066525111993,0.9790009083660622,0.9641975391246319,0.9780363911907353,0.932596291439064,0.6460288054194347,0.9570879920015444,0.957220427773209,0.6753073107452209,0.9561013522318774,0.2653538021039133,0.9730838814433249,0.8730146296618138,0.9662810334499493,0.678616195126562,0.9072496783662154,0.42141821635322735,0.9396404221674607,0.5426863127885595,0.9186885218470704,0.572953345365042,0.919077426093478,0.22799202500079274,0.9897171638889609,0.9362512631312956,0.777850369488503,0.6657845648340778,0.951423232202896,0.8749914841138015,0.6023782929884214,0.6557381277420864,0.6483718931946468,0.7459119513095789,0.4487799072663538,0.8563904131849484,0.9666133178491146,0.5923183027140798,0.9677708237342022,0.9664909679603464,0.6504044380786494,0.6610051682940932,0.6517767806090055,0.936631619562774,0.941152655815345,0.5734053588403428,0.7100519249189674,0.6225537523435467,0.9683967221292843,0.9740238872211114,0.9699325091767721,0.9870892184386234,0.4962384200017277,0.8583990161766286,0.8338253457695358,0.5770684921326288,0.9597826844451042,0.9018296648981903,0.723958174550507,0.5010653717846697,0.9725300606040025,0.9731414452573184,1.0,0.6598356771899193,0.9597925213225124,0.9622773725029441,0.9697836758747299,0.6806944581481731,0.9796305835751581,0.9655522924085523,0.9858834281316454,0.9789724487518864,0.6508461635091455,0.7813078885551562,0.9544979452462274,0.12837779408599545,0.9631595224348128,0.9894291338469768,0.9787197092984053,0.1316911557901781,0.7399601019878533,0.9772275514466141,0.6665241255076105
UCSF-PDGM-0437,0.5577209246511148,0.6451060811387708,0.4487806717294119,0.7013855524735261,0.7279200208765353,0.608477394691485,0.2508755885910761,0.5865373428208555,0.6295572053447817,0.9855197510638258,0.6298805008723434,0.6368581691945168,0.7128339876912911,0.6586470156800375,0.976311617813709,0.23178428068603232,0.660890424665309,0.37091192378117827,0.7135906806907966,0.6942349719816685,0.2780388629487466,0.6837479959715834,0.46330759206679867,0.7251540643022548,0.5511020507082061,0.6269741097870274,0.6245946303439541,0.9997261872208988,0.40028821908119927,0.4319757277719668,0.7139533021904069,0.25590840623937516,0.6605723139153297,0.5702520583514202,0.7076594910990407,0.5101021969633213,0.9609132069753562,-0.18213985764296833,0.9778609404534805,0.5853633167429915,0.7016953497820513,0.610078749541225,0.5925397263161407,0.6097671388111955,0.9948748731516945,0.5092009276746712,0.6774642817800425,0.5955513790626633,0.893862444492747,0.482961986228205,0.5877845958104747,0.7238135663376324,0.6954338934626029,0.6037218132955925,0.546711896597812,0.9613927958392329,0.6911493219923494,0.32574036193011724,0.6669501390236202,0.646884010926462,0.6842244433904014,0.5569071948926654,0.6130144178532317,0.6248816633415212,0.7053707862783867,0.6596697077009912,0.6053993257611779,0.5621623715279896,0.8721772388714344,0.5569108956827238,0.971160177331579,0.6555881237602093,0.5933015606759463,0.9990561341632241,0.612220298352658,0.8405672081984299,0.4170006487535344,0.6154665869616384,0.9663029643429315,0.9607334021767652,0.549869032090392,0.22151576850402216,0.7232439174283626,0.7242522783456237,0.7317872104968485,0.7221400731445228,0.723652347535811,0.7290117920948923,0.7246954442618649,0.7250149745009432,0.7193542844488255,0.7345276665589885,0.7200258708720967,0.7232141079773565,0.6968684159690411,0.7310439516392754,0.9989331750181681,0.7392118850599703,0.9833626629783733,0.7383330496288286,0.7250911437774253,0.9988622281112561,0.7335515484210279,0.7292532729015022,0.7228153249030056,0.9990936907194553,0.7293288642779135,0.7213459031493438,0.7335925213360931,0.7336159399817476,0.7189081740754499,0.9998673192134616,0.9871495370344061,0.7323923689578526,0.9878015443886453,0.7291816451302252,0.8688833029759423,0.7325466908649296,0.7313908501634179,0.4543530589094127,0.7188054282790194,0.6777650012235389,0.7240099197097098,0.7234669050826044,0.5788826061900035,0.7215622378541874,0.7249264930709608,0.724916731201523,0.9907753122782244,0.7306746998591752,0.5596217054858269,0.7266069878271727,0.4083153733158084,0.5998139840997301,0.7173441523283371,0.5934970992000524,0.41707535312378186,0.6231929058845331,0.6261864063076157,0.6143861913475244,0.9550982933766674,0.6295248604416989,0.21798098722475817,0.6859272059603192,0.6381650748090473,0.41734261033314596,0.9992622761684806,0.7345234335218787,0.5007301470473784,0.6312815958215915,0.9993403711495618,0.6923576857581671,0.2502528378860263,0.4407455599891253,0.5323182159558586,0.7338598993197583,0.941557262670381,0.7165621727644709,0.7105987468033609,0.982854391225127,0.9985476676737836,0.7142669218959701,0.6482830627181091,0.5616062673410854,0.13750546166592045,0.3008055888703462,0.6902408160918159,0.7210772718501904,0.727577125457708,0.6702140849877275,0.7110913898303534,0.5685121789815879,0.4869114286039217,0.4313739160133681,0.6483790168794847,0.6845814254998738,0.6421771002139589,0.38485784246972315,0.8181007089128535,0.6909637321162216,0.69419754876709,0.6598356771899193,1.0,0.7246765495373876,0.7288843338686286,0.6787948550182743,0.9651474078395297,0.7146638628566196,0.7237284403519997,0.6911210595887453,0.7202226441366847,0.9928695055371703,0.39834528144886183,0.7250704735436438,-0.1248338640051971,0.7241995224326523,0.7051949994740234,0.7043547674919889,0.4794400228673745,0.29432946244820674,0.704842583807751,0.7267681824450282
UCSF-PDGM-0438,0.5455442591488721,0.9478143600300925,0.43182795301153937,0.6867492969148835,0.7118791026778903,0.5866883474777986,0.6222015924452793,0.8771647920984784,0.9283094307646039,0.6842449600371538,0.9454461024366321,0.9508974370118983,0.33827231559848747,0.9568695115923593,0.6605653491309844,-0.2466619326671511,0.6387366841567144,0.7319722146804939,0.698733316654556,0.6757135366299911,0.5244203563388337,0.9811123224985367,0.8138391899629895,0.7085830374564834,0.8472134878848613,0.6083867023537843,0.9532013970463865,0.7235241041166623,0.7196707758722679,0.7834940762340948,0.9980505968708494,0.2568444061463825,0.6407828370145837,0.8936509337349302,0.9861504131553666,0.8457059455952,0.633942313277495,-0.18343057673515228,0.6934871978994674,0.9205217159127981,0.692641977590144,0.9215338404982892,0.5688210870978382,0.9308024579366471,0.7033877624554613,0.8233914102749569,0.6641535028750604,0.9012764978977665,0.5396752490007843,0.47149644741907826,0.9275456063779113,0.9892830867672964,0.9847760886557338,0.8856095251878043,0.5393656836977222,0.6577179614468349,0.974872651257915,0.30059635004156826,0.9425380327389158,0.6247871152215733,0.9774987054838212,0.16269760787794138,0.9303401442709519,0.604004627632178,0.978276535330845,0.9644212170527462,0.9131697960751464,0.9072090956060438,0.5379319824071715,0.9000934353251765,0.6647371416602735,0.28579815242028866,0.9274004439737651,0.719641217693975,0.9216011938459603,0.451729102507407,0.7387352766526523,0.8916989182185311,0.6528504095676391,0.6656015754880151,0.5329658433396872,0.2304635249705217,0.9993283534740042,0.9999051423152888,0.9945013725178353,0.9984696865759235,0.9995973661359121,0.9991441243256657,0.9999997264441187,0.9998499318521907,0.9969413485443448,0.719331145504017,0.9994435236436979,0.9998284660077219,0.9702504961510581,0.9938159479660499,0.7196257591690031,0.7257862834554571,0.6717508000059215,0.9960353884878226,0.9997007210758437,0.7211110608887557,0.9959410250258786,0.992060822887599,0.9997756281766557,0.7219287220692798,0.987301643026282,0.9977774573504947,0.9959693436696108,0.9959853704148065,0.9954384183272076,0.7236441524287924,0.6942772599284306,0.9950320225755622,0.697593502000513,0.9990086259262654,0.5319937812967669,0.9951623878105944,0.7163417754064004,0.8335209469809541,0.7070849239999202,0.9389723487829165,0.9997972826090726,0.9807067055879717,0.8579652668270603,0.7144892189112555,0.9999332011325317,0.9999394457647511,0.7088190182259101,0.9955579163911445,0.2205246025154328,0.9978571008776659,0.782636509160731,0.897109436004382,0.7022551246768403,0.9184819049882794,0.41932577703609053,0.9294274970113784,0.6176614276400195,0.922305832100598,0.630081298427463,0.9236170993447073,0.2200817086889951,0.9708842710203278,0.9585578073783392,0.7615447612107515,0.7219346078588518,0.9964721087160588,0.8088807181707753,0.6149975551946486,0.7216011521181567,0.6829046145439822,0.6379384498068034,0.44507276483253144,0.8595680751605367,0.993754097374714,0.6176063262948486,0.9986565119647053,0.9964438785323543,0.6844606041559838,0.7152793588230595,0.6985863249096407,0.9498924174244553,0.8933985584088744,0.5439109637723193,0.6531930503686908,0.6748272356815166,0.9973136020239944,0.9889573117509213,0.9416740168970179,0.988722777465528,0.5461284269238706,0.8425597645207203,0.8148562008905015,0.6233920830074853,0.9828262373812903,0.9414784163357174,0.7059279545481015,0.46752070198640144,0.986736365312471,0.988954202506001,0.9597925213225124,0.7246765495373876,1.0,0.9991695216595259,0.9264403612443486,0.6843778630332219,0.9704015096362465,0.9996431640140309,0.9632620676064451,0.9769508875742036,0.6997597598436965,0.7235571053028877,0.999754741993857,0.18370323011946313,0.9998840797877038,0.9743491501824628,0.9579981751079555,0.185460828544136,0.6543494495573828,0.9933687979784303,0.718286818399666
UCSF-PDGM-0439,0.5412220119104005,0.9420780131861636,0.4288693278092003,0.6875181278219373,0.7158806702494601,0.5871942365251684,0.6231226580706483,0.8794996727566089,0.9318358217317753,0.6902516985529096,0.9495746694615482,0.9502166215129209,0.34121485763460796,0.959963884908782,0.6678074671407532,-0.2377978137625295,0.6418613506586571,0.7231617690766179,0.6993482693001983,0.6780300277073662,0.5298366675472789,0.9823214572236163,0.8211601469008163,0.7123755529186958,0.8474232272749227,0.6102288487881584,0.9560638890215714,0.7279782112638498,0.7259081196889803,0.7874423895430551,0.997782354419296,0.26172527009241087,0.6439586311497714,0.8977492812356467,0.987031016516478,0.8417891564355531,0.6409286057063944,-0.17632009175866944,0.6977042489207501,0.914195224384438,0.6966562000979208,0.9238784976780109,0.5676966450523208,0.931109010593526,0.7085790060156811,0.828665391275298,0.6699342216665973,0.904805953536182,0.5502546058802199,0.47148321218640793,0.9316019810444273,0.987860656223712,0.9846257578624845,0.8888756334520361,0.5387817357090814,0.6643471842366184,0.9766612342991846,0.2939418770550703,0.9444938739345359,0.6238523978406915,0.9777344312474762,0.16107723277049762,0.9309968545904445,0.6025120106897839,0.9774309375389159,0.9681924158191314,0.918037056619314,0.901088805532708,0.544087271522968,0.9061868057254611,0.672249713371102,0.29638806308348287,0.9250464293717011,0.7240661736763913,0.9173353101422992,0.4582989472671117,0.7472231009711133,0.8943331462598229,0.6609971159480648,0.6732984523045626,0.5370853484591084,0.23109443377912128,0.9984356556421399,0.9990511471534643,0.9930224226227241,0.9975457400793573,0.9987186131985704,0.999983012109645,0.9991705154808536,0.999049256029044,0.9960060042786445,0.723465540672385,0.9988298043251689,0.9989948020349022,0.9690299700870655,0.9923199280869882,0.7222322161340564,0.7300150076658093,0.6773028545685065,0.9962523650183951,0.9989124005995792,0.7252674168210667,0.9945133155380393,0.9905296142768674,0.9991123339409134,0.7245809720691793,0.9873478677896698,0.99683467143727,0.9945431166772575,0.994559999868907,0.9944482850526873,0.7278354471206405,0.6980361186054532,0.993568539514452,0.7029744110377172,0.9998629182013713,0.5414776299460677,0.9937031324725137,0.719770486258313,0.8227123206591779,0.7099228230765274,0.939609278269609,0.9989324798145178,0.9806865383614527,0.8614323563742868,0.7179197411450728,0.9991225790487674,0.9991278702903735,0.7128397774935719,0.9943349475799674,0.23595997824500425,0.998610262281834,0.789367233326482,0.900933294915985,0.7065719726361541,0.9189591243938907,0.41522816196121576,0.9343083355506593,0.6143108705617991,0.9252368007406327,0.6387439274657482,0.9272779661381693,0.2243129741275758,0.9720973839988738,0.9554306726868552,0.7514067187289011,0.7261017276525144,0.9950876093980797,0.8154440336160893,0.6193730100612981,0.7262815791054308,0.685580414737838,0.6413529197332389,0.44843684691858154,0.8516339870643506,0.9940172695179519,0.6281551718101761,0.9982793621630378,0.9964251633174124,0.6914179090457141,0.7199522852102294,0.6998731934637769,0.9518870701905925,0.8992658562051901,0.5338539422464595,0.6583485518332739,0.6733987459352807,0.9985451984201935,0.9892888994929561,0.9386634641018604,0.9899613447709024,0.5458922805217701,0.8301209692609572,0.8007706563163988,0.6296427371794866,0.983996056096836,0.9291596636608005,0.7013743640079826,0.4813588149515431,0.9873858195141291,0.9894610535274807,0.9622773725029441,0.7288843338686286,0.9991695216595259,1.0,0.926111668616834,0.688183040536024,0.9703014107659444,0.9987672204798227,0.9620020159548593,0.9768991916833139,0.7043282571468379,0.7313344489827336,0.998962406695258,0.17317215530829605,0.999027613845892,0.9748365773866442,0.9578209734868858,0.17558845055325517,0.6640117118899302,0.99341393560838,0.7231460752863633
UCSF-PDGM-0440,0.5084625172502787,0.8822296738032185,0.4154942597925317,0.6762843023220761,0.6936212257630205,0.5500442459345893,0.589662181967149,0.8788475570629658,0.9526102748429173,0.6316818033490187,0.9378897742200777,0.8788729927337143,0.28748090061133086,0.9531237681267345,0.6553854909103349,-0.21730565586420347,0.6382020717975311,0.7721173688807029,0.6782640473920443,0.6788147215298932,0.6154043408898756,0.9010917429048051,0.8370884830427409,0.7132009184798852,0.8211836165886439,0.6078001949502991,0.8841626768648847,0.6701821672426773,0.8436449630701702,0.8654168768396883,0.9305951300316856,0.21970422582540028,0.6004377414092705,0.8955713959356862,0.9649372203305242,0.7741989749593076,0.6412723923188773,-0.19921384226175776,0.7255652239785116,0.8535760735876495,0.6773893868320076,0.9363591786141118,0.5931346124559641,0.8768734225445699,0.6850766064485535,0.7558723684151242,0.6846532276111211,0.9645873746362944,0.531689281483308,0.44359327996447184,0.8748693606679702,0.9669118712675536,0.9678572221055007,0.942675476630081,0.5378716557242691,0.6830245271511417,0.9691464073991424,0.30870924286714296,0.9698172697697819,0.6402479085161097,0.9624620136382753,0.14518386779147668,0.9633468378893932,0.5758995859168629,0.9738857336439817,0.9179061052560367,0.9041130948955143,0.8980074238764053,0.5979536191490885,0.9217866584794782,0.6418311796822788,0.26841069870958384,0.9533743827230003,0.6878434515945344,0.8991701834143135,0.4506806003346214,0.7201647099629297,0.9611105893713611,0.6198188978147441,0.627232121516416,0.5339416032950085,0.18631380768522143,0.9392607113355419,0.9314050412628847,0.9505731465649083,0.9453092279539794,0.9364760559470202,0.923948943982418,0.9261687711244607,0.9199463623232399,0.9519641378055966,0.6979420359809028,0.9343504017940817,0.9319200218738304,0.9876911092156262,0.9536136330415402,0.6815215551619336,0.6715667123833021,0.6108794268967617,0.9387115641007998,0.9171889933387303,0.692978752740715,0.9410434222448545,0.9596583163509932,0.9210956201083166,0.6698022536632163,0.9708629810862045,0.9488251308665616,0.9407590131293475,0.9405944911061634,0.9572126652786931,0.6838134540556331,0.6341570636499433,0.9477592684358297,0.6415778956218403,0.9198860116515745,0.5841453728599899,0.946980545954372,0.6931633078949367,0.8808273676562374,0.6697005644081155,0.9936061490334774,0.9336385507237743,0.9801825247807915,0.9358779393717563,0.6517367386743023,0.9221385057602338,0.9223473314721521,0.7135269834264533,0.9376533198998316,0.1544934810302023,0.944236962016053,0.7598476536586224,0.9508751711639442,0.716927650754363,0.8493088091948875,0.42220345953774774,0.8839517161939981,0.5645060977429691,0.8510520933131731,0.5683549730681245,0.8528535792403953,0.2629707690593924,0.9716447681917139,0.8869844701925131,0.7334918695242729,0.6903384693479659,0.9325618761842807,0.8266892636241113,0.618099978921769,0.6681932611894258,0.6773028727399314,0.6456075509026552,0.4182446379199261,0.8591226942754595,0.9518298547940425,0.5524372114816691,0.932965033589911,0.9273845348316867,0.6494490556694622,0.6752223047654552,0.6924831570485097,0.8740198045101893,0.8788379075872272,0.47294148897996957,0.5986178847458308,0.6701985708768383,0.9294432979591083,0.9648401646692085,0.9934151016636827,0.9658670689739569,0.5848001703881415,0.8567537740490386,0.8119655526220343,0.6389384109837979,0.911532905003568,0.9057563605299234,0.6940286582049564,0.440052484751816,0.9316804337581227,0.9337230521099119,0.9697836758747299,0.6787948550182743,0.9264403612443486,0.926111668616834,1.0,0.7372133766119764,0.989050227723671,0.9359087590446618,0.9909231817892836,0.9839876824149312,0.6892171383850441,0.7042144078196824,0.9180891336472667,0.08652450389162587,0.9319183453978147,0.9849178929132029,0.9951546653518524,0.10258255562134953,0.6067357075194958,0.944351454470009,0.6777211297031029
UCSF-PDGM-0442,0.527868244381874,0.6029581205320235,0.4295045258270307,0.6913767214790385,0.7113691233954407,0.5724018150697607,0.23712134590630246,0.5855752526022213,0.6517788081340575,0.9503387101209091,0.6343018012338069,0.5926662614267425,0.6725728574169205,0.6628644502466631,0.9702388258523871,0.250294500463851,0.6521795709641396,0.4057118014868831,0.6960929787168209,0.6913712578353477,0.333936643008523,0.6348270500874132,0.4951753924482756,0.7252668699009381,0.5304548541571221,0.6204664393409065,0.5873061057005531,0.9600247965303847,0.506628991729536,0.5060284331613798,0.6768531994801361,0.23204616232828096,0.6238751058003619,0.57673116446929,0.7004469411176086,0.46338669829189105,0.9657689139345856,-0.19717058454066905,0.9983349806846086,0.5458336992974794,0.6922846761671109,0.6250433215048183,0.600375153226207,0.5767101655491482,0.9793390563272271,0.45978817316706566,0.6912865267911131,0.6509299484335597,0.8846857724105646,0.4595670839281956,0.5630763594830394,0.7153548621938501,0.6934781173195649,0.6428266350154228,0.5469251274634243,0.9829516569943704,0.6938997255131056,0.3170765763515908,0.6883075795390754,0.6499937957012002,0.6827848973089291,0.554241671234963,0.6459270820027743,0.5960731874680614,0.7080417145911494,0.6341516753951814,0.6015767685990059,0.5629495172076228,0.9241307647437302,0.591266844997353,0.9581506496541019,0.6424132077375158,0.6235977505879301,0.9746449244975389,0.5985083548873232,0.8453021862479704,0.40821686214712216,0.664575601767944,0.9459178885683064,0.9409835314678643,0.54482560919414,0.19797346444535563,0.692533623210845,0.6875511542644451,0.7080378168040509,0.6963323357381614,0.6907733016763288,0.6867906965632273,0.6842037748450485,0.6802022293984543,0.699307089746688,0.716350307310223,0.6852543344164272,0.6868940037785803,0.7209379231268555,0.7099323523701898,0.9701142921263637,0.6978831306211084,0.9385694350167089,0.7044208252227447,0.6784214973492912,0.9765298521586386,0.7020319702998699,0.7136612364179249,0.6785990279515737,0.9603826695173494,0.7243466800204212,0.6985229663207265,0.7018513269415201,0.7017467962901467,0.7036866183624786,0.9692823943782622,0.9402679631480629,0.7062745539983957,0.9432770017416742,0.6841668463401768,0.9140619854484773,0.7057850038027766,0.7119474155109184,0.5093979900805551,0.6910767311158564,0.7210020182995523,0.6889728470847276,0.7297240924474421,0.6319839832514883,0.6783840455469997,0.6816147302314856,0.6817491334981576,0.9916588569729666,0.6965902262975999,0.5136242031087799,0.6997100269571926,0.4132784934200439,0.6418631639097999,0.7259805158027053,0.5487655601241885,0.4261097051674042,0.593875746468231,0.5879052145726705,0.5677779808542711,0.912746023655553,0.5828866748868692,0.2543193694544322,0.694212987148934,0.5956749855176352,0.4021348405009037,0.9744861092681548,0.6966148810732463,0.5113446957916978,0.6293055101374526,0.9599075483725514,0.6897436357229395,0.27394178627686716,0.4294288488618738,0.5337797074396977,0.7106053778293171,0.899293041870609,0.680985725255877,0.6718707449433244,0.9598165654076377,0.9695552550549482,0.7068978160598929,0.6004843988327228,0.5604901153523479,0.10377461353565802,0.2683737475854963,0.6838734100467017,0.6833072970430283,0.7166338280845916,0.7131075168638642,0.7048618177903555,0.5877748704681396,0.5063871815307279,0.44890691891262924,0.6494117316401381,0.6418797605663733,0.6262616719280472,0.37039055545017535,0.8016449426912409,0.660711315098273,0.6641192419448578,0.6806944581481731,0.9651474078395297,0.6843778630332219,0.688183040536024,0.7372133766119764,1.0,0.7344456804752237,0.6904138684987153,0.7223760975718815,0.7318154529074087,0.9811135405511197,0.3934346369397983,0.6790032968112206,-0.17068369799790567,0.6878782246845074,0.723668217288615,0.7371754343462982,0.4376820700692567,0.2755178659744534,0.6800386128200409,0.6991820070294391
UCSF-PDGM-0444,0.5372217183728094,0.9261907147340033,0.4360598647647583,0.6975049920522454,0.7189905389054534,0.5833240202757896,0.6105667427191672,0.8991129835580665,0.9612681629640716,0.666703897053072,0.9564071750826376,0.9239193935117146,0.3176294866715392,0.9721238198782248,0.6742653440157222,-0.23226947073061832,0.657806654806669,0.7693542714347408,0.7038247964302138,0.6959957311135294,0.5970793062167572,0.9493821576209579,0.8375233723179745,0.7294620771698753,0.8514134459007616,0.6254453615420925,0.9253603905457438,0.7086371962006077,0.801562403947037,0.8423043240230162,0.9728031782791174,0.2384180595259133,0.6352275644788264,0.9119219146591963,0.9907906724996484,0.8182654414341052,0.6535799776896364,-0.19515416947678216,0.7307832824813971,0.8953442272558755,0.6982923398462166,0.948790052540846,0.6022185457066533,0.9154753871309997,0.7100309105604287,0.8010845685684241,0.6923987703598777,0.9545030788564676,0.5495688572225401,0.4671641356145747,0.9086263534560378,0.9935414745331025,0.9907523164569636,0.9414331925683589,0.5500617677920052,0.6866836779463279,0.989373157249605,0.32074442727557484,0.9793891326002426,0.6531203861189165,0.9849309843330114,0.15056700134699483,0.9661024471712385,0.6056036524177546,0.9942787171430669,0.9531480269829294,0.9265832602681049,0.9176539706266048,0.5822852126246973,0.9227476693797091,0.6643778052895555,0.2825879672908404,0.9573850227883879,0.7179369548160821,0.9271964876766572,0.4587905889323669,0.7412587234510778,0.9545617236695778,0.646101201926123,0.653303810436499,0.5490563548751788,0.20407982269260283,0.9780146874626909,0.9734159388535566,0.9856026426657549,0.9813893634814911,0.9764104092962114,0.9689610987364643,0.9702344175016205,0.9663486398951328,0.9848907924136777,0.7243430049592088,0.9753161182565354,0.9737228333043739,0.9961370023232544,0.9871996767544703,0.713998473241388,0.710640859202151,0.6509455084947624,0.9793040049280101,0.9645935161664677,0.7219942443352189,0.9803119971972771,0.9902167944604053,0.9671788047995863,0.7076820683188271,0.995597458574499,0.9832736131995241,0.980148208332027,0.9800533187442131,0.9874930671979086,0.717350655549,0.6759238654097431,0.9840829206839251,0.6821580221483847,0.9664079579663274,0.5720481421910592,0.9836557139356473,0.7201809600845057,0.8689431228260274,0.7009325901167033,0.9911964654272191,0.9747459438694598,0.9986846883666507,0.9264547340410145,0.6914175798270029,0.9677298153928265,0.9678607110966535,0.7297023240054856,0.9783113933941806,0.1848538237251429,0.9809225391590161,0.7739267125574922,0.9481212578939198,0.7283860013943654,0.8939695579093349,0.4266870519802421,0.9205858071233416,0.5993817989999335,0.8968506721563809,0.6060717466897313,0.8987279552689118,0.24815097274095066,0.9887539615811003,0.931234529055812,0.7585462554471056,0.7206946800715248,0.9753014510047952,0.8390994601754068,0.6333821300731957,0.7064513647533485,0.694306096507616,0.6463111269809986,0.43430860023488455,0.8775063093743455,0.9866062395565822,0.5897427403492272,0.9743565158647609,0.9704496442890252,0.6779084199923164,0.7076621171587808,0.712560816244014,0.9210385192251993,0.8991585604611688,0.5026018324714101,0.6304589056970825,0.6891916566767374,0.9720188076833078,0.9928504758853318,0.9911878406636462,0.9911830919063895,0.587139977017101,0.8647280890807522,0.8200122161602101,0.6529720775163007,0.9564939456620657,0.9352236170149534,0.7177663727259666,0.4600186959720057,0.9699669493961126,0.9719583004895893,0.9796305835751581,0.7146638628566196,0.9704015096362465,0.9703014107659444,0.989050227723671,0.7344456804752237,1.0,0.9760799721840141,0.9953232545358619,0.999517253856673,0.7120971383023601,0.7227258362696282,0.9651686032381334,0.11443887874297379,0.9737230932661954,0.9965143047976963,0.9987682216522138,0.12929499008277848,0.6309565539213678,0.9798144384423154,0.7090550200027788
UCSF-PDGM-0445,0.5445062049223722,0.9470813992717906,0.4314502002517516,0.6882647061974869,0.7128176384157783,0.5851634707026154,0.6231850734461164,0.8803829128379772,0.9340918166846025,0.6831074160794677,0.9494739538541165,0.9499693432001135,0.3353163572088755,0.9609147361027095,0.6623160757989499,-0.24579296597595185,0.64020537635058,0.7383295385614194,0.6995265364930394,0.6779184997918108,0.5321416192120596,0.9798081789365669,0.8201971186128085,0.7112148457052233,0.8483071160809584,0.6099693387757503,0.9529918421305791,0.7220752251680469,0.7332952984562937,0.7940576675923002,0.9980159873637294,0.2553534102848801,0.6393951345754953,0.8976994300826566,0.9891295411538575,0.844135042957126,0.6367103936725785,-0.1856486519980422,0.6980843856869252,0.9199632860703778,0.694241742411421,0.9265513225894462,0.5717240736161953,0.9309412944605748,0.7043341809223176,0.8214567730227882,0.6680247577254148,0.9103541667826754,0.5406515677468001,0.4708453152871907,0.9285313011075994,0.9921432144512514,0.9882907246504182,0.8929578959266726,0.5413832585342145,0.6622891941791655,0.9788309921907646,0.30081689945004525,0.9482792315931234,0.6274140546572246,0.9810401507740532,0.16293490102869262,0.9372286817529053,0.6032879133177786,0.9822368116751002,0.9654523829620104,0.9162324939379078,0.9107302802501906,0.5451634646115741,0.9070237457972965,0.6657954981085642,0.2854213744503798,0.9340142188763999,0.7197422231428149,0.9236832716164862,0.4537955198743486,0.7406474483385289,0.9000924877221518,0.6531081774012023,0.6659758763149911,0.5344194352481364,0.22890945621747763,0.9999506226575658,0.9999162585989666,0.9958151102029542,0.9995906315309844,0.9999986176186961,0.9985861348162628,0.9996231323014931,0.9990303918382927,0.9986465451527203,0.7201310013494394,0.9996513146875491,0.9998785227803814,0.9763713994457067,0.9953971506920529,0.7192755878200965,0.7242408130420751,0.6695807127276823,0.9963134219186998,0.9986905136253286,0.7214306774986871,0.996464705603081,0.9942004856044184,0.9990173602937228,0.7205750777877011,0.9905085124474199,0.9992013700921275,0.9964704427542247,0.9964734309461115,0.9976317266754517,0.7231288235148835,0.6919812379526002,0.9961052896515008,0.6955516383571699,0.9981641152159872,0.5385092172467523,0.9961702289188991,0.7170010066774369,0.8423307585853722,0.7068626208987314,0.9469364425036443,0.9999783539651673,0.9850393788211171,0.8666432120728794,0.7127141023007593,0.9992676418957183,0.9992886693423135,0.7114683787154217,0.9958182344099037,0.21655375103311447,0.9988630996760001,0.7861306468851289,0.9048053749986655,0.7057362693658557,0.9173810965590531,0.4218039296007991,0.9299405584371009,0.6160286108918648,0.9210230991925297,0.6280035939387674,0.922332913120636,0.22461663888347305,0.9753947009636945,0.9578337607228654,0.7628891486730809,0.7220072408876056,0.9963437131289682,0.8130349851959562,0.617069041646917,0.7201722805432508,0.6851638889211621,0.6428165205379276,0.44556373403760047,0.8629776777952833,0.9951150589282138,0.6154916844378246,0.9987796296783734,0.9962371058274238,0.6845674456577293,0.7148944011138807,0.7004155137864112,0.9485885205376007,0.8966706795703807,0.5425680351356214,0.6523751303942025,0.6766710267858834,0.9972058560681291,0.9915609653191177,0.9496153517998466,0.9918118425159617,0.5501173178070792,0.8477568749985496,0.8197583904406842,0.6258005813970761,0.9821652182531285,0.9434062076867893,0.707136741467896,0.46748560386656185,0.9873634826293642,0.9896071160831525,0.9655522924085523,0.7237284403519997,0.9996431640140309,0.9987672204798227,0.9359087590446618,0.6904138684987153,0.9760799721840141,1.0,0.9700922699216403,0.9818156560275478,0.7010792465649358,0.7258103148155481,0.9988064175358765,0.17976294491559391,0.9999340023948554,0.9799114363903185,0.9649647961644185,0.181804635719617,0.6549316933224737,0.994576451418138,0.7181213471109589
UCSF-PDGM-0469,0.5170227620805117,0.909024866039876,0.4137148144456022,0.6792191535855806,0.6977160509846846,0.5519084298676087,0.6114632562096786,0.8804412569117529,0.9556713803376913,0.6501252263246258,0.9545999961409748,0.9100438836689682,0.2973394744643297,0.9658193834223799,0.6562690771126634,-0.22974847719862437,0.6323284842747574,0.7716231941746485,0.6835450559892934,0.6754819597930215,0.5846646970913884,0.9354763573919238,0.8507823326907783,0.7115532971268356,0.83012334589214,0.6041302017755433,0.9194956074647608,0.6849721132485443,0.8327934695641551,0.8637266139296832,0.9646169307542718,0.23333955971630352,0.6055888107103546,0.9047294169762761,0.9834111522678206,0.801876768816811,0.6407570082414471,-0.1996501695826725,0.7167176807217452,0.8843917038843228,0.6857645947662814,0.9414301124624261,0.5791509089733876,0.9013419041769868,0.6895854538911284,0.7766450047886572,0.6810579273303736,0.9626651470386088,0.5316006792884062,0.44931974779571815,0.9067072726490611,0.9852435557196408,0.9874663477512787,0.930131294623685,0.5417700935140746,0.6818732558401666,0.9823521915747389,0.2928488711151207,0.9690142075562219,0.630486286474219,0.9806997510366567,0.15968985790216544,0.9687559469834873,0.5767758796247219,0.9856626942682274,0.9428176088616868,0.9136900722562918,0.9125365656248104,0.5928041870642989,0.9399319091347578,0.6533415306372614,0.27253575009158243,0.9631512545822417,0.696800377244292,0.9119828792579276,0.4575297531746983,0.7334708030485736,0.946527178993262,0.6337997845724614,0.647299859887414,0.5299121642744385,0.2071990828737879,0.9724565426227664,0.9668697213745797,0.9747415545703222,0.9766399928276327,0.9704945406177201,0.9604121807592901,0.9630631559667668,0.9584649796965453,0.9810363457646915,0.7035267780179807,0.9684007600666094,0.9671870919179242,0.9996255161293569,0.976767927248816,0.6922493305859619,0.6861881766368447,0.6276641320487006,0.9658118178513515,0.9564037579721711,0.7004193962792815,0.9681903021348838,0.9806857035976713,0.959009165015668,0.6843871014514872,0.9868139151387306,0.9790167285804606,0.9679906492281607,0.9678750559605516,0.9844906801410922,0.6944740299576186,0.6481776936247283,0.9728369383883986,0.653939291632722,0.9574005096686633,0.5798637593231049,0.9723051937806464,0.6992226766905761,0.8944626961171017,0.6814098068093095,0.9879155597622987,0.9684741538976929,0.9917563563711953,0.9167709034184226,0.6729567663665718,0.9600936007476918,0.9602482637704163,0.7119579240815938,0.9651720645724934,0.17329147110900167,0.9748920537679385,0.7918216733856498,0.94474440703446,0.7139743270642388,0.876966476238456,0.43034016601318564,0.9037749551602005,0.5807695211805849,0.8788345826771018,0.5883047983408703,0.8800877694427216,0.258379805117369,0.9840466925060857,0.919501786364821,0.7498156820632411,0.6987324864071699,0.9621478511819732,0.8238327729893683,0.6154367673627997,0.6833140605026645,0.6829806923517678,0.6658343696966629,0.43525462748098115,0.8653530227549326,0.9744938373778794,0.5758720098559938,0.9667885382269681,0.961332558669465,0.6628446878550771,0.6876972751555223,0.6938184987461551,0.9052938824614366,0.896679785086785,0.5123784245654919,0.6233161752535726,0.670993840910567,0.9631690586873072,0.9823500070777881,0.9902988510980067,0.9870035414398654,0.5681281259507421,0.8668800244787376,0.8371297282810964,0.6269413087362385,0.9435993843945365,0.9296499802230692,0.6946792722189966,0.4516693633448988,0.9603307257972621,0.9627343947925457,0.9858834281316454,0.6911210595887453,0.9632620676064451,0.9620020159548593,0.9909231817892836,0.7223760975718815,0.9953232545358619,0.9700922699216403,1.0,0.9934746938154584,0.6898285234046664,0.7222245639817485,0.9570781554428311,0.13799805054781614,0.9672395131920509,0.9979720005481392,0.9962821519344718,0.14255362931098214,0.6385113896621823,0.9725799615187752,0.6928117378829521
UCSF-PDGM-0473,0.5417784246883178,0.932863325731437,0.43917367255488976,0.7000278240245064,0.7223268457686508,0.5887038756550781,0.6132653986740456,0.9008726472536062,0.9604109066536007,0.6722180926844988,0.9576391107024388,0.9308268283874621,0.3230908916678386,0.9734135473340789,0.6763601694544804,-0.23477213008300474,0.6600999368417636,0.7666276900081567,0.7072436853886908,0.6976723310288663,0.5915568885547632,0.9569015394753729,0.8352799867591654,0.7308517275118048,0.8554038131357485,0.6274163645369801,0.9314535764666221,0.7147571924631925,0.7904684350228282,0.8350903655188149,0.9789767952173895,0.2416930369609239,0.6407806152930151,0.9128216957525171,0.9934711469666292,0.8252611326444147,0.6543488680393359,-0.19375544874933204,0.7298444388179202,0.9016411854271053,0.7007460863373168,0.948761878901843,0.6024519788139885,0.9210496704125447,0.7133048277082628,0.8083693601261569,0.6920990291407777,0.9497190493186997,0.551800745200592,0.4708238975623333,0.9131997602328322,0.9963776765481923,0.9928100997740342,0.9385470347284088,0.5510945268504124,0.685539596304439,0.9908730415081693,0.3223838866484811,0.9786737680471068,0.6540094797583431,0.9869152887814101,0.15128049985486813,0.963989156405868,0.6101686306365752,0.9957999209119396,0.9579099209227689,0.9287304843793336,0.9192316562082854,0.5773633170369904,0.9203774461598089,0.6672721309314062,0.2847847582974403,0.9555602464407811,0.7222707428097406,0.930511689155123,0.4592188498203908,0.7436329059132929,0.9505218148671083,0.6498329219202647,0.6569711111748013,0.5507076165866007,0.2072509957508371,0.9834466185584342,0.9795463430084778,0.9902293359108142,0.9862489852104879,0.9820953078201303,0.9757357519011548,0.9768062603554563,0.9734232271728216,0.9890767767751517,0.7278815754220588,0.9812211917291737,0.9798085752437719,0.9951379053347936,0.9915180397746228,0.71884500156222,0.7168856070879706,0.6575655052492119,0.9851193779681112,0.9718839907978435,0.7260897762918223,0.9858458577460871,0.9938893782166575,0.9741839017240064,0.7136836323828106,0.998028963870361,0.9877844836463657,0.9857079186717699,0.9856279527559682,0.9911147034269817,0.722411050801163,0.6828322630230992,0.9889862985382641,0.6887992187853419,0.9735075727202508,0.5679065961146129,0.9886342844417831,0.723860959058147,0.8640186986078164,0.7055534682578138,0.9879258093349997,0.9806824329319485,0.9997955503425672,0.9218880745303574,0.697843642704026,0.9746298258483421,0.9747439506804763,0.731073237999027,0.9841433508361556,0.19072997455090904,0.9859109208611759,0.7747330204952936,0.944898223806053,0.7287675571268413,0.9008793021361786,0.42644138006307036,0.9257315631988714,0.6050528637633052,0.9039919218644062,0.6123222674536367,0.9058799282232444,0.24433926381722984,0.9895992592721977,0.9379539228609296,0.7617059855963325,0.7250760853689352,0.9815800007853228,0.8393727409160813,0.6348335403969407,0.712535997875724,0.6959499792247016,0.6446573881654711,0.43647959758679405,0.8789300486576709,0.991176849472519,0.5959522090159033,0.9803538975019261,0.9768102525235947,0.6820097824476269,0.7125184991184219,0.7148010413816642,0.9283692003105778,0.900929723435499,0.5074447657769977,0.6354044646966125,0.6912687068336696,0.9782719699364666,0.9959792731243643,0.9879556125069084,0.9937493319059795,0.5859956637927338,0.86399607086294,0.8194200926563765,0.6541060399238335,0.9632925954988617,0.9388197910857863,0.7207626057771422,0.46293952341218303,0.9753229063466463,0.9772979128712113,0.9789724487518864,0.7202226441366847,0.9769508875742036,0.9768991916833139,0.9839876824149312,0.7318154529074087,0.999517253856673,0.9818156560275478,0.9934746938154584,1.0,0.7149286092537256,0.7246079969248879,0.9723890438666241,0.11999641109266111,0.9798092421427452,0.9961774080308868,0.9967444780122771,0.13455807058492025,0.6342965145400615,0.9845485272152956,0.7136746982387352
UCSF-PDGM-0474,0.525170499325113,0.6161527186488344,0.4478748242302542,0.68542883733025,0.7127364877448086,0.5791212924526972,0.2135278581696177,0.5671110319152046,0.6207109298974206,0.9738885611767717,0.6129214810611416,0.605262928604234,0.7055117468349568,0.6446563276254575,0.9740731739144632,0.26670618657537715,0.6625162253747046,0.3551311380108425,0.6961908363004514,0.6814379266388698,0.2741900738512485,0.6524237897962679,0.44693258974834177,0.7157852274445632,0.5291875426215709,0.627611279748827,0.5924324801922414,0.9905932410116063,0.4099905802638111,0.42927448865737305,0.6890314546198413,0.23039436073762184,0.635670734618772,0.5519382170692918,0.6934268028163849,0.47316969701111006,0.9607342690091393,-0.20170077647139933,0.9886728408893153,0.5518547947958742,0.685036311963347,0.5961527906680619,0.5759972219351266,0.5801848468549089,0.9931520032738491,0.47035432567200935,0.6688861531386043,0.5955413768652872,0.8843490397688792,0.47611589587436337,0.5563622038679097,0.7110805096362739,0.6813818879607992,0.601878517776915,0.5354315122124702,0.9715187965793756,0.6791193426489629,0.2948265369350933,0.6618688170563136,0.6477837660756535,0.6701333637083478,0.5317917354378775,0.6055908882366166,0.6131115685335923,0.6953209437353349,0.6343756591878709,0.5853051141007509,0.5396689120132724,0.8818208922765429,0.5582944843564177,0.96511590975786,0.6346644962014419,0.5827096539130614,0.9949038164498969,0.5916658945169478,0.856426820270333,0.3908808871307467,0.6181348176055294,0.9575833243077945,0.9520976512797727,0.5575665016467682,0.17353972644937096,0.7014424331416035,0.7005024872075152,0.7143766589095611,0.7019375577469833,0.7011448391104742,0.7039630254402591,0.699716117207991,0.6986370784391733,0.7009683552326738,0.7193930463942975,0.6964365387207803,0.6995229470184834,0.6931643790721365,0.7144982748193943,0.9935523226321048,0.7165055082765793,0.9690153878067985,0.7180444608975126,0.6981132448306163,0.9959033048411403,0.7135989661721228,0.7145204638018695,0.6963765061670699,0.9904149288898387,0.7185415787293835,0.7021188896435673,0.7135675609749799,0.7135491955422117,0.7021722991440045,0.9941599024774876,0.9758071516847922,0.7142060896481742,0.9775165006175117,0.7032282241171599,0.8909425042963807,0.7141496597842781,0.7153158739278204,0.4434261179162048,0.6988755669218788,0.6819945683013793,0.7008006820694235,0.7164006150100783,0.5814794646847674,0.6950043708273286,0.6990340379118302,0.6990709220666224,0.9954356240701514,0.70960031741211,0.5274046282211008,0.7065435383889497,0.37777449694636234,0.5967774803962069,0.7100170081235007,0.557867174660368,0.38621232522903276,0.5949525498703864,0.5931424321546771,0.5818467497294281,0.9527442624476072,0.5997786099821188,0.23786754506264057,0.676051371377723,0.6062102513381755,0.3883945060912283,0.9954899141102518,0.7124870412598605,0.4829380751967183,0.6128512780138807,0.9897707596814161,0.679163372642025,0.21915179762137807,0.40239411858547147,0.5111678520224096,0.7169290884442855,0.9249124360986454,0.6922767881044279,0.6846980010240079,0.9744741606061069,0.9920347530134481,0.7006882869227851,0.6171503675869293,0.537753929618312,0.08387326216274142,0.25756285780579813,0.6749644081263025,0.697044669008264,0.7144987252925962,0.6729353003281102,0.6965820443672662,0.5832860566139685,0.4680788241201058,0.40677309413484913,0.6579757718263413,0.654865118408288,0.6226624731984626,0.3552473646764279,0.8016569166254235,0.6666163701338262,0.6700692171097277,0.6508461635091455,0.9928695055371703,0.6997597598436965,0.7043282571468379,0.6892171383850441,0.9811135405511197,0.7120971383023601,0.7010792465649358,0.6898285234046664,0.7149286092537256,1.0,0.36674554499383494,0.6982871783924054,-0.13438665394415855,0.7005730725964131,0.7001154097183008,0.7061489046714289,0.4454883569203186,0.2525598127349563,0.683193260095784,0.7064796839924702
UCSF-PDGM-0475,0.2502790743739621,0.7053695088276034,0.056573086584844764,0.3670569657195298,0.40098930170432606,0.3437248741756553,0.7808223149412515,0.8825973963494435,0.8046329974313563,0.3939579944614367,0.8296107265071994,0.7491467793802873,0.14343529611666395,0.7936640664497006,0.45766527453159694,-0.07084206771892268,0.27794445209783497,0.6767701618217768,0.3701289543763985,0.3703105780782818,0.7294464593268963,0.7638908598832505,0.8674981926993678,0.39716423516618327,0.6999506355415944,0.2579477957719678,0.8134205512065432,0.39849916450188405,0.8075467037635883,0.8631862785737573,0.7412199901401815,0.28489527168882856,0.34432048845658153,0.8589373071946881,0.7529128503571675,0.7130558148694827,0.4509880025124051,0.21949055289875932,0.397308207645233,0.715951857888418,0.3937584618603513,0.8384641646511328,0.35783568352592615,0.7891639257724796,0.40237378815696073,0.8414171787912359,0.390043253452803,0.8243120750665819,0.4952878850075185,0.11470956425681622,0.8471505996077314,0.7218557484282321,0.7586081338798336,0.8009776675728403,0.2414319506942978,0.3946778596287676,0.7786102499264532,0.24747846074624688,0.7609554324328697,0.27112303884274075,0.7520543643132084,0.3160312577611466,0.8076014365016524,0.23177895524225112,0.7358391104802764,0.8126913545721127,0.8465053062634434,0.7885834841114623,0.39392917781565806,0.7657488346741658,0.42904365405487527,0.4960950402250126,0.7859673635454567,0.40093872959862137,0.719350180958747,0.2261539415959439,0.7650568352210282,0.7747590531467902,0.4116486291244645,0.41622140878004843,0.17568310321234307,0.2894904907747845,0.7265163580684079,0.7247834006718332,0.7163201644889532,0.7276491306551772,0.7259334452602275,0.7307598499084456,0.7234873659683423,0.7218197950142216,0.7280829605210906,0.3997374441678615,0.7316604308327196,0.7244970498922342,0.7247934102584943,0.7167563440868119,0.3862443476649594,0.3974730333881521,0.4040727010184659,0.7223023830250129,0.7210405695816553,0.3995270942933952,0.7146130577571179,0.7174352044429141,0.7250104175210408,0.38507775498695257,0.7262749540394138,0.7282137231405491,0.7145550828320714,0.714521375909472,0.7292263316724438,0.3988509164594949,0.38257284294721783,0.7158667453172077,0.3961046452082223,0.7296372921870776,0.33988892205822263,0.7157333535558461,0.3939648190162625,0.732170284096836,0.3810058844786433,0.725308228555418,0.7253033985704768,0.7254571480718536,0.7871075141432501,0.38802699672354785,0.722422102361106,0.7224786583320593,0.39775610135936507,0.7175901131454527,0.4041984431136576,0.7354010766547882,0.9162301893590108,0.8058018296971599,0.400006847353084,0.8375143569351315,0.306881277942127,0.8302831971968497,0.3072132346473123,0.7634931717480643,0.3327249011053419,0.7327967540606434,-0.01795383183114631,0.7575929667613627,0.7431271042013385,0.6353945295151197,0.39936812482375644,0.7127337756462196,0.838513996205728,0.39645429494977835,0.4006578578134061,0.3745205451154387,0.9438370264950718,0.43547598758834805,0.7604479145819445,0.7264704244006076,0.4134865818061477,0.7347178497047964,0.7400066858838636,0.413178023994911,0.3989777238504512,0.37502354832063906,0.741673856056555,0.9262738315551471,0.7413043713555405,0.8334828250067887,0.34371902815470823,0.7384049779177146,0.7314214782548907,0.719446616157195,0.7522238171234888,0.1675456399653786,0.7001736858793371,0.6821551995293108,0.2797603361166567,0.7765442196182597,0.6512216633675864,0.7697073464778521,0.4641150984562416,0.7629597115606467,0.765613786876508,0.7813078885551562,0.39834528144886183,0.7235571053028877,0.7313344489827336,0.7042144078196824,0.3934346369397983,0.7227258362696282,0.7258103148155481,0.7222245639817485,0.7246079969248879,0.36674554499383494,1.0,0.7212975288089021,0.07294023175157208,0.7249047175035511,0.7344316116080853,0.7182724363589189,-0.009844899711157106,0.8749815258208501,0.7469361781906682,0.4019615992675221
UCSF-PDGM-0476,0.5461096818440265,0.9479091720754939,0.43190747360645954,0.6851213225683633,0.7107157971802404,0.5876351154449119,0.6210495487255246,0.8740221230555892,0.9230131409480944,0.6848178155593573,0.941595165844754,0.9511523590944221,0.34053996306702244,0.9529979903576131,0.6587564491152752,-0.24724889540712267,0.6371734209518894,0.7263055008643973,0.6976976008762859,0.6735198476681988,0.5177351523939172,0.9816626656101338,0.8081276766324689,0.7060176798666062,0.8458483711475828,0.6067453941397711,0.9528593558995128,0.7243338231668173,0.7079857270343166,0.774312208359627,0.9975392464910716,0.25794156273700664,0.641586607866401,0.8898109074248757,0.9831469130113574,0.8465507179580564,0.6313043650152493,-0.18149239067997452,0.689300578227638,0.9204865982314396,0.6909408783663366,0.9168753731195229,0.5661065296984593,0.9301836971414849,0.7022225163048145,0.8245498172052838,0.6605846023414849,0.8932628267081867,0.5385737981709623,0.4717811531312218,0.926226506055016,0.9863765507169467,0.981329360393197,0.8790380346160878,0.5374011297846584,0.6535722149332122,0.9710634208135432,0.300250847586183,0.9372681906614857,0.6222711360733559,0.9740336883144541,0.16241284058769748,0.9241256823849046,0.604272005322572,0.9744638584640946,0.9630444647480423,0.9101365006757106,0.9037989094829382,0.5316455281043814,0.8938607073079549,0.6635000052780935,0.28595588139704714,0.9214153692181085,0.719168080467807,0.9193763355385735,0.44977147493391717,0.7367502303211305,0.8842575933556627,0.6522834463179474,0.6649310989918065,0.5314723317496487,0.23162724784809727,0.9982717155555824,0.999354878719865,0.9928740730718688,0.997000077882519,0.9987238210364761,0.9990660990893538,0.9997708494126578,0.9999883674772033,0.9949881833335825,0.7182787825742649,0.9987304533658098,0.9992459596451215,0.9646508586450888,0.9919672730853114,0.7195266858959949,0.7266748591950248,0.6731864632255222,0.9952659267346498,0.999997313431411,0.7204558851323535,0.9949679565019414,0.989750097208197,0.9998633053334166,0.7226603485024238,0.9841087071589246,0.9960570427656388,0.995014981382515,0.9950418092839928,0.9930813892367584,0.7236798314197574,0.6958051423525,0.9936038021324511,0.6989088758396123,0.9991682191498475,0.5263041901410764,0.9937883393079057,0.7154076171511006,0.8257660097474774,0.7068866252713114,0.9318615083274366,0.9991061733118318,0.976583971957275,0.8503064287880729,0.71557429945776,0.9999439313898936,0.9999379167063215,0.7062389809715246,0.9948034002530466,0.2236973770375168,0.9964831216665748,0.7793161528089494,0.8902435656324852,0.698989034685396,0.9188975589867909,0.41704432698503346,0.9284992228597843,0.6186809255315057,0.9228702444757945,0.6314629174836149,0.9241820070904683,0.21620286383913995,0.9666194801555632,0.9586394157730181,0.7600181035989914,0.7214837523063289,0.9960393673555257,0.8049988699912298,0.6129473806509051,0.7223953242311182,0.6806620068870406,0.6335490168435592,0.44442489035853144,0.8562761764465969,0.9920880505490524,0.6190253190795666,0.9980140673631285,0.996076132293378,0.6840016646408035,0.715211477589492,0.6966918013978635,0.9504594490786366,0.8902023353515126,0.5447300314153207,0.6535177184902331,0.6729334619656552,0.9968632854140551,0.9862635860858886,0.9345805831467151,0.9856267402865755,0.5425258615161211,0.8377951060326322,0.8103510418413253,0.6210579608726909,0.9828424601437442,0.9393707161960214,0.7045438129959948,0.46729682578003134,0.9856825214783829,0.9878777717865562,0.9544979452462274,0.7250704735436438,0.999754741993857,0.998962406695258,0.9180891336472667,0.6790032968112206,0.9651686032381334,0.9988064175358765,0.9570781554428311,0.9723890438666241,0.6982871783924054,0.7212975288089021,1.0,0.18687058716252666,0.9993016545646889,0.9692104256375097,0.9517040110157727,0.18839170306562295,0.6535126630397194,0.9918300622659162,0.7180353409852407
UCSF-PDGM-0477,-0.16166766805496277,0.10434850476724296,0.1395656555825054,-0.14624293200177127,-0.15122428985043754,-0.25826071956462765,-0.05054442983668226,-0.03179562601717284,0.01691622654412412,-0.1559219205973041,0.07225269392960701,0.08455337661391771,-0.2987633910988924,0.061249466294716205,-0.22135487833104986,-0.19156837684604666,-0.07680342047767029,0.03482890819527913,-0.13159652680850376,-0.18764721781400112,-0.27314505554543345,0.11779036678966542,0.054105419026690985,-0.1498862057085366,-0.03908119828755732,-0.09132777559044737,0.12723687582047158,-0.12291067711659603,0.02346443080345862,0.054849318651804244,0.15859824136542688,-0.1511983680098166,-0.23888304709801317,-0.008683009530477296,0.11561064297675272,0.02666539529594629,-0.23546761234384217,-0.0707215543888872,-0.1673722310684075,0.11113109932848537,-0.13761064570117357,0.009657344957129391,-0.2375532381233098,0.040699616856985046,-0.16855677355796303,-0.061254117892775906,-0.21006192482858535,0.05380581105166641,-0.3099824018253082,-0.0814122375543523,0.059898451507861106,0.1395229349487905,0.12180968288969357,-0.04338419498695308,-0.00683982957720917,-0.1346675508975603,0.0920659212160876,-0.2969421148254966,0.03373075295813758,-0.1156097061450412,0.10484681625460669,-0.24190955153128024,0.06995128576036262,-0.03235407733594752,0.10491720479808651,0.06911433639010392,-0.008705367470594196,0.08145312279492704,-0.20440485821980844,0.2350432352691607,-0.130594745483705,-0.36031337394759816,0.08865013330312099,-0.13253892575267193,0.0665729448879588,0.08486634606109231,-0.08941304162265874,-0.02298636290502099,-0.17971155630818247,-0.08662040640244181,0.021155964365346613,-0.2923657206073616,0.17826435180392647,0.18168791158395667,0.1527526800838774,0.17540033642147887,0.17951343272218984,0.17402320691402232,0.18381047233427653,0.18618855631544082,0.16881716198228933,-0.1371728664602839,0.1719209530943328,0.1788961314834837,0.14311998434140497,0.15115650623124766,-0.12280235216324079,-0.12048638759353993,-0.17347306281224853,0.1486345812780661,0.1871968087929813,-0.1338395540761445,0.15737342306091265,0.14777159762684036,0.18108369625908682,-0.11560863402268799,0.1308684511449367,0.17362931901076797,0.15750342885523824,0.1575784419840469,0.16902614379269373,-0.1279419306985846,-0.18517182341314642,0.15417398139416055,-0.1925412115095601,0.17557425383326927,-0.05180361301086555,0.15455842660677918,-0.13542409799911856,0.24227355915652218,-0.11792677695048294,0.06321624152477026,0.180745406090434,0.12355115619037081,-0.06193215055816398,-0.10282538299086243,0.1853675360662325,0.18528839659191604,-0.15253140340404295,0.15101236455037748,-0.35396994157761597,0.16520998330158287,0.10982377645424485,-0.010143767643962551,-0.15261174972618224,0.03169541838187447,-0.16697333567611827,0.024224512670632987,-0.08787106732420531,0.038727499179554786,-0.07072625217871133,0.03686899336475165,0.21508241978804435,0.08774717493039194,0.11581719790857557,0.01706683218083402,-0.1321085179227895,0.1610814109666499,-0.10307239497029756,-0.27646978699878105,-0.12172312747492174,-0.11214405941053114,0.09033744187741535,-0.21177134229506517,0.11214808502531023,0.13647254925238375,-0.16265535157117644,0.16641951397237661,0.15791216140493314,-0.13860503593203466,-0.13406430185817184,-0.13684791225171106,0.07827391417676569,0.03895369759818878,0.08354105775346503,-0.10512106550971924,-0.11951730341742946,0.15289469932769056,0.12386606565395962,0.09908999525848824,0.13957494934150189,0.0028992534450839394,0.16466706817078555,0.33183185790003106,-0.09015976483843612,0.11997714669265654,0.16990202711938426,-0.0892687161083641,-0.2722940261035856,0.11864062599002165,0.12137822339846231,0.12837779408599545,-0.1248338640051971,0.18370323011946313,0.17317215530829605,0.08652450389162587,-0.17068369799790567,0.11443887874297379,0.17976294491559391,0.13799805054781614,0.11999641109266111,-0.13438665394415855,0.07294023175157208,0.18687058716252666,1.0,0.18147335469683465,0.13615410666498107,0.10533388490919354,0.14835548579725658,-0.056521255433155566,0.1448319933317943,-0.11705370666587145
UCSF-PDGM-0478,0.5450002942343084,0.9474794854701434,0.4316504096580168,0.687673146558258,0.7124763352229475,0.5858704949711893,0.6228165990751074,0.8790758361342385,0.9316865682566995,0.6836564192252449,0.9478246621956531,0.9504516071822031,0.33661702290632495,0.959258973195197,0.6616210381906085,-0.2461882022463219,0.6396297053815976,0.7356598896815019,0.699246569868367,0.6770294635267365,0.5288673148829662,0.9804547890440031,0.817534370967933,0.7101451393782742,0.847910960765614,0.6093420164198088,0.953165332686888,0.7227615396942221,0.7274996453137039,0.7895838115969864,0.998118173775674,0.25601701261090537,0.6400479051600308,0.896036730244741,0.9879347658895358,0.84488451603864,0.6355755605341681,-0.18471091517044683,0.6961682367957769,0.9202839357726104,0.693614424970766,0.9244743935629641,0.5705255337775499,0.9309630157871924,0.7039887453431353,0.8223607016707515,0.6664181973133338,0.906529567129424,0.5402789542112283,0.4711665490449777,0.9281885846965724,0.9909998838882127,0.9868655583154022,0.8898755318071611,0.5405628731073073,0.6603810771757925,0.9772141644322765,0.30074835678324047,0.9458929384317206,0.6263391119194172,0.9796028197342663,0.16284709582733548,0.9343479608035916,0.603648938821809,0.9806194494346929,0.9650933394214725,0.9149953992983195,0.9092955128176149,0.5421009501030052,0.9041224164523972,0.6653985477416985,0.2856083907808728,0.9312513899252668,0.7197617407379284,0.9228685855704702,0.45294646595630983,0.7398898265350777,0.8965612160905005,0.6530544439589785,0.6658731485646483,0.5338410051982939,0.22959787251171948,0.9997704600431025,0.9999989449405564,0.9953371907774646,0.9991959609754508,0.9999135171435696,0.9989134726442203,0.9998725441476559,0.9994702593023769,0.9980005100619393,0.7198499830005929,0.9996493896158324,0.9999444578289542,0.973824255802638,0.9948041601361247,0.7194891121196209,0.7249688602169103,0.6705726212325349,0.9962809941783844,0.9992123558943956,0.7213563198832548,0.9963266402282145,0.9933672012062427,0.9994308739656265,0.7212203014222428,0.9892159080483279,0.9986763614702494,0.9963420900001186,0.9963506862306323,0.9967756698680821,0.7234137178194913,0.6930292694401768,0.9957308200902927,0.696490670703449,0.9986146465990904,0.5357540864127417,0.9958239042223297,0.7167801960351935,0.8386154118741551,0.7070200642697055,0.9435939826231791,0.9999879494245775,0.9832620968183587,0.8629867067495602,0.7135399101682148,0.9996413042155661,0.9996559755315959,0.7103911454881714,0.9957933826099243,0.21828052539004553,0.998517802900216,0.7846966128014081,0.9015745609138641,0.7043007910091179,0.9179347930664691,0.4207749932209944,0.9298012410949033,0.6167847591959656,0.9216553585426877,0.6289521324009272,0.9229659121059235,0.222685850038883,0.9735401235598978,0.9582289535965631,0.7623776718975759,0.7220391593648372,0.9964860899002622,0.8113193882415501,0.6162320898568412,0.7208498235989182,0.6842521276260047,0.6407747316053735,0.4453915476691728,0.8615867237461309,0.9946167676588037,0.6164550148905185,0.9988140456766837,0.9964131826432351,0.6845813763104782,0.7151225035050879,0.6996900629477474,0.9492322936220665,0.8953418024854773,0.5431930789461081,0.6527839775303358,0.6759372186045394,0.997339427014289,0.9905278912848039,0.9462829146412441,0.9905700188405541,0.5484498491635574,0.8455957967232326,0.8177217061328886,0.6248194472636517,0.9825354318794188,0.9426596042504628,0.7066787084738845,0.46754159244538557,0.9871801338154388,0.9894128687656667,0.9631595224348128,0.7241995224326523,0.9998840797877038,0.999027613845892,0.9319183453978147,0.6878782246845074,0.9737230932661954,0.9999340023948554,0.9672395131920509,0.9798092421427452,0.7005730725964131,0.7249047175035511,0.9993016545646889,0.18147335469683465,1.0,0.9776048591409472,0.9620529183038262,0.18339303824261424,0.6547385648952281,0.9941440496247252,0.7182553324286598
UCSF-PDGM-0482,0.5205986350103892,0.9152031778326246,0.41625551385618714,0.6851828346276957,0.7082170224145904,0.5616621726136228,0.6177580735045269,0.8872376055313104,0.9598752104410305,0.6658836593778319,0.9626007829788605,0.9217014243068723,0.30918744862448455,0.9728742010916976,0.66807957265237,-0.22506110979089414,0.6402103327026721,0.7601507624493722,0.690721238625821,0.6817087313940645,0.5828994101828312,0.9500284184505482,0.8565448766102471,0.7189159658830683,0.8380576482294204,0.6101774293992479,0.9335354250936548,0.7001366358116228,0.8239939224964261,0.8585587130210411,0.975700499399153,0.243725649200071,0.6184200636033598,0.9120782133940064,0.9903784970827919,0.8101690644161165,0.6502713851548475,-0.19075199035928603,0.7209847188526304,0.8893666210630062,0.6949322248594438,0.9456678203421216,0.5794977776182598,0.911949520453316,0.7011796773270498,0.7945976926114829,0.6878127347639517,0.9609425875127271,0.5467386013653545,0.4557538395679669,0.9196240417300798,0.990120980264963,0.9924619586290254,0.9309162839699836,0.5438410438281495,0.6882185558339108,0.9884388318864734,0.2891466525432198,0.9718614761433483,0.6321294703342284,0.9859575647153673,0.15948802157292838,0.968193711938477,0.583325876820516,0.9891213000065481,0.9557858056892992,0.9237194843293663,0.9106072615763643,0.5927747869787952,0.9444527296439235,0.6666542386397573,0.2871201343372324,0.9599806859274936,0.7092465399572845,0.9145472313389532,0.46575825492211165,0.7471499515038791,0.9449585574176992,0.6489853326095094,0.6619760597404217,0.5376285110095309,0.21309737121401204,0.981802234271465,0.9773040283388759,0.9822598732558576,0.9850933620427572,0.9802345514767811,0.9735206455350419,0.9741852349176691,0.970370118707205,0.988463844611844,0.7144830466026676,0.9787371369232506,0.9775746331337929,0.9989270198523508,0.9838047899947393,0.7036266990133336,0.7013152686838313,0.6445835339626593,0.9768296155064233,0.9686450817722639,0.7122375606554177,0.977124985324892,0.9867140902217397,0.9709477976318972,0.6975493004940464,0.9925620510233092,0.9869261889872518,0.9769656880243207,0.976873392869462,0.9910127927073882,0.707781056474978,0.6637539689863717,0.980787273361058,0.670759321892768,0.9710119756077332,0.58435441346977,0.9803729306821662,0.7096716204302325,0.877934062901275,0.6926610252081907,0.9855955420340982,0.9786062779038435,0.9954414970669143,0.915177247562214,0.6875408891846969,0.9717268516244537,0.971855393929547,0.7195240730849026,0.9747588513755667,0.19816948585767544,0.9852302695034557,0.8015215015791178,0.9456303171920452,0.7203460703858183,0.8897227067799723,0.4267140873723972,0.918353155218839,0.5871590018103453,0.8944253860929394,0.6077398473331154,0.896433848167373,0.25740956419676575,0.9885642087741977,0.9284244895873287,0.745890476832332,0.7109923417822492,0.9722450268886501,0.8325338329071675,0.6232858427842047,0.6986514940169334,0.6895594416762643,0.668181941749452,0.442855214345513,0.8612411296050303,0.9836844601427447,0.5971359410350905,0.9774996870732534,0.9729440278416357,0.677443025117657,0.7011740948311244,0.6999044264114173,0.92028637112822,0.9071391166967239,0.5106580199809891,0.6373170856876381,0.6740406197373705,0.9758854901430282,0.9894348067666752,0.9843605070375826,0.9941743026380467,0.5672631242680968,0.8549707509708051,0.8237452811912623,0.6362061639863329,0.957033574957117,0.9245608402587258,0.6960021079055546,0.47101140628107985,0.971084804479984,0.9733253748856127,0.9894291338469768,0.7051949994740234,0.9743491501824628,0.9748365773866442,0.9849178929132029,0.723668217288615,0.9965143047976963,0.9799114363903185,0.9979720005481392,0.9961774080308868,0.7001154097183008,0.7344316116080853,0.9692104256375097,0.13615410666498107,0.9776048591409472,1.0,0.9950565749596595,0.14091072953830877,0.6546924561911168,0.9818074090274446,0.7061364198787036
UCSF-PDGM-0489,0.5288683867571126,0.9136791113084342,0.4302135543645502,0.6920789028257731,0.7122222382495773,0.57356372537894,0.6050339657655616,0.8945019593588391,0.9607120763174313,0.6565620606723528,0.9525242260536316,0.9110373074761173,0.308271073377867,0.9681170962335663,0.6695693570957066,-0.22780735403551455,0.6528266804812278,0.77216799617006,0.6969549792623781,0.6919241612754855,0.604703218712269,0.9354717500847074,0.8394288702653692,0.7257817624618443,0.8433353499150047,0.6210449031778879,0.9137758358015942,0.6974438679646875,0.8176749752018334,0.8521386284028549,0.9609951525655451,0.23271017819598636,0.6250867129836413,0.908658534893744,0.9845254352885628,0.8054540029092502,0.6510430373862867,-0.19699718537326089,0.7308191030345099,0.8834943479778414,0.6929750084975794,0.9469348487284645,0.600639635829932,0.9047393565051923,0.7033801949960676,0.7878458240619546,0.6914907708798814,0.9602318953652061,0.5449037082435639,0.4603836006612146,0.899502515402707,0.9870220194330509,0.9854816410014893,0.9441571400567479,0.5473107313544833,0.6871356000449322,0.9849962509791503,0.317483712189439,0.9785701421059302,0.6503923925078609,0.9797893189311975,0.1491259405354911,0.9675426607849921,0.5971001573088364,0.9898579373379879,0.9436339944020776,0.9212982563404843,0.9132964461040588,0.5889796749021337,0.9246850528237796,0.6584247583520882,0.2785135696168952,0.9583819159341918,0.7095777113084539,0.9200449072671676,0.4571877761785853,0.7359824105075703,0.9591020055425362,0.6388473764316677,0.6461384422737412,0.545319536448134,0.19860649608062922,0.9673807528203943,0.9616757000158493,0.9762395370138284,0.9716626915846536,0.9653756794928239,0.9562008674036861,0.9577955394463972,0.9531146231921367,0.9762329578997937,0.7172409543048098,0.963931943983828,0.9620533087721036,0.995737612049891,0.9783257993521103,0.7048282324245833,0.6992442803163799,0.6390691842301918,0.968055102259277,0.9510182260978326,0.714007387988354,0.9695106725356747,0.9823682328985534,0.9540541068334348,0.6966797981681673,0.9897202171487347,0.9741001498186089,0.9693059276259547,0.9691873938445315,0.9797313276698291,0.7078321394232786,0.6635369174592328,0.9742809723902294,0.6701853288757592,0.9531338516879673,0.5775168295849384,0.9737345328737048,0.7128613729637321,0.8750675163759184,0.6921488975655091,0.9944348218340385,0.9633127384426561,0.9949104313847149,0.931892568267172,0.6797699267897521,0.9547718449359619,0.9549292628395936,0.726051451508307,0.9670379921425035,0.17509894777747415,0.9709911627682936,0.7710889878434919,0.9513698276767838,0.7263178452667237,0.8811437660130763,0.4262248566653388,0.9105239319607726,0.5891242607713942,0.883649378287415,0.5948753749692934,0.8855057758147854,0.25374157367530586,0.9854237197469585,0.9186381083902592,0.7519807405528254,0.7122538650593769,0.9633208361511215,0.8369824948689057,0.6297956051193584,0.695318891828137,0.6902901624470961,0.6476578667450865,0.42997153688945566,0.873475054902761,0.9773306932655709,0.5786446350269595,0.962826840314381,0.9583476928748903,0.6700005452453135,0.6984888295380774,0.7075559183308492,0.9074862466315526,0.8945290797629778,0.4938607100100604,0.6212978151312234,0.6844941643988073,0.9600853129824528,0.9858651079522389,0.9943648420197739,0.9850995098713352,0.5877916311635618,0.8641653343603366,0.819315594168402,0.6498533069594457,0.943720358547926,0.9276072256730684,0.7115436474214619,0.4544326060087016,0.9594704689110307,0.9614839353198947,0.9787197092984053,0.7043547674919889,0.9579981751079555,0.9578209734868858,0.9951546653518524,0.7371754343462982,0.9987682216522138,0.9649647961644185,0.9962821519344718,0.9967444780122771,0.7061489046714289,0.7182724363589189,0.9517040110157727,0.10533388490919354,0.9620529183038262,0.9950565749596595,1.0,0.12063050492228038,0.6243587289297143,0.9702914063835103,0.7002569765092046
UCSF-PDGM-0491,0.3089078498980802,0.18210756711739248,0.1452919162650664,0.18668972594133262,0.14977294044020195,0.18936456669836738,0.058808261485347686,0.06291302634490946,0.09229422898541594,0.535749636482057,0.10925216926421223,0.16473841666033767,0.5063455885575823,0.11692287668483167,0.4809738049590165,0.3271033654424249,0.08352038757979716,0.20816992188371072,0.18512454685352295,0.16281954010015215,-0.14542616658631985,0.1686650794522437,0.05892705251301943,0.1446646745318702,0.09436907719795617,0.09931086924214323,0.14752393483777138,0.48601840930144197,0.017992202407984135,0.04582346260193009,0.17586029869491263,0.021365535477302883,0.1539111928431969,0.06803607189518845,0.14240911405390402,0.163107218606778,0.4928274587799442,-0.15463210421270693,0.4543605858533872,0.21074958361662027,0.17101918870008437,0.09572885922700013,0.2112210637209492,0.13607972033603885,0.48122559145406374,0.0805083019410029,0.12704648331306112,0.07498470404068698,0.48326086147930497,0.1243156048640016,0.13784593755926067,0.1554148258284954,0.14864921758798366,0.053134049182347785,0.2042051241569612,0.4908211714829771,0.1228777934145414,0.264015872653973,0.10061534127323729,0.12131958535011374,0.1442643352314082,0.7109022654482512,0.11131446572487848,0.18886539801916938,0.13980929238775427,0.13285962598295767,0.08871809270070083,0.18614662421217784,0.5480098805880191,0.06663377866259403,0.5256106026479604,0.46029766383273146,0.15707623835168957,0.4818508340432461,0.1709124887934275,0.5378294417163348,0.04452840355924576,0.06273546822663248,0.5336194073822917,0.5439258211309536,0.03026586087141279,0.18953584335472762,0.18041135798896293,0.18359215059616776,0.16535887472293986,0.17774469343875351,0.1815727592430041,0.1763766772394436,0.18556018631262855,0.18776124082191917,0.17239117320589117,0.1525399870448413,0.18072732243144815,0.18169655275652935,0.14740581554337903,0.1638774868935493,0.49108277947620993,0.16526785398587415,0.5193341756096063,0.16131176008139478,0.18869312942128694,0.47433015907685155,0.16963349476338796,0.16072833870819417,0.1866069439720915,0.49470096982522926,0.14479245188254844,0.17609325142253712,0.1697534528070349,0.1698226604494612,0.17179263735111183,0.47781733734911963,0.4771078190114047,0.16667594202290098,0.4617758189463134,0.17781187519329958,0.4743323839611229,0.16703185870995998,0.16006196997039931,0.27458431558533636,0.17782831179032166,0.10238392798706698,0.18271725587535315,0.13791362700198123,0.04307520736905248,0.1929268581463236,0.18700182040228824,0.1869285914513887,0.4634933982475298,0.16869969387615713,0.438871370975122,0.1681905902055405,0.06486190269937192,0.07495280964555996,0.1422217518793685,0.1295237899785776,0.267423944657956,0.11973987865251517,0.29913987809806614,0.13801417914344316,0.5293802977198987,0.12810437725487828,-0.0007494697055346251,0.12474920593338015,0.1915341962195037,0.17282759332003655,0.4754105981950706,0.1730478785758355,0.04052454393045276,0.13621331374178033,0.49344677756810623,0.17806311228888488,0.049747709231145534,0.18315643814763274,0.23820677223641254,0.15290959397630777,0.5507121241024446,0.18209025900789813,0.18209658028521966,0.5349649004907943,0.4959390595729586,0.17702791591484843,0.15605857804051093,0.06020422128058023,0.22371028229856652,0.06524177296391552,0.21926107025585082,0.1663764973327853,0.14412591973447839,0.13400796065851273,0.1576172099939506,0.10214259377086955,0.28501087671579206,0.3791185020572162,0.028304966156472728,0.1714722788629919,0.209995464355053,0.09387973928229892,0.5133614248507575,0.16139766932842228,0.15969444007077355,0.1316911557901781,0.4794400228673745,0.185460828544136,0.17558845055325517,0.10258255562134953,0.4376820700692567,0.12929499008277848,0.181804635719617,0.14255362931098214,0.13455807058492025,0.4454883569203186,-0.009844899711157106,0.18839170306562295,0.14835548579725658,0.18339303824261424,0.14091072953830877,0.12063050492228038,1.0,0.05885795541392665,0.17361161384487314,0.16857005911496475
UCSF-PDGM-0504,0.24072046754206786,0.6981666046795184,-0.07473964363132057,0.26895751999728357,0.2955104771219367,0.31452912687023477,0.9298453032265488,0.8042242112554027,0.7967904313395338,0.34585590105448416,0.820447935767937,0.7779785321591894,0.28578036315790917,0.7790433571039276,0.36829436675563454,0.01747420338287061,0.14547577570451628,0.7739590749833858,0.2608706856907731,0.29054022165183274,0.655017917514613,0.7503413054118315,0.908526571911983,0.2851577212092318,0.7821477744117513,0.1378891090646829,0.8231936742523117,0.2993674210635378,0.8105123101193557,0.8618476274918938,0.6888503058911137,0.22743460514465186,0.32632058581459655,0.870496302674698,0.6977058067269214,0.8070485448568423,0.37586584823438024,0.10018592156970284,0.2878582391227065,0.7533198780813493,0.30492398308289315,0.8217534723545029,0.2767496616671695,0.8195523403321262,0.3174062090660345,0.8964066712899322,0.3356541427743988,0.7829208960405478,0.44733839769113476,0.09165817411725366,0.8835568724114914,0.6380946078807826,0.7065504555055057,0.7788551361234117,0.13917766982882065,0.30005430891880425,0.7254038631926041,0.23231499061538818,0.7263276004195635,0.14208324025797212,0.7236788761306334,0.332551837390417,0.7827417620932651,0.11056679336234394,0.671150736338798,0.8068437466734586,0.8502731390856333,0.7834240938096592,0.35440876176721825,0.7306902685325108,0.34580606701008915,0.4740317261948492,0.7807939926689016,0.29746510852578933,0.7316181214000878,0.10942023027677153,0.9190591133990957,0.7471401260317398,0.3757206457105637,0.3340211676234652,0.051875381669096325,0.3767295646243375,0.6550290175921736,0.6547079915380609,0.6314067470831108,0.6550368956930648,0.654952483550629,0.6638072124209604,0.6543266825056124,0.6537222183802932,0.6554708774374943,0.2915445043206203,0.6687710042071967,0.6553561072146119,0.6422762293949312,0.6312442069506725,0.2785285522253857,0.2949903155158049,0.34483500316566246,0.6416405168411472,0.6534065465095273,0.29243594440204934,0.6315162376052224,0.6306995701613335,0.6613803092797692,0.2798869660330577,0.6391741259891401,0.6549300126178936,0.6315112387745817,0.6315081468996315,0.6542780987197051,0.29375801932991025,0.31804069130649565,0.6314986522586085,0.3327786049415475,0.6633718329238077,0.23909173243279674,0.6315147804427216,0.28577390323071294,0.7092379347604767,0.278557291598078,0.6611366092256006,0.6548316658010097,0.6361412763628904,0.7747334470924401,0.29676918605755376,0.6539527736105861,0.6539737623530937,0.2873899787373152,0.6420247344701204,0.5070047988215118,0.6648359307851385,0.9372628158037618,0.7997629954434724,0.2917480932381749,0.8418367242564058,0.27466905589934354,0.8405251330158738,0.22740343621106157,0.8168807767492007,0.25328266992035764,0.7919781535399738,-0.10920498609305081,0.7199193731459171,0.7558812815782873,0.749180778787347,0.2928571425679628,0.6311902722765141,0.89295173028593,0.36218200101711545,0.30293823175818546,0.2685361862975691,0.930669298595803,0.3827220366570023,0.7129067359768915,0.6480673059799862,0.39012037109704706,0.6794161220946188,0.6954263034218181,0.34124991351019834,0.3078973791323228,0.26381313592286854,0.7785593801858676,0.8912521090098044,0.8446522863128265,0.9685213722024799,0.23273372381051066,0.6878745031403026,0.6539404078599551,0.6346116738254655,0.6881419610113341,0.021914344028891676,0.6932465600812219,0.6566128415853411,0.14526641915759292,0.7523642863016645,0.590366257874525,0.8105535527970745,0.47478050546723094,0.7376672085801337,0.7335383752739498,0.7399601019878533,0.29432946244820674,0.6543494495573828,0.6640117118899302,0.6067357075194958,0.2755178659744534,0.6309565539213678,0.6549316933224737,0.6385113896621823,0.6342965145400615,0.2525598127349563,0.8749815258208501,0.6535126630397194,-0.056521255433155566,0.6547385648952281,0.6546924561911168,0.6243587289297143,0.05885795541392665,1.0,0.7033907508946916,0.30710885957478845
UCSF-PDGM-0524,0.5475607059428453,0.9640406652698941,0.40599015721569714,0.6748859689891248,0.6974231232728876,0.5891918013704388,0.6827571510030962,0.903856563415883,0.962089185218887,0.6717856075053242,0.972362313667471,0.9720095012488987,0.3585909061332711,0.9822680144429382,0.6552902366255634,-0.22622004640766005,0.6195425749166642,0.7899080075790098,0.6836915687184668,0.6707963485420901,0.5645869686425311,0.9908866237641959,0.8601525616334728,0.6967710975558197,0.8919115901381314,0.5912652659408103,0.9730003021423711,0.7030666456946095,0.7694576179784831,0.8324221670702313,0.9978726866901816,0.2483749744992345,0.6414903806275916,0.9314539003727568,0.9965596361866815,0.8833573734007224,0.6326373339576133,-0.19025595272165788,0.6868918777412812,0.9454042854580746,0.6792895356884148,0.9551450796806351,0.5732423956162551,0.9586044697568973,0.692799937468924,0.8627876122166359,0.663911404774777,0.9343685592256983,0.5492184835046746,0.4604790813246427,0.9534971708627409,0.9925781311345936,0.9953781503222003,0.9275564815327277,0.524061396107705,0.6497783494829836,0.9911337876941032,0.3184175678581197,0.9714373616840744,0.6114373462659095,0.9936271453813029,0.17655319268835232,0.9612266879101226,0.5842844320384315,0.9909682724597709,0.9839454198132974,0.9479721483417034,0.9372745993603396,0.5473480774901619,0.9184188567183116,0.6555246263575827,0.30420149178194417,0.9580945382294273,0.7024329118296703,0.9516270302115057,0.43556916112107263,0.7984398828191805,0.9325268180478216,0.6478898468910316,0.6494140299158511,0.5101486686387523,0.24825897994128845,0.9948445805003805,0.994080032433708,0.9932816107080068,0.9950826596420186,0.994628157808368,0.9930469122035632,0.9933252706010296,0.9922066358083177,0.9950590031066554,0.7032582889273913,0.9965847713170265,0.9942780729077035,0.9779746792709435,0.9931873240967842,0.6999409339748406,0.7046846483285303,0.660487070066009,0.9934575078940505,0.991640880413033,0.7039971953606292,0.9929775355687788,0.9926678182481014,0.993731417781156,0.7001099095437934,0.9912102274694267,0.9950577503045103,0.992956067825373,0.9929433492523879,0.9944167892180891,0.704734227295338,0.679345826019535,0.9932811382730573,0.6842698930684309,0.9922831346968138,0.5270862507507419,0.99326705641408,0.7001656247275932,0.8624903931810596,0.6883252640519885,0.9626877524153614,0.9943448767942596,0.9871189698693097,0.9061364998555004,0.6912543047467695,0.99262651942375,0.9926650907094787,0.6970493448088563,0.9941195588717485,0.2504713995403061,0.9951992603500309,0.8178800503430875,0.9381490543347467,0.6919792534930419,0.941665881597455,0.42332477121614537,0.9584403184744604,0.6042015039676183,0.951021102503894,0.6083059313463739,0.9507858605607836,0.20112230751783336,0.9889979264394099,0.9763075454000051,0.8107146272177512,0.7042876233096292,0.9920721434402465,0.863290920434209,0.6193850261246281,0.7015880349517438,0.6680639946764144,0.6816928686687007,0.4428056840169816,0.885596910207214,0.9948385130147068,0.6105805914955922,0.9978905777992688,0.9984829307665849,0.6733424785095861,0.6979254360369275,0.6854526042906816,0.9711485023164071,0.9213227358070701,0.5852972545823667,0.706550270998311,0.6623721130891673,0.996700412768387,0.9940464279200301,0.9601983932993676,0.9956009219702575,0.5271018639295052,0.8739631446802373,0.8364315857398728,0.606863591916118,0.9932029939933714,0.9465867367420596,0.756196946094145,0.4826920263980035,0.9974487471710637,0.9979152221151885,0.9772275514466141,0.704842583807751,0.9933687979784303,0.99341393560838,0.944351454470009,0.6800386128200409,0.9798144384423154,0.994576451418138,0.9725799615187752,0.9845485272152956,0.683193260095784,0.7469361781906682,0.9918300622659162,0.1448319933317943,0.9941440496247252,0.9818074090274446,0.9702914063835103,0.17361161384487314,0.7033907508946916,1.0,0.6980536672818491
UCSF-PDGM-0535,0.8894563167422259,0.6223522330526139,0.808481046692855,0.9860253278752631,0.9946095856151591,0.917917191023111,0.24720092073103078,0.5682212709350245,0.6248927646676175,0.6878131494392371,0.6301639710110435,0.6223361710079418,0.3355203683354408,0.6539209452102589,0.6708058514883556,-0.2359823065995589,0.9589600151031195,0.3577727717140457,0.986612805517541,0.9801145954015096,0.26499714486153125,0.6720746650491373,0.4787772415962919,0.9906902240417939,0.5284819385618797,0.9510848239230043,0.6210829528650913,0.724925232554764,0.4297141550527295,0.45013403157648,0.7066266198650447,0.744504110298695,0.9496208509101793,0.5642390359113633,0.7009820173754236,0.4883525043132393,0.6458465835388217,0.22257863281729587,0.7060031854928214,0.5670355954816776,0.9956451357027845,0.6023215097519696,0.9111202448999507,0.5950747091892636,0.710033254766157,0.48906734076851927,0.9771129799336232,0.6029654367916275,0.5518849149979989,0.888825132033099,0.5883685931167554,0.7143578674698231,0.6913159714004651,0.5923299534722821,0.9342494937497552,0.6726321565311215,0.6850328872536887,0.6552904662959679,0.6566797418748638,0.9482615262325177,0.6793253424369033,0.16142867540246952,0.6128462157876768,0.9307740446003813,0.6953313291337728,0.6527702780488855,0.5954508922100753,0.5477036977847222,0.5574184893027248,0.5759723404070809,0.6739494266109667,0.2956095510452081,0.5928740979550263,0.7239214958733189,0.591188593033991,0.46199051485807996,0.41429440803116613,0.6065306499963712,0.6612058493830725,0.673716169788191,0.9056873121422875,0.6387857223682953,0.7179290000783292,0.7182655220010425,0.7204991598686598,0.7173756769212984,0.7180941034262395,0.7231027487423312,0.7182841065420994,0.7181201141036393,0.7151719161649894,0.9959055138194937,0.7136948171891212,0.7172108009494595,0.6977414526576267,0.7200463134672203,0.7212289359543749,0.9951955849047827,0.672931154261049,0.72670491338675,0.7179886578737628,0.7255301136599429,0.7214131109023919,0.7188661363230869,0.7156732155788041,0.7216950039825436,0.7209033312555213,0.7169169962961857,0.7214299414440173,0.7214394244176887,0.7153347386614867,0.7265313082268194,0.6934045055918924,0.7208443069623035,0.6988289038674693,0.7229587683329813,0.5534919314569821,0.720928064882184,0.9952116953155254,0.4623069213706955,0.9961495410757473,0.6727987518170911,0.7182096793828121,0.7163111637334577,0.5685477501619466,0.9970213739760193,0.7181995319584698,0.7182058996363347,0.717476791489522,0.7177436393728477,0.2285078073753588,0.722421761103005,0.42821692750739776,0.5965748460878291,0.9890744749217105,0.5763701884196962,0.8269154131747573,0.6106310665848038,0.9299621287960677,0.5993319157630247,0.6345879770359225,0.6149994090409415,0.675777496568685,0.6812665673402557,0.6231607930577384,0.3947256733463933,0.725900907261186,0.7216914994943314,0.4885161419300983,0.9555606094770206,0.723268651401349,0.9911107297490391,0.2660059922923355,0.8448408998248781,0.5089569289099164,0.7231027768276322,0.6239492445511492,0.709752150574681,0.7025818358086519,0.6913194139990255,0.7189001843411826,0.9873668542208757,0.6350825430680943,0.5622939845758063,0.13108762594848544,0.29488225169050514,0.9723046742335231,0.7148464646990533,0.7178738002085616,0.6637479090048911,0.708047149031035,0.8977782625790108,0.47179207132847367,0.42891668678951966,0.9445906874015602,0.6735974435630571,0.6234663109599152,0.35339586071304785,0.4811513538329621,0.68230926230709,0.6858619421324705,0.6665241255076105,0.7267681824450282,0.718286818399666,0.7231460752863633,0.6777211297031029,0.6991820070294391,0.7090550200027788,0.7181213471109589,0.6928117378829521,0.7136746982387352,0.7064796839924702,0.4019615992675221,0.7180353409852407,-0.11705370666587145,0.7182553324286598,0.7061364198787036,0.7002569765092046,0.16857005911496475,0.30710885957478845,0.6980536672818491,1.0
