patient_id,UCSF-PDGM-0005,UCSF-PDGM-0007,UCSF-PDGM-0008,UCSF-PDGM-0009,UCSF-PDGM-0013,UCSF-PDGM-0014,UCSF-PDGM-0017,UCSF-PDGM-0022,UCSF-PDGM-0025,UCSF-PDGM-0026,UCSF-PDGM-0027,UCSF-PDGM-0037,UCSF-PDGM-0047,UCSF-PDGM-0056,UCSF-PDGM-0057,UCSF-PDGM-0059,UCSF-PDGM-0063,UCSF-PDGM-0064,UCSF-PDGM-0067,UCSF-PDGM-0068,UCSF-PDGM-0069,UCSF-PDGM-0071,UCSF-PDGM-0072,UCSF-PDGM-0075,UCSF-PDGM-0078,UCSF-PDGM-0080,UCSF-PDGM-0083,UCSF-PDGM-0085,UCSF-PDGM-0086,UCSF-PDGM-0087,UCSF-PDGM-0091,UCSF-PDGM-0099,UCSF-PDGM-0106,UCSF-PDGM-0112,UCSF-PDGM-0115,UCSF-PDGM-0123,UCSF-PDGM-0131,UCSF-PDGM-0134,UCSF-PDGM-0139,UCSF-PDGM-0142,UCSF-PDGM-0145,UCSF-PDGM-0147,UCSF-PDGM-0152,UCSF-PDGM-0153,UCSF-PDGM-0154,UCSF-PDGM-0161,UCSF-PDGM-0163,UCSF-PDGM-0168,UCSF-PDGM-0170,UCSF-PDGM-0174,UCSF-PDGM-0176,UCSF-PDGM-0180,UCSF-PDGM-0182,UCSF-PDGM-0184,UCSF-PDGM-0186,UCSF-PDGM-0188,UCSF-PDGM-0189,UCSF-PDGM-0193,UCSF-PDGM-0194,UCSF-PDGM-0195,UCSF-PDGM-0203,UCSF-PDGM-0204,UCSF-PDGM-0207,UCSF-PDGM-0209,UCSF-PDGM-0213,UCSF-PDGM-0227,UCSF-PDGM-0228,UCSF-PDGM-0229,UCSF-PDGM-0237,UCSF-PDGM-0258,UCSF-PDGM-0273,UCSF-PDGM-0275,UCSF-PDGM-0276,UCSF-PDGM-0286,UCSF-PDGM-0287,UCSF-PDGM-0288,UCSF-PDGM-0290,UCSF-PDGM-0291,UCSF-PDGM-0295,UCSF-PDGM-0296,UCSF-PDGM-0297,UCSF-PDGM-0300,UCSF-PDGM-0309,UCSF-PDGM-0311,UCSF-PDGM-0313,UCSF-PDGM-0316,UCSF-PDGM-0319,UCSF-PDGM-0321,UCSF-PDGM-0323,UCSF-PDGM-0326,UCSF-PDGM-0328,UCSF-PDGM-0333,UCSF-PDGM-0334,UCSF-PDGM-0338,UCSF-PDGM-0343,UCSF-PDGM-0344,UCSF-PDGM-0349,UCSF-PDGM-0353,UCSF-PDGM-0354,UCSF-PDGM-0358,UCSF-PDGM-0361,UCSF-PDGM-0362,UCSF-PDGM-0363,UCSF-PDGM-0365,UCSF-PDGM-0369,UCSF-PDGM-0370,UCSF-PDGM-0372,UCSF-PDGM-0376,UCSF-PDGM-0377,UCSF-PDGM-0378,UCSF-PDGM-0379,UCSF-PDGM-0380,UCSF-PDGM-0381,UCSF-PDGM-0384,UCSF-PDGM-0385,UCSF-PDGM-0389,UCSF-PDGM-0392,UCSF-PDGM-0393,UCSF-PDGM-0400,UCSF-PDGM-0404,UCSF-PDGM-0405,UCSF-PDGM-0410,UCSF-PDGM-0411,UCSF-PDGM-0412,UCSF-PDGM-0414,UCSF-PDGM-0416,UCSF-PDGM-0417,UCSF-PDGM-0419,UCSF-PDGM-0420,UCSF-PDGM-0421,UCSF-PDGM-0422,UCSF-PDGM-0424,UCSF-PDGM-0426,UCSF-PDGM-0427,UCSF-PDGM-0428,UCSF-PDGM-0430,UCSF-PDGM-0431,UCSF-PDGM-0431_FU001d,UCSF-PDGM-0433,UCSF-PDGM-0433_FU007d,UCSF-PDGM-0435,UCSF-PDGM-0436,UCSF-PDGM-0441,UCSF-PDGM-0443,UCSF-PDGM-0449,UCSF-PDGM-0450,UCSF-PDGM-0451,UCSF-PDGM-0454,UCSF-PDGM-0456,UCSF-PDGM-0457,UCSF-PDGM-0466,UCSF-PDGM-0468,UCSF-PDGM-0471,UCSF-PDGM-0479,UCSF-PDGM-0481,UCSF-PDGM-0483,UCSF-PDGM-0485,UCSF-PDGM-0486,UCSF-PDGM-0490,UCSF-PDGM-0492,UCSF-PDGM-0497,UCSF-PDGM-0500,UCSF-PDGM-0501,UCSF-PDGM-0503,UCSF-PDGM-0505,UCSF-PDGM-0509,UCSF-PDGM-0510,UCSF-PDGM-0512,UCSF-PDGM-0514,UCSF-PDGM-0516,UCSF-PDGM-0518,UCSF-PDGM-0519,UCSF-PDGM-0520,UCSF-PDGM-0521,UCSF-PDGM-0522,UCSF-PDGM-0532,UCSF-PDGM-0533,UCSF-PDGM-0536,UCSF-PDGM-0537,UCSF-PDGM-0538,UCSF-PDGM-0539,UCSF-PDGM-0540,UCSF-PDGM-0541
UCSF-PDGM-0005,1.0,0.93953318377684,0.7802332985345768,0.9846204401665086,0.9056119927592404,0.958621531096583,0.9566746678751854,0.7259846822748105,0.0782979388383057,0.9481327147287851,0.5419368212804515,0.5889848244370465,0.7234846918889923,-0.016550183276325108,0.8128585533618167,0.812224544276405,0.6390665165692421,0.5751727671871837,0.9500100734546034,0.9947614360354357,0.6748275862933608,0.5114975025047255,0.6356165188233249,0.6145630054582687,0.9955683133982465,0.9981724731220893,0.9980193002474739,0.6833748240994315,0.8922983372742173,0.3981333410024772,0.5249199089198201,0.7455198951810831,0.6834410560940173,0.9378897642110284,0.9815240362474222,0.9452807852379876,0.9978193190465796,0.9258383748261048,0.9745310515197492,0.9640563160204226,0.9649124875364263,0.9630655780688261,0.9271115742773592,0.9910128243079546,0.47434949125574044,0.9686395059683187,0.9859608075509506,0.22873368274377087,0.98443634967257,0.8786080906866971,0.9828346099937461,0.6270239393372907,0.8632740989137946,0.64491207627874,0.9000977043563679,0.7078499978331223,0.607459387066575,0.9801274076805666,0.9922764467645775,0.43999250068546836,0.6877737359866293,0.8590721799363455,0.9577643813504187,0.248969470583426,0.5565566165191214,0.887273748814573,0.43051002691148366,0.97339337658621,0.6890632260124315,0.8494960142433122,0.46867271189233817,-0.19793634394516113,0.9694659020074439,0.9846173101084386,0.6867534552308485,0.43659144666144367,0.9799129877137651,0.9859554875263816,0.6469908218986786,0.9812507757434389,0.2629470676219966,0.9845958218229617,0.9481824640261216,0.8796458730679785,0.7672126833844444,0.616807814136198,0.9109710751160447,0.7757216854818287,0.48708501805874665,0.9749259047245108,0.5816709061750739,0.9785434591236022,0.6088393185550738,0.8984507781448867,0.45169390552231337,0.8350419973551185,0.9878907568053854,0.8424668605679317,0.86038996607029,0.8976498929058365,0.6074234108160067,0.9771222436414062,0.965602442759745,0.6854060160077283,0.1420860856795465,0.97801794325832,0.6445697372403544,0.9492842386794306,0.877502144892552,0.5078639499299746,0.6252945595877862,0.994610172655215,0.978474490829257,0.5900472351012855,0.8241651141158334,0.6122489666174601,0.9871617471409576,0.2637193823294834,0.12154866497271404,-0.1136192235395833,0.5196298763907843,0.9364127413506552,0.9091921044983683,0.8223903435013412,0.5781337481838922,0.8981137990896306,0.3961659637521148,0.40737963518063564,0.9961586134685348,0.6569810945900587,0.6883023284733194,0.1833953269215059,0.5452823089413967,0.6518748521917984,0.9721262191703859,0.5869146228389953,0.27094841049918306,0.2642507895917492,0.6307513360403895,0.6141647386494031,0.9424406245148292,0.987461698441397,0.8741635299261381,0.9620984445234557,0.9871725341093625,0.9545225889370608,0.9926572057121058,0.9728353224360404,0.9471496973040868,0.9840386401820258,0.953197856037974,0.9822677964236607,0.9732266493144776,0.9277328985798347,0.9673554704930573,0.9764247806283013,0.9875379531413256,0.9893370090008622,0.9868381565787965,0.9139682900855616,0.9818218031999287,0.6904599053960729,0.9226014803428327,0.9863666907604427,0.9968409851765475,0.604388859023539,0.9620050893459609,0.8040933078972724,0.9695318205847743,0.6555838070155963,0.8640903544793181,0.9251443708337546,0.9672282003597723,0.9870478958116495,0.8865914040584686,0.9941785360203117,0.6063806794358153,0.5032655013017308,0.6850928763217095,0.4122940935303124,0.6667388406710776,0.9854296526058519,0.21925525873593094
UCSF-PDGM-0007,0.93953318377684,1.0,0.8404673699600149,0.9813018210140925,0.8950210641856112,0.9865240077734961,0.9204659130887861,0.7304532149300148,0.15418298241197967,0.9026896351769503,0.5248455818614849,0.5598648108549652,0.63886851996442,-0.058459894865871644,0.7371032775706329,0.8492060293625986,0.6861674606513307,0.5378386790921217,0.983548333353262,0.9635088344601871,0.6452319579881219,0.5193053275569743,0.5717497363783468,0.5727167293603271,0.9547138702734974,0.9446142747549892,0.9328046481580228,0.6779875633119143,0.813662041150491,0.408140112754623,0.4819571352959811,0.6858543754073494,0.6471640400343861,0.8952624222606801,0.9288547088215396,0.9890657386949145,0.9429521740384372,0.8992357832141245,0.9752992962575093,0.9689208950891312,0.9688872245725754,0.9830095153803342,0.8691091672436551,0.9563748906234907,0.3937827189147757,0.9748618355444288,0.9509208653143832,0.21435013180950294,0.9592288436339309,0.9549265962976582,0.9264495889744836,0.6174781848514338,0.8025268431163567,0.5993683087852615,0.9184136267880817,0.7342359739145354,0.554769230681048,0.9266477058757587,0.9395873148003918,0.4530509116355231,0.6403354667277208,0.8126427771698732,0.9652969150029018,0.2947923194654847,0.5785275618088203,0.92614819297067,0.37722410654968425,0.9074520300531396,0.6726787928646022,0.8076588539139021,0.4182505639629423,-0.2078851937135989,0.9815618252462319,0.9566474871674848,0.6651313401198317,0.3959770393119782,0.976434299375325,0.9731349005471536,0.6390090278658821,0.933395728548721,0.3514510961669792,0.9429596546271446,0.9125769364851186,0.8810423408038746,0.7107251501001934,0.5972086952125397,0.8900525935327512,0.734789704835001,0.5012055746339775,0.9738485209352631,0.5597861636901411,0.9255335013518158,0.5571115926365735,0.9775434787316863,0.4024009681727172,0.7930929903999865,0.9365450663172231,0.7444798209957211,0.8192906320111099,0.8894708017325839,0.5652585885319786,0.9438987960827239,0.9471857497644226,0.6485191117706224,0.13941998566935415,0.9129975736503266,0.6746525373436204,0.9778775387272366,0.919019210919564,0.426270195815552,0.6044398965392842,0.9680794603434031,0.9175428353215704,0.550736355748124,0.7363378062535277,0.5909102163673455,0.9503910165457448,0.2818572497302952,0.0896787516715747,-0.0895567507288413,0.5609723455842617,0.939704952092329,0.9717708306574359,0.8079715809764592,0.5516451081312023,0.8268742857884902,0.4406851262940101,0.33595709283715486,0.9299530134371196,0.6212187070382329,0.6436506698896558,0.08796109524748126,0.5310218571609199,0.6602269630200062,0.9008018421792273,0.506299445438486,0.29410559562042354,0.2904384545050119,0.5934233978929929,0.5808406039558841,0.8746493459443995,0.940258073965664,0.8445026952380805,0.912157921349434,0.94360752357758,0.8738164296802143,0.9692828537684848,0.9530621100607745,0.9057502532291833,0.9754291867307288,0.9863776110481808,0.9517457029196994,0.983601108824205,0.9249608628919475,0.956085213716949,0.972773759572363,0.9390087527692538,0.9306947762025022,0.9463402836665928,0.9730125010659901,0.9739634639848372,0.633682351584553,0.9899498200191805,0.9660015682905124,0.9410708431425132,0.5287379206290589,0.984618142051881,0.7938647163076192,0.9839906408426279,0.6108494141801256,0.9105632178662457,0.8360483366595384,0.9849667208689932,0.9375181740788533,0.8598673593505975,0.9276037892717915,0.6571567587494971,0.45047296782735147,0.6231361470775502,0.34386075172788905,0.6204236159459483,0.9380097402079504,0.2753832614174344
UCSF-PDGM-0008,0.7802332985345768,0.8404673699600149,1.0,0.813536680938768,0.873752367151599,0.7950895641246002,0.811186080081129,0.9172282218081718,0.08751402389327224,0.8178845167032763,0.19256606878377736,0.25388217596900264,0.6878059903440812,-0.11762639962310216,0.7114519125192877,0.9061710952837252,0.3503259254436189,0.3424856687056418,0.8689478881846868,0.7932170435093416,0.3350479042153649,0.3088896943941766,0.6439011819761667,0.34391108043917534,0.7830396421429341,0.7856715769655847,0.7655010169759573,0.33413952534309327,0.7400991924089125,0.11654839253194103,0.22048108032065816,0.7920754014024168,0.3114459537346688,0.7705637097423028,0.8017183793313403,0.8394601403803809,0.7826838816120982,0.8799499503795317,0.8223226220969461,0.8430052506955087,0.8313086646277598,0.8372097146524533,0.7979670072986033,0.7652535309865995,0.16417895112637348,0.7947403736065348,0.7765651212414256,0.12073313671163727,0.8102463665179142,0.9018679664732578,0.7941366676941113,0.3700150214042991,0.7291471552768997,0.2777799093232542,0.8304730824025488,0.7845302621758543,0.3135963588504571,0.790242050188463,0.7440123558093493,0.35365618695452,0.31705241912551996,0.8868901975938728,0.8944193521043831,0.05284610591409819,0.31207760550387875,0.9160666866280913,0.09620057706329872,0.7961554965412184,0.3249672247780433,0.602258724171394,0.32945153178568803,-0.06031140851241026,0.7908749215112508,0.7416183626108519,0.31871604230979206,0.7355469388489674,0.7909221387401121,0.7920924823206777,0.35679500632341005,0.8044407758896676,0.10374530768309292,0.7331381304978417,0.8142739980079323,0.8792452025321515,0.7884019451204496,0.27723285058532865,0.7721715328776962,0.915652503047971,0.26364741379206336,0.7835263410804412,0.34930756130475543,0.737302636123579,0.3044768982532099,0.8892158150994308,0.752120221048978,0.7622824785679905,0.7469518156230327,0.7270131675865519,0.7699653803725569,0.7857796970221331,0.33850757591707464,0.8204072265136654,0.8281482396291184,0.3092793706174633,0.19826391128849874,0.7898783740242694,0.34086609108577276,0.7917377658801127,0.8789688806760511,0.18375986702725508,0.3519785164063244,0.7995654623755285,0.7824547485822955,0.22468521448781126,0.7183938398060961,0.2893782799791129,0.7522742100467189,0.009792246920906916,0.10943995594771602,-0.1033665795509392,0.27479166186424403,0.9156197814736203,0.7966621575735694,0.8242396707948852,0.2586721331379561,0.7532874636655095,0.21106376003358493,0.2217452667734919,0.7774998357375688,0.3156120219410258,0.30176094172595225,0.034911063827825585,0.8123431815960154,0.3221754425594214,0.7758665991535005,0.2277017115226034,0.1818950521898711,0.16724912537585435,0.3350943123031524,0.3380260695692372,0.779892059052314,0.7271504268852003,0.6371060647569976,0.7996716131360859,0.7300810724761813,0.7437627709191759,0.8025510239839598,0.8313305276406928,0.8370219746936696,0.7931305710705543,0.7668017683243163,0.7399357140251933,0.7818985446674567,0.8872089043439237,0.8279485826277185,0.7563362389476451,0.7260601419727407,0.7360472430829342,0.7324809395087556,0.8032578453021119,0.7744477033306468,0.29367443412790384,0.774850312862795,0.7733288680567488,0.764524856268959,0.24396063102585647,0.7959563948172534,0.74813041703069,0.78941838278869,0.3104704360015323,0.7934251173749999,0.7355389947419921,0.8688969585875027,0.7527186543145222,0.7978812592509786,0.7853823064423705,0.375109889457917,0.23907973239387453,0.2915984072427841,0.1259750850884341,0.3143932622681928,0.7512228263371538,0.10605329405648121
UCSF-PDGM-0009,0.9846204401665086,0.9813018210140925,0.813536680938768,1.0,0.9081732693771442,0.988822479700292,0.9539708322782674,0.7337893390051566,0.11245934313437217,0.9516639977010066,0.5452012048037719,0.5940483226573162,0.716894705476091,-0.030475127503023284,0.7916905109250597,0.8361201962317399,0.6693613411608187,0.5531492399716268,0.9832971052948694,0.9945547332431282,0.6655528249022772,0.5256663642236622,0.6421921370048882,0.5929348847351823,0.9924368815626415,0.9890281562735203,0.9809780636954942,0.6882847674756731,0.8704780986048959,0.4089799809287905,0.5266857821412021,0.7204322717716463,0.6748148559919163,0.9346789346540754,0.9766512190346911,0.9835417881477786,0.9882238598263836,0.9205404245081096,0.9900153726319162,0.9809638790447714,0.9863908822544619,0.9897612026178498,0.9282735113965859,0.9915927676412215,0.45545842427558625,0.988358180748763,0.9893379408693663,0.2133021627762809,0.9892331770730906,0.9283431199663112,0.9726546235125648,0.621222394012918,0.8516929946384126,0.6364654115029806,0.9254089758423548,0.7534378758806827,0.5848073219953562,0.9692841035843878,0.9842685554783386,0.4349276917144152,0.6710687165327215,0.8377912189205977,0.9750090615901841,0.27991199442673625,0.5769905685642218,0.927562242123138,0.4151987295243538,0.9583304282343159,0.689026162457655,0.8449388458306687,0.4347697134364495,-0.2083396737488705,0.9920097730854113,0.9871775404467518,0.6849536842458419,0.43318804776488656,0.9946764988159398,0.9963268111065243,0.6458335717849567,0.9749851193639657,0.30854647244350525,0.9821376591874289,0.9483027258634816,0.887208897881108,0.7641665125043593,0.6240873351919823,0.9173462243999869,0.7655063181878453,0.514385409761754,0.9906701489037182,0.5687038885638418,0.9752620207913477,0.5876196647593189,0.946708711234305,0.43173818163006505,0.8306055569306312,0.9773442914681049,0.8197076732126807,0.856646141803678,0.9115954844848686,0.5870974145940602,0.979382004660151,0.9738589990744104,0.6766384255410403,0.14500484976330916,0.9614299233060316,0.6674285205963552,0.9850350442402718,0.907291299484253,0.4707847106030543,0.6165075543478651,0.9966826819427622,0.9643332071690511,0.5872534575754269,0.797055742622176,0.610370807618496,0.9864919021976082,0.2807645866811621,0.10629454464984014,-0.10258602084482035,0.5381273465264202,0.9423815689496455,0.9636499388776738,0.8271886453531596,0.5819912127806569,0.886482023489149,0.4356233753028138,0.37126720342315206,0.979028159104394,0.642604658041902,0.6759104369887122,0.16055843844854267,0.5558572126647247,0.6679218180951478,0.9522846384526761,0.5601505727628119,0.2706859012675308,0.2662066888893282,0.6152637161721347,0.600253171856668,0.9242144081857164,0.9805845198034491,0.8758405778487766,0.9464857433892615,0.9820848408599876,0.9315245871587412,0.9981375807839781,0.9827670163892251,0.9374725196679455,0.9955503428755579,0.9855329546627136,0.9852396698152944,0.9948039787716209,0.9381281220725722,0.9760859549262082,0.9908411321881916,0.9800083676562515,0.9779910272261599,0.9832573891039716,0.9592700355499816,0.9961541372257198,0.6722191677634186,0.9714681372223423,0.9932156928490548,0.9846539134239256,0.5789993236932252,0.9895124994953913,0.8268788740484256,0.993180286338654,0.6420106360778132,0.9047436668323423,0.8972370325951531,0.9867530339075339,0.9792857371740218,0.88991831486918,0.9768474166198512,0.6322105669265857,0.493160167696261,0.6618531003906113,0.3857341807275323,0.6517051229213692,0.9784948247133665,0.22868475051786602
UCSF-PDGM-0013,0.9056119927592404,0.8950210641856112,0.873752367151599,0.9081732693771442,1.0,0.8894358544941634,0.9433348286324108,0.9149974408289719,-3.0113606930761228e-05,0.9118888625956949,0.35789595724458134,0.42404922401302475,0.7228774649630266,0.059091987601885256,0.8905500858116263,0.9333309358137966,0.5288615529202257,0.5651962548533924,0.929133914582846,0.9209616292953445,0.5354694610266915,0.4433107011465821,0.6627218683180488,0.533642427903802,0.8962599848366618,0.9111114367669265,0.9086492263170588,0.5201341579200451,0.9341024914416833,0.2724806823795565,0.35110287929015194,0.9371208522586082,0.5058367279225542,0.9052863288497799,0.9275055676085607,0.9131557998399256,0.9078283546724759,0.9902850426696832,0.9430172010459267,0.9482287903533473,0.915039806909111,0.9185378391770307,0.844662628907134,0.8974651820770413,0.3761130595905636,0.9052718858125983,0.8740682551876375,0.21057366192144758,0.9410692684691843,0.9492653394647779,0.93902452735931,0.5424247772809296,0.8521564383346326,0.4822527999503387,0.9064105563456806,0.7252374551196448,0.5601261611148276,0.9509986069505567,0.8645651875276932,0.5132399543488535,0.5177062815306555,0.9472207531518365,0.9532648454647922,0.09119075598873021,0.4769817141601727,0.9180202056962868,0.36343857622740305,0.9067927362316185,0.5163394143638318,0.7215649507378337,0.5074195276547891,-0.07685201791494259,0.898740424390294,0.848913385367786,0.5104260124686413,0.6057939573771146,0.8773351190323684,0.888992933555096,0.5502306440344458,0.9448073266977612,0.1676309225092486,0.8383466536535417,0.9390471660418932,0.9726412881943782,0.8352688815165817,0.44702003756962355,0.9084457353325491,0.8900943675640531,0.3932075437293924,0.8628579771775181,0.5556202805298736,0.8432377975109775,0.5477469741510445,0.9298771568900533,0.5914904368775971,0.8487974527305641,0.8591922686593546,0.8647436865823427,0.9188708146916134,0.8554183773879999,0.5349068831024875,0.9373919971449357,0.9355646206816398,0.5058036616418826,0.2794213563635367,0.9432498580093086,0.5029636812003574,0.8516042248142252,0.9306969781237167,0.49421602251559954,0.5507817879196785,0.913777452547286,0.9468728790989065,0.41515775222583745,0.865186625504554,0.4991643970019336,0.8557785337634083,0.0684313914718662,0.19000028066006291,-0.11055956531225714,0.4345637254993028,0.963672254244742,0.8251917834925637,0.9186599655238837,0.4382045111219697,0.9121659442063674,0.2797210806268928,0.522185389630112,0.9267204373431971,0.5086847678420922,0.5028554579784931,0.11374277344674893,0.7257147804834448,0.49134436487584254,0.9486635929056745,0.4893776963340604,0.3231816573155087,0.2946953667709068,0.5354539003214437,0.5337683189576893,0.9444431946492624,0.8436600114195273,0.7496853356134593,0.8626728557038633,0.8448713025559527,0.900013388053741,0.9051717109690931,0.9255505153946494,0.9398626277970618,0.915837064814553,0.8452353438959663,0.8403116733131961,0.8888197220135111,0.9875872776416398,0.9244060269053634,0.8515404221615503,0.8431933151589239,0.8516348063856491,0.8458131758405498,0.8888437651575642,0.8784026275491101,0.4959905553273901,0.831985204588486,0.9035862400919707,0.8909481574336318,0.47813105952439866,0.9013251240625224,0.7338986942913406,0.892291078239395,0.5295903693677846,0.8698242299571286,0.9284812812250031,0.9498758530344856,0.8570380446380362,0.8760977964502097,0.9141061979601055,0.5239529710882784,0.41948339839833554,0.528113326002568,0.3544364880045596,0.5127370237968857,0.8532635663676575,0.18424470647236993
UCSF-PDGM-0014,0.958621531096583,0.9865240077734961,0.7950895641246002,0.988822479700292,0.8894358544941634,1.0,0.9546332163517358,0.7110088735633188,0.1285119865172506,0.9325062075474259,0.5464390108238587,0.5945201931198085,0.7095524252862307,-0.0335722334754885,0.8000798744810228,0.8114176500445165,0.6962422783593917,0.5368200732163727,0.9859274496877867,0.9760822059634584,0.6494371886152306,0.5031129592495291,0.638789537126526,0.5673628247392551,0.966776887920095,0.9638283039400378,0.9514416122900993,0.6862718498659004,0.8647079360570822,0.41749787331320637,0.5056034102761425,0.6800831329430361,0.66103206229444,0.9449643005902921,0.9582249718073831,0.9942975719850894,0.9618611345128232,0.9064118163171172,0.9890162037878313,0.983815772291996,0.9891895598106634,0.9940399114821074,0.907349757807601,0.981187951938533,0.461187362349149,0.99682059042003,0.978337016602396,0.20891198375907677,0.978189686773127,0.9263288900457198,0.9587137897406296,0.6048427603265621,0.8685169386396867,0.6295775568312779,0.9471753548971978,0.7640206462259403,0.5700577582526793,0.9554884201172295,0.9578123416311831,0.4214680066255094,0.6488277961755855,0.7805583219528169,0.9670552730471521,0.2699321866235226,0.6045741466287468,0.9249844184824736,0.4259374859555691,0.9440087878268754,0.6850441083232895,0.8118249295257497,0.41213799436428666,-0.19901175846622773,0.998687765227611,0.9685851327906094,0.6791971839413493,0.3983165547775854,0.9764305790993272,0.976855219115786,0.6350243185419898,0.9626139729310508,0.32803358096842516,0.9582010368736121,0.9495932930379779,0.8923824207820928,0.7515986331216852,0.623895010369965,0.9381777869824234,0.7269589015437823,0.5231854749080446,0.9710219992781021,0.5655438250939068,0.9502008861126643,0.5840741452427134,0.9624905852604229,0.40527069679490363,0.8471733394239266,0.9428679660701983,0.809988721876981,0.8707901254909093,0.9329972474075454,0.5633371691980086,0.9714867017173404,0.9744492764289112,0.6641447100254728,0.15019672878288473,0.9477695034112308,0.6731098232248961,0.9890537632622387,0.9272699773032709,0.4707175504736458,0.6046545995742466,0.9801194409974087,0.9499557813349767,0.5871128141895525,0.8028675443931643,0.6169878818091459,0.9608087508331881,0.27870133034230005,0.10525577695152706,-0.07445711913302801,0.5434963920455469,0.9180017802175222,0.9721298942235944,0.8116097236202258,0.5951369816911969,0.8736484250618347,0.4482335619883863,0.3673710853633547,0.9546705150901917,0.6218534282528333,0.6629592176769709,0.17175771922132782,0.5323888228998808,0.6719284920404871,0.9361103426377119,0.563927887545153,0.2737988388605663,0.2672269300218329,0.5887064871208394,0.5725818756741259,0.9187294970329675,0.9557298508339392,0.8464113453269483,0.8939494796536627,0.9584124462310527,0.9276672871710268,0.9804581121468435,0.978062243074934,0.8850266561819496,0.9904767437055059,0.9869853753753478,0.9645187768802194,0.9963833241498374,0.9297207625615117,0.9791166136583623,0.9802110581838755,0.9547232682120869,0.9458784921590562,0.9605824590359342,0.9880868377918052,0.9878085273281312,0.653810619121118,0.9841656851579733,0.9883802676368237,0.954132673103825,0.5832893219468841,0.9991433318745224,0.8479835467455085,0.9989275472343871,0.6274607187775458,0.9441876147062626,0.8894621764785502,0.9755236191109309,0.9446404798064578,0.9032059608259019,0.9551883236002328,0.6431377751687184,0.4864281691618611,0.6519513634439686,0.3931947375358552,0.6284662688869187,0.9438299192617181,0.23528061520309693
UCSF-PDGM-0017,0.9566746678751854,0.9204659130887861,0.811186080081129,0.9539708322782674,0.9433348286324108,0.9546332163517358,1.0,0.8186608198244114,0.02939905430368451,0.9526356622542503,0.4449999166053942,0.5229295424156796,0.8131474345810132,-0.0010299655736885395,0.9289796120912504,0.8588833839018859,0.6027885201288831,0.5386509190899007,0.9598673036199505,0.9586187887375555,0.5803110568496621,0.43242425030841447,0.7293390352858891,0.5358112235801805,0.9420319136293014,0.9584679376168713,0.9490018605353319,0.5919509089879869,0.9565308263367845,0.3195977740446177,0.42827115610176547,0.8145001703804492,0.5792525405820791,0.9931650234860474,0.9747633636211824,0.9582653708698544,0.9548812745922616,0.9709752785626746,0.9785824678141615,0.9848811169652426,0.9769742341144273,0.9717847453428856,0.9265840606776178,0.9609626406650601,0.47338422289087717,0.9737172541213259,0.9573257457932854,0.20804119338207044,0.9761886732700021,0.9050355844744711,0.9873223176856972,0.5483154529516432,0.9608096080251498,0.5661595825127983,0.9782394477095833,0.7847872646204045,0.5687911506952174,0.9843418607804504,0.9255559928540223,0.4268672366408341,0.5759474968965124,0.852241733009041,0.9759461138030517,0.11105132152507677,0.5624875196534863,0.9254906823550086,0.4096929970977938,0.9860215368624202,0.5940901869124363,0.7627984881440452,0.46216403101733244,-0.11257653802429876,0.962326613522356,0.9155375124919046,0.5898248139531663,0.5509078335004313,0.9207352475985708,0.9309808363422665,0.5722775954878759,0.9881843380446893,0.18182877873090963,0.9091263277363841,0.9973738155995855,0.9639903877957879,0.8391760347979091,0.539430669184599,0.9875858736361137,0.8443182556867679,0.46010806054059067,0.9075381240521128,0.5652053437346816,0.9154169458795922,0.5873336810066596,0.9353025027815601,0.5778364403494155,0.9463296255217261,0.9051825386560304,0.9211357197228971,0.9664428583855721,0.9690296400580284,0.5344679259964622,0.9897449687720415,0.9953499900666914,0.5822920047745357,0.23893936629917753,0.991992464145329,0.5627533220420456,0.9232853295174585,0.961627208951543,0.50682610651824,0.5660872219325092,0.9607090547125472,0.9844115802134408,0.5129388994038723,0.9378283232892164,0.5723754022442479,0.9140126818124445,0.1274069240633776,0.18811506279767584,-0.08363337472519061,0.4425648236908485,0.931017670374263,0.8844919588608602,0.8652999373527742,0.5509600840894687,0.9387233191817551,0.34794294640429824,0.4665913097649543,0.9690098969910468,0.5495896355785939,0.5847031783613669,0.2596396003580583,0.6763895304026126,0.5708110814568423,0.9832438488457831,0.5742074891093224,0.2618685672414736,0.23902406309980023,0.54443411760475,0.5319164082784655,0.991750779736477,0.9113999704892545,0.7913521226904,0.8617614141285707,0.9124166737117507,0.988024364672568,0.9543733709102745,0.9865186039632704,0.8931040589153905,0.9637101499835535,0.9069366235838056,0.9094012068309146,0.9483329419493307,0.9735516407414061,0.9908836835105698,0.9164490116995114,0.9110022356011296,0.910826349353927,0.9131885125305264,0.9511015721990228,0.9399794402157499,0.5781942778019037,0.8903270427239688,0.9641625638762349,0.9350459337428613,0.5853150573173715,0.9594548226884971,0.8816752432818155,0.9565956100852803,0.5786007539389494,0.9545708293523891,0.9734807391606481,0.9524467035316739,0.9049567122771806,0.9708863638109725,0.9761758798373965,0.5528387577448423,0.47738996675983475,0.6053354730236475,0.4136952176246803,0.5628519434243398,0.9010912831843181,0.14290068909652723
UCSF-PDGM-0022,0.7259846822748105,0.7304532149300148,0.9172282218081718,0.7337893390051566,0.9149974408289719,0.7110088735633188,0.8186608198244114,1.0,-0.041411320823731626,0.8128337071520656,0.11280878864055835,0.2223912305964775,0.7647795070985209,0.02467494187975338,0.8401434630850222,0.9081819296821123,0.3000934498115489,0.3977749534243891,0.8072024143287514,0.736876836111876,0.2897881637973921,0.29036892967653605,0.729170222430739,0.3306844406035221,0.7115488798613642,0.7358637744488713,0.7219475854768209,0.26255322338746767,0.8360632236504296,0.04513358792301107,0.1674598533398119,0.9378199204964496,0.25059295991891767,0.7811255501358475,0.7872058830628346,0.7658892195340089,0.729314017625753,0.9140820544150892,0.7821764586548386,0.8128716290320356,0.7780272357437283,0.7713178121929379,0.762616568349989,0.7083942196473667,0.25193433601304555,0.7343646544174104,0.7035323764749122,0.13551343738033447,0.7815699280319383,0.8645880217555556,0.7920073477063254,0.3349225277728239,0.7758856677674427,0.2540962724077361,0.817817189670478,0.7736315112437279,0.3756375336657,0.794463970089713,0.6640200198392726,0.4142847188188337,0.26286692557175856,0.9085201550766794,0.8503100279822174,-0.11798328796823371,0.3220308160879505,0.8824177728408524,0.17448986800291696,0.7758647596193147,0.25556088837742574,0.520356738581999,0.4194011354828833,0.06704550141109612,0.7184636595999798,0.6356570125598999,0.2511037894802584,0.8465320617325587,0.6866986388901155,0.7005949072164126,0.32470742333657826,0.8009392085190019,-0.03192163993228288,0.6300104749839343,0.8242588764640535,0.9214926001471087,0.8611259186695343,0.23068564944864065,0.7935578609889422,0.9633850283015202,0.263037166515947,0.6681261851267285,0.39529233106707606,0.6620575900508686,0.3680625992008269,0.8216300228314212,0.8171104661708513,0.8008609452157345,0.6527336243745163,0.8304400457504219,0.8536275966912574,0.7596145569323456,0.34181026347700816,0.8039248141195825,0.8064678956415631,0.2501630283011983,0.38257791416891784,0.7983508991126143,0.25867736717228584,0.6819961592408883,0.8642128876475021,0.32161522610581267,0.3539067964453599,0.7326789458896822,0.7939663132454501,0.1865348429032014,0.8212930720244197,0.29355701561426834,0.6529818060554347,-0.15342174780437504,0.2407808157391655,-0.08836673345068101,0.20062705367183004,0.8649321460033996,0.6726849087012878,0.8464416656484969,0.2579690607799036,0.829956951276507,0.14188230187160858,0.4459502272296715,0.7523279166879745,0.25432021792982584,0.2430184105100278,0.1551899764449327,0.9091888177867471,0.25731467115818213,0.801313714288134,0.3127769710312583,0.22346215912232342,0.18049637203683339,0.31150816009203375,0.3211239286373931,0.8270351564122727,0.6283817807491484,0.5472520587679075,0.6980699274211626,0.6299221665052572,0.7637001299405048,0.7288188777474431,0.7964161992761633,0.8058899258729139,0.7341740242448646,0.6411071387851488,0.6322246468543904,0.6970893050503741,0.9081237361652889,0.7874275414118646,0.6418263301607646,0.6278014326386557,0.6477819486351168,0.6311608874036938,0.7369362102112833,0.6858745533211309,0.23691976143663757,0.6388128178706466,0.7143191018937236,0.6969483061489039,0.2982079725172465,0.7239499847468529,0.7002646958691122,0.7085056709201626,0.3053218744178807,0.7723548786954493,0.8060484218683233,0.8011382741536652,0.6569140187684128,0.8024183262574691,0.7499900093666247,0.31294898272399563,0.30561589357596725,0.283043092241614,0.22497407506842815,0.26766674906009347,0.6527202133660769,-3.81661742922997e-05
UCSF-PDGM-0025,0.0782979388383057,0.15418298241197967,0.08751402389327224,0.11245934313437217,-3.0113606930761228e-05,0.1285119865172506,0.02939905430368451,-0.041411320823731626,1.0,0.044141030545398745,0.7590264440951501,0.682542777671379,-0.04482874602440148,0.6303954373236823,-0.08437825105992744,0.015936609561562093,0.6415113225771202,0.0240000401546325,0.1076691252555929,0.08817623911269372,0.1071774248849752,0.07939347160260378,-0.03806700989199932,0.07397131906734232,0.09647421646937498,0.07537753503121268,0.06859742246538073,0.13801376758500702,-0.05079035537473407,0.8190312827165355,0.6821947997821407,-0.11590648575881478,0.12065063196491188,0.028755205880552814,0.046247141025878534,0.11791629664137263,0.07760736971038547,0.005517878662039598,0.0829205260705664,0.07644127576724645,0.0957960266052952,0.1049771235930801,0.06447877190660542,0.0922607070008981,0.6233420618048965,0.1037269819226174,0.10421281482391044,0.8670017407029943,0.06766592773456553,0.08379028735471064,0.03650339492622333,0.10294269814230361,-0.013892147505364195,0.642478583666473,0.05451318264658183,0.07307513193045372,0.01534458221070151,0.033054926629331904,0.10359528472627771,0.011544347429288261,0.5960024393972515,-0.009757580255485206,0.07877116714714222,0.8462841702255571,0.6894346823443264,0.08047647662554917,0.6464616666505079,0.040403741776658376,0.13448006405619162,-0.032889945770579326,-0.017661613132997342,0.6982578366389554,0.11600004149154618,0.1318195555553109,0.6143273463919378,-0.10098589439924735,0.13245468709494657,0.12038387727640416,0.101564557455527,0.04057819719819836,0.8780560195686309,0.12543115092833756,0.026275593280915343,0.005457318382550413,-0.046387596231034826,0.6786956662141811,0.02555148861062686,-0.030734297425784998,0.7416560197388825,0.14175069775524013,0.035116925035917866,0.10048136590228147,0.01734286287378644,0.11701994983370745,-0.06035178534453389,-0.012801889885572711,0.11133613877372438,-0.06735016952508045,-0.037310113728881156,0.06027377650329999,0.0644289286519738,0.05396688613593695,0.057723945945330105,0.12004971823693009,0.609146668786589,0.023514092579275576,0.665134751312174,0.15254182619759823,0.05901394533436769,-0.08244926398603898,0.0730983547479573,0.09609862621509542,0.0255743733226682,0.6886052958642691,-0.07258997176181202,0.6662230004591342,0.12169070288704664,0.8458984147104962,0.7103399355049794,-0.046541586088422675,0.10315646500554658,0.08003182584675955,0.16816041340895913,-0.07137611900331182,0.6808040149883158,-0.03173870367562235,0.84778985244838,-0.1318225841770651,0.05260658820164114,0.10393385480812262,0.6024303432859187,0.5603416756406039,-0.06971517863178162,0.1387401356804747,0.010685602236691238,0.572108864304853,0.7902929718743095,0.8214017052503946,0.07861554442262567,0.0728712672307732,-0.010243426550948157,0.1207270923717183,-0.00929500670751335,0.10988616550210768,0.12286310611076691,0.01178625672062757,0.10216295807369255,0.07074618076115416,0.04526566813908912,0.0994079525879827,0.15370038710950637,0.13231220569422755,0.12633664063699926,0.02261842255333926,0.07616769354927562,0.1451510875275971,0.11994453606259727,0.10689362508386585,0.12464996459013662,0.12042851666247767,0.12383875113555823,0.11277170328015118,0.17507032749544094,0.09794747328749483,0.08958825787569148,0.5940226161990856,0.11839321260345145,0.08256145817126755,0.12324166403118436,0.07509089676188566,0.07433682736538427,-0.031631190038221686,0.105348481317183,0.11258304348466407,0.02274082704610525,0.05665800277177069,0.13636740145187107,0.023753447844854277,0.07308906164207589,-0.05566822372972345,0.10157072806094418,0.11562615965239977,0.058568659434436586
UCSF-PDGM-0026,0.9481327147287851,0.9026896351769503,0.8178845167032763,0.9516639977010066,0.9118888625956949,0.9325062075474259,0.9526356622542503,0.8128337071520656,0.044141030545398745,1.0,0.45558416101276117,0.5519688216731892,0.879734081645703,0.04446315707467101,0.8778207482982792,0.8083833058143591,0.5556511454872493,0.48631160320003075,0.9569192558085955,0.9530096798890121,0.5531041642368557,0.4637846340013952,0.8358167985694118,0.4925879700325117,0.9510225896179508,0.9618865870873633,0.9490776683238769,0.5672155819507562,0.9351115579951157,0.31041965060293203,0.49411230024394454,0.7900189167843674,0.5685580939934552,0.9459885797793168,0.9876474408183655,0.9367295830784377,0.9594662440141237,0.9291889526762575,0.9565044281350191,0.9592948935343698,0.9694122158596683,0.9490375138926497,0.9829250797990232,0.9586718045078467,0.5087938651590193,0.9476723023477659,0.9642433327154849,0.15669309742125218,0.9730332264437799,0.8954056923179258,0.9757758543571309,0.5058250965581247,0.8933047232330561,0.5743268313611131,0.9185905774427862,0.8746863479085918,0.5309114013955843,0.9663905302360527,0.9414389305905844,0.3637157223403303,0.5603440169813266,0.8332549295945482,0.9505604389314992,0.16015006235349813,0.520756500200098,0.9579133779593383,0.411428888995883,0.9521502963853798,0.5719117612824677,0.7797797813472125,0.3909844479345316,-0.1179266995138269,0.9434809654145688,0.9203663972302468,0.5724173423394391,0.6172212990966,0.9305755472499383,0.9406514004832663,0.5335146175064961,0.9770372713889839,0.1799447610105331,0.925762827773888,0.9591822362902822,0.9004219243995644,0.912338158581871,0.5634410276668658,0.9299607202834013,0.8363504885867569,0.5007720791116842,0.9195355210496772,0.49425615278220447,0.9576166946158449,0.538148425167492,0.8888980801425574,0.5568181143483683,0.8617546145390631,0.9143078691900821,0.9362328422365719,0.9126994283611676,0.9059728333030892,0.5033280071195902,0.9800648247749233,0.9632474602525919,0.5723240495088195,0.23790827541147216,0.9622121286182082,0.5414042910386888,0.9418824631893553,0.885446633769151,0.4701387081584019,0.5263277116956155,0.9486851496725524,0.9679632349434683,0.5323245532619837,0.8691992080849404,0.5397165430929471,0.9299991933509653,0.17415010095608652,0.14757176186987964,-0.07853302303061821,0.3974988228919383,0.8973254683324523,0.920426307747541,0.8595703268358001,0.5457536633036635,0.9699761504398812,0.3930817497496055,0.41470238649040203,0.9590739812662165,0.5184904200306202,0.5728350457510578,0.2787712616352585,0.7064705084181065,0.5685176066774413,0.9631569577659833,0.5586355290170335,0.20456026206380543,0.1880087122269783,0.5076536657352311,0.49653768003002857,0.949061931169988,0.9193533340489135,0.8067101577237972,0.8827391495159453,0.919779026743135,0.9458972839698636,0.9544380743800136,0.976913523808544,0.902884337375875,0.9533791422736926,0.9016856399521369,0.9253376607382858,0.9385039800506279,0.9457463235396782,0.9456270247463393,0.9173260359088177,0.9191709005165406,0.9296260479280891,0.9200526520677346,0.912711131859687,0.9464188685493751,0.5731679730877334,0.8811623086331953,0.9547036427423408,0.9390537753627746,0.5541477648940439,0.940143733235488,0.8735426884339743,0.9393249893517187,0.5645441387105861,0.8966422719867265,0.9400631344524366,0.9325717215818696,0.9234195685713426,0.8980643354607392,0.9513845840918251,0.4993100340103897,0.5116740828632238,0.5793669779346768,0.3957437120199646,0.547765910665302,0.9204927698056784,0.06496294271758844
UCSF-PDGM-0027,0.5419368212804515,0.5248455818614849,0.19256606878377736,0.5452012048037719,0.35789595724458134,0.5464390108238587,0.4449999166053942,0.11280878864055835,0.7590264440951501,0.45558416101276117,1.0,0.9601747494578915,0.22822002818828668,0.5866573935564197,0.2859562633297239,0.24680254733251789,0.9263469967209501,0.4040074262271406,0.47963589124198813,0.5481131806939666,0.5583852496826668,0.41825663253542245,0.1879173854718987,0.4669653522656068,0.5577716950771783,0.5406490960792608,0.5476635779261851,0.5913554279501999,0.38063450127572807,0.9619095312801147,0.9178125360129337,0.16668030435888903,0.5886788487702821,0.44761170610876305,0.4976578851974407,0.5011804179020457,0.5437739814884964,0.3627623400978522,0.5119502945571558,0.4807581324316007,0.49897435194648543,0.5030376217517646,0.44373314040743395,0.5634949225499872,0.8540271215769931,0.533746396725222,0.5513400918679952,0.8009708130807034,0.5170007381741644,0.38889478295542373,0.49256918452618,0.48954609971446583,0.3550174840215502,0.9673130384545283,0.3970587811421675,0.25400606342746584,0.446416401203148,0.4941955814175826,0.5820829095918421,0.2626189501011094,0.9434787002588191,0.277192221586167,0.4362489153830492,0.8690665437701256,0.8952740651432904,0.36999120553984016,0.8914802761437837,0.46495849975695347,0.5975352296148831,0.44438325956428926,0.2631825696093337,0.37667056445458413,0.5493907002999412,0.5978767772434669,0.9588198998866636,-0.12202030616790492,0.5701032594769342,0.5660554847541914,0.5199221659086868,0.4893662120980209,0.8837193725860635,0.5963811963254193,0.43417920495701673,0.31766458751062626,0.22322014421696013,0.9700407536202443,0.4241682908079925,0.1417772627372294,0.9115382168718381,0.5760282092656213,0.40647071326270184,0.5738751017036412,0.4483957953657571,0.4258616630419044,-0.13173854001711338,0.30209425162909626,0.5790995933520451,0.31531784978853566,0.33205643650352107,0.4107222178079135,0.4621523180233201,0.483841306128701,0.46763926750481605,0.5915323534137562,0.5102835926705671,0.47528283833416923,0.9541506117390389,0.5576331018654318,0.3503232954962436,0.36531688615056734,0.4799483927200757,0.5455014491127963,0.4903035067749954,0.9815501806508468,0.2812936362222699,0.9471686847699379,0.5865240160908292,0.8871375850161041,0.599816250149937,-0.08326382221967088,0.4507727243198346,0.40406800409257704,0.5386342702303513,0.24546020439177457,0.9389542140416682,0.3998527488735705,0.9213925911491996,0.21232410280855116,0.5256233665408286,0.5469558949102119,0.95834092037338,0.5625858642331857,-0.045084479600458104,0.5759032091881008,0.47537436399759114,0.8898992411116068,0.7816434600790052,0.8046350333932825,0.4950039574110597,0.4752220348565238,0.42153162737746547,0.598036626149068,0.4651101106986308,0.5178945557356889,0.5981581205188561,0.46127405441134983,0.5476809430720875,0.48341256672312355,0.4460861159523037,0.5501015561132357,0.5796165600703923,0.5974336660933035,0.5678410005877074,0.38026112032882387,0.4780602967920172,0.5948731235235915,0.5979746331149404,0.5842212098813235,0.5982052909492285,0.4972168771180213,0.5764195427155366,0.5959677478028692,0.5660052598326907,0.5607837113227627,0.5621099262713397,0.9009273127768915,0.544098909541453,0.34521438106092656,0.5554762709069082,0.5350202581656738,0.4088139073234199,0.4195139694031964,0.4927221345642114,0.5770260045307275,0.3614355383787033,0.5109779410424391,0.4979244856498434,0.3960576617500482,0.5645322668356538,0.3078455273135822,0.5565751969711868,0.5788352504952095,0.2039589714839715
UCSF-PDGM-0037,0.5889848244370465,0.5598648108549652,0.25388217596900264,0.5940483226573162,0.42404922401302475,0.5945201931198085,0.5229295424156796,0.2223912305964775,0.682542777671379,0.5519688216731892,0.9601747494578915,1.0,0.39238526452753564,0.5323817775875433,0.40045496332936903,0.31065364610267293,0.926468944298841,0.4666994918257934,0.5451004579025517,0.5924100746248808,0.5942737294759032,0.48926602642078215,0.3568721545524014,0.518089358684624,0.6026432768910273,0.593902593714437,0.5913347446576274,0.6218611165377352,0.4758804904259597,0.8778878094548592,0.9673704485954545,0.24992156410608898,0.625579170076918,0.534750919728672,0.5756449878633949,0.5594289106651136,0.5970692237750336,0.43775242031607936,0.5670872911328112,0.5438026936248679,0.5701866462223751,0.5640460582798741,0.552723415554328,0.6135889870494773,0.9266649957791789,0.5892227947145325,0.6125042357645493,0.7324320761150186,0.5772510316484462,0.4449623440678792,0.563785100937707,0.5324337595197118,0.4651819479570986,0.9870320735949676,0.48505572450914,0.3931423244902076,0.5139447829344009,0.5586802272412136,0.6230511713734472,0.31670629085128743,0.9324353216568194,0.3348820456804306,0.5069451121591596,0.7517796398836687,0.9282568215536233,0.47156451137568517,0.8640743092802003,0.5443410989157828,0.6279841520435872,0.48641763154055445,0.34698867601668965,0.36937677348615505,0.5985661420219891,0.6284128695058636,0.9522850616662861,0.04911855186055319,0.6053857642387392,0.6049603851507253,0.5627322596792685,0.5595656394320341,0.7640005577533074,0.6317140735196314,0.5232733396591875,0.4022973128229396,0.3331657413986584,0.9950036331014076,0.5127098255874646,0.2606656036941097,0.9698891262905752,0.6071253432556519,0.4747420488786998,0.6292921687994709,0.5219306132409992,0.479634138878623,0.018223780070624446,0.41535782508320096,0.6071227044767274,0.4467213672540626,0.43900264265290745,0.5023097198922372,0.521111695966543,0.5586189365745692,0.5447768206009274,0.6279868490024039,0.6075435922644082,0.5462872967018066,0.9417210371503849,0.6126890588603149,0.43027999754058904,0.4113253447745502,0.5352419069290427,0.5906431944467316,0.5565931124771049,0.9925847415356926,0.3993858665731818,0.9545897194207349,0.6222082957977736,0.7604908434636307,0.6304232968345453,-0.08456694747239843,0.4350578529835174,0.4582999068899774,0.5970181653207848,0.2502326733892937,0.9853198141886704,0.5027375376177642,0.9302449797251298,0.30411248682850217,0.5801956075093694,0.5684089150876613,0.9554132908990889,0.6889525112585722,0.11023236353484725,0.6228398293186712,0.5441706091991981,0.9342957303037848,0.708934309831517,0.7197286317536828,0.5411615583466621,0.5253135775948953,0.5058739633632217,0.628864485863488,0.5064085214576676,0.5428559062305778,0.6289384292257402,0.5417745128701075,0.5963562392010627,0.5609189685867734,0.4855872750976655,0.5958525649823081,0.6096985936568052,0.6318865992175362,0.6096385665176314,0.45671057312217983,0.5443999356370041,0.6248991579065962,0.6288189226429464,0.6213195823455867,0.6289427336220634,0.5563011237986102,0.6202147157135913,0.6307825649014218,0.5948526381883278,0.6095400667635548,0.600457096749213,0.9401016305839429,0.5929034678746375,0.4695266116387496,0.6019744708060845,0.5900143182353211,0.49644811169134884,0.50628023953069,0.5389854510001808,0.6111809004102419,0.4617624460286103,0.5709543376422445,0.5309794035594941,0.5088088591699628,0.6054349415771991,0.36171419900757334,0.5995438809539569,0.6107350691086466,0.10465384849885347
UCSF-PDGM-0047,0.7234846918889923,0.63886851996442,0.6878059903440812,0.716894705476091,0.7228774649630266,0.7095524252862307,0.8131474345810132,0.7647795070985209,-0.04482874602440148,0.879734081645703,0.22822002818828668,0.39238526452753564,1.0,0.04392989660380475,0.8694761892560183,0.6324700880243792,0.30584054779132913,0.260823298166134,0.7606941356733122,0.7126099096763401,0.2717849163493031,0.24718939628417122,0.9797237790911243,0.23490155276536706,0.7116517473981128,0.7438272078156948,0.715279647883157,0.28462978566609515,0.8489683086914608,0.08562021542512176,0.34770625856013304,0.6844682833665272,0.2994473388633225,0.84225675187409,0.8235783724556789,0.7284527053155556,0.7392242647653396,0.7716528312499608,0.7420355352482597,0.7693443973942378,0.7968433205542511,0.7496447320890451,0.9074220299495485,0.739786086802091,0.48308156833212806,0.7449991689582078,0.7740499641045698,0.040486412434701656,0.7676815537773171,0.6750404664317139,0.8073744025255187,0.22736192122529336,0.8763561230408009,0.3666586747177964,0.8142242492481576,0.9232463639367279,0.3217554876030134,0.7804299735473759,0.7006577770140293,0.14839646396515768,0.27697941191555164,0.6366534727146204,0.7693266059166499,-0.08455304057884447,0.37699067610230336,0.8420148848645772,0.2770633258709402,0.8162674807981031,0.2933473000690689,0.5287719638259045,0.2360663048664234,0.031796038820130504,0.7226797469223668,0.6585725754452765,0.29945983143538546,0.7963179957032002,0.6665743867068943,0.6841179808977487,0.25627805725981906,0.805139822940912,-0.0656588269307767,0.6754968073129619,0.8390488469051328,0.7804011191530326,0.9322976083741695,0.36804278323369033,0.8333397927201147,0.8097096798411494,0.3914324762500978,0.6476621782451936,0.2914560768852811,0.7501734281604409,0.3566509121014966,0.6755542413485043,0.7255455402772352,0.854339781697071,0.6446251370361654,0.9500271696429027,0.8677292066199994,0.8290161854257183,0.2590557213960576,0.818231263777306,0.8097112498607318,0.3050643671815625,0.3252846775314632,0.800650989870879,0.2582542208073015,0.7288871671340981,0.758136583434807,0.3210462111064927,0.27941106866409765,0.7125538894883877,0.7912016917041581,0.3467635646895787,0.8797569704915661,0.3403687902106764,0.6744035381632838,-0.047231175087870385,0.2033565369729191,-0.026158153849342843,0.09538000528624102,0.6691025777278807,0.7089603438790157,0.7055746726504136,0.42026388528826025,0.8902025547715168,0.2625028722429579,0.3353202928239364,0.749564907161949,0.22467226438439558,0.3097279026443814,0.4838619836788134,0.8284159786546678,0.318951190742935,0.7963772423026519,0.44456325525375645,0.022585156334977857,-0.007725964633626897,0.2365423341778957,0.23023856352485786,0.8322185919285713,0.6613373246009788,0.5482050159311379,0.5989554187482217,0.6609804770548593,0.8333044546817999,0.7228725821715767,0.8191119786486428,0.6423997889052697,0.7211704409968615,0.6324487566368041,0.6711109493338635,0.6980667891906983,0.78456847355792,0.7750959997105854,0.6520085789917942,0.6614479069062512,0.6809475993389744,0.6606191732090773,0.7228463722268934,0.7073551752606569,0.3101788030240786,0.6140711246353794,0.7316475779737462,0.6908044753139218,0.4333186716609302,0.7173606564833269,0.8977194474562448,0.7118097453040058,0.32599634434155983,0.7994370044139646,0.8358265357251615,0.6840568395439054,0.6631266067457464,0.8407299683873692,0.7617021629536728,0.22057864678486072,0.42462997155734433,0.3379221491210262,0.3143808378116098,0.2798469626899646,0.6567956313496287,-0.21500439405892177
UCSF-PDGM-0056,-0.016550183276325108,-0.058459894865871644,-0.11762639962310216,-0.030475127503023284,0.059091987601885256,-0.0335722334754885,-0.0010299655736885395,0.02467494187975338,0.6303954373236823,0.04446315707467101,0.5866573935564197,0.5323817775875433,0.04392989660380475,1.0,0.1114788202462086,-0.07630746060370579,0.44136380501176775,0.03491349939421729,-0.024952327642359093,0.00034386158189676785,-0.03394390493201315,-0.011724876141778804,0.09324000335252532,-0.03638995981434434,-0.01553333238343509,-0.0022509094441846393,0.011069249487892742,-0.04521421579383535,0.1322898177336672,0.7202868115667903,0.5106226252552946,0.1342698898204359,-0.034484544764905985,0.002277520789888491,0.03205711131987199,-0.03980079442067809,-0.004030187277200136,0.025073161841821276,0.005247531632369957,-0.000999602978943631,-0.026186231076190353,-0.04375949228989157,-0.02377782317081356,0.00741951736950343,0.6643666848886122,-0.01889908151656002,-0.03249971484270462,0.7769378356513785,0.027885168481858666,-0.010049510963069934,0.03235684046931559,-0.04970773795767511,-0.015542163230758427,0.5187959530148827,-0.053460323889377596,-0.0164814218888075,0.04801170582335186,0.04957954511889512,-0.011453179635394961,0.012067891382198789,0.4251695900222446,-0.015582920370708525,-0.05425978022902339,0.6088502891839659,0.5288690220284377,-0.017860839556283547,0.8203672511706216,-0.04718395504558787,-0.040218905182091806,-0.13248008365150807,-0.006336959835715533,0.8102203447132114,-0.017919741075308613,-0.03864126680033559,0.4181807265772681,-0.010940575846769439,-0.04149592387212668,-0.027928348190223256,-0.03275615522659729,0.03182213196720567,0.6687582112847191,-0.03471244336458557,0.003554125491946352,0.011912938519500083,0.12521116164692164,0.5063928364169729,0.014825056162825317,-0.06766661011084718,0.6034149368726898,-0.05201836262624339,-0.012218610496369275,0.0044200802259543245,0.0335025983530422,-0.06132107201449295,-0.1628521785475821,-0.06751574157545409,-0.03593609295331085,0.10424649747864452,0.06321644177455407,-0.08839395596875295,-0.00823022604586961,0.007727507533995414,-0.020461809695393438,-0.03010152876204217,0.7058099534298876,0.02393439335981554,0.4366806580398822,-0.04352411644767951,-0.0692817198020677,0.18302529892638136,-0.014312383090556142,-0.025816533763426026,0.05502174190168744,0.5652569126179633,0.03137961388548371,0.5625265591052757,-0.03272633990703349,0.6075137170084968,0.756567041907142,-0.023199326962813363,-0.0327885072612603,-0.056268497096767664,-0.04401297970553081,0.11060694692600899,0.5420623405133951,0.14097203904069358,0.6010669906885933,0.20351270785210884,0.018096548536546346,-0.045600717822981716,0.4279327868772973,0.5307569777382406,-0.045402652832595126,-0.03274980812453448,0.06373473634748934,0.6272082043344972,0.8084255896880899,0.8022356408140445,-0.037568625555983344,-0.03518592347930564,0.047646953649661386,-0.032144889615944555,-0.12826143696983752,-0.059865133198274204,-0.03338607088837585,0.013505566783429507,-0.02804780081177133,-0.02094851136788806,-0.0012385797172284813,0.0026609532631210156,-0.06541961833287242,-0.036900968497038805,-0.018088678482240095,0.023604868452392947,-0.04950123655944279,-0.04662972444165256,-0.03169129069672905,-0.022486659989139374,-0.03442786876838494,-0.02764483158334609,-0.017881674943368373,-0.025596865004149445,-0.07170291862387276,0.0051539663382031645,-0.012617085695288,0.5605323075457662,-0.014083965299492258,-0.1320612760725805,-0.025689231236197353,0.006488965788823968,-0.03536036142943324,0.0932840196640377,-0.030241626224760128,-0.034711969055840224,-0.08057404323196064,-0.02799979591287918,-0.07039875519468679,0.05078450669225508,0.007882883352242425,0.09658157460864071,-0.03629581791645616,-0.036495193864054955,-0.06215318245453734
UCSF-PDGM-0057,0.8128585533618167,0.7371032775706329,0.7114519125192877,0.7916905109250597,0.8905500858116263,0.8000798744810228,0.9289796120912504,0.8401434630850222,-0.08437825105992744,0.8778207482982792,0.2859562633297239,0.40045496332936903,0.8694761892560183,0.1114788202462086,1.0,0.7579406999921345,0.4382048712489349,0.4667913911724096,0.8258818523812179,0.8116402446598181,0.40525966772740885,0.2969571716755095,0.812730391991694,0.40404659342729277,0.7804783581765503,0.8193924639681497,0.8092457504123768,0.3989794798787776,0.9793338388822862,0.19219861302658556,0.30336757158596284,0.8626714862789178,0.39557578598335597,0.9388967660673863,0.880534272977156,0.8137769425914904,0.814535268368148,0.9196605650801474,0.8555279779961322,0.8750307637560153,0.8530891637613843,0.830542069004111,0.8380542372039419,0.8226941660500783,0.4752276473764041,0.8402939680565037,0.8107206969525393,0.15367437876294168,0.8620705490045832,0.7778189125722282,0.9006454670655444,0.3907083750731983,0.9581105232454191,0.43011222134574917,0.9022332404917625,0.7628923629720002,0.4896466711519548,0.9020724035702894,0.7590765062663695,0.37034927730725165,0.3889290736516726,0.7697948827947205,0.8534357509434566,-0.0783073587619909,0.458092090841152,0.8375381401588307,0.39716536002710434,0.8877997498239851,0.4035189298299779,0.5843634894645485,0.4336108011235269,0.01519993483490543,0.8157648104098368,0.7258562632096697,0.40211170965257065,0.6589128550839193,0.7297341721886728,0.7518944549456422,0.412877369720927,0.8993495896873241,0.020548688709362745,0.7227119319220707,0.9382818714246827,0.9364145062148871,0.8906504861047494,0.3919607541791064,0.9490433978183036,0.8305186256046839,0.3681026223293552,0.7053400708371176,0.47896332862887314,0.7606486745896538,0.5138328292765484,0.7990507369247165,0.6492447147607515,0.9359231932769347,0.7163778877750311,0.9684787230276563,0.9886431173677034,0.8879840448441382,0.41787959525275076,0.8921262915961437,0.898641347592049,0.3998202652360953,0.3381839945037081,0.9151601668620069,0.3656265439839884,0.7522556565197649,0.8843935625428448,0.5148863504466503,0.43616824424846173,0.8048292800452128,0.9077919596879627,0.38610032371615166,0.9843064100590955,0.4512658700505838,0.7285150911771259,-0.044948798752847484,0.23999927402364207,-0.04720430288413271,0.27271951349398066,0.8053192514128207,0.706763694531474,0.8388439654309305,0.4521762018096382,0.9397461842459903,0.21560413612787332,0.5553838704435745,0.8529903797834678,0.36721924507170334,0.4061480447523299,0.3392247872657062,0.7450354149559469,0.3892566778870645,0.9200219615731728,0.5396126761057616,0.22046566275728063,0.17796803193055433,0.39473649590290266,0.38898094754597157,0.9593668658872954,0.7266527778017596,0.60562889437426,0.6649955536792377,0.7266860862717613,0.93215595940807,0.7939850468879035,0.8763877781027523,0.746298613626611,0.8196907557907886,0.7053539606492505,0.7194993373714721,0.7865465506264971,0.9069315088436815,0.8741524088165545,0.7214520408475075,0.7266191420005664,0.7343177935325023,0.7266471771979692,0.8263614338178624,0.7725905382251383,0.3975941587345424,0.6854278079604532,0.8256779783109002,0.7727909686458156,0.5163514672097645,0.8141939803014626,0.8166331636476442,0.8013987801737117,0.4401291644829463,0.8864921727521562,0.9683233604364253,0.8031166471794186,0.7183174119427561,0.9167137435649131,0.853627985982523,0.3755923098992621,0.4295367281738392,0.4618828465685824,0.40799833679936326,0.3915378865747194,0.7101219950778762,0.01351550133076021
UCSF-PDGM-0059,0.812224544276405,0.8492060293625986,0.9061710952837252,0.8361201962317399,0.9333309358137966,0.8114176500445165,0.8588833839018859,0.9081819296821123,0.015936609561562093,0.8083833058143591,0.24680254733251789,0.31065364610267293,0.6324700880243792,-0.07630746060370579,0.7579406999921345,1.0,0.4519794114210167,0.4700806617213332,0.8698696825901251,0.828421258030717,0.45513761152654764,0.39717816409577505,0.5544131780188879,0.46093098272070526,0.809862642992944,0.8164064571655198,0.8057965516831935,0.4364001312458557,0.7814879210338431,0.17165102067211993,0.2567236902381966,0.8764527671087491,0.41255919567623917,0.8030116458727529,0.8192226864966633,0.858237858962894,0.8121324483094795,0.9210590320075739,0.8566261691014451,0.8685063342538503,0.8418129563884329,0.861369131120387,0.7668925707452725,0.7863937863330852,0.22140296271442497,0.8169583600927415,0.7836651841407389,0.19143109143063036,0.8387568601042621,0.9400123836890936,0.828959576205944,0.4812800867816781,0.7638963761636345,0.36255911070924135,0.8646604928007325,0.6852216388126687,0.45830960372382323,0.8330426116194917,0.7631293871992352,0.4709195389747803,0.4324225488108269,0.945508954273662,0.917441988103357,0.05812089366951913,0.4155685253653681,0.8780309979279698,0.18344088903730832,0.8375640463475962,0.4253266804291331,0.6559268375919105,0.45386542705419436,-0.07046316887179101,0.8098846535940771,0.7608822153890628,0.41667065510506723,0.6340787634647209,0.8104899219654464,0.8135751056402447,0.47999632363221567,0.8389079970998325,0.1244383116365631,0.7464582677289179,0.850764226777562,0.9121368274999622,0.708669604846325,0.34043260661178454,0.8058463502672637,0.9186335587700009,0.31870801622836387,0.8017331939983126,0.4883172898634938,0.7327807204334205,0.44424056331871814,0.9090069857302568,0.6760484506439199,0.8090055817645871,0.7799799369142035,0.7319988970118603,0.8124987515601237,0.8123856143541558,0.44754337131742855,0.8471589451885355,0.861654691204696,0.40880333258772483,0.26370640035166026,0.8378997464266043,0.43675536356557854,0.7769730114262541,0.911955945790015,0.32226453162826824,0.47442720064817046,0.8353454790112045,0.8254707759775357,0.28589643133663073,0.7708738106895121,0.4066171002860409,0.7700722601567223,-0.01057972446092066,0.20771068871186474,-0.1445775930751947,0.3701494183725611,0.9314482136300767,0.7643200278595718,0.8368166638373511,0.336875876914663,0.7613117434567191,0.2409982328586948,0.38544884254427897,0.8198269582848263,0.4310018092306026,0.39999300977547453,0.07393388382864682,0.7844329025255851,0.40574158518933773,0.8233657105612833,0.3349373327874107,0.27147685228438345,0.24892135537215979,0.47270525152886095,0.47626570370223215,0.8319060999268841,0.7490007396378104,0.6865087689160376,0.8112674745409484,0.7514460195741443,0.7861279070682894,0.8287501118150076,0.8511686529970429,0.905347217082085,0.8201413943467037,0.7799079495104478,0.7514832473994152,0.7989341608891051,0.928096628722851,0.861637205445066,0.7722571570116847,0.7480868173285111,0.7569970667381887,0.7534353189405735,0.817000213849326,0.7859689005329953,0.391340356415117,0.7804710117263488,0.7958254852506144,0.8002631317645722,0.35794273022036294,0.8141117974926134,0.712359272595206,0.807419005638081,0.4297935561361122,0.808209557137772,0.7832729181786764,0.8930557507835947,0.777196603975419,0.841102804942956,0.8310325389371331,0.4805468219207732,0.3099592292786349,0.4094495857025416,0.22132773576288337,0.43000101147086417,0.7756905466777197,0.14375542783934922
UCSF-PDGM-0063,0.6390665165692421,0.6861674606513307,0.3503259254436189,0.6693613411608187,0.5288615529202257,0.6962422783593917,0.6027885201288831,0.3000934498115489,0.6415113225771202,0.5556511454872493,0.9263469967209501,0.926468944298841,0.30584054779132913,0.44136380501176775,0.4382048712489349,0.4519794114210167,1.0,0.5295080755189173,0.6422997795641129,0.6607820924351728,0.6486760217252867,0.5054059688835312,0.24567134426477802,0.55827264910718,0.6522837600615746,0.6377598568387858,0.6381920804703239,0.6897913919572494,0.5093100274282791,0.8659371881693915,0.8293252442780037,0.3169173935089548,0.6611555190254228,0.5981376899143043,0.6046764820658211,0.669184157629877,0.6358510165068613,0.534955451213385,0.6620292634850536,0.6445856937018837,0.6452623150064646,0.6619583389010388,0.521793841044496,0.6705666968717365,0.81223230348034,0.6816246229121884,0.653170749352214,0.7332487747447564,0.6443970167803151,0.5874338521071137,0.6134540769057235,0.6025059364656451,0.5109568941504536,0.9463786653824113,0.5940480631740636,0.371695823239503,0.5654720719581482,0.6172950859046012,0.657708319815048,0.4193125808471264,0.9348482678675212,0.41385361802989595,0.602955774591694,0.7018090790394353,0.9632359591320218,0.531912705263805,0.8327712729839943,0.5888157628866473,0.687758905345478,0.527421030663973,0.40054589755154013,0.29920401447393263,0.691661152276169,0.6849274530405519,0.9642725893504147,-0.014442909632224546,0.6769301151337266,0.6713653340594384,0.6339277565037628,0.6165061127672361,0.7885788060724178,0.6699463886517246,0.5856953790748902,0.5199581283668397,0.30736276764961973,0.9485065214922902,0.5945103882987448,0.29553710503997693,0.9039112536449317,0.6784432428107396,0.562041879944939,0.6404443045125224,0.5803039910644672,0.6328444264580706,0.0011237964243352165,0.47912201177564934,0.6530160189677922,0.42247929183160254,0.5051668360382515,0.5861714378199886,0.5554607143480106,0.6196532531224767,0.6216610034034165,0.6649297583234707,0.5569585468067296,0.6017330788167267,0.9833349349769532,0.6783556720428074,0.5695938490762291,0.4690025032807622,0.6032446300006719,0.6633734576377616,0.6116670735752909,0.9304115088033477,0.43374511879362143,0.9707604948941408,0.6662612595895386,0.7002522107123174,0.5903679434599454,-0.06744949114151202,0.5503035500441155,0.558278803666732,0.6654008972935943,0.35674652410020014,0.9411892874409367,0.5107015915261089,0.8727552580511327,0.35933248976223925,0.6268019840358636,0.6195410528409618,0.9459292117989798,0.5158467262003152,0.1041653943914905,0.6781099581042596,0.595091588887597,0.8933535863115879,0.7626118264779493,0.7647163362140412,0.5808272090903553,0.5644738261947365,0.5635438593092557,0.6720023744493451,0.5570800204998521,0.5884722372125021,0.6746261825383087,0.5872494331487413,0.6603594305070957,0.6230567947642258,0.552881668225892,0.6805852118330856,0.7076598935337078,0.6774314914862938,0.6984324556426433,0.5597793346186288,0.639127108531164,0.6979708384055655,0.6710256214153758,0.6501632611486695,0.676772851105327,0.6789152559330941,0.6860502748978045,0.6532175916883033,0.7128582102786808,0.6794680519553801,0.6481508453376059,0.9139521523553991,0.6931146718076849,0.47813508298936547,0.6953398080795591,0.6261646219159309,0.6110052445788042,0.541433347265771,0.6434062670721921,0.6475034951266982,0.5389926955299091,0.6202837071230115,0.649397960282382,0.48561336498070123,0.6521528873289633,0.3948054615633671,0.6241459044353758,0.650143074523283,0.24002265747772403
UCSF-PDGM-0064,0.5751727671871837,0.5378386790921217,0.3424856687056418,0.5531492399716268,0.5651962548533924,0.5368200732163727,0.5386509190899007,0.3977749534243891,0.0240000401546325,0.48631160320003075,0.4040074262271406,0.4666994918257934,0.260823298166134,0.03491349939421729,0.4667913911724096,0.4700806617213332,0.5295080755189173,1.0,0.5162395950713776,0.5788501888757613,0.933565687468266,0.9237460598869839,0.20162367340002318,0.9755840732194087,0.5649934299603312,0.5673101082861447,0.5827182084501741,0.8916165966975226,0.5297260079812677,0.30387723469718664,0.42176542878979273,0.4948378688817738,0.8963475771058657,0.5116103409588876,0.5416454891552259,0.5223271628718599,0.5691427065562629,0.5526123011443475,0.5633211941893663,0.5449896296968474,0.51441635522508,0.5284818515029411,0.425271659652718,0.56378626667186,0.39146822500564415,0.5427839369752907,0.5258749510928848,0.2152298856901375,0.5647407530582134,0.5030436296767369,0.5581285685519444,0.9680774192153374,0.446394100170263,0.5252481388786215,0.47148578220319987,0.22851488851187265,0.9850901102011647,0.5780801761484389,0.5612218640538311,0.9651779422622296,0.5690273418582344,0.5311823152683791,0.526213247932512,0.14180653857087724,0.46058009173191367,0.4378230939028427,0.3638369427664143,0.5250699066379645,0.887836612030768,0.43299540763393785,0.9696932312584691,-0.12069987855887934,0.5469298917434141,0.5590118883374735,0.5546648141065963,0.1127654297325616,0.552006109882923,0.5584887387053934,0.9593828477810309,0.5566374097704914,0.18233468133906414,0.5496985261333569,0.5256040238128916,0.5174926453506903,0.3039398829292788,0.48581701765304003,0.5041783526854439,0.3839315753336832,0.4010327031061364,0.5476183909634889,0.9850189738462862,0.5251847130451047,0.9673408401267162,0.5133211696577786,0.1272087593404283,0.4216042098899361,0.5703834987203089,0.4253247134488822,0.48044899734495483,0.4468780231855576,0.9846411459768997,0.5359541223664077,0.5300929261831531,0.892773914587769,0.22691701523741262,0.5640504010058557,0.52788885692984,0.49868822290490156,0.4836830371971797,0.8948764533176932,0.9788043765753845,0.5694927643436501,0.5728783312926987,0.4613716101575787,0.443825751823612,0.5095827133363323,0.5557818410846586,0.12901966707625256,0.15289329721640396,0.5036721964737665,0.9064851818397495,0.5653239318789305,0.4651421756799577,0.352778610459407,0.460039431980852,0.49115901080711327,0.2879830127884404,0.8756918135811069,0.581665975089067,0.9275193886099142,0.556712133118955,0.1127615360255393,0.18177652915433895,0.8741360721671875,0.5735569392360998,0.5040138053433002,0.306256633737076,0.28660594470990763,0.9592590977440104,0.9641647006571711,0.5438621559910888,0.5626955526550617,0.45020590961906254,0.5617537556922401,0.5621392500319574,0.5293642633387451,0.5572367363001808,0.5197686608328348,0.5709634208440317,0.5654866097655536,0.5311095725286937,0.5480618501600925,0.5528098429073511,0.5355548863551249,0.5333818076768599,0.5517590046308413,0.5628817915654376,0.5599391545592678,0.5616191435140967,0.5087358630034574,0.5497757462844267,0.882401762438243,0.5105516601383413,0.565356701715947,0.5765121994239121,0.4953206889776224,0.5446615283467244,0.30535768282681475,0.5459140507497503,0.9448167035089903,0.45050782775465403,0.5460485743330719,0.5706948506672962,0.5606836408750215,0.4512443205730606,0.562594470506755,0.9234851525591987,0.8810563020239895,0.5648221681296429,0.8489326569224606,0.9256007483015578,0.5585879436479604,0.7238351104801078
UCSF-PDGM-0067,0.9500100734546034,0.983548333353262,0.8689478881846868,0.9832971052948694,0.929133914582846,0.9859274496877867,0.9598673036199505,0.8072024143287514,0.1076691252555929,0.9569192558085955,0.47963589124198813,0.5451004579025517,0.7606941356733122,-0.024952327642359093,0.8258818523812179,0.8698696825901251,0.6422997795641129,0.5162395950713776,1.0,0.9692693843530512,0.5970686998804265,0.4891424012123805,0.6999144735543451,0.5297896818996675,0.9591655619308576,0.9590271133767945,0.9438781683680411,0.6256806653853592,0.8844536026575973,0.35447121535261833,0.46256830290656026,0.7542743149971592,0.6017626318348964,0.9425942176519426,0.9660394167949466,0.9948399390297524,0.9555724050748922,0.9414043262246474,0.9887296955448609,0.9914601271618179,0.9923425118734809,0.9941216931344556,0.9274219613541168,0.9674064537420947,0.4341396976596316,0.9853602749932149,0.9671673712010928,0.19509206627177855,0.9807527573126134,0.9654734706706992,0.9622610082252617,0.5670033628422582,0.8721596738283806,0.576789244594356,0.9579870136681409,0.8231745134564,0.5431840841769232,0.9576452200940906,0.9415165815479024,0.42684115627465996,0.5929033663331932,0.8404097453534659,0.9875100105478183,0.210499419979703,0.5704198514757771,0.9723509321144509,0.38501856465460005,0.9437773291561149,0.6226885538286553,0.7915040555957256,0.4133746988294048,-0.15327235592100874,0.9854141916214538,0.9449780715047084,0.6171320252620106,0.5267487928154723,0.9662164145673291,0.9681476809371443,0.5909901062035738,0.9683484822145375,0.2715351312181276,0.9364971585588522,0.9575146915594225,0.9290115200606082,0.8167940866691735,0.5726763952599764,0.9383944078850573,0.8108802818121288,0.5013117671698655,0.9588158863744172,0.5411732854521306,0.9404575705620506,0.5525556474848191,0.9788355596975378,0.5095124849981312,0.8596488872224392,0.926402570411902,0.8456420038417023,0.8926752976363255,0.9316158752846864,0.5310190802124264,0.9790708431762862,0.9790699898333981,0.6045938135043211,0.20776697378892986,0.9498637587349008,0.6176968749613152,0.9788085121687006,0.949713546014275,0.445030080939193,0.5711572499456817,0.9718727244215357,0.9530037080993737,0.5278460934043157,0.8230072813152289,0.5717269872384728,0.9437990967275842,0.2071512979507298,0.133315728269352,-0.07839397770109911,0.49092174425461604,0.9452125430318103,0.9695160274864204,0.8549962917450649,0.5486996901033794,0.9044700583549741,0.4158112289151529,0.38054957944833373,0.9499131892896355,0.5645759622913846,0.6003473957572123,0.1727498311108278,0.6453350940533673,0.6189817784989042,0.940964519812272,0.5265494741980232,0.2663802909608773,0.2527073753220446,0.5456018452995508,0.5345630902125009,0.9279004974028597,0.9314965410924155,0.8269960348985446,0.8990204923821904,0.934291846660486,0.9226464276018695,0.9743599521876266,0.9847763981377821,0.9118415739884929,0.9819188016623961,0.9652392505611801,0.943100965943608,0.9807033214197017,0.9652568712435551,0.9782785652491938,0.9575022043920491,0.9304495706468217,0.9285379228459953,0.9365589654107928,0.9799251448001164,0.9731734336498724,0.5925012280477171,0.9648081638950838,0.9741767917177042,0.9431113762299383,0.5402567291963892,0.9875868820747316,0.8578729154100203,0.9842870245761122,0.5831132656335497,0.9466620707628604,0.8966300353723509,0.9838435016873268,0.9306494535958325,0.9118244090817209,0.9485233697948898,0.5995066306793657,0.4745235118261326,0.5963679334130659,0.36825601158084703,0.5749516621680956,0.9299176438265273,0.1831472847086957
UCSF-PDGM-0068,0.9947614360354357,0.9635088344601871,0.7932170435093416,0.9945547332431282,0.9209616292953445,0.9760822059634584,0.9586187887375555,0.736876836111876,0.08817623911269372,0.9530096798890121,0.5481131806939666,0.5924100746248808,0.7126099096763401,0.00034386158189676785,0.8116402446598181,0.828421258030717,0.6607820924351728,0.5788501888757613,0.9692693843530512,1.0,0.6767660319376524,0.5253451260847142,0.6353863512929852,0.6113109487539775,0.996631771135947,0.9967594690736031,0.994735536535598,0.6906098108461743,0.8941516711097496,0.41304747128052327,0.5230218058463443,0.7526466827530689,0.6831396380703577,0.9373727942347467,0.9828912627776352,0.9666509322737609,0.9959905480419712,0.9318603626259769,0.988588263968579,0.9777518690122645,0.976498612360232,0.9774323165555848,0.9216288731315796,0.9953172329318912,0.4707843564826733,0.9812819748486079,0.98632318896285,0.22582024720395222,0.9934822023310217,0.9122394607309421,0.983071901819456,0.6315179775917771,0.854111357629979,0.6455263118112962,0.9110371125653033,0.7239443720473546,0.6095425808477312,0.9831297541012931,0.9902084820843197,0.4533953690318578,0.6846286940644363,0.8561637388927319,0.9669853841172622,0.2678655491891827,0.5699197207294961,0.9073395575140439,0.441898698809212,0.9628457215338958,0.6935776360210519,0.8490166392581763,0.4617709789389658,-0.20051979482651675,0.984096988063853,0.9868495781931844,0.6900443085931124,0.4242315111656859,0.9890242198514068,0.9937485237610246,0.6547172538461432,0.9839731324325544,0.29424399958426795,0.983280911250688,0.950643870455611,0.8907596119871156,0.7728899308620516,0.622641407892689,0.9173240598147291,0.7667125630553505,0.5021560531653915,0.9837182304288256,0.5849827199437472,0.9772043297383365,0.608892110914626,0.9262411220649729,0.42239537654146786,0.8261009787433315,0.9843414201486804,0.8348081158894267,0.8650343133408713,0.8973245504014292,0.6063801425118047,0.9814885838489669,0.971001513550643,0.6852174979482422,0.1491586064113206,0.9749347557080146,0.6609919170328243,0.966475269073966,0.8925754002819181,0.5125569980778676,0.6300011660725461,0.9985641262239173,0.9796951029305602,0.5925399003866085,0.8116362771966456,0.6181567830511073,0.9876895209523138,0.2750027535738459,0.11465319924931024,-0.10621641455439401,0.5404566698732775,0.9432549527064179,0.9351862708861701,0.841443004967318,0.5802412293561399,0.9027060742958738,0.4152299377943339,0.41553244405183304,0.9930440391725821,0.6559537587689303,0.6859319330218853,0.15740187421275031,0.5444324741814003,0.6634588735390312,0.9711144331783736,0.5831216475741109,0.28832794402851675,0.28132381872248613,0.6306438826395012,0.6152909510307056,0.9398979430481481,0.9849574076466336,0.8767370648085931,0.9553256733154091,0.9855666120000396,0.9446517474185615,0.997240045098076,0.9782046758148316,0.9505809367594277,0.9952679997899315,0.9704542724574002,0.9838602960366807,0.987671694667593,0.9413316194738321,0.9714955773802281,0.9846030989654233,0.9847061089256717,0.984717742477583,0.9859886634436285,0.9398107369409434,0.9913814207552383,0.6849948092478483,0.9479531833083171,0.9944381903066386,0.99411361311089,0.595658727318623,0.9799112527650059,0.7988060714842087,0.9841670951326801,0.6568049923956512,0.8838557103241118,0.9207091569036995,0.9823802522474829,0.9840958641090181,0.8817218789669902,0.9862135096074349,0.6256833854453264,0.5034094829532302,0.6811413821387314,0.41121086575071514,0.6640127531511208,0.9828436205576833,0.2361667552095932
UCSF-PDGM-0069,0.6748275862933608,0.6452319579881219,0.3350479042153649,0.6655528249022772,0.5354694610266915,0.6494371886152306,0.5803110568496621,0.2897881637973921,0.1071774248849752,0.5531041642368557,0.5583852496826668,0.5942737294759032,0.2717849163493031,-0.03394390493201315,0.40525966772740885,0.45513761152654764,0.6486760217252867,0.933565687468266,0.5970686998804265,0.6767660319376524,1.0,0.9359298107274887,0.19740455918920824,0.9706145087355681,0.6813420028528168,0.6673974126817065,0.6795918988364178,0.9903952581284213,0.5024776781089967,0.4209392470008986,0.5494369039957058,0.36565601933759917,0.9933102332206373,0.559933692067351,0.6141802823959457,0.6155973646137898,0.670195424091847,0.5342005061867137,0.6382291868148844,0.6078231064830543,0.6070687998600837,0.6230736919263636,0.5240691508271007,0.6719155499122156,0.4395524072502587,0.6415578282069815,0.6513827419287386,0.2253787784649695,0.639888520811782,0.5388455209425173,0.6188619341003447,0.9835442033558813,0.4636555852657754,0.6482827450948596,0.519030198329225,0.27952147708914765,0.9553062299005671,0.6265457852527735,0.6926695290932022,0.8430764304354074,0.7045159497305978,0.4955060691025884,0.5843286342882876,0.31164192148257125,0.5436473778370468,0.4806567995901479,0.40712135224094387,0.599830240955105,0.9899861007192857,0.5783110498083329,0.8443254437041808,-0.23505011261007813,0.6547052335675436,0.7056286594635508,0.7020190647595577,-0.013464324602010072,0.6871466980287007,0.6848886846396662,0.9931393113031866,0.6162353810472557,0.310925284609856,0.7000763489451446,0.5625072833861395,0.4804417592520514,0.2773093904899516,0.625719225641631,0.534420258989382,0.3252271100934335,0.49197267448966725,0.6916986426910376,0.9409382732756417,0.6634788457294611,0.946599074013332,0.5656020439760769,0.011806106028862902,0.42966625491275484,0.7059292098281056,0.4093691260089449,0.4539684768666527,0.5191423298389579,0.9701131479557578,0.6057335421894088,0.5948915278439337,0.9914831966696973,0.10505012385635155,0.6121186314424572,0.67029140264758,0.6386362502969298,0.49860754023528175,0.8269055810391319,0.9822727768187118,0.675403964011488,0.6206760985009804,0.5949821690271689,0.4086087253518295,0.60584979517365,0.69806347874054,0.3087002000141076,0.0878194242288467,0.4185202933358317,0.9427525626520931,0.5852693764530582,0.6081261612169535,0.34431761932070326,0.5672741004850854,0.49778221275432494,0.4175906333194072,0.7025242545471748,0.6597676856771497,0.9960186892677656,0.7010093370726641,0.12478411863915359,0.08395614542304687,0.973624852093559,0.609574968450873,0.5535668884241353,0.27607709558389004,0.27742697885726647,0.9806861519238464,0.9733561171356587,0.5574507764726874,0.7078244702808204,0.5980697909513449,0.6717891467467578,0.7075874104002464,0.5812221983782563,0.6710540187606902,0.6015136087621212,0.6259339459398197,0.6660537560748162,0.6806292291488751,0.6996330923195508,0.6720091284196988,0.538268522591992,0.609322902364528,0.6995595557885256,0.7078899923235163,0.6979093315905422,0.7073226544941761,0.5943929398592225,0.6788640826288151,0.9862244462784702,0.6587245197246939,0.6697393645988745,0.6914133908086667,0.5729837301497291,0.6486153977196931,0.40157651591916155,0.6603193212713385,0.9906069829443707,0.5025187967223422,0.5452859522003124,0.6399348053312282,0.6984677465479083,0.4907786840992872,0.6490940406612007,0.9663040283043443,0.8726990584273951,0.6800535861934375,0.8084714819083817,0.9961064530080893,0.6996779149139392,0.7001799905917493
UCSF-PDGM-0071,0.5114975025047255,0.5193053275569743,0.3088896943941766,0.5256663642236622,0.4433107011465821,0.5031129592495291,0.43242425030841447,0.29036892967653605,0.07939347160260378,0.4637846340013952,0.41825663253542245,0.48926602642078215,0.24718939628417122,-0.011724876141778804,0.2969571716755095,0.39717816409577505,0.5054059688835312,0.9237460598869839,0.4891424012123805,0.5253451260847142,0.9359298107274887,1.0,0.2171890871814614,0.9370521886139315,0.5323910191271477,0.5172526248984344,0.5203012205102169,0.9144931346452712,0.3853545459982718,0.29947427689446526,0.4833574473172194,0.32734647356290975,0.9209576796930734,0.4068492595763384,0.4878849172441872,0.4921585632958204,0.5201947102407509,0.42296765236645834,0.49876323184837446,0.47510032279936387,0.478751497193789,0.48985993402296607,0.43406945050316126,0.5147402824398759,0.3614937861869018,0.4902694737649055,0.5009519005259423,0.1428649570693278,0.5042091846470177,0.47461682974639124,0.4748390499968772,0.9495019688525915,0.3186144896827482,0.5130283551425001,0.3922945806787541,0.28717003913142847,0.9344825742101024,0.4803469925404695,0.5347778333642362,0.8918762034061463,0.543474884519214,0.422087246252893,0.46775352011757376,0.24272935609863613,0.42881996176479953,0.4351987814678386,0.29752540535270977,0.44287616581485134,0.9084755012554472,0.42531998702719626,0.8697106860391725,-0.17491809676931175,0.5051123809858842,0.5409670497967426,0.5407434703956319,0.08728736022330336,0.5451784123058434,0.5421603404685931,0.9503016299677975,0.4758593862297081,0.22737748107597278,0.5393988632066331,0.42702034258078325,0.37621265520805774,0.2526964901522353,0.5089534561724389,0.3897093671782471,0.29726272033128487,0.4457145547247103,0.5490990701040239,0.920823196066075,0.5255770040053787,0.9138346330613156,0.4602533089179323,0.03894933653840165,0.2960946287246208,0.5441440045430597,0.3274444568107906,0.3389119089578881,0.37169945486389355,0.9507510125634426,0.47134917942916893,0.45591195108061994,0.9170108091060388,0.16289686047728333,0.4584374060525614,0.5329135492699041,0.5144114939508128,0.38396556719441416,0.8032643884735992,0.9546603217477423,0.5206104062369827,0.4733729113085939,0.4668893701977044,0.28139773009839575,0.4650425090902815,0.543212656701458,0.20712943695888478,0.08324243159350511,0.5728241249797837,0.9216702049342239,0.4751704254644066,0.5146638558493432,0.25638356948796176,0.45018220553605115,0.41076218615873133,0.36834961738428607,0.7372776629217891,0.5024939358880233,0.9276910674362246,0.5376058416658256,0.11124529319319847,0.14236645631139053,0.9285692411051042,0.4617059134099222,0.4242525918302387,0.20539245186352403,0.2028861336436841,0.9416227386993907,0.9470808125661601,0.4121400707952154,0.5389802349334584,0.4458992112559492,0.5364976228219694,0.5394941749670861,0.4136180895898912,0.5247965455706014,0.4709015753113822,0.519982183143192,0.5163798463387228,0.5312760656850753,0.5417844201125681,0.5216880403940212,0.43873656351846096,0.4564472532082142,0.5409297304759748,0.5387768666859932,0.538894962977331,0.539877125819352,0.4639149777597549,0.5310699505548521,0.903449505425934,0.5228577083383948,0.5135445793093995,0.5320708575782146,0.42646950550370183,0.504237401580508,0.3020441063682364,0.5101304979313859,0.94695786904216,0.3812812432482575,0.4014026755119805,0.5144464949086223,0.5450974727401273,0.35058437862169045,0.48396472180117905,0.9339367291758158,0.9201027128913634,0.5087384914568578,0.8247356330653653,0.9381014328449476,0.5462443058310668,0.7065253117936646
UCSF-PDGM-0072,0.6356165188233249,0.5717497363783468,0.6439011819761667,0.6421921370048882,0.6627218683180488,0.638789537126526,0.7293390352858891,0.729170222430739,-0.03806700989199932,0.8358167985694118,0.1879173854718987,0.3568721545524014,0.9797237790911243,0.09324000335252532,0.812730391991694,0.5544131780188879,0.24567134426477802,0.20162367340002318,0.6999144735543451,0.6353863512929852,0.19740455918920824,0.2171890871814614,1.0,0.16146639248008376,0.6327077876715981,0.6638991467160467,0.6331829084293237,0.2132655521624423,0.7956061895768102,0.05649336729280747,0.32428752827531027,0.6413968862635582,0.22742854251651745,0.7610155827530448,0.7564595836951395,0.6615104942003645,0.6595902015454961,0.69810054171514,0.6713016540332827,0.6992822226331189,0.729664526425524,0.6747059641022948,0.8571829344589272,0.6654599836264669,0.4744934205468683,0.6708207127514387,0.6981667544195325,-0.005227269312305517,0.6999418920328875,0.6261637006359313,0.7323180472008066,0.1557395723264846,0.7900197575239128,0.3150012234436455,0.7338743161130445,0.9346142081135098,0.2603593512894709,0.7079179587798348,0.6221187271894878,0.10167625185390888,0.19922200015511654,0.5581455128806989,0.6907253554354403,-0.0845742303603429,0.3250203757084719,0.8041880585043234,0.26157844807847436,0.7192658505735193,0.2207581041658511,0.45276265748464095,0.16991136975501925,0.05925347560309039,0.6513415125259187,0.5773637612720096,0.22809293025523994,0.7870830787050433,0.591569545354519,0.6095486366630186,0.1869824116134335,0.7326297986361161,-0.07042767889334685,0.5952940312449829,0.7614837398212805,0.7100444522163355,0.9350680522608107,0.3277167945855086,0.7590843216795151,0.7452846120560294,0.3789655709403145,0.57163408371205,0.21907802449418054,0.6830637473430463,0.2894549311461702,0.6088761458257497,0.6705893210722094,0.7594953481622546,0.5584823105642398,0.9044034082754193,0.8039161590312962,0.7374026437122019,0.19455619043574648,0.7457414272514704,0.7296091902921461,0.23351575957664844,0.330993505404492,0.7178360031661082,0.19700733597745881,0.6723861356056853,0.6772744232409332,0.28300296943688896,0.21158856854085437,0.6296052128862818,0.7181685300892361,0.30828599834402254,0.7990243108668369,0.27814591867226385,0.595185638444759,-0.04972909638370735,0.17235232697186495,0.0008914018288202772,0.042678875245274674,0.5888288877099402,0.6655621646924148,0.6649491908744435,0.3729255800540375,0.8517959000805069,0.2633395753548559,0.3112583675872455,0.6678440755097774,0.1469238106395961,0.23672367774483744,0.46832077474603423,0.8137964276851785,0.2615276243222472,0.7224870269803727,0.3957432233580102,-0.00520224726556693,-0.034175874494443974,0.16314273540721436,0.159986601472512,0.7538728892391653,0.5776445035019225,0.47218838778041367,0.5133933611526863,0.5777378748751869,0.744194698911066,0.643719486628147,0.7453379509989314,0.566703483315059,0.6490935278632258,0.5605804630140585,0.5929286696489076,0.6276650972560094,0.7195866803082546,0.6861873767329788,0.5743042344854602,0.5775933697205233,0.5995029096883623,0.5777632516068592,0.6609208617554507,0.6364880462443905,0.23585999423250395,0.5492977671365789,0.6587402496179803,0.6070156771008811,0.36561986229932864,0.649542034421753,0.8355224071669505,0.639663999054356,0.2616445913996267,0.7336704706670708,0.7664211955319271,0.6114540475843127,0.5809335957720718,0.744119997832933,0.6675469718978164,0.1550250435904627,0.39928401118354967,0.26292282698037367,0.2800246299531627,0.20655151380907494,0.5744799753374822,-0.25762131006738165
UCSF-PDGM-0075,0.6145630054582687,0.5727167293603271,0.34391108043917534,0.5929348847351823,0.533642427903802,0.5673628247392551,0.5358112235801805,0.3306844406035221,0.07397131906734232,0.4925879700325117,0.4669653522656068,0.518089358684624,0.23490155276536706,-0.03638995981434434,0.40404659342729277,0.46093098272070526,0.55827264910718,0.9755840732194087,0.5297896818996675,0.6113109487539775,0.9706145087355681,0.9370521886139315,0.16146639248008376,1.0,0.6107351318517621,0.6040208331635812,0.6174987302692103,0.9338096771920529,0.4844993886864118,0.3501423057618904,0.5021558458147448,0.42023024959832633,0.9433413296535935,0.5081864050924447,0.5573328705585063,0.5442388820797248,0.6095336163297552,0.5260543823929362,0.5758461200477966,0.5473118409245902,0.5340439482825652,0.553078590025423,0.4566674945942341,0.5959973346278562,0.3805896185546107,0.5651969433543581,0.5695062273003064,0.21425087903969936,0.5780260945454302,0.493934098593821,0.5656097801341061,0.991955598484418,0.4308129570989387,0.5715347168685525,0.4658774689548171,0.21046399074077257,0.9631537700046656,0.5806149340998494,0.614771604278866,0.918095904547867,0.6329016783802975,0.5249083623630897,0.540454682556606,0.23989692953820058,0.4640356070377285,0.4338963358364981,0.33587098996576226,0.5517760593088916,0.9314114497270166,0.5016586282506357,0.92993564556296,-0.1981747171135987,0.574468972446673,0.6204623142075874,0.616981246186288,0.05091115167904188,0.6060735121796627,0.6074887098430832,0.9828286534747166,0.561561765677335,0.2385770125121592,0.6140283180617454,0.5237204408038302,0.4769332161161687,0.24738325375748874,0.5388130617031696,0.48720326481037407,0.36090771291765966,0.42477309770445837,0.6079875753090229,0.9614596688689873,0.5751806687795159,0.9414823965139453,0.5181780865237662,0.09288107006800025,0.410042930002726,0.6335603243598291,0.38430428173510855,0.43370082582207364,0.45802332509125465,0.996694065214179,0.5447565267282208,0.5404952439461526,0.9376360157161105,0.139826588444196,0.5688940787407497,0.584856326117148,0.544874117805732,0.4700038885850551,0.8172177886777419,0.9822894966882479,0.6079169844231496,0.5723359565841991,0.5131521684216716,0.4038386849750616,0.528736832883031,0.6169879365999553,0.22120381180586182,0.1034116049615232,0.44188142710464773,0.9237515159272338,0.5832042705685517,0.511551371606299,0.31185029301911027,0.49061895599385863,0.45264827759919557,0.33565043202026384,0.7572041702342788,0.6069169396354407,0.9743037811991956,0.622007071698252,0.1017474013885771,0.12472862704167456,0.9075980241378895,0.567965328930558,0.4921398594489799,0.273822612664073,0.27057272691255857,0.9945592508439626,0.9952316276514538,0.5260900750033669,0.6258761135962685,0.5181850812989902,0.6253177777120679,0.625007470024336,0.5306548297871762,0.5992315804149367,0.5374327859768545,0.5981591438745979,0.5901889637404273,0.5864699685962833,0.6115725973027334,0.5881009836125446,0.5115198067098709,0.5503058477749485,0.6107456213964524,0.6261743922470699,0.6214333275982739,0.6242186309498803,0.5197441050852282,0.5937903258971169,0.9313015085787282,0.5611603367377992,0.5944802280760223,0.6239946764349851,0.5015265284815602,0.5685387673931158,0.33188112371346956,0.5781318483987535,0.9609865527858309,0.4397099699486676,0.5198111791811879,0.5949351070585623,0.6251338950795999,0.45331497959256495,0.5964999007883083,0.9416362863289969,0.8520009430572382,0.6000614108665294,0.7855878767622224,0.972784042857542,0.6233269453289048,0.7364578824287176
UCSF-PDGM-0078,0.9955683133982465,0.9547138702734974,0.7830396421429341,0.9924368815626415,0.8962599848366618,0.966776887920095,0.9420319136293014,0.7115488798613642,0.09647421646937498,0.9510225896179508,0.5577716950771783,0.6026432768910273,0.7116517473981128,-0.01553333238343509,0.7804783581765503,0.809862642992944,0.6522837600615746,0.5649934299603312,0.9591655619308576,0.996631771135947,0.6813420028528168,0.5323910191271477,0.6327077876715981,0.6107351318517621,1.0,0.9975582607887761,0.9952247766669153,0.6955399411901373,0.8700124200306901,0.41383218869048427,0.5448557141529804,0.7221770580366501,0.6931140425830501,0.9210278221602837,0.9791441399700672,0.9547335763571071,0.9974973878955902,0.9098299505900123,0.9757916491570487,0.9627913953032999,0.9684630093888927,0.9680410995646336,0.9296339897400768,0.9924376387554976,0.4698098007248408,0.9707324433331508,0.9888187909851767,0.2196550864922959,0.9848860328500013,0.8935251996415841,0.974225468269143,0.6300665840891577,0.8347381933459861,0.6529085064208648,0.8910238105782192,0.7208707384215326,0.6003484383493843,0.9707612993187589,0.9970326119884497,0.4324057326595776,0.6948356381971668,0.8462598820061565,0.9564918783877492,0.2870417669302365,0.5602253514642996,0.8983253344982385,0.42997861194138715,0.9587555558735709,0.6998322739844315,0.8606971850175726,0.4463874775238392,-0.21543196998124653,0.9752322122231684,0.9929065456914369,0.6975131419189327,0.420614694064959,0.9927597163676517,0.9963712155287194,0.6528303883254206,0.9740203473824455,0.2940112151783419,0.9928361028287671,0.9346632563509235,0.8609703722213877,0.7592919202099043,0.6325726336888405,0.8942569742647056,0.7564067616780443,0.5065108672089397,0.9895259130977592,0.5709816324441657,0.9874796270969048,0.5985434669274915,0.9056491254872788,0.4156059726509617,0.8058800861155702,0.9932538940303458,0.8210676700940371,0.8362678273215098,0.8837547658528484,0.6046988992423092,0.972678391955089,0.9588750915136594,0.6949612635649816,0.12968614937633394,0.9634795955334268,0.663627127147534,0.96659109693135,0.8670286487399993,0.4913390598221468,0.6255102720073853,0.9963225595469349,0.9677102332890679,0.6012334616861186,0.7873132302669306,0.6144720062745214,0.9958976777896877,0.29431909741110396,0.10300705232736349,-0.11327324281446288,0.5340965131968345,0.9314664610283732,0.9362090271005955,0.8175904708292568,0.5826373608823462,0.8890098040151055,0.42358612458368894,0.38128055518767057,0.989151242672782,0.66250254948482,0.6960221089284203,0.1643345145513572,0.5307542862876306,0.669795917448575,0.95789875400213,0.5765429995693888,0.2670546745622689,0.26404036975877654,0.6325690322717936,0.6162696062803993,0.9211119403849536,0.9930662584013272,0.8870588864061546,0.9677289968133165,0.9932880716130075,0.9329947907840691,0.9976168417145693,0.9712433578128405,0.9503161210406568,0.9881306948008497,0.9700094972540062,0.9923780328693049,0.9820233059831496,0.920441847431993,0.9599173164921974,0.9880513040614414,0.9929559981663183,0.9946194386569768,0.9933832910431483,0.921149830677183,0.99154472961331,0.6977079783341446,0.9440397579057985,0.988614627140639,0.9981518580122395,0.5936163785298478,0.9692571323825576,0.7972742498978933,0.976703560338222,0.659673008962636,0.8597860551738244,0.9009125208093037,0.9721752893634503,0.9943833715470193,0.8656714840579471,0.9839830131571305,0.6188354410620888,0.5062792475726792,0.6840938207857793,0.4008553797830406,0.6733231724579899,0.993578000829215,0.22516572249934805
UCSF-PDGM-0080,0.9981724731220893,0.9446142747549892,0.7856715769655847,0.9890281562735203,0.9111114367669265,0.9638283039400378,0.9584679376168713,0.7358637744488713,0.07537753503121268,0.9618865870873633,0.5406490960792608,0.593902593714437,0.7438272078156948,-0.0022509094441846393,0.8193924639681497,0.8164064571655198,0.6377598568387858,0.5673101082861447,0.9590271133767945,0.9967594690736031,0.6673974126817065,0.5172526248984344,0.6638991467160467,0.6040208331635812,0.9975582607887761,1.0,0.9976682429332856,0.6777793925024691,0.8996457441228108,0.3974043880707081,0.5329547351646637,0.7521526540031677,0.6774660093342854,0.940389397585977,0.9887207097448156,0.9531197945238727,0.9996296582552755,0.9276147193092132,0.9794997124055752,0.9691506818243125,0.9722777210372845,0.968745966809121,0.9395715842348135,0.9939728015773187,0.4821600083906562,0.9728967965187691,0.9896531116014845,0.21787623863852384,0.9902254710293702,0.8912175135101065,0.9864736466884944,0.6179491976773602,0.8645050540664032,0.6441659564999611,0.9051716495391429,0.7339235692733255,0.6025645336614687,0.9832436776017022,0.993473954164329,0.43291662607793896,0.679341873305031,0.8569825936614672,0.9616654622995641,0.2526479168854815,0.5568448191779358,0.9039605263698447,0.43546071008058596,0.9722667127856138,0.6829042931757225,0.8505465374985604,0.4567067058787474,-0.19603125635348298,0.9741910456145475,0.9847642565723176,0.6810035400392619,0.45425006935585516,0.9833143439051607,0.9894178089157156,0.6405723492820424,0.9855278382026345,0.2653083167584784,0.9853295758471643,0.9525870488587173,0.8823676467611995,0.787358914872686,0.6198486345384253,0.9151551094735485,0.7800310259220036,0.4992460944664712,0.9778438057026229,0.5728059200293852,0.9845409858958343,0.603018781107593,0.9044738728666777,0.45061848276582483,0.8349993503377109,0.9860589456768362,0.854922064212503,0.867155715816266,0.8990995515297872,0.5995409004707657,0.9825798538470302,0.9697230906066228,0.6795280197930068,0.15180388874365408,0.9788307978911543,0.6426574962857096,0.9588544226222178,0.8801750629380792,0.5056606230399707,0.6185456269454578,0.9956090179661551,0.9814427299291199,0.5918307319749861,0.8254861569031705,0.6091212302733953,0.9884276864345699,0.2641317620993591,0.12022545341353057,-0.11125851634067305,0.5140427704882714,0.9349749375701206,0.9239903376364257,0.8333528226420882,0.5803204064047814,0.9122381020684972,0.4063034390164871,0.40837505796207774,0.9964599848764054,0.6470520915985373,0.6817239718812671,0.19028311747342166,0.5620820871207708,0.6518366153499132,0.9743918678773259,0.5866069748509716,0.26486342694908604,0.25786663954387073,0.6227495902727739,0.6069920438971992,0.9443150303693789,0.9863862646474806,0.8759633196178261,0.9580051849440553,0.9863288364991989,0.953457642789686,0.9954595076682327,0.9788996037408189,0.9492181317831251,0.9878811490344522,0.9572796602272192,0.9837789495452867,0.977702271827366,0.9341676567335976,0.9679152296150737,0.9781082566725434,0.9863780389196108,0.9893970858732828,0.986189621055612,0.9221856703676026,0.9864088088776441,0.683246753359737,0.9289979067269065,0.9897427221347752,0.996239340249187,0.5999820810488959,0.9677605970247627,0.8128577241335205,0.9740119689846113,0.6515559456261566,0.8725925537390363,0.9279245130321496,0.9703902972134425,0.9871175926360456,0.8868936961373065,0.9920794501172225,0.6014192938348044,0.5094906737046044,0.677068247037144,0.41121801522940227,0.6600077568873183,0.9853978350040791,0.2046885075676181
UCSF-PDGM-0083,0.9980193002474739,0.9328046481580228,0.7655010169759573,0.9809780636954942,0.9086492263170588,0.9514416122900993,0.9490018605353319,0.7219475854768209,0.06859742246538073,0.9490776683238769,0.5476635779261851,0.5913347446576274,0.715279647883157,0.011069249487892742,0.8092457504123768,0.8057965516831935,0.6381920804703239,0.5827182084501741,0.9438781683680411,0.994735536535598,0.6795918988364178,0.5203012205102169,0.6331829084293237,0.6174987302692103,0.9952247766669153,0.9976682429332856,1.0,0.6858228256930745,0.8956231019735125,0.4064503078628144,0.5278244013605334,0.7561581122640958,0.6876658750356479,0.9276799381616414,0.980978218077343,0.9372232517443189,0.9972179913068673,0.9227160313209392,0.9716685236986302,0.9591481848571055,0.957723235934999,0.9547467317001248,0.9208111172225812,0.9896381698492454,0.4817780277370265,0.9618711709790826,0.9804246097568893,0.22948335175849033,0.9845450806489586,0.8774290498756592,0.9816038500865939,0.6292233611228645,0.8468217799418855,0.6504826393749918,0.8844759735640689,0.698776874430276,0.6170361802613199,0.9809816646700146,0.9925064656613669,0.44606461098861777,0.6936677007542396,0.860515147136915,0.948647356018072,0.25791549058579955,0.5531499584703621,0.8800185777586378,0.44933318023859076,0.9630370693141165,0.6918934370165934,0.8524175262340085,0.4699998792027066,-0.1978435581477663,0.964026009923687,0.9824256064770165,0.6898292809248665,0.42372031902302504,0.9780138562482794,0.984885110204055,0.6508084111864446,0.9802462281271165,0.2690190872923228,0.9830638867991787,0.9398106430278453,0.8711551845681075,0.771431581011695,0.6203100175753987,0.9004108896528655,0.764058457900416,0.489286348956871,0.9727624646153978,0.5831208324965287,0.9793076111276213,0.614496346932105,0.8876584478356058,0.42283833087828815,0.8136501895148135,0.9882890773333527,0.8409655213434806,0.8532432307410412,0.8775749837578444,0.6125780521757022,0.973290085414628,0.957095867761275,0.6898841074360729,0.14315696672146436,0.9752013749231688,0.6463671923451046,0.9430773089890919,0.8608428176011401,0.5276491277048091,0.6297313680578958,0.9917370373206509,0.9796643199191553,0.5952336447093919,0.8123459426944891,0.6158126372761232,0.9862772878972755,0.27175202716951957,0.11901522776237983,-0.11323299163098859,0.525405225926902,0.92916329754207,0.9029743464874801,0.8315075163981883,0.576405357281775,0.9045472036247171,0.39697255782657853,0.426268758189681,0.9965394911676978,0.6615159162027404,0.6922936411475813,0.17105014882385303,0.5333269704283246,0.6545219301741463,0.9737437134933418,0.59469653280791,0.2808754946722014,0.273740984592139,0.6354182831370973,0.6191260037034113,0.9387946581971153,0.9863466764396972,0.8761055031397883,0.9627799923986796,0.9858528735674945,0.9473638238783607,0.9898214507529847,0.9659142205565963,0.9535134150909433,0.9825013358615403,0.9478535182070752,0.9804193746250163,0.9694748664022962,0.9253827302263686,0.9564049995704859,0.9728893575042634,0.9864975940613889,0.9896985576769464,0.9853463450894214,0.9038433521519147,0.9793707228570698,0.6957487185724571,0.915366376042316,0.9842293057044645,0.9976112482113122,0.6062887788557895,0.9567936894595894,0.7792565197887223,0.9638741772926421,0.6629588732394672,0.847919821865131,0.9253187371518102,0.9632620582625329,0.9872657778313874,0.8667408927033713,0.9889009605720216,0.6049547439486419,0.5109116917852646,0.6919194674158281,0.42355800307302516,0.6715275685198743,0.9858300121696049,0.22246007032004905
UCSF-PDGM-0085,0.6833748240994315,0.6779875633119143,0.33413952534309327,0.6882847674756731,0.5201341579200451,0.6862718498659004,0.5919509089879869,0.26255322338746767,0.13801376758500702,0.5672155819507562,0.5913554279501999,0.6218611165377352,0.28462978566609515,-0.04521421579383535,0.3989794798787776,0.4364001312458557,0.6897913919572494,0.8916165966975226,0.6256806653853592,0.6906098108461743,0.9903952581284213,0.9144931346452712,0.2132655521624423,0.9338096771920529,0.6955399411901373,0.6777793925024691,0.6858228256930745,1.0,0.49703579871385,0.4485699655695963,0.5606016328605219,0.31349294818185947,0.9947363813347492,0.5796531446331495,0.6253746449969557,0.6485343552896169,0.6793422980265627,0.5250472256577412,0.6586288344551331,0.6296593735747997,0.6362360306292761,0.6516797396192907,0.5436183530607491,0.6942890210420083,0.4563853292387371,0.6733269667163517,0.6781457970739446,0.2216857004189934,0.6554029475969425,0.5539704454710785,0.6281165554829896,0.96019421491552,0.4784180378879984,0.6688837080872575,0.5469123270712326,0.3186284863558434,0.9252505440119241,0.6317510475954273,0.7098073674636484,0.7910287757455211,0.7147920659979816,0.4531697937528736,0.5971985058459812,0.33951508777204775,0.5792049814674886,0.5027482693587845,0.42653531324124416,0.608287525538566,0.9993358525789257,0.5932527263647223,0.7829957238974851,-0.24832808330033365,0.6877993534608318,0.7301439465605353,0.7267841559281005,-0.0444122511590888,0.7109720189902256,0.7059331934857568,0.9781860630325317,0.6267584207863294,0.34925378609345537,0.723014936219008,0.5736123330170437,0.47902095052666505,0.2831114144431898,0.6564306048340642,0.5566855475648644,0.294107286802579,0.5205660686108278,0.7165206654834606,0.9129378977619135,0.6874408152506837,0.9267263987684433,0.5918994857008347,-0.023551820811917642,0.439951036804244,0.7168870661767377,0.40911402179158013,0.46013604438791494,0.5508474254506615,0.9349199149234216,0.6223458629275337,0.6131580192757277,0.994880809298158,0.0872416786386711,0.616092228791586,0.7020233194629615,0.6805137403881564,0.5167816148297038,0.8038347643347737,0.961315490579262,0.6916124641254047,0.6261000222619663,0.6225203630204175,0.40394618799189247,0.6290277494499086,0.7179860192722516,0.3463738554520844,0.07213325941454224,0.4120638443730339,0.9391978956681739,0.575558098832274,0.6563365625150095,0.3431406051860901,0.5978616865119757,0.5036689465044663,0.45595549601388585,0.6509694734363564,0.6641072571975144,0.9818045263168333,0.7197884184293971,0.13500070260005426,0.05913583108216895,0.9912568648442835,0.6105946838988882,0.566647564839974,0.26871891327710196,0.2722922144452421,0.9484896946786111,0.9375305636276564,0.5587702592042637,0.7275861804680502,0.616340962768203,0.6675252854473841,0.7282563723692682,0.5922261212530952,0.689790717874566,0.6226434785733206,0.607834612387872,0.6906020934577801,0.7198419033839398,0.7252060751307683,0.7047053566954861,0.5396842035256686,0.6309302017272753,0.7299378394833188,0.727320251052246,0.7122419331345023,0.7287534713869337,0.6363707079096911,0.7082523533500507,0.9872107442253218,0.705654060537792,0.6943932506842914,0.7008623692964472,0.5913275162666572,0.6831010950362688,0.44280165815801914,0.6942228129687069,0.9798698936701138,0.5437140169285883,0.5420672142349845,0.6517374577499537,0.7108187974552973,0.5078120628748671,0.6553467616220854,0.9694322051311163,0.8632412436495838,0.6961311567100552,0.7984152241851136,0.9818234268093248,0.713230322491954,0.679339346114462
UCSF-PDGM-0086,0.8922983372742173,0.813662041150491,0.7400991924089125,0.8704780986048959,0.9341024914416833,0.8647079360570822,0.9565308263367845,0.8360632236504296,-0.05079035537473407,0.9351115579951157,0.38063450127572807,0.4758804904259597,0.8489683086914608,0.1322898177336672,0.9793338388822862,0.7814879210338431,0.5093100274282791,0.5297260079812677,0.8844536026575973,0.8941516711097496,0.5024776781089967,0.3853545459982718,0.7956061895768102,0.4844993886864118,0.8700124200306901,0.8996457441228108,0.8956231019735125,0.49703579871385,1.0,0.2748475260686966,0.38783858572446617,0.8789012659791561,0.49742202035715766,0.9556655250660276,0.9430286908759018,0.8692334455618935,0.8961168229464905,0.9511991543031602,0.9174480146604984,0.9257109871927311,0.9052331153509631,0.8850076022673588,0.8848268922455328,0.9005078403214122,0.5074466252064589,0.8978623883833503,0.8816534723471332,0.1790166386291481,0.9308446701115629,0.8335844451978154,0.9557789302982412,0.4765310594743382,0.9363476566442174,0.5170874994991475,0.906177751216727,0.7649741533303043,0.5553863342593931,0.9603446822858507,0.8546979356172921,0.41736874772856697,0.49468444164443937,0.8233503151184468,0.8987712142654404,0.029787494138894765,0.49343763378053335,0.8762076783879394,0.4561686437449256,0.9236599631071851,0.502693133485932,0.6840881873885838,0.4627018810770739,-0.04386236986204185,0.8825114724060589,0.8231431734181709,0.5016516235658165,0.6057449267328721,0.8252075699760406,0.8452147867292097,0.5000465405460899,0.9546835585636072,0.10448184732592394,0.8219872865329099,0.9615714584767682,0.9425150620515569,0.9042126152738951,0.4780493277281987,0.9561263707680012,0.8233854411039788,0.42197830388243923,0.8047167971577106,0.5260151707614122,0.8547342143288964,0.5664095832436778,0.8406595982247776,0.5677964461082318,0.9002248434475804,0.8195194518094692,0.9686402141564114,0.9773387512074533,0.8855411073179774,0.49821071633332187,0.9428240199739297,0.9357645786202431,0.5016495360624769,0.2982568715806996,0.9611903612409289,0.4607395033664222,0.8292298607069084,0.8858597701732501,0.5643184349199548,0.5127935347936019,0.8830047007867848,0.9643368876029309,0.46957061046815396,0.9521940499388205,0.5161987925555451,0.8280167946013879,0.06001240756013165,0.20310295609787557,-0.06352299490703242,0.3636933855512057,0.8634259935898688,0.7859872660526275,0.8812384848772603,0.5014648468995198,0.9787587204648357,0.27666916419200666,0.5653104006014089,0.9256682365366511,0.4685721653566443,0.506683562951067,0.2805991945134955,0.6924744204994012,0.4827697325889226,0.9722013318016953,0.5858902688312633,0.26100834901555997,0.2262067626226136,0.4819452125659857,0.4737683953970927,0.9831492118781427,0.8259692551433773,0.7058681851547481,0.7759533591171823,0.8256425645529256,0.9589452776117235,0.8749600781184798,0.924287783292382,0.8380103909131832,0.8956251957063458,0.7945958858182172,0.818711838885289,0.8647024654517591,0.942693384764298,0.9127967769794324,0.8157305989986608,0.8260639709869776,0.8347660371769405,0.8252914777040654,0.8679809030217992,0.8587694092228169,0.5024314484296736,0.7685286921026487,0.9004637567389958,0.8655881991438383,0.559647325406256,0.8800748163004376,0.798042087791893,0.8712142697464508,0.5281287370125956,0.886832545981997,0.9936305742242761,0.8752357774894467,0.8212553873240853,0.9031200659923858,0.9135240586232714,0.45232480017584115,0.4806547991437095,0.5506937548983025,0.4410470962548141,0.4902102598461941,0.8146806147142776,0.08375048063930376
UCSF-PDGM-0087,0.3981333410024772,0.408140112754623,0.11654839253194103,0.4089799809287905,0.2724806823795565,0.41749787331320637,0.3195977740446177,0.04513358792301107,0.8190312827165355,0.31041965060293203,0.9619095312801147,0.8778878094548592,0.08562021542512176,0.7202868115667903,0.19219861302658556,0.17165102067211993,0.8659371881693915,0.30387723469718664,0.35447121535261833,0.41304747128052327,0.4209392470008986,0.29947427689446526,0.05649336729280747,0.3501423057618904,0.41383218869048427,0.3974043880707081,0.4064503078628144,0.4485699655695963,0.2748475260686966,1.0,0.841096096694688,0.11695973084519477,0.4389728540963204,0.31682644204674226,0.3579600627049576,0.3798213853149734,0.40091795558995547,0.2616604306806595,0.3885368199034129,0.35719986349404487,0.36131786262613563,0.37386321988633736,0.2785003635805897,0.42204628594471927,0.7813638564383119,0.4022255655016115,0.3972961956352332,0.8717297786990256,0.3864785830679808,0.2987433265626063,0.3576786118688079,0.37057199754481734,0.2301164534813456,0.8841512265929733,0.2784206736340206,0.11273833087885562,0.32613847958012204,0.3681122497674017,0.43229466585218834,0.2025489989750015,0.8616630956121797,0.1902759267064755,0.31212412309688886,0.9212405716157618,0.8351668492345972,0.2487004838538832,0.9054379444617037,0.3204359139726996,0.4514585863538791,0.29904882399637517,0.1757168965458336,0.498113854121735,0.4180508047571606,0.4509669306223425,0.8754076298197498,-0.19105946052050046,0.4302489589394508,0.42621018752696815,0.39580977659679184,0.3559206237004646,0.9576793543043735,0.44389131426275924,0.30931461147586325,0.22779689083940075,0.11963225431955701,0.8845181569822734,0.30601169361947234,0.040736744125599765,0.8514838345848651,0.4351031696335933,0.2938291150731275,0.4168538840417747,0.32001288550721674,0.32822402190159095,-0.2102616579650999,0.18493557841541727,0.43284526883395313,0.18949937913031817,0.2290825633985235,0.27557864624651435,0.34379327861027725,0.34679118988868796,0.3368943581001064,0.44064721426019887,0.5306611922971567,0.34419817845612183,0.8925350286046941,0.41493897881108394,0.25076233339463117,0.27966114847886486,0.35569534936449343,0.4075545187263282,0.3617801181199739,0.9135239643295826,0.1718128981856845,0.8898986018042612,0.4378215347740998,0.923006802643668,0.6534383448280254,-0.08584474698080238,0.3760902232295881,0.3018147545323068,0.40501605562616344,0.21254466936071098,0.86094159168329,0.27713761097239564,0.885946887758087,0.1493981842208841,0.3883454233698335,0.41926620488155947,0.871562677982851,0.5001217650351659,-0.12801999445883774,0.42823184935305153,0.34905341226289865,0.8230230336535305,0.8717929056387308,0.8972752505976952,0.3750485057185434,0.3595554092584991,0.3005729574763415,0.4480398691600352,0.3195349947263828,0.38023381994321154,0.4487091805128252,0.3226349854643248,0.4062868867098941,0.3437774409346994,0.3311446775923831,0.41730517933075684,0.44456400281489794,0.44695858146279316,0.43449003722787294,0.2752580434007718,0.34585002473012044,0.4525339178512154,0.4477825275806891,0.43279871168022127,0.44923129286671293,0.3838388551443897,0.4349955844563857,0.4406411054434308,0.4402878492757313,0.42434366263015594,0.41811090326561523,0.8229317862679127,0.41684893823483377,0.18841484428426028,0.42307355944028396,0.39241680107358895,0.2976893252340867,0.30205604724520074,0.37745441110332817,0.4286448606946004,0.2348952983968527,0.3679571470193282,0.3856444670216844,0.24525682821581746,0.41453565070204146,0.2070002084420506,0.41486023361639685,0.42993317103742285,0.2274296298862023
UCSF-PDGM-0091,0.5249199089198201,0.4819571352959811,0.22048108032065816,0.5266857821412021,0.35110287929015194,0.5056034102761425,0.42827115610176547,0.1674598533398119,0.6821947997821407,0.49411230024394454,0.9178125360129337,0.9673704485954545,0.34770625856013304,0.5106226252552946,0.30336757158596284,0.2567236902381966,0.8293252442780037,0.42176542878979273,0.46256830290656026,0.5230218058463443,0.5494369039957058,0.4833574473172194,0.32428752827531027,0.5021558458147448,0.5448557141529804,0.5329547351646637,0.5278244013605334,0.5606016328605219,0.38783858572446617,0.841096096694688,1.0,0.20108122490676442,0.5791473930308243,0.43496933976315005,0.5111481238818799,0.4743795134588262,0.5417806393639879,0.3542529449199402,0.48029985295624134,0.44807732657423593,0.4861465097080391,0.4800252028598542,0.5108471613844336,0.5374401207937499,0.8679155626027957,0.49659656701351024,0.5434216126879295,0.6839204633647862,0.4993708209745576,0.36668672388689355,0.48447640643087214,0.4986993841097087,0.3658060323227722,0.937269813479976,0.3788376566348738,0.3346017868231563,0.45265190953817486,0.47926086384856637,0.5680053764579732,0.27846671648673776,0.8859571837770073,0.30609192299400867,0.43198619699868845,0.7852061022359929,0.8244582498076047,0.40987431742559305,0.7776014121690242,0.47256532189459927,0.5668928738048455,0.455987781336851,0.3158988455389784,0.33822684312992685,0.509750119559158,0.5684609376736403,0.8939454274883375,0.05812147697123038,0.5464564172971313,0.5450959986261406,0.5184218137499055,0.47736038267406133,0.7414136750174815,0.5783018159589113,0.43950005402642467,0.30440011759863617,0.26877882488620064,0.9503614506245964,0.4039900284517936,0.23080937063769447,0.9337821607457595,0.5515662723457195,0.4045511687007939,0.5761680480268221,0.44142600993301895,0.38887852313972054,0.012585998599513997,0.3229280932905284,0.5598148449893465,0.37389580650647763,0.3348198341677875,0.3991059926457117,0.49912631983145334,0.47492079237122026,0.4586468394412895,0.5769901809670028,0.5584129339302513,0.46487649939376047,0.8807752396725052,0.543982472564564,0.32808652854431947,0.3028758089765233,0.48217432595420956,0.5208064184016981,0.4734624815796997,0.9518110475757994,0.30611573876071785,0.8679956239462813,0.5703712726450093,0.7717825977160829,0.5799246894618076,-0.12425559514556142,0.3822039187414269,0.4118969408109274,0.5370383042960899,0.16866478202344,0.921333242478116,0.42086733172333823,0.904139656351387,0.21422117477610078,0.5135513847135422,0.5353782027290432,0.9064353547357404,0.6619160286265751,0.08879991708421534,0.5591214823277623,0.46128994809128415,0.8464961565309943,0.6434568248471306,0.6662749828709208,0.5281173021102217,0.5166904058799584,0.41382292124032705,0.573670032066929,0.47075468074504895,0.5169094546082638,0.5728269872868006,0.44658453571569723,0.5313260910384434,0.48154660106910246,0.4512656088031812,0.5110546599140394,0.5365219479592941,0.5762604995517773,0.5271223848404903,0.3690799359170745,0.4510637241542737,0.5592454379690751,0.573960518885997,0.5742686716561143,0.5720645056268691,0.4550646284706687,0.5497401779783603,0.5834863979856664,0.515324067172372,0.529015563974367,0.5435556103585778,0.8482307711299389,0.5019638483092597,0.39729948661014786,0.515572248424132,0.5364003636310964,0.38223856009929436,0.4182430149315333,0.47290190854175057,0.5687140550396184,0.3675592834104351,0.5036740653869309,0.46515765041994533,0.45261025644517977,0.5277891611298607,0.260241539540601,0.5736526455483464,0.5662742525871713,0.08576275596519606
UCSF-PDGM-0099,0.7455198951810831,0.6858543754073494,0.7920754014024168,0.7204322717716463,0.9371208522586082,0.6800831329430361,0.8145001703804492,0.9378199204964496,-0.11590648575881478,0.7900189167843674,0.16668030435888903,0.24992156410608898,0.6844682833665272,0.1342698898204359,0.8626714862789178,0.8764527671087491,0.3169173935089548,0.4948378688817738,0.7542743149971592,0.7526466827530689,0.36565601933759917,0.32734647356290975,0.6413968862635582,0.42023024959832633,0.7221770580366501,0.7521526540031677,0.7561581122640958,0.31349294818185947,0.8789012659791561,0.11695973084519477,0.20108122490676442,1.0,0.3154292118107296,0.7678801247811121,0.7904448871610281,0.7204413829781308,0.7482985325765465,0.9147978578955577,0.7768343411115656,0.7901862658048945,0.7381215350275585,0.7333547428920125,0.7083602692047232,0.7166321046176778,0.2926152380985625,0.7129438634776443,0.6852872605361537,0.17063260775966485,0.7875657069777171,0.8166962048984387,0.8066425342369845,0.4009352894044551,0.7494333705602474,0.31177855618115446,0.7571270557525829,0.6233323218049915,0.4721821258794202,0.8247690277718382,0.6808218769547055,0.48262965974180255,0.34118797165296966,0.9281030892980233,0.8078817270134854,-0.07414911565085472,0.31543963707804673,0.7889755882971511,0.2803039530379005,0.7687486419099702,0.3107461259891599,0.5544308599923431,0.49604451826260004,0.03388862290190817,0.6985590771743279,0.6415034669227462,0.30732911654809597,0.7049085048791709,0.6768639794423487,0.6974758897320777,0.3949126249651773,0.8112506146807924,-0.0026650021835401935,0.636232948876976,0.8145697695270762,0.8962708423854943,0.8134216639026689,0.25892098447441936,0.7751600565198365,0.8957455864395377,0.2509885294916921,0.6562843298506966,0.4600000137597364,0.6592550859799658,0.44622503412621756,0.7586539672047294,0.6667983013935936,0.754699371801541,0.6770204844546294,0.8250185116094684,0.8479696115672599,0.6935500595003923,0.42815131689040137,0.7924596173575774,0.7849703937839446,0.3137621493951842,0.3484762467518317,0.8215209658809467,0.29073732915862915,0.6313182958218057,0.7989677453404648,0.4529956767918591,0.4219245665537959,0.7376119780029886,0.8245927011675792,0.23893586661628322,0.8223954763588043,0.3422733665827692,0.6602067399195238,-0.1089089750804023,0.23675065476892024,-0.11853469314883286,0.26561772837607767,0.8483632812109442,0.5979718882870213,0.8720497613533896,0.2738702349374487,0.8414385086089285,0.11490357761737639,0.5727819949521066,0.7854586438962303,0.34081246018845635,0.311562761584506,0.10681374016494553,0.789721476579614,0.2826392461054905,0.839511492686137,0.38613377717032216,0.29077715011054583,0.24840348979976815,0.40832248714179337,0.4166506913139032,0.8494712134457604,0.6454714652687508,0.571897305938323,0.7105241799515225,0.6448822114596501,0.7757967948645117,0.724750973123483,0.7675107916241056,0.8419744509395816,0.7328544401680089,0.6130082783994663,0.6328668735525484,0.6825794435808177,0.8927600895554063,0.7590231680948235,0.633506324466424,0.6456672733598213,0.6682055379445327,0.6443267422876299,0.6868137249045168,0.6756672040640882,0.30904343548716395,0.589197845433072,0.7183652630720342,0.7229850793825918,0.3512567065830755,0.7006167773320451,0.5762071167064556,0.6869390879001225,0.38145171897846214,0.7000344686263145,0.8508386089483017,0.787172477660747,0.674110655948348,0.7507961863197465,0.7662105155980447,0.3378077997920013,0.32927159833714253,0.36399956492357527,0.2928162736697768,0.34940217757480013,0.6679510647134818,0.07810438655946753
UCSF-PDGM-0106,0.6834410560940173,0.6471640400343861,0.3114459537346688,0.6748148559919163,0.5058367279225542,0.66103206229444,0.5792525405820791,0.25059295991891767,0.12065063196491188,0.5685580939934552,0.5886788487702821,0.625579170076918,0.2994473388633225,-0.034484544764905985,0.39557578598335597,0.41255919567623917,0.6611555190254228,0.8963475771058657,0.6017626318348964,0.6831396380703577,0.9933102332206373,0.9209576796930734,0.22742854251651745,0.9433413296535935,0.6931140425830501,0.6774660093342854,0.6876658750356479,0.9947363813347492,0.49742202035715766,0.4389728540963204,0.5791473930308243,0.3154292118107296,1.0,0.5678557993781969,0.6252311197808432,0.6202172766548669,0.680123288888705,0.5125558416111007,0.6400379547884256,0.6088160439081362,0.6182779599040031,0.629030442358034,0.5505731824888533,0.6869882846544646,0.469321782086738,0.6523975368732353,0.6724776933969907,0.21543868539549785,0.6456258794363448,0.5203063969680696,0.6249161585230012,0.9597867648454251,0.46980385407797154,0.6724474669501929,0.5192222909737021,0.30607696257704103,0.9322596937438742,0.6272276169923084,0.7110700418897973,0.7855107714660279,0.7174402023115093,0.4550790268734133,0.5787252564003739,0.3342686055176145,0.5566071622178214,0.48342705837541944,0.42695932167109735,0.6067503512741413,0.9967974183290498,0.5948225390326953,0.7929005961157576,-0.2484280947448677,0.6665301997884222,0.7240402250286049,0.7215082801102249,-0.02904250548369033,0.6996901198751959,0.696677675654365,0.9757569934042211,0.6211226155261907,0.3230574636780819,0.7219982810855097,0.5628874970631557,0.4565259293544923,0.2878482501605122,0.6557331113887249,0.5378057980910024,0.29547021910717974,0.5152622413289002,0.705331054225132,0.9095598333240238,0.6913311398711317,0.930218914461645,0.5530173734057338,-0.015848818759367875,0.4266829776778957,0.7183793199028414,0.41934157676282313,0.4472376650745734,0.5294902005249549,0.9450978110690276,0.6132009608578506,0.5985545308559878,0.999720362928933,0.08435304646354813,0.6132033478263673,0.6840593752612607,0.6607227846991381,0.4831450864385774,0.8113572189453955,0.9616535213466803,0.6825060317426209,0.6230374262872164,0.6262652149509071,0.40265961237604136,0.6193508876948075,0.7159543357702541,0.34446284713690617,0.07207248376509291,0.410930524142357,0.9242279070792694,0.5615785274532219,0.631493062194112,0.32883200282437647,0.5945092349806587,0.5075888663404542,0.44360635488495187,0.6581547398335393,0.6649111564181003,0.9874103462559926,0.7216249830287164,0.1561721085511626,0.05833663887059987,0.9849278762334233,0.6097627383041105,0.5725248246461617,0.2505448961819505,0.25501231507180966,0.9571081805992699,0.9462024856723186,0.5542694833119249,0.7269085215976671,0.614197823944812,0.6731125292298649,0.7265486683213616,0.5904599206366625,0.6815784803286193,0.610891652118006,0.6090471627570355,0.6754295174892818,0.6967483633634172,0.7212123554732546,0.6853717297952052,0.5218791960599409,0.6127854264845239,0.7170391222513809,0.7270182610042923,0.7162326941057469,0.7261787933556053,0.6009858681507743,0.6961254185401189,0.9974615551853727,0.6735199870476831,0.6825421393099088,0.701672717698664,0.5943819699851987,0.6590445265484575,0.4296375947248235,0.6728446380459947,0.9869127306051014,0.5084448401655917,0.5438295176964449,0.6322854861620154,0.7132630389540129,0.49143950997205904,0.6550769104027606,0.9495727104420618,0.8778740996288095,0.6972433391909375,0.8070427000404481,0.9921554304995955,0.7150360891208114,0.6640678895118207
UCSF-PDGM-0112,0.9378897642110284,0.8952624222606801,0.7705637097423028,0.9346789346540754,0.9052863288497799,0.9449643005902921,0.9931650234860474,0.7811255501358475,0.028755205880552814,0.9459885797793168,0.44761170610876305,0.534750919728672,0.84225675187409,0.002277520789888491,0.9388967660673863,0.8030116458727529,0.5981376899143043,0.5116103409588876,0.9425942176519426,0.9373727942347467,0.559933692067351,0.4068492595763384,0.7610155827530448,0.5081864050924447,0.9210278221602837,0.940389397585977,0.9276799381616414,0.5796531446331495,0.9556655250660276,0.31682644204674226,0.43496933976315005,0.7678801247811121,0.5678557993781969,1.0,0.9650641413460301,0.9436408444916312,0.9367579977176224,0.94354818881448,0.9617165520738029,0.9700968597183651,0.9689129369537668,0.9580019543360079,0.9296921818209918,0.9505989159840479,0.5017545148507422,0.9665566799620413,0.9514006710604309,0.1925062343681744,0.9602842690895147,0.8646694899328756,0.9771418758782414,0.5193691680880372,0.9797075736780121,0.567541646045067,0.9775132623562113,0.7991868069822317,0.5500305316701134,0.9704458066553787,0.9092842427364645,0.38534440911297174,0.5570953067614036,0.7923801127215278,0.9528612174653833,0.095038211294763,0.5679985411882776,0.9100974277006413,0.4214376505084786,0.9799607330284673,0.5836578441073783,0.7389399450565751,0.4329961519105632,-0.10487506250465714,0.9526165565222579,0.8984140384070801,0.5804735676757234,0.5436825160755907,0.8968077217262587,0.9080034980634359,0.5481166776023867,0.976427389483671,0.16876329764399967,0.8936507455535417,0.9942455061486974,0.9449564479779835,0.843621932082618,0.5446144510159974,0.9955153168010804,0.8111808778979462,0.4686757781078503,0.8824421670186288,0.545207504866159,0.9067216709954878,0.5786426226932762,0.909436783837493,0.5693318426325104,0.9585133378385629,0.8790886803646691,0.9348077815512678,0.9724071331359383,0.9789600359143585,0.5097449032433009,0.979943761007957,0.9875276648063853,0.5721301479220641,0.2382594529268039,0.981447762748185,0.5485992082258551,0.9157100406935501,0.9479661793365003,0.5038293270604437,0.5435156401620849,0.9403280156740764,0.9722169559230628,0.5229980346173615,0.9507141959055412,0.5698154275041781,0.8945166562692121,0.12690280705017318,0.18559641733077167,-0.06427237537471857,0.4173915314562771,0.8904270279263524,0.8758074594062143,0.8342660364730592,0.5676560416347766,0.939013110389646,0.35221551308094246,0.45324388567804785,0.9516143498580464,0.5266694952795463,0.5766373878027252,0.31034753077092986,0.6588535681071243,0.5655045520619254,0.9713243638656516,0.5886139762785495,0.23318323627400747,0.20976953585475824,0.515463057125708,0.5008784137905024,0.9871719662707299,0.8943305850290949,0.7669753343456404,0.8196288974759711,0.895332688466939,0.992031529345966,0.9349870974680894,0.9780635810858441,0.841174062564326,0.9480111263552595,0.8899522615592271,0.893584078264859,0.935467622915479,0.9470718001072355,0.9814090114163063,0.8993377866018052,0.8939386793329025,0.8918548877760879,0.8960938105736426,0.9468661017819472,0.9265004878579115,0.5691877846262352,0.8739546134339562,0.9534841050036726,0.9120393697223093,0.598851021004402,0.9489973587616872,0.9080463928602054,0.945917124816711,0.5654293131017791,0.9637135242677434,0.9733914158732536,0.9216732850820413,0.8806955822266727,0.9764106052131044,0.9619568906317897,0.5311194507008039,0.4848948880484535,0.5986501572274334,0.42493405532896544,0.5447276464561269,0.8761483693795952,0.11219237441539397
UCSF-PDGM-0115,0.9815240362474222,0.9288547088215396,0.8017183793313403,0.9766512190346911,0.9275055676085607,0.9582249718073831,0.9747633636211824,0.7872058830628346,0.046247141025878534,0.9876474408183655,0.4976578851974407,0.5756449878633949,0.8235783724556789,0.03205711131987199,0.880534272977156,0.8192226864966633,0.6046764820658211,0.5416454891552259,0.9660394167949466,0.9828912627776352,0.6141802823959457,0.4878849172441872,0.7564595836951395,0.5573328705585063,0.9791441399700672,0.9887207097448156,0.980978218077343,0.6253746449969557,0.9430286908759018,0.3579600627049576,0.5111481238818799,0.7904448871610281,0.6252311197808432,0.9650641413460301,1.0,0.9548729066762894,0.9873229239768656,0.9464631719470463,0.9802762674991112,0.9772321111172356,0.9803687677590645,0.9691378165103223,0.9636848372136778,0.9860242068322055,0.5032966547507722,0.9728329660219759,0.9834676067822017,0.19307749939558327,0.9929418567324486,0.898733518736279,0.9958030959975109,0.5682430977421031,0.9064883534573577,0.6131212230431689,0.930929088105739,0.7996518819825958,0.5794399699611381,0.9907004607155925,0.9716800249860221,0.41171269324190785,0.6210633963869471,0.8519026284127845,0.9662552985614143,0.19045828102014978,0.5468051446968443,0.9369250438577095,0.4385568215480167,0.9771118342003646,0.630402723265828,0.8161433899422738,0.4413023911247353,-0.15224336510113037,0.9694133889076665,0.9557255702408175,0.6295412628068271,0.5451035301803606,0.9586184447431263,0.9680914362695477,0.5934420025196221,0.9951548693497702,0.21684635721971254,0.9577255874594898,0.9759791259280597,0.914046629793466,0.8586603113128445,0.5918274350098651,0.9470528861242603,0.8167094437606118,0.5001533853924633,0.9487993740632664,0.5483291727666305,0.9741157997738946,0.5854008277002642,0.9079202690540465,0.5137641180795303,0.8750260928464026,0.9515647726883756,0.9176341209361563,0.9180364424567731,0.9212732094534054,0.5609324766944368,0.9938206289921532,0.9820673821244674,0.6282266096417695,0.20688113525380383,0.987662897931073,0.5937438834239055,0.9531692790841898,0.9021452424780627,0.5076345401891968,0.5810686676103783,0.9797451331599644,0.9907686278579815,0.5652082443057013,0.8778657337431918,0.5826904111699763,0.961231034848915,0.20657391233827432,0.14423751156367212,-0.09467694510502225,0.46042705719822546,0.926501875146323,0.9230611742211702,0.8606468286627492,0.5708292363150139,0.9589165027870477,0.3883301881093528,0.43694829786833306,0.9892092647240162,0.5862482586507359,0.6305368947544383,0.24243583765567717,0.6377675096361289,0.6118391024328755,0.9862599784446597,0.5886118871913729,0.24479227611163584,0.22982717116165496,0.5716228774137536,0.5582993671780464,0.9690842208126105,0.9560328497630003,0.8422257643927703,0.9175071102565481,0.9562172523079647,0.9703300061111474,0.9809296886669291,0.9891336573989907,0.9270424831541839,0.9799294325136398,0.9326863599568567,0.9565485859925071,0.9661772851436509,0.9547208938634392,0.9714117811093811,0.9508590454624722,0.95593732802964,0.9619916067224358,0.9562843933377706,0.9320421852936397,0.9721539000076107,0.6300459480117151,0.907987616247099,0.9827883411882087,0.9725750005195365,0.5907229952717955,0.9646476019155095,0.8515512461284275,0.966167908190245,0.6138198125122342,0.9056768641307293,0.9586595504305715,0.9599267607180371,0.9561899849940221,0.9143134934060785,0.983644755721216,0.5562586841119417,0.5154653385504077,0.6353168972230336,0.4166448429944318,0.6071669005618519,0.9531063818158719,0.1427573467738773
UCSF-PDGM-0123,0.9452807852379876,0.9890657386949145,0.8394601403803809,0.9835417881477786,0.9131557998399256,0.9942975719850894,0.9582653708698544,0.7658892195340089,0.11791629664137263,0.9367295830784377,0.5011804179020457,0.5594289106651136,0.7284527053155556,-0.03980079442067809,0.8137769425914904,0.858237858962894,0.669184157629877,0.5223271628718599,0.9948399390297524,0.9666509322737609,0.6155973646137898,0.4921585632958204,0.6615104942003645,0.5442388820797248,0.9547335763571071,0.9531197945238727,0.9372232517443189,0.6485343552896169,0.8692334455618935,0.3798213853149734,0.4743795134588262,0.7204413829781308,0.6202172766548669,0.9436408444916312,0.9548729066762894,1.0,0.9505635392431058,0.9254987175573313,0.9887461641305546,0.9881215769471836,0.9907677825297925,0.9972322357730337,0.909279971724356,0.9665652283109913,0.4321869816653085,0.9908821110229968,0.9656510799102271,0.19897294578503305,0.9747836254629522,0.9564012723629687,0.9542862491578006,0.5827960068394031,0.8736608036567459,0.5903447466381269,0.9620687266296591,0.7932417172095768,0.5493677489275429,0.9510166251577198,0.938263981826686,0.427534331015135,0.6089453931568153,0.8114839045996943,0.9811462483632588,0.23660990945195204,0.5871888096468036,0.9519865415144497,0.390030210727138,0.9415233604838118,0.6446540430350627,0.7933629223183557,0.4119976267158833,-0.17642608287924882,0.9911308814750192,0.9481929476952052,0.6382452402058548,0.4642023954181028,0.9663010738940487,0.9666879774788093,0.6099409078206323,0.9600549326198697,0.3019578843409277,0.9364784734367341,0.9554130416023017,0.9179477361003734,0.7735193567002929,0.5872651477483541,0.9416653627086685,0.7750020549375982,0.5083210462571031,0.9597233157794518,0.5523605571508425,0.9314615297014792,0.5610665442913626,0.9825318297070391,0.4662901064295513,0.8634248402567288,0.9242667009302207,0.8202946167383298,0.8855314340631684,0.9391306603574819,0.5407941980915841,0.9717957929248737,0.9782735219843675,0.6224632850968689,0.18184617570144446,0.9441870792774059,0.6423497153209339,0.9821234641799363,0.9520229419106147,0.4427399957811544,0.5829620343729278,0.9715367636371174,0.944660068009764,0.5447773517029472,0.8156107919804547,0.5872265329066804,0.9426543372137864,0.2317760378256231,0.12255552215643707,-0.08023376340048491,0.5168107770653726,0.9353504501557364,0.9716768772396349,0.8335962579790049,0.564773609709977,0.8782233650997631,0.4305094094530007,0.3684609388069352,0.9440886406649204,0.585316605772181,0.6193618497598062,0.16770446326047866,0.600260444254081,0.637444503002144,0.9313738559098808,0.5307471757158088,0.2700331228665122,0.26004699000986525,0.564591118340436,0.552092537597412,0.9208197065377285,0.9327298415892132,0.829614342675851,0.8848731999161707,0.9359015656934182,0.9194596244503073,0.9723458241569435,0.9802158975853053,0.8947315006880027,0.9819074399597534,0.975025387065758,0.9440762585311931,0.985865936968353,0.9508692954333176,0.980503083294363,0.9631939637885605,0.931545558009412,0.9251260477476488,0.9384854196200773,0.9915796162482403,0.9745929185549256,0.6083113337808269,0.9774547201907703,0.9757697654161606,0.9387327932534868,0.5492514179489076,0.9936143084258151,0.8584995352923854,0.9906680651269216,0.5949292515114905,0.9563723128405424,0.886931665389103,0.9816342111437971,0.9271866956389648,0.915990703063965,0.9463391994314747,0.6241113598570825,0.46636867877744204,0.6095045239851975,0.36560729594074887,0.5929103028300123,0.9261280088378937,0.21209902618370732
UCSF-PDGM-0131,0.9978193190465796,0.9429521740384372,0.7826838816120982,0.9882238598263836,0.9078283546724759,0.9618611345128232,0.9548812745922616,0.729314017625753,0.07760736971038547,0.9594662440141237,0.5437739814884964,0.5970692237750336,0.7392242647653396,-0.004030187277200136,0.814535268368148,0.8121324483094795,0.6358510165068613,0.5691427065562629,0.9555724050748922,0.9959905480419712,0.670195424091847,0.5201947102407509,0.6595902015454961,0.6095336163297552,0.9974973878955902,0.9996296582552755,0.9972179913068673,0.6793422980265627,0.8961168229464905,0.40091795558995547,0.5417806393639879,0.7482985325765465,0.680123288888705,0.9367579977176224,0.9873229239768656,0.9505635392431058,1.0,0.9234673359496725,0.9770501002457855,0.965201226342889,0.9693097202791072,0.966152594780258,0.9382034660246402,0.9929676305697777,0.48072582391580604,0.9704512180352323,0.9886390190143506,0.2157118762315896,0.9881996054113089,0.8863842538198061,0.9841940447844749,0.6215074256453891,0.8602687173074796,0.6461351086266518,0.8997681754578545,0.7272164612496679,0.6023035482855656,0.9814467493854929,0.9940964949905909,0.4334200772770325,0.6817932392468959,0.8553867944602938,0.958622774665613,0.26114887613330845,0.5520099442571097,0.8998328433024483,0.43258548266890373,0.9705803750881183,0.684527800865979,0.8526650418438975,0.45801442191463015,-0.20278453736128463,0.9721777790460743,0.985460832215952,0.6829410110574038,0.4486701226459864,0.9832069511797595,0.9892372710734233,0.6433595000929067,0.9828186766012615,0.26924282947518574,0.9862607430484498,0.9500197412350314,0.8770259725955414,0.7811086107547316,0.6218780016288056,0.9108339519089095,0.7759794618525053,0.499621228028608,0.9780387098515101,0.5718305641370739,0.9844158265442843,0.6009969533085532,0.900709461560262,0.4458328597454122,0.8306986531356981,0.9872915986623341,0.8504066785665554,0.8618131051072202,0.8943630870387214,0.6039967676039845,0.979386595864998,0.966804858399952,0.6816989966231111,0.14457051373850685,0.9766563198176376,0.6439848654422019,0.9579125873422177,0.8749172285744589,0.500142409525968,0.61960841499662,0.9947711362051475,0.9790526282885488,0.594963244671171,0.8208186971008193,0.6069034893018743,0.9893010717074051,0.2712838644843605,0.11390849815492606,-0.11547067034384684,0.5161778489060623,0.9351139765263542,0.9231533783372988,0.8277911417336546,0.580202016747173,0.9073905813780617,0.4076218254593757,0.40270196402889286,0.9959043302522003,0.6513772996503141,0.6845522140203225,0.18741315269404774,0.5552763227303668,0.6521259290229742,0.9719688986408405,0.5838383398813556,0.26206609033710127,0.2566000244967568,0.6286045322836135,0.6129615566384339,0.9408634533199822,0.9874809362989442,0.8777284015673777,0.9596863677327185,0.9873482269794158,0.9501209752425599,0.9947284514323225,0.9760844733628952,0.9489165843470784,0.9858009526213232,0.9567788331704526,0.9845298870298502,0.9763059453423538,0.9292162347508686,0.964585361131659,0.9783009367839425,0.987500132607373,0.9906831517674618,0.9871455430586386,0.9190451367826228,0.9857681769350467,0.6857056117174088,0.9277553421166281,0.9885591688452681,0.996473714093138,0.5967484823999384,0.9655052564122698,0.8089999413853562,0.9722452109097937,0.6526461360835685,0.8672701432068414,0.9251649340710223,0.9695236754181425,0.9885905970306873,0.8825586547288067,0.9913898246230946,0.6019730196913103,0.5066912826466872,0.6763873505502216,0.40470916202461593,0.6645952799842371,0.9865517587876959,0.20982398932032384
UCSF-PDGM-0134,0.9258383748261048,0.8992357832141245,0.8799499503795317,0.9205404245081096,0.9902850426696832,0.9064118163171172,0.9709752785626746,0.9140820544150892,0.005517878662039598,0.9291889526762575,0.3627623400978522,0.43775242031607936,0.7716528312499608,0.025073161841821276,0.9196605650801474,0.9210590320075739,0.534955451213385,0.5526123011443475,0.9414043262246474,0.9318603626259769,0.5342005061867137,0.42296765236645834,0.69810054171514,0.5260543823929362,0.9098299505900123,0.9276147193092132,0.9227160313209392,0.5250472256577412,0.9511991543031602,0.2616604306806595,0.3542529449199402,0.9147978578955577,0.5125558416111007,0.94354818881448,0.9464631719470463,0.9254987175573313,0.9234673359496725,1.0,0.9541703702482248,0.9643681150880206,0.9370289365299496,0.9363713128329249,0.8784557376303864,0.9164284245443592,0.3995231158665215,0.9265146695070164,0.9016469793015461,0.21389627711114817,0.9528789788654252,0.9347345695234958,0.9600374111386673,0.5343380191974684,0.9050333398230831,0.49290278982450336,0.9400621508684709,0.7555032894905405,0.5553080457637668,0.9653300952338766,0.8816312889286259,0.48657537852545635,0.5211377728476254,0.9362269074776645,0.9698161646155902,0.06080205913619173,0.4966718076277164,0.9298881132180873,0.3608652885287817,0.9435409913688868,0.5237508796177334,0.725743258259377,0.5028464105484794,-0.06818333324285432,0.9161110325566602,0.8653720930874803,0.518378981631689,0.6345930608472796,0.886327129356688,0.8984345742180765,0.542631533779897,0.9638541862448888,0.14018127977944822,0.8570648658370145,0.9666570688624735,0.9882714475406807,0.8539522959609527,0.45797955908585963,0.9430234234633981,0.908365360186257,0.39858750290879663,0.8715148145897962,0.5572108783329485,0.8644356844113495,0.5559590293328619,0.9348569724887142,0.643702657931964,0.9011472122169667,0.8711953403040149,0.8998585649434361,0.9485620303717144,0.9051989067737036,0.5269309607704444,0.9598197012440515,0.9613273486773874,0.5138004254348937,0.2841502674074534,0.9666249418743608,0.5010679734714628,0.8681296575795895,0.9548762330868418,0.4916477850278483,0.5470560134929534,0.9287192467029218,0.9637999728663283,0.4264512361077475,0.9107035703104498,0.5110551834841021,0.8704859959737138,0.055322131111133405,0.204902426468195,-0.10040715736346814,0.41568171186943353,0.9655886406946288,0.8348736838373128,0.9064145810120234,0.46281970435917497,0.9292864859935271,0.2791872890251965,0.5065981926237864,0.9431917543122047,0.5056298236351644,0.5126679490675635,0.17306805501772504,0.7434608469778459,0.49842449541972866,0.9661724480052919,0.5108954341229135,0.29960401680611576,0.26939264627400544,0.5232495777769156,0.5185323782268205,0.9709298373547405,0.8615701829645365,0.7537795903248323,0.8674034980253704,0.8625105317098726,0.9402756980749702,0.9202940586358305,0.9503541288190335,0.9269189040257261,0.9291637343678819,0.856314607854243,0.8576007381344141,0.9029498008919702,0.9938786378958481,0.9538254065482386,0.8660966722081943,0.8612017674699328,0.8679717552274745,0.863222690258652,0.9054789703537175,0.8935529703480198,0.5070582435603516,0.8404450131299706,0.9206974763940974,0.9045042490886688,0.5095646569614888,0.9161424220761496,0.7960099314138878,0.9092597882207133,0.5316541934529241,0.9028860098946438,0.9531952589016333,0.9520444983884254,0.8693719207684605,0.9238370856449684,0.9403911987682838,0.518412839329649,0.4339512279395638,0.5416849707952055,0.3713523842415039,0.512391079834379,0.8655327460922682,0.15579763233475694
UCSF-PDGM-0139,0.9745310515197492,0.9752992962575093,0.8223226220969461,0.9900153726319162,0.9430172010459267,0.9890162037878313,0.9785824678141615,0.7821764586548386,0.0829205260705664,0.9565044281350191,0.5119502945571558,0.5670872911328112,0.7420355352482597,0.005247531632369957,0.8555279779961322,0.8566261691014451,0.6620292634850536,0.5633211941893663,0.9887296955448609,0.988588263968579,0.6382291868148844,0.49876323184837446,0.6713016540332827,0.5758461200477966,0.9757916491570487,0.9794997124055752,0.9716685236986302,0.6586288344551331,0.9174480146604984,0.3885368199034129,0.48029985295624134,0.7768343411115656,0.6400379547884256,0.9617165520738029,0.9802762674991112,0.9887461641305546,0.9770501002457855,0.9541703702482248,1.0,0.9968668830009298,0.9913357783135847,0.9931516561944506,0.918935669542973,0.9866622077274494,0.4641688034493824,0.9941991493000144,0.9771613187546824,0.21667089596387187,0.9954960277012012,0.9445266454784332,0.9843921262882219,0.6024456395556548,0.8910986660731824,0.6123482882661543,0.954204788953071,0.7685365058115149,0.5906748225682864,0.9851644125209925,0.9621615689693531,0.454884315561323,0.6357748224790669,0.8492937369985213,0.9833213963772569,0.2213696788126767,0.5828444231722126,0.93890420524293,0.4336865936372618,0.9632196992553269,0.6583035827667154,0.8119878027133232,0.45365507545628625,-0.1670983626096356,0.9931693063294893,0.9619962106424633,0.6530055710274321,0.4668338767659435,0.9723660753327469,0.9774086576541138,0.6280890909364133,0.9878898670987006,0.280972375184551,0.9532777588142324,0.9731846659090887,0.9343149272043022,0.8033904558293525,0.5945533294291339,0.9547808838758204,0.7907240415042455,0.49986755704339975,0.9638077098071716,0.5797393711411235,0.9513083012882659,0.5975940565200896,0.9636833426922041,0.46457816859814666,0.8699262404590778,0.9487014763567645,0.8593760690222042,0.910773606804415,0.9321818167407846,0.5742514215900311,0.9900034473113571,0.9884802474650243,0.6427233494107499,0.19174545393053705,0.9779987735002876,0.6391367116738175,0.9703501503754787,0.9417581919387649,0.5071554907902559,0.6078032697771066,0.9882864671307298,0.9812130567154441,0.5612608007029208,0.8500384923949438,0.6048524143295193,0.9593588939510682,0.22624634677356845,0.13628708059294284,-0.08707475691680892,0.5219375173599407,0.9484753477839922,0.9457567202005724,0.865607998561196,0.571157161549578,0.9183865866740218,0.4077200885898653,0.43493211833720213,0.9789296138735043,0.6103625903486579,0.6418295523368313,0.17259772256653996,0.5974736652655801,0.638863925379632,0.9728178953755179,0.5722520767314847,0.2934809530876949,0.27978644677999426,0.5922526910479623,0.5790703785845397,0.9572922769130445,0.9536339979418891,0.843845507773451,0.9116374161975017,0.9554632713549833,0.9529711076258635,0.9857638518235203,0.9889883701153842,0.9267889535234113,0.9952410545367735,0.9662045159048233,0.95703994796815,0.9891007925053312,0.9683500988546221,0.9873403494531958,0.9680027114180338,0.9529386766239701,0.9501568629126106,0.9569151968769232,0.9755522421675923,0.9823041989896402,0.6351003721370707,0.955646923487455,0.9916881161143424,0.9669733276954358,0.5815079396798636,0.9929267918463708,0.8343802284569709,0.991093519059856,0.6236823763195043,0.9385523850811551,0.9348596673522263,0.987921113156419,0.9491387411847171,0.9176134957029143,0.9745022264697633,0.6184870618397728,0.4906369538505352,0.6446858223160635,0.40738844302449134,0.6180422437576674,0.9473319722931121,0.21791010081149684
UCSF-PDGM-0142,0.9640563160204226,0.9689208950891312,0.8430052506955087,0.9809638790447714,0.9482287903533473,0.983815772291996,0.9848811169652426,0.8128716290320356,0.07644127576724645,0.9592948935343698,0.4807581324316007,0.5438026936248679,0.7693443973942378,-0.000999602978943631,0.8750307637560153,0.8685063342538503,0.6445856937018837,0.5449896296968474,0.9914601271618179,0.9777518690122645,0.6078231064830543,0.47510032279936387,0.6992822226331189,0.5473118409245902,0.9627913953032999,0.9691506818243125,0.9591481848571055,0.6296593735747997,0.9257109871927311,0.35719986349404487,0.44807732657423593,0.7901862658048945,0.6088160439081362,0.9700968597183651,0.9772321111172356,0.9881215769471836,0.965201226342889,0.9643681150880206,0.9968668830009298,1.0,0.9930289592975459,0.9927254918285857,0.9235779601559811,0.976937083124249,0.45882489648898683,0.9913466570127948,0.9703786716177262,0.21229627826983707,0.9907796548208705,0.9502557607042931,0.9829472389971126,0.5759671544726995,0.9092062910836343,0.5867183914264347,0.9696881763167173,0.7977287748941241,0.5729424027316988,0.981564912948137,0.9460075973850998,0.4448723698104604,0.6037565891849683,0.8529825277249145,0.9885900369232622,0.17855905772492278,0.5800593994305543,0.9528617934068755,0.4177845136898045,0.9650597505420868,0.6288733697906962,0.7890745225432683,0.44655533737513625,-0.13846906275772533,0.9875249859341168,0.9445419126605115,0.6231700046965934,0.5136915539354381,0.9581255769791805,0.9638179703092599,0.6007808670066725,0.9873251681934909,0.2500223228800375,0.9355490704719258,0.9797125758923598,0.9523224293016115,0.8277429329363148,0.5702452561711044,0.9662338238795511,0.8175045069905219,0.48845175232628735,0.9480959321842324,0.5684310618322338,0.9383062826442341,0.5852138849831834,0.9698880667754859,0.5143224304767784,0.8919657782526276,0.9294295203685149,0.8773701748072525,0.9293583108119371,0.947298808226029,0.5481387671024248,0.9919611150187961,0.9924612605975816,0.6122336692390432,0.219467659606032,0.9776742241396165,0.6116826392268561,0.9629493940836693,0.9593013242155384,0.4981669293320806,0.5867122986014631,0.9785317945642655,0.9789218527625791,0.5341338509833111,0.8716427501725316,0.5891936965767011,0.9420400115256119,0.18602596830675389,0.15550228339028385,-0.07679220648029823,0.49247867516668054,0.9476393357192292,0.9390423161239225,0.8732678003344181,0.5579852564381416,0.9274272602483015,0.3923169112203325,0.43866889652154617,0.9698386119176093,0.5760746355051565,0.6103685584728418,0.19286224065255012,0.6414116677365248,0.6143340645277519,0.9714650317052903,0.5624631298491165,0.28595184025837095,0.2676519925917141,0.5596992078660928,0.547400642273537,0.9640448437166937,0.9349370277138248,0.8219376880890069,0.8941167118865911,0.9369974148704813,0.9579624394162937,0.9759515028956278,0.9914349804464498,0.9154242514461634,0.987834183598371,0.9526037425167642,0.9396899111880626,0.9798049531299415,0.9786610230316526,0.991231172522089,0.9521929698202862,0.9341579740686201,0.9317935445868346,0.9386456020107633,0.9776269070716326,0.9705955482405508,0.6033848071488547,0.9449430954294703,0.9827411158249649,0.9519532108152009,0.5727304775577003,0.9879727846928129,0.8561682131949284,0.9843322582583386,0.5985188242140099,0.9540732878626875,0.9396891195993967,0.9822088990020243,0.9302642737518451,0.9349537851166192,0.9684621921817442,0.5974977962567087,0.4848959934040201,0.6206645075671886,0.4055998130884073,0.5846940961739755,0.928568740284625,0.1876323088415793
UCSF-PDGM-0145,0.9649124875364263,0.9688872245725754,0.8313086646277598,0.9863908822544619,0.915039806909111,0.9891895598106634,0.9769742341144273,0.7780272357437283,0.0957960266052952,0.9694122158596683,0.49897435194648543,0.5701866462223751,0.7968433205542511,-0.026186231076190353,0.8530891637613843,0.8418129563884329,0.6452623150064646,0.51441635522508,0.9923425118734809,0.976498612360232,0.6070687998600837,0.478751497193789,0.729664526425524,0.5340439482825652,0.9684630093888927,0.9722777210372845,0.957723235934999,0.6362360306292761,0.9052331153509631,0.36131786262613563,0.4861465097080391,0.7381215350275585,0.6182779599040031,0.9689129369537668,0.9803687677590645,0.9907677825297925,0.9693097202791072,0.9370289365299496,0.9913357783135847,0.9930289592975459,1.0,0.9960996211304507,0.9517908203102501,0.9813579125527987,0.4749985329934835,0.9941695335642865,0.9853795189455772,0.19241436127166103,0.9873481707129493,0.934074272949178,0.9789339386951901,0.5639506192469163,0.9095478453807551,0.6003085480575863,0.9682155983135243,0.8303732330230935,0.5524213247917857,0.9715183451848595,0.9561678831075736,0.4004351124352068,0.6077334151556582,0.8189804023347483,0.9839517297538165,0.20496616325861958,0.5833494078814458,0.9579750253524402,0.40532619670726894,0.9695884437924963,0.6365282666818632,0.7995896608781241,0.4092997765258928,-0.15783198819682154,0.9912810551689006,0.956091056065044,0.6323582683649953,0.5113074841073373,0.9668688232592337,0.9707527319149845,0.5928024168503306,0.9823704430478932,0.2569446107013629,0.9504477092252847,0.9756465589365644,0.9235967785185047,0.8265811998536673,0.5930304040531111,0.9601565011329461,0.8024315265600271,0.5118511530917675,0.9587351623674694,0.5441044798269119,0.9561851119348669,0.5684327913184734,0.9586733558270778,0.5097854598560105,0.891374412128355,0.9367596905436236,0.8763009507374147,0.9130923207140704,0.956540925274779,0.5340362396073434,0.9918377694525036,0.9918755101765219,0.621656697669524,0.19791458904429618,0.9697382698859143,0.6188936440523756,0.982076269215053,0.9454891776451552,0.46317180593340707,0.5730036520906795,0.9800950519027884,0.9689782473585489,0.5553125016309409,0.8592986313395595,0.5884085521877144,0.9541010980563396,0.21449728965594345,0.13853911710678735,-0.07620090530058263,0.4800248137731821,0.9284889512352827,0.9617773277940647,0.8426003769994524,0.5774685205415462,0.9195884477572809,0.4242280676929649,0.38555346096587684,0.9662409800895257,0.5749347018999096,0.620749267543123,0.23053936465112465,0.6375424028836979,0.6274301953403588,0.9589336803784627,0.5593601951708087,0.24491498082405253,0.23258517046197916,0.5522394602927572,0.5381197731347331,0.9503792636628992,0.9464626575974084,0.8326232244420853,0.8939159180615682,0.948530433858844,0.9552193595180574,0.9816094089148865,0.9967204201566683,0.9005740445786943,0.9873207749325505,0.9640171350889187,0.9545282879808753,0.9849651905733228,0.9577161657732658,0.9900020003926702,0.9637175446442895,0.945680568373597,0.9433887913467436,0.9501837788950686,0.9791319438978802,0.9801260948203674,0.6142169677364289,0.9565594830187594,0.9853827951630636,0.9550429021131974,0.5755377840239153,0.9904071273988229,0.8935207276974897,0.9894641754286142,0.5974658504674163,0.9557374714983385,0.9239044848252501,0.9733643407296532,0.9408281657886584,0.9372605237639655,0.9695341440758908,0.5902665327547282,0.49256379145150847,0.619337302278391,0.39218777952321104,0.5898279221369822,0.9392039380719077,0.15812532551981112
UCSF-PDGM-0147,0.9630655780688261,0.9830095153803342,0.8372097146524533,0.9897612026178498,0.9185378391770307,0.9940399114821074,0.9717847453428856,0.7713178121929379,0.1049771235930801,0.9490375138926497,0.5030376217517646,0.5640460582798741,0.7496447320890451,-0.04375949228989157,0.830542069004111,0.861369131120387,0.6619583389010388,0.5284818515029411,0.9941216931344556,0.9774323165555848,0.6230736919263636,0.48985993402296607,0.6747059641022948,0.553078590025423,0.9680410995646336,0.968745966809121,0.9547467317001248,0.6516797396192907,0.8850076022673588,0.37386321988633736,0.4800252028598542,0.7333547428920125,0.629030442358034,0.9580019543360079,0.9691378165103223,0.9972322357730337,0.966152594780258,0.9363713128329249,0.9931516561944506,0.9927254918285857,0.9960996211304507,1.0,0.9268638535619239,0.9775144239734189,0.4448977231807142,0.9949611541428753,0.9786079312213588,0.2046354534056312,0.9835341993701148,0.9469850186393717,0.9697908195077412,0.5862716689796093,0.8930920805505707,0.59896541521368,0.9671597840267774,0.7935449467397803,0.5594063859848943,0.9647478519375163,0.9533142986406089,0.42446363904989265,0.6205535001800024,0.8281754995513091,0.9878058217438048,0.22335445090209713,0.5867352618064656,0.9501810881576617,0.3936859269647409,0.9629388082612093,0.6499042860095408,0.8057313704492084,0.4234130831350508,-0.17403081536582318,0.9936057257021487,0.9590328901543232,0.6443164782301647,0.4800435544314476,0.9726623688564827,0.974482824660128,0.6126485014293368,0.973941954996484,0.28069172018485955,0.949991355862146,0.9679906758762369,0.9237481213881666,0.7851812392538007,0.590907479234664,0.9509250044403362,0.7938670535372788,0.504770181530827,0.965904283603616,0.5590182974559911,0.9460633015489156,0.5723628549365043,0.9739751497608424,0.4907589299786118,0.8817429828915572,0.9401287946716598,0.8421051301783278,0.897571509775217,0.9510744753748046,0.5487232919243347,0.9839411951041368,0.988521980546674,0.6314102546217918,0.183469205336735,0.9620062129427335,0.638145794367056,0.981391573989454,0.9529688200458009,0.45439571316297056,0.588418501381398,0.982667284699364,0.9600480631727906,0.5505993031512187,0.8391062362007526,0.5933640733173368,0.9551839416420097,0.22359750577307963,0.13362805752454873,-0.08660537499465405,0.5078955196779773,0.9415013047205241,0.9635287780393257,0.8379001061072079,0.5712012636195704,0.8926750479748394,0.42173727629235425,0.37751618133752496,0.9615606060008745,0.593805841863321,0.6295967098256833,0.1909074867437594,0.6126498589749949,0.6374212283558544,0.9486385867981904,0.5454001425460153,0.2637737757202379,0.25307612999074347,0.5725456812982987,0.5590231218207958,0.9386728848117643,0.9472518788649265,0.8398933548604122,0.9016046188880406,0.9497284239661956,0.9415009465012315,0.9828319664642511,0.9906417409504724,0.9085923072321866,0.9881058855174645,0.9739609479572315,0.9553488937144833,0.9883764974871102,0.9570240873976307,0.9907886595562668,0.9693526315800123,0.9463206917564354,0.9417201475316636,0.9517257758306735,0.9847154735546124,0.9807353782840269,0.6212315217216544,0.969731078204851,0.9837820231369492,0.9549902075957859,0.5665330422456878,0.9937162958887148,0.8715974097521145,0.9928786974909732,0.6044056490601293,0.9537973387042937,0.9065289849535078,0.9835198681917328,0.9424539440158938,0.9317773555443202,0.9663524521496273,0.6167333423761839,0.4764444832550099,0.6233746577953511,0.37804812477757743,0.6031838134897399,0.941195499430446,0.1982263907262521
UCSF-PDGM-0152,0.9271115742773592,0.8691091672436551,0.7979670072986033,0.9282735113965859,0.844662628907134,0.907349757807601,0.9265840606776178,0.762616568349989,0.06447877190660542,0.9829250797990232,0.44373314040743395,0.552723415554328,0.9074220299495485,-0.02377782317081356,0.8380542372039419,0.7668925707452725,0.521793841044496,0.425271659652718,0.9274219613541168,0.9216288731315796,0.5240691508271007,0.43406945050316126,0.8571829344589272,0.4566674945942341,0.9296339897400768,0.9395715842348135,0.9208111172225812,0.5436183530607491,0.8848268922455328,0.2785003635805897,0.5108471613844336,0.7083602692047232,0.5505731824888533,0.9296921818209918,0.9636848372136778,0.909279971724356,0.9382034660246402,0.8784557376303864,0.918935669542973,0.9235779601559811,0.9517908203102501,0.9268638535619239,1.0,0.9335364978229087,0.5047788450389457,0.9224179100721664,0.9581513204906421,0.13020708108424217,0.9370981703147936,0.8408196309452503,0.9463179462115043,0.4672906611292369,0.892980009697656,0.5596087990966325,0.9041572452546669,0.8970935391933292,0.479623195729507,0.9266998739906407,0.9248097359388874,0.28948177395935476,0.5379781172019467,0.7829919877176234,0.926512709501582,0.1558105655293796,0.5034938222515907,0.9370592177065323,0.35344942623334324,0.9491053458894265,0.55030038900599,0.7637561340752335,0.3405675322594928,-0.12687809866544505,0.9163011764982394,0.9049842548593512,0.5527784117147221,0.6298446851176067,0.9093948648313525,0.9173276586022668,0.49532190236278717,0.9454587895773178,0.14940878135222097,0.9152572576344041,0.9369641613780502,0.8513682351815449,0.8872480886402473,0.5580893489465156,0.9052868460045569,0.8275729352073645,0.4976499641641746,0.9009380310731224,0.4475799950669885,0.9475650427993387,0.4956164402026163,0.848820238132834,0.5976933521030838,0.8686039115482005,0.8969804197150265,0.9195044384299118,0.8780680516646528,0.9136533215814627,0.46260125330608404,0.9559842513343212,0.942876463758179,0.5538430660377284,0.20969236066216707,0.9330222054066992,0.514698568075974,0.9308043662275953,0.8582141106125069,0.393522517507757,0.48431453411403297,0.924319499947759,0.9293267138254253,0.5250207843371313,0.8558160120561823,0.5120285795548286,0.9153444794008169,0.17433932509720926,0.1382767282431405,-0.08095072292902757,0.3464801853550827,0.857237794302712,0.9078531982432126,0.7890334328893489,0.5461463847488901,0.9277637937945374,0.40399001139652585,0.3242565913254891,0.9300207653936139,0.49100910811737236,0.5566226141918011,0.34417931247632055,0.7158403808305509,0.5491581281543181,0.9231367920711976,0.5287964819151354,0.13220951649843052,0.12272431958857495,0.47501707018552713,0.46165918234605025,0.9156496052435411,0.905676069182748,0.7894405120886511,0.8610653317429514,0.9057747016212268,0.9305177201602697,0.9337672086910522,0.9612001783480397,0.8591139616552766,0.9202639135978271,0.8809514729845841,0.9133304274077844,0.9108689235365641,0.8970627045864928,0.9278762198266484,0.8998720111559849,0.905613316227629,0.9162776885678048,0.905774285364384,0.8825503761577808,0.9247130089155703,0.5582952791251492,0.8584947597514084,0.9262654557118281,0.9163077737491124,0.5402535076845872,0.9095800445551432,0.9237744590115858,0.9137882831299413,0.5336392285864013,0.8790030483304759,0.9006930584579804,0.8928133002035548,0.9089883646263608,0.9024928913661465,0.9367996900319041,0.46102345767128805,0.49554400010475347,0.5505039695339274,0.3570789132355787,0.5273658677298244,0.9059467185621006,0.0058978377236289835
UCSF-PDGM-0153,0.9910128243079546,0.9563748906234907,0.7652535309865995,0.9915927676412215,0.8974651820770413,0.981187951938533,0.9609626406650601,0.7083942196473667,0.0922607070008981,0.9586718045078467,0.5634949225499872,0.6135889870494773,0.739786086802091,0.00741951736950343,0.8226941660500783,0.7863937863330852,0.6705666968717365,0.56378626667186,0.9674064537420947,0.9953172329318912,0.6719155499122156,0.5147402824398759,0.6654599836264669,0.5959973346278562,0.9924376387554976,0.9939728015773187,0.9896381698492454,0.6942890210420083,0.9005078403214122,0.42204628594471927,0.5374401207937499,0.7166321046176778,0.6869882846544646,0.9505989159840479,0.9860242068322055,0.9665652283109913,0.9929676305697777,0.9164284245443592,0.9866622077274494,0.976937083124249,0.9813579125527987,0.9775144239734189,0.9335364978229087,1.0,0.5022629520946771,0.9876101088450492,0.9938611602118962,0.21668373590830853,0.9926873792180116,0.8902992223881049,0.9851608007543906,0.6172619694875917,0.8727942075757832,0.659199075594387,0.9173932964619684,0.7435223890638595,0.6031274399836364,0.9821926090199009,0.9905520796618875,0.42412518530547405,0.6820422810936764,0.8118610123581665,0.9572299728445962,0.26542305765015567,0.5846177216126758,0.9047065958117042,0.4634636112193586,0.9652432289635733,0.6988719287715122,0.8419141459315743,0.43966394862456426,-0.19898351883888699,0.9892330459456146,0.9869920787003647,0.6961118775661289,0.41400346239206987,0.983586182867972,0.9888220443398538,0.6455320732449737,0.985014243546493,0.29465719026653514,0.9847720888851617,0.9553565001395041,0.8806069126502226,0.7840027181784202,0.6399432429770138,0.9310632327689871,0.7393613987331831,0.51930959168622,0.9775557125997664,0.5756451063391952,0.9845684689011035,0.6106899647715428,0.915163682936709,0.4060536555764219,0.8369045081133408,0.9763127206005052,0.8512839495940665,0.8746306311308761,0.9114591520716769,0.5942759679295389,0.9840901545876155,0.9736992918471687,0.6904222245304513,0.14759814403188176,0.9752277943348169,0.6632993490879094,0.9744581890460431,0.8871286015102631,0.5203964109806255,0.6213964088153411,0.9941027720370048,0.9801970748334564,0.613058580001209,0.8231632730318094,0.6276780785934233,0.9857023324267253,0.2864646438639942,0.11032132089676641,-0.0885807851359614,0.5317869426041245,0.9176441336617839,0.94298804403812,0.8250122471063845,0.6039270082164783,0.9132269039793464,0.42883384952259923,0.40879254427414474,0.9898233795165058,0.6483834514133902,0.692430820887406,0.19568713301526275,0.5261751125575456,0.6737019231326258,0.9711073903792273,0.6049682423381899,0.2710200906443142,0.2637238140332372,0.6149521126140957,0.5973857397105549,0.9432454045225234,0.9848446963729878,0.8697303673679494,0.9332809408636614,0.985502311609123,0.9557322900845782,0.994031708649964,0.9816227069580463,0.9184075739040726,0.9958587289697464,0.9713729182825753,0.9853425056309394,0.9911014959440716,0.9281612278041378,0.973095057172165,0.9850658760038458,0.9845757459447594,0.9827162720532631,0.985965123104043,0.9479769679526008,0.9945560188287036,0.6910987955972225,0.9495462367449591,0.998823575534502,0.9880786477723783,0.6163608052527788,0.9845893496473617,0.8245399486420911,0.9887163904438324,0.6578682316555008,0.8993030968853905,0.9277381167161518,0.9685554382434526,0.9776363127477393,0.8898121793027194,0.9840284857826774,0.6193396702309595,0.5195691853487059,0.6887742500608975,0.42973195560344074,0.6601697180619751,0.9761403451728519,0.21750632308798395
UCSF-PDGM-0154,0.47434949125574044,0.3937827189147757,0.16417895112637348,0.45545842427558625,0.3761130595905636,0.461187362349149,0.47338422289087717,0.25193433601304555,0.6233420618048965,0.5087938651590193,0.8540271215769931,0.9266649957791789,0.48308156833212806,0.6643666848886122,0.4752276473764041,0.22140296271442497,0.81223230348034,0.39146822500564415,0.4341396976596316,0.4707843564826733,0.4395524072502587,0.3614937861869018,0.4744934205468683,0.3805896185546107,0.4698098007248408,0.4821600083906562,0.4817780277370265,0.4563853292387371,0.5074466252064589,0.7813638564383119,0.8679155626027957,0.2926152380985625,0.469321782086738,0.5017545148507422,0.5032966547507722,0.4321869816653085,0.48072582391580604,0.3995231158665215,0.4641688034493824,0.45882489648898683,0.4749985329934835,0.4448977231807142,0.5047788450389457,0.5022629520946771,1.0,0.4789608010217495,0.5000932750915182,0.7332524874613607,0.485724296729635,0.33335393886870884,0.5015330856016262,0.3787235343598733,0.47945202054893016,0.9064209837898574,0.430127371039758,0.42809220724390395,0.4514821932367464,0.4953446215604043,0.48711282687409396,0.24471131838147056,0.7990673703963372,0.2627813472038737,0.4059507343264281,0.5873971391853418,0.8969405296429922,0.403078928609723,0.9007196061437287,0.47271882707423324,0.46694473737979325,0.3228272687471731,0.30904148564691897,0.5531714458840136,0.47502345277504926,0.46882279299591184,0.8162347994379118,0.15801840032071077,0.4424958141508215,0.45330573130599217,0.41299627549960766,0.49692736983940883,0.6290731047259731,0.4774365617837726,0.4777388749801019,0.3817535412782686,0.41913647004645543,0.9051621835802,0.48949582232441174,0.26594846281424084,0.9336688194653782,0.4340445043599064,0.40126972043623244,0.5084583153071366,0.47387850122906305,0.35338258771584213,0.10481348392464253,0.4186149004244867,0.44979282253029657,0.5144450574248315,0.47100922591507605,0.44993852451252137,0.40146854100709267,0.4899782884744514,0.46917194530249084,0.47558558390449446,0.7567414999383317,0.49177305673029104,0.790226106448482,0.46926484276613617,0.36465387043046227,0.4483400370835873,0.4194149569592806,0.461675457623003,0.502805622172793,0.9173125439150919,0.45791154121540223,0.8981634731670584,0.4669603097916026,0.6229771742509396,0.7449267057567134,-0.03241049852510014,0.2643864742378118,0.3330704260757322,0.4385774809850107,0.2289453468056509,0.9461295915516176,0.5267586052795254,0.8689106391410444,0.40132723480535937,0.4885617393187601,0.39950397766269474,0.8272034270380698,0.8424919404890506,0.20750304303953868,0.47227361485204167,0.5027373708394244,0.9609597690540614,0.7044993872223393,0.6949046083782461,0.38884445510800175,0.37622524245571076,0.4919925918888224,0.4754976333506839,0.3367657228499978,0.3740623282505033,0.47435146352714047,0.5147629840609624,0.4636176012663464,0.4786369646917553,0.3614241980075372,0.4787862127356123,0.4324617000903094,0.4733088580011739,0.4721288928115444,0.40878972632334387,0.45367420680973053,0.4582310957431661,0.47590157045640613,0.4758561666522837,0.4733428721715222,0.4440969033057619,0.4796144227712555,0.48340072789982014,0.41188504155487604,0.49518994165736235,0.4686613250114977,0.9417561200388563,0.46905100137385564,0.44837863020855667,0.4702463840064748,0.47800622715482666,0.44221662991494887,0.5149454812805165,0.40165197369032346,0.45439279734626264,0.4284181880995219,0.4752784099286929,0.3649756762754805,0.5020079910131358,0.5024605504551336,0.39950689516323873,0.44312376083104993,0.4520834340647661,-0.06843804056564355
UCSF-PDGM-0161,0.9686395059683187,0.9748618355444288,0.7947403736065348,0.988358180748763,0.9052718858125983,0.99682059042003,0.9737172541213259,0.7343646544174104,0.1037269819226174,0.9476723023477659,0.533746396725222,0.5892227947145325,0.7449991689582078,-0.01889908151656002,0.8402939680565037,0.8169583600927415,0.6816246229121884,0.5427839369752907,0.9853602749932149,0.9812819748486079,0.6415578282069815,0.4902694737649055,0.6708207127514387,0.5651969433543581,0.9707324433331508,0.9728967965187691,0.9618711709790826,0.6733269667163517,0.8978623883833503,0.4022255655016115,0.49659656701351024,0.7129438634776443,0.6523975368732353,0.9665566799620413,0.9728329660219759,0.9908821110229968,0.9704512180352323,0.9265146695070164,0.9941991493000144,0.9913466570127948,0.9941695335642865,0.9949611541428753,0.9224179100721664,0.9876101088450492,0.4789608010217495,1.0,0.984203832083269,0.21099351668644514,0.9871345061675058,0.9207551426155612,0.9761946209869362,0.5962137964968247,0.899870962863937,0.6270058920162284,0.959491637730893,0.7746488153970587,0.5782643180001387,0.9726436976532433,0.9616903551484305,0.42186245293274194,0.6418392712815777,0.7971739939896545,0.9733300566133949,0.23491327977036938,0.6022241012224965,0.9285604045802555,0.43666850757284803,0.9631723269681071,0.6738248314623866,0.8088227413109774,0.42607510837190005,-0.1800060887451449,0.9986595018124121,0.9663541107829993,0.6686565530200865,0.4323155956769047,0.9712096200195736,0.9745152056304585,0.6262283862287781,0.9788793103021738,0.29508796559930733,0.9577557658304143,0.9690887921530149,0.9125993363372918,0.7825142298571338,0.615380794113943,0.9588749612970136,0.7533263999278175,0.515810477366481,0.9637431402269295,0.5707592287153399,0.95474765500314,0.5945449550702155,0.9566980467679964,0.44110945346282565,0.8763126088332024,0.9438524498684339,0.8485566284438434,0.9016955460338242,0.9484560673515324,0.5628215253346971,0.985200320460595,0.987124605346239,0.6559533197117163,0.17114629005040075,0.9684791256914204,0.654072021219146,0.9815861565627231,0.9367763908104814,0.49309177168769214,0.6021330154733605,0.9842307917608012,0.9691096875412611,0.5824119107449939,0.8437844721120785,0.6166525105380419,0.9600125907144115,0.25017121480115434,0.1251416924938064,-0.07398220371247675,0.5237594196896677,0.9225191894775019,0.9576130673793024,0.8292712891170471,0.5959896226562078,0.9018639674397056,0.42952230401695396,0.3986574849730516,0.9688071621987014,0.6128010272429911,0.6560560893934841,0.20156391977626167,0.5623049183634242,0.6577890284888519,0.9584600774716475,0.5812856388527571,0.2720927980061486,0.2613796518429624,0.5833951495789114,0.5672478423064318,0.9460975928282599,0.9564570133845586,0.8416207674817504,0.8933692497989943,0.9585783264613699,0.9541143615053801,0.9830674492948748,0.9884406158180051,0.8910157639051771,0.9934673871109262,0.9753249841421666,0.9621568791407783,0.9938350266049292,0.9444852134116161,0.989224069737746,0.9742703952528339,0.9556551041842083,0.948888500432794,0.960275815120612,0.984973423724312,0.9862479426399899,0.6483151527248884,0.9674485965656807,0.9930546383890543,0.9599854461813948,0.59771486580154,0.9977741156314801,0.862837037292089,0.9973103938605272,0.6261944080818062,0.9520638320543624,0.9214139221996688,0.9744896115340832,0.9452028859488876,0.925013079828567,0.9700151654740642,0.6253053073241158,0.49591908564619225,0.6541261690768763,0.41137545112405705,0.6218427875877891,0.9436645864835127,0.21234577796785267
UCSF-PDGM-0163,0.9859608075509506,0.9509208653143832,0.7765651212414256,0.9893379408693663,0.8740682551876375,0.978337016602396,0.9573257457932854,0.7035323764749122,0.10421281482391044,0.9642433327154849,0.5513400918679952,0.6125042357645493,0.7740499641045698,-0.03249971484270462,0.8107206969525393,0.7836651841407389,0.653170749352214,0.5258749510928848,0.9671673712010928,0.98632318896285,0.6513827419287386,0.5009519005259423,0.6981667544195325,0.5695062273003064,0.9888187909851767,0.9896531116014845,0.9804246097568893,0.6781457970739446,0.8816534723471332,0.3972961956352332,0.5434216126879295,0.6852872605361537,0.6724776933969907,0.9514006710604309,0.9834676067822017,0.9656510799102271,0.9886390190143506,0.9016469793015461,0.9771613187546824,0.9703786716177262,0.9853795189455772,0.9786079312213588,0.9581513204906421,0.9938611602118962,0.5000932750915182,0.984203832083269,1.0,0.19963175260857202,0.9834336384419491,0.8807760020375868,0.9782852908913848,0.5920875204394983,0.8825042460027936,0.6477492271734309,0.9250137122216755,0.7827537879547859,0.5721344790548305,0.9685213778505933,0.9875944460265476,0.3828976879764436,0.6646165437687469,0.797546281632702,0.9591015368873823,0.256845198421879,0.5797935200642078,0.9152657395188509,0.4271052576094489,0.9726465476690849,0.6831384848870927,0.8372651766440119,0.40867799517802833,-0.19807545624337744,0.9845711351296593,0.9846774154666609,0.6812722354392348,0.44726219331516126,0.981619101614151,0.9853769923124016,0.6211380111838369,0.9778490008198548,0.2740719600242861,0.9851000171048645,0.9542153010280376,0.8683351861943817,0.7897855616707503,0.6359968223739972,0.9282347256514298,0.755208557161212,0.5230770879737178,0.9767838291618948,0.5483807422082314,0.9875271731255952,0.5852029758439264,0.9097336286197711,0.4496444651726545,0.8527542969508198,0.9722684731323499,0.8552741997802734,0.8679200784917621,0.9288956701823653,0.5663205594812424,0.9829275260251313,0.974550648069467,0.6758140108097381,0.1443671193286026,0.9673121278993982,0.6478850789868679,0.9810807970189505,0.8885058507347975,0.4743171970852967,0.5958574347935804,0.9893809145273295,0.9672180528884881,0.6047093491029667,0.8255192311033233,0.6117735148935836,0.984508799320752,0.2776358603177611,0.1114778404842491,-0.08887239956046508,0.4994509240038504,0.9071338393751777,0.951625053273354,0.8012035835203676,0.6041927687475455,0.9032665546582368,0.43964182076423436,0.3590693186570107,0.9804718722720157,0.6264135496693144,0.6779828890951809,0.23678236284863538,0.55934110936296,0.6630317734791807,0.9568232042823773,0.5861100824185298,0.22971815102798182,0.22516853222182556,0.5908740809807304,0.5726569203970255,0.9337768691338262,0.982249074913254,0.8655678874902524,0.9283846052032039,0.9829593573586857,0.9545254177079873,0.9922825539625338,0.9860318990149427,0.9055513138809861,0.9873511489924965,0.9696989848310951,0.9854839781697736,0.9855112651173231,0.9173134430046692,0.9747590449859582,0.9831153853514435,0.9819609939556873,0.9808863625767257,0.9834667404007493,0.9446527482017679,0.991743838271192,0.6772623316578166,0.9489414042952315,0.9913143926471849,0.9819255605585395,0.6067712470595557,0.9787450802226496,0.8694668924310145,0.9848647477849554,0.6377387784459551,0.9049821874722245,0.9127665905502291,0.9583777818528366,0.9759746462795,0.9052023109582576,0.9830445423748458,0.5984342553120504,0.5141542713883943,0.6681198925754981,0.4074046650464037,0.6431958862761482,0.9746720597504638,0.17350260780576884
UCSF-PDGM-0168,0.22873368274377087,0.21435013180950294,0.12073313671163727,0.2133021627762809,0.21057366192144758,0.20891198375907677,0.20804119338207044,0.13551343738033447,0.8670017407029943,0.15669309742125218,0.8009708130807034,0.7324320761150186,0.040486412434701656,0.7769378356513785,0.15367437876294168,0.19143109143063036,0.7332487747447564,0.2152298856901375,0.19509206627177855,0.22582024720395222,0.2253787784649695,0.1428649570693278,-0.005227269312305517,0.21425087903969936,0.2196550864922959,0.21787623863852384,0.22948335175849033,0.2216857004189934,0.1790166386291481,0.8717297786990256,0.6839204633647862,0.17063260775966485,0.21543868539549785,0.1925062343681744,0.19307749939558327,0.19897294578503305,0.2157118762315896,0.21389627711114817,0.21667089596387187,0.21229627826983707,0.19241436127166103,0.2046354534056312,0.13020708108424217,0.21668373590830853,0.7332524874613607,0.21099351668644514,0.19963175260857202,1.0,0.21195777931621657,0.19219053439878794,0.2092946808610389,0.2226011699577779,0.16323126459509277,0.746560610655574,0.1837776043866667,0.034338882184075194,0.21437269178873483,0.21614014860969288,0.2176392174039006,0.1878686759617181,0.7312087365030984,0.21151241373442098,0.20508322201696333,0.7547105839323973,0.7996982852673898,0.14216893305036696,0.8259789933800326,0.2041100889003623,0.22251531955051512,0.07417626984909624,0.1932534350002168,0.7856584158298534,0.21252084234806515,0.22295479491357087,0.7174960870335959,-0.008302691919735778,0.21759377442348857,0.2181450968513055,0.22171022176744165,0.20945690902292105,0.8294185791385953,0.21630329397525275,0.19091558732949337,0.19909727326530124,0.06356056794411775,0.7330333637305181,0.18721677468907677,0.13331023926274616,0.7736881070259917,0.2178510154815489,0.22027909343880522,0.19456574560723428,0.214241130857187,0.2038470272548787,0.032161596562063605,0.1581644187489401,0.22960067370385376,0.1254602586218474,0.16786424997237828,0.1775857529527422,0.20832922221888703,0.20183475330812065,0.20125533198255352,0.21644226743077263,0.7660709164491937,0.2152092184355417,0.7390897827167454,0.18185488265549998,0.19368193452064067,0.17968722642766027,0.22070186181417017,0.22555779132753334,0.21587236031327797,0.7551253053989796,0.1570670074505065,0.8163385202995384,0.2178018796243915,0.7479879652200615,0.8933242385974656,-0.09079096686157918,0.17315177450344574,0.21956391442051282,0.16081540798805596,0.12151710047781455,0.7675001945498424,0.15922683945510924,0.798350177719529,0.1674621772536877,0.22357955967388635,0.21782811400629848,0.7162897611291416,0.6215593991362982,0.026756929476055572,0.19788608978059047,0.21549336259744378,0.7691742596904172,0.9603795565846974,0.9639987927937974,0.21167959961415736,0.20660603128165428,0.20319963020839393,0.2242838815434985,0.09053387207441038,0.22840914947732355,0.22408856214543846,0.2057995282399493,0.21726873382621106,0.19428884607408317,0.22417080713757123,0.22178476050401405,0.2049523000882513,0.2155640297159196,0.2157313324371958,0.2040173539977939,0.2146831625242091,0.2202382538157387,0.22434848038514857,0.21857618178502508,0.22390348960188877,0.19218370057009046,0.21180562408334133,0.21730570742466745,0.20031641756827784,0.21744259158369672,0.22858418503965824,0.7801580765732392,0.21068586056846833,0.09538266099655841,0.2131263581795558,0.21183391309628574,0.16745266331750422,0.19515484493134258,0.22127082900986403,0.22015839363036235,0.17620816259824792,0.22164878915799927,0.2125572435301654,0.13372848921202954,0.22739914216045312,0.12359907776787532,0.2113199510091408,0.2218974728169879,0.08507476361359698
UCSF-PDGM-0170,0.98443634967257,0.9592288436339309,0.8102463665179142,0.9892331770730906,0.9410692684691843,0.978189686773127,0.9761886732700021,0.7815699280319383,0.06766592773456553,0.9730332264437799,0.5170007381741644,0.5772510316484462,0.7676815537773171,0.027885168481858666,0.8620705490045832,0.8387568601042621,0.6443970167803151,0.5647407530582134,0.9807527573126134,0.9934822023310217,0.639888520811782,0.5042091846470177,0.6999418920328875,0.5780260945454302,0.9848860328500013,0.9902254710293702,0.9845450806489586,0.6554029475969425,0.9308446701115629,0.3864785830679808,0.4993708209745576,0.7875657069777171,0.6456258794363448,0.9602842690895147,0.9929418567324486,0.9747836254629522,0.9881996054113089,0.9528789788654252,0.9954960277012012,0.9907796548208705,0.9873481707129493,0.9835341993701148,0.9370981703147936,0.9926873792180116,0.485724296729635,0.9871345061675058,0.9834336384419491,0.21195777931621657,1.0,0.9276100870456785,0.9933821473892553,0.5981932646876922,0.8886866428802083,0.6229501742772677,0.9374476245801009,0.7740309360044919,0.5968972985535469,0.9929372342594797,0.9748509306959542,0.4452588225847098,0.6429002422670743,0.8563605207472794,0.9759176324649355,0.21988434608418944,0.5697782865385848,0.9360487762265634,0.44887894805853107,0.9680781303361711,0.6577487094888356,0.8232140036257816,0.4541585442369963,-0.16513652576249674,0.9863960351681891,0.9673075954616868,0.6543451261649018,0.4873854633629373,0.9738227852661648,0.9809186947458571,0.6237868079713841,0.9951726521152396,0.2632145325608024,0.9634453964125552,0.9722494745922567,0.923128459306553,0.8275113385023966,0.6019651401611646,0.9474286558622036,0.7955583683565491,0.5032530227635442,0.965012570328236,0.5732432047338689,0.968969967834587,0.600996049631867,0.9386803211865496,0.46682052682119834,0.8596682183518819,0.9596943119706621,0.8816265526433448,0.9090862106510406,0.9187613114181713,0.5793462140295037,0.9939566839605652,0.9849533869206353,0.6486384034563327,0.19414502606654654,0.9851853088023926,0.6294590524268592,0.9658825412447352,0.9180721806035729,0.5217480983757372,0.6066193292534494,0.9904708197426336,0.9907917921930633,0.5721235427069591,0.8538856152761318,0.6036780440535203,0.9685827583681484,0.2302725668639607,0.13571030584348512,-0.09078972404245911,0.5075909948241516,0.94203328739957,0.9381368631322123,0.8697328237766304,0.5742740462188765,0.9400765478474369,0.40301886321406105,0.44536400590658964,0.9901357482779037,0.6125877927981305,0.6488407778876036,0.18984714998347682,0.6016457848585318,0.6370856583559914,0.9839598394998326,0.5873163680885944,0.28283308206276614,0.26889816566819424,0.5938387290455583,0.5803066757146168,0.9629550520778305,0.9634467911315463,0.8521945933731517,0.9254740583678547,0.9644241832403789,0.9603627621984149,0.9894285638929521,0.9895553119221665,0.9371536531403558,0.9947415237040763,0.9572579601483646,0.9648568224541533,0.9844452459923312,0.9642331494412792,0.9797233045196707,0.9676284002595907,0.9630618535528491,0.9644002419429759,0.9651581370251155,0.9555371227764091,0.9842069691588714,0.6458897307739498,0.9390044757333496,0.9935586172386375,0.9782639110100727,0.5913994560577519,0.9841023341900528,0.8277245220915547,0.9840146098093081,0.6312165629606874,0.9167410611964021,0.9472947135552975,0.9806409587671481,0.9614076414796884,0.9064696886261548,0.9819250541149873,0.5994622873358089,0.5084261990646145,0.6534788067782386,0.42044650924554805,0.624943149748105,0.9593544189345283,0.1968279983951409
UCSF-PDGM-0174,0.8786080906866971,0.9549265962976582,0.9018679664732578,0.9283431199663112,0.9492653394647779,0.9263288900457198,0.9050355844744711,0.8645880217555556,0.08379028735471064,0.8954056923179258,0.38889478295542373,0.4449623440678792,0.6750404664317139,-0.010049510963069934,0.7778189125722282,0.9400123836890936,0.5874338521071137,0.5030436296767369,0.9654734706706992,0.9122394607309421,0.5388455209425173,0.47461682974639124,0.6261637006359313,0.493934098593821,0.8935251996415841,0.8912175135101065,0.8774290498756592,0.5539704454710785,0.8335844451978154,0.2987433265626063,0.36668672388689355,0.8166962048984387,0.5203063969680696,0.8646694899328756,0.898733518736279,0.9564012723629687,0.8863842538198061,0.9347345695234958,0.9445266454784332,0.9502557607042931,0.934074272949178,0.9469850186393717,0.8408196309452503,0.8902992223881049,0.33335393886870884,0.9207551426155612,0.8807760020375868,0.19219053439878794,0.9276100870456785,1.0,0.8976668522119435,0.5367848886553415,0.7879534054387696,0.48466485086383165,0.9141710616583629,0.7775994362756821,0.5106193669380389,0.9015015872097452,0.8595225005901617,0.4694781610800832,0.5215010930372447,0.8830971589890828,0.9611390735780618,0.1769929556610522,0.5158607797676519,0.9550146398302928,0.32043673358455815,0.8680244897681828,0.5438705200732098,0.731978965402793,0.419713961604118,-0.11859495460451108,0.9224082099758091,0.8655180589477648,0.5352673763770379,0.5516110125841208,0.9097941982375685,0.9102860278642927,0.5533052981992445,0.9094169427225836,0.25616327823920626,0.8502487446664886,0.8993885055078831,0.9261262559538039,0.7774932446681734,0.47963604130440723,0.8721050706145016,0.8350084509235411,0.44088398344289903,0.9018186999114904,0.5201409643462577,0.8483540230751154,0.5041722194573454,0.9786413815975588,0.5225642607448947,0.7969171287764356,0.857186743499174,0.7741128105798908,0.8472478223906557,0.8568370824734809,0.49433701247505046,0.9199621979332572,0.9229576589773991,0.5209223445693377,0.24188112736643147,0.8871949978647717,0.5625959058572311,0.9095537330796006,0.9373422958721706,0.4056162424287847,0.5369119546084435,0.9129434251670787,0.8934663614142134,0.4248906820876723,0.7599603706611088,0.5069598351123916,0.8676398521632285,0.1355050367679984,0.15084720276892502,-0.09347635123380733,0.4713628547094126,0.9440318596949859,0.913101794048864,0.8749502577599795,0.4524891278693386,0.8470800191859907,0.3642950025067128,0.39778715449052143,0.8839954935958493,0.5057307578911204,0.5104809004671585,0.07301491748403488,0.6915115521903327,0.5444039332435314,0.8821496421057065,0.43661452562643804,0.30150941288417893,0.2829894002811271,0.5110523674558156,0.5083283592565179,0.8701506121762467,0.8465729358550788,0.7692923039875853,0.8566906652742824,0.8503836767721827,0.8355292562405,0.9131711665575716,0.9243521008069489,0.9166854575280373,0.9235052217654529,0.9048244184931695,0.8602761272406678,0.9170168630928903,0.9623375953211663,0.9206881776064656,0.8852854762250226,0.8451581560578685,0.8464439828906833,0.8535133581649567,0.9332931924626753,0.9018875748803539,0.4997819552326971,0.9155068802635332,0.9026880497003257,0.8755336600427229,0.44435688555929986,0.9303477204868137,0.7612422446628919,0.9209802401830948,0.5200464351089149,0.894945189492177,0.8302043440947134,0.9615678145620719,0.8591863833060936,0.8499492379956556,0.8766051058526452,0.5737370288930027,0.4070248241973743,0.5119544787471524,0.3074281535730794,0.5077230836814836,0.8593337425138476,0.19571519923088843
UCSF-PDGM-0176,0.9828346099937461,0.9264495889744836,0.7941366676941113,0.9726546235125648,0.93902452735931,0.9587137897406296,0.9873223176856972,0.7920073477063254,0.03650339492622333,0.9757758543571309,0.49256918452618,0.563785100937707,0.8073744025255187,0.03235684046931559,0.9006454670655444,0.828959576205944,0.6134540769057235,0.5581285685519444,0.9622610082252617,0.983071901819456,0.6188619341003447,0.4748390499968772,0.7323180472008066,0.5656097801341061,0.974225468269143,0.9864736466884944,0.9816038500865939,0.6281165554829896,0.9557789302982412,0.3576786118688079,0.48447640643087214,0.8066425342369845,0.6249161585230012,0.9771418758782414,0.9958030959975109,0.9542862491578006,0.9841940447844749,0.9600374111386673,0.9843921262882219,0.9829472389971126,0.9789339386951901,0.9697908195077412,0.9463179462115043,0.9851608007543906,0.5015330856016262,0.9761946209869362,0.9782852908913848,0.2092946808610389,0.9933821473892553,0.8976668522119435,1.0,0.5757092559597446,0.9236310694345674,0.6102173072536701,0.942376267857712,0.7762491854508461,0.5935714706574293,0.9975947725177626,0.9650537166130636,0.4298888824761573,0.6235621442726588,0.858646154167593,0.9687633540322484,0.16911332124533462,0.557965559800861,0.9231350647238699,0.447471303390862,0.9835590186276335,0.6330460686758183,0.8065348820582604,0.46224115009350464,-0.14138437310243318,0.9704901364829902,0.9501839477880427,0.6308392259609037,0.5247512346847084,0.9508732229109839,0.9613747156505531,0.6005544162394085,0.9994967411364879,0.21140972770304606,0.9491797515796899,0.9846754646122476,0.9321064195227409,0.8487863754107419,0.5824216931701001,0.9620620318948989,0.8183513162009198,0.485457809009651,0.9398186188274331,0.5684819493218639,0.9600426836142432,0.6026052926528495,0.9136503575228866,0.5160911159382524,0.8939658506123607,0.9462756833906713,0.9187319012567877,0.9354646450699919,0.932783853208452,0.5674106023485035,0.9960665855252377,0.9878533464125958,0.6282405205790186,0.2128955870855198,0.9972207427736262,0.5934768390784719,0.9414660102138153,0.9176022067083258,0.5323649928551594,0.5908945717106185,0.9802625167721236,0.998134139654276,0.5583982418454548,0.899389730332722,0.5926184433416521,0.9529283506598474,0.18899852495071726,0.15951018076311765,-0.09095692518840554,0.46877742023850066,0.9308896974173878,0.9035953865876077,0.8685394372882147,0.569944594219774,0.9567336594187954,0.3728833752115753,0.46668471427807307,0.9925788979060354,0.591186937846747,0.6309383774039282,0.23890193516468775,0.6317915479392193,0.6079051567163122,0.9955916837269424,0.5992689857261365,0.2657044677924023,0.24767955730629174,0.5773493065975288,0.5634534678910508,0.9838556944514013,0.9506018838391859,0.8324945153263065,0.9086103143111556,0.9507639047906443,0.9836140673679613,0.9773550842623369,0.9889327958809202,0.9246029217126951,0.9810446329758364,0.9268246823429419,0.9477032417230107,0.964719182240148,0.9635019920974467,0.9801903732478113,0.945204242770385,0.9505146850879114,0.9541270852227788,0.9508127065570524,0.9361524402005174,0.9662817824482506,0.6296479450378147,0.9016312063013691,0.9833771069800269,0.970230574826805,0.602941727026545,0.965733232578754,0.8470019898206033,0.9662706374791055,0.6178250340133451,0.91560049408979,0.9732875940021766,0.9609330765071752,0.9476073985014514,0.9291366401436371,0.9888718069228963,0.5645518356032452,0.5102612676768086,0.6450354888250251,0.4325401454662309,0.6073772413067047,0.9444070099664598,0.1583965792577551
UCSF-PDGM-0180,0.6270239393372907,0.6174781848514338,0.3700150214042991,0.621222394012918,0.5424247772809296,0.6048427603265621,0.5483154529516432,0.3349225277728239,0.10294269814230361,0.5058250965581247,0.48954609971446583,0.5324337595197118,0.22736192122529336,-0.04970773795767511,0.3907083750731983,0.4812800867816781,0.6025059364656451,0.9680774192153374,0.5670033628422582,0.6315179775917771,0.9835442033558813,0.9495019688525915,0.1557395723264846,0.991955598484418,0.6300665840891577,0.6179491976773602,0.6292233611228645,0.96019421491552,0.4765310594743382,0.37057199754481734,0.4986993841097087,0.4009352894044551,0.9597867648454251,0.5193691680880372,0.5682430977421031,0.5827960068394031,0.6215074256453891,0.5343380191974684,0.6024456395556548,0.5759671544726995,0.5639506192469163,0.5862716689796093,0.4672906611292369,0.6172619694875917,0.3787235343598733,0.5962137964968247,0.5920875204394983,0.2226011699577779,0.5981932646876922,0.5367848886553415,0.5757092559597446,1.0,0.4305566854912067,0.5860682772622288,0.49379057469100734,0.24204422286272312,0.9622671386387976,0.5888381944960743,0.6325533656395126,0.9162335589404331,0.6493999961301781,0.5206456078468715,0.5657193829949033,0.26367497622276004,0.5005955687235369,0.4659805241128711,0.3457769253804062,0.5577647389843255,0.9556915169199592,0.5186553912422113,0.9091159446732247,-0.20532682586062695,0.6079830239414011,0.6462311195657737,0.6421288042895622,0.03319040840329996,0.6374423511078732,0.6354533036896192,0.9954648187484345,0.5745619333631218,0.2768679417749356,0.6366590661731852,0.5324898696286884,0.48968266518877307,0.24946642782985948,0.5612817845417579,0.5016821027755949,0.3540315217286572,0.44816573843676055,0.6407672905991361,0.9662256176774694,0.5955158474227632,0.9455399223281243,0.5609942089007967,0.0702256619367996,0.41100397842241615,0.6512378467561261,0.3730564968304934,0.435681324947323,0.4809733158068227,0.9902291855082355,0.5632242002926784,0.5595817294249497,0.9554838117190244,0.13855283622738007,0.5739723797306769,0.6220818197415828,0.5846247870960996,0.4983562028831585,0.8158015942508008,0.9915454360135384,0.6300093638462448,0.5800868345126743,0.5268565224737645,0.38950776562056993,0.5534570778125956,0.6396547326258034,0.24410048806553233,0.10002735622541964,0.45160820383874,0.950377065138015,0.5958661241560412,0.5593672134537699,0.3262586350555199,0.508593735768322,0.4562269113910964,0.3687007010780044,0.738961654038437,0.6146056788307068,0.9825669284499822,0.6391370042272513,0.08333988979149935,0.11886533881982211,0.9401874312729388,0.5712463200443273,0.49634185850061063,0.2888712196230735,0.2858216078896359,0.9901029812710255,0.9894343170901273,0.5265765950447446,0.6461363344889594,0.5395317508029269,0.6396106787293697,0.6463183705938688,0.5338238889527115,0.6230919700867698,0.5593197330731072,0.6082539081929677,0.6189368259734923,0.6289960923218071,0.6374223143614473,0.6224287709593127,0.5303333507946241,0.5741707677408804,0.643321015777242,0.6460508399965547,0.6374298430121439,0.6464120703735343,0.5612188771864665,0.6240352143501577,0.9447401687949321,0.612681375689398,0.6187212924489564,0.6392967503144785,0.5116701792696502,0.604475082740112,0.35264199477959574,0.6127954257796294,0.9711355528273095,0.47455229944113375,0.5118479118060806,0.6217433015139142,0.6428225756019375,0.4648192920451744,0.6041585356952051,0.9741644757433213,0.859197102896643,0.6170896765398802,0.7923961318102053,0.9777041107121744,0.6429652283347441,0.7480137234646174
UCSF-PDGM-0182,0.8632740989137946,0.8025268431163567,0.7291471552768997,0.8516929946384126,0.8521564383346326,0.8685169386396867,0.9608096080251498,0.7758856677674427,-0.013892147505364195,0.8933047232330561,0.3550174840215502,0.4651819479570986,0.8763561230408009,-0.015542163230758427,0.9581105232454191,0.7638963761636345,0.5109568941504536,0.446394100170263,0.8721596738283806,0.854111357629979,0.4636555852657754,0.3186144896827482,0.7900197575239128,0.4308129570989387,0.8347381933459861,0.8645050540664032,0.8468217799418855,0.4784180378879984,0.9363476566442174,0.2301164534813456,0.3658060323227722,0.7494333705602474,0.46980385407797154,0.9797075736780121,0.9064883534573577,0.8736608036567459,0.8602687173074796,0.9050333398230831,0.8910986660731824,0.9092062910836343,0.9095478453807551,0.8930920805505707,0.892980009697656,0.8727942075757832,0.47945202054893016,0.899870962863937,0.8825042460027936,0.16323126459509277,0.8886866428802083,0.7879534054387696,0.9236310694345674,0.4305566854912067,1.0,0.48605415206738783,0.9593514296150332,0.7925792828741575,0.48466577008105194,0.912222704534583,0.819879050117152,0.3269725135353745,0.4563738808880851,0.7400130382675352,0.8989932524339561,-0.013676845066176467,0.520033322735275,0.8617643387984918,0.3629902527990964,0.9481157173415452,0.4833469243642999,0.6459246443451677,0.4038342302128436,-0.0488935964447601,0.8765560004442442,0.8028224607672854,0.48126414785469834,0.6068759922233471,0.7989793222235604,0.8134590075046326,0.4570487394429219,0.920958373733099,0.06935783218554817,0.79966594367189,0.9673925031539852,0.9250894008689685,0.8347188548430133,0.4616361288118069,0.9795249456612977,0.8201720536252809,0.4131100647159923,0.7809872357684472,0.49166774802261864,0.8209971532452504,0.5249796563632059,0.8449849677941237,0.6572495988620648,0.9894902333068536,0.7821728563931272,0.9438052080482973,0.9770068300249183,0.9728386326604822,0.43250531995105457,0.9272636296715341,0.9449121089092903,0.47392432696094233,0.27245616878864326,0.9370333615314925,0.4448002766588778,0.8312291817152954,0.9271579913208068,0.45401509669747503,0.4640177498005891,0.8607692099695649,0.9167779204348594,0.4454735010038748,0.9844095147684865,0.5009001134387778,0.7992382983792229,0.024692819692026483,0.22083126283713841,-0.0546980457967001,0.31344241327349065,0.8252497239279962,0.7855288421569347,0.7833078148820237,0.5194693564367053,0.9046026730294123,0.2855073137018913,0.439308730074258,0.8834279497493986,0.4280637536253185,0.4811619562321537,0.3853000389453308,0.7104276595139437,0.46803622537363504,0.9214390349211735,0.5477710577611233,0.17830658666400678,0.14829694765456342,0.43116628909091304,0.4185059949406671,0.9631539277559817,0.8003274605813253,0.6710179915841092,0.7168476538894314,0.8010042075234937,0.9685085181859335,0.8534621963615979,0.9269457320432921,0.752182591783866,0.8663828920095068,0.7910167706071503,0.7976510832845332,0.8494022024495199,0.9011037132088013,0.935424530203215,0.8021967306502765,0.8000569895015487,0.7995741111717889,0.8015001225840892,0.8859779454010903,0.8375217881059951,0.4719109955059879,0.7749708019904639,0.8754997253744795,0.8245525812675465,0.5604294547450405,0.8717195803500373,0.9246905931305375,0.866874925773816,0.48040660689969905,0.9441527585768343,0.9514520371349606,0.8398826682631237,0.7847238624668493,0.9838416643048586,0.906628491495948,0.43929230464574287,0.4402722239710657,0.5136956456555161,0.39341155097401614,0.45207010144362064,0.778201923219902,0.027105206545595152
UCSF-PDGM-0184,0.64491207627874,0.5993683087852615,0.2777799093232542,0.6364654115029806,0.4822527999503387,0.6295775568312779,0.5661595825127983,0.2540962724077361,0.642478583666473,0.5743268313611131,0.9673130384545283,0.9870320735949676,0.3666586747177964,0.5187959530148827,0.43011222134574917,0.36255911070924135,0.9463786653824113,0.5252481388786215,0.576789244594356,0.6455263118112962,0.6482827450948596,0.5130283551425001,0.3150012234436455,0.5715347168685525,0.6529085064208648,0.6441659564999611,0.6504826393749918,0.6688837080872575,0.5170874994991475,0.8841512265929733,0.937269813479976,0.31177855618115446,0.6724474669501929,0.567541646045067,0.6131212230431689,0.5903447466381269,0.6461351086266518,0.49290278982450336,0.6123482882661543,0.5867183914264347,0.6003085480575863,0.59896541521368,0.5596087990966325,0.659199075594387,0.9064209837898574,0.6270058920162284,0.6477492271734309,0.746560610655574,0.6229501742772677,0.48466485086383165,0.6102173072536701,0.5860682772622288,0.48605415206738783,1.0,0.5101189964941178,0.35923596042782013,0.5705589646582099,0.6101749998190371,0.6721920886953295,0.37356671806861746,0.9732288806540651,0.4053420670083044,0.5470325796874478,0.7383628869108944,0.9319262584934392,0.4811054734687619,0.8794124971852394,0.5854509961825232,0.6758471966317272,0.5374954867658148,0.400961083436237,0.3325425967887111,0.6371532545248768,0.6770079379255667,0.9822169841748298,0.02159085275450881,0.6514182627348082,0.6520795798902329,0.6143756182400766,0.6060906793140909,0.7583067717107106,0.67812799886623,0.5569863751884739,0.44670933013244457,0.3393788107637892,0.9934654438164963,0.5423961014663113,0.28847527462055345,0.9390353903373391,0.6532121034484355,0.5297319984598751,0.6659789102030991,0.5745731125529601,0.5152666877943074,0.007476422389804595,0.434044342173501,0.6648303648064945,0.46181281302238286,0.46795784912889277,0.5227304015288275,0.5717476377847049,0.5986099665164326,0.5812747221879467,0.6753229624878373,0.576842198705033,0.596843154632704,0.963241081686258,0.6344436061763646,0.46265377120864737,0.47714678936758026,0.5885493005186877,0.6418579764689342,0.6087609850626309,0.9916354216818786,0.4272981608623487,0.9772131411825397,0.6702547785641142,0.7497956564103981,0.6159373657371685,-0.09376254285880582,0.4881469434020095,0.5118312920593566,0.6067365626371305,0.3092057344897512,0.97578379826312,0.533115484507626,0.8949827148222569,0.3605385926792485,0.6355118074230353,0.6257413750237809,0.9858388426204047,0.6228291912185953,0.09756738714942552,0.6557521938811159,0.5980879520866783,0.9498589408178914,0.7383204091344497,0.7461863465052577,0.593307547859002,0.5758974352616747,0.5524369929562724,0.6803370821304973,0.5564254233546037,0.6071054919147573,0.6798779355310715,0.5859275033128666,0.6427341807204666,0.5942637243109153,0.5535849039776359,0.6434710572024772,0.6484909389600466,0.6768565085672817,0.6506985625402693,0.5044071180553168,0.5861167820811289,0.669647761529992,0.6804844101787115,0.6722538509185035,0.6794287714224876,0.581045489232962,0.6609107709960221,0.6806263985049195,0.6265601346642913,0.654213115142442,0.6576412235654071,0.9578116863330765,0.6303205817980718,0.4514984332925383,0.6405669770561783,0.638802026064789,0.509556132262309,0.552466710465994,0.587821809840232,0.6634082391164068,0.4858992706514477,0.6227633995031603,0.5749845992619923,0.5236551426138011,0.6638214766509759,0.4034615753179618,0.647573396747697,0.6639011335109047,0.16275040571281973
UCSF-PDGM-0186,0.9000977043563679,0.9184136267880817,0.8304730824025488,0.9254089758423548,0.9064105563456806,0.9471753548971978,0.9782394477095833,0.817817189670478,0.05451318264658183,0.9185905774427862,0.3970587811421675,0.48505572450914,0.8142242492481576,-0.053460323889377596,0.9022332404917625,0.8646604928007325,0.5940480631740636,0.47148578220319987,0.9579870136681409,0.9110371125653033,0.519030198329225,0.3922945806787541,0.7338743161130445,0.4658774689548171,0.8910238105782192,0.9051716495391429,0.8844759735640689,0.5469123270712326,0.906177751216727,0.2784206736340206,0.3788376566348738,0.7571270557525829,0.5192222909737021,0.9775132623562113,0.930929088105739,0.9620687266296591,0.8997681754578545,0.9400621508684709,0.954204788953071,0.9696881763167173,0.9682155983135243,0.9671597840267774,0.9041572452546669,0.9173932964619684,0.430127371039758,0.959491637730893,0.9250137122216755,0.1837776043866667,0.9374476245801009,0.9141710616583629,0.942376267857712,0.49379057469100734,0.9593514296150332,0.5101189964941178,1.0,0.8268256327343576,0.5030113243474553,0.933512091117388,0.8676738182601735,0.3835506834647221,0.5066824339813761,0.7973038385605276,0.9677771273030183,0.07848674561557233,0.5665283893603728,0.9392591234008063,0.3481849755791313,0.9548505163570085,0.544266387117328,0.7061049243132722,0.40563649067806823,-0.09175511717749651,0.9457397534607401,0.868703816360085,0.5379381905060827,0.5764257093137258,0.8852093822323623,0.891082957508062,0.5204661448275418,0.9466757874282821,0.17391702926241326,0.8573060076491484,0.9783831887237876,0.9585132708850314,0.8154310506862575,0.5003366097159493,0.9829751246325653,0.8383805704040934,0.45319353840866666,0.8722004105752246,0.5231094053509898,0.8636158624096048,0.5341692550977203,0.9554030544592202,0.6154629078223641,0.961961086692782,0.8427438079880019,0.8879157725077036,0.956240403172587,0.9894545341514775,0.4644536524833723,0.9614551123711678,0.9806144268962116,0.5225743758528675,0.25566490172662915,0.9457204460895186,0.5348923477975789,0.9165161084536505,0.9874709305772398,0.42971618768666253,0.5129990461158087,0.9203446845522424,0.9322062352220077,0.46241817385691936,0.9214184353422831,0.5364641877994465,0.8625611364092705,0.08669043874455862,0.19583066703938212,-0.06274934592975526,0.40613610162648534,0.9011147657749868,0.8932928136892795,0.8297927121489551,0.5290644826751626,0.8926420674973025,0.35275943261149356,0.40200721965660696,0.9093118249498089,0.48131510448639864,0.5217383657201073,0.2767412198297121,0.7113177703813923,0.5393013851424772,0.9269740235134531,0.5182138918751669,0.22997689810161698,0.2058678211773272,0.4760177281100999,0.4650511445617372,0.9526790209932621,0.8546935399658463,0.740451851897132,0.7927664210409728,0.8575697028447142,0.9499358755387364,0.9164866903715553,0.9691435467113326,0.8294098346015937,0.9309392013608553,0.8918905589506229,0.8625252964513389,0.9252361381207652,0.9555127065578913,0.9799066425312644,0.8822504264695059,0.8536193527499878,0.8484685312258863,0.859911958755581,0.9668396386519164,0.9070567159619952,0.5089808084724536,0.8940405688870874,0.9271569379128431,0.8739668373745351,0.5406727579182191,0.9470103456129798,0.9239802584116518,0.9402618679504328,0.5163102452331808,0.9897160476150672,0.9198422680986162,0.9275673842578903,0.8449772342895715,0.9846124643499282,0.9280146610026613,0.5361384959175343,0.4385021151705002,0.5379609764786506,0.3676061688656181,0.4946741016656791,0.8418720725944392,0.10735067400371609
UCSF-PDGM-0188,0.7078499978331223,0.7342359739145354,0.7845302621758543,0.7534378758806827,0.7252374551196448,0.7640206462259403,0.7847872646204045,0.7736315112437279,0.07307513193045372,0.8746863479085918,0.25400606342746584,0.3931423244902076,0.9232463639367279,-0.0164814218888075,0.7628923629720002,0.6852216388126687,0.371695823239503,0.22851488851187265,0.8231745134564,0.7239443720473546,0.27952147708914765,0.28717003913142847,0.9346142081135098,0.21046399074077257,0.7208707384215326,0.7339235692733255,0.698776874430276,0.3186284863558434,0.7649741533303043,0.11273833087885562,0.3346017868231563,0.6233323218049915,0.30607696257704103,0.7991868069822317,0.7996518819825958,0.7932417172095768,0.7272164612496679,0.7555032894905405,0.7685365058115149,0.7977287748941241,0.8303732330230935,0.7935449467397803,0.8970935391933292,0.7435223890638595,0.42809220724390395,0.7746488153970587,0.7827537879547859,0.034338882184075194,0.7740309360044919,0.7775994362756821,0.7762491854508461,0.24204422286272312,0.7925792828741575,0.35923596042782013,0.8268256327343576,1.0,0.2837367500866989,0.750396583326626,0.7018068755699862,0.1555106393525373,0.27836462998414035,0.6248843441451186,0.8013354269912946,0.014426291718011554,0.4162595922843718,0.9049492605534373,0.22800465273305046,0.7695129443780759,0.31811261204571123,0.5338318992151386,0.1742052775044183,0.006999098840654043,0.7634245977183232,0.6846585195186224,0.31914318839367867,0.7366814924476498,0.7161974404535257,0.7224358860485735,0.27377767506003675,0.7846245619634176,0.051327074223643604,0.690928581387996,0.8046667418621276,0.7729538168959095,0.9092058314892196,0.3901256685146885,0.8015630490908214,0.7856124083855408,0.429674381306907,0.703114616989541,0.2728138565829405,0.7510111996862554,0.31489167508110194,0.7666789384712128,0.6649785861665318,0.7835412264136667,0.6546941552045207,0.847729500671521,0.8041326782886506,0.817901023680449,0.2338410519438152,0.8123555516206681,0.8048704206404497,0.312023846569141,0.2973663255235776,0.7551446835258657,0.3222168065092904,0.8010779866667995,0.7904093127070219,0.24544937793666702,0.2798327307152612,0.7277237537791806,0.7546798978836732,0.3427362901691979,0.7624930876278093,0.3438064094657674,0.694391058494653,0.025776453837097698,0.15269314478652038,0.0004169250258909298,0.1581263599087264,0.6963237857461139,0.8095795693172141,0.706522556643392,0.41135674283504153,0.8323021202344907,0.36116791246224694,0.24157984547299585,0.7203049111824467,0.22655708734191826,0.30694794349439675,0.3796365964564381,0.8262557602082617,0.36435166087313836,0.7467094660170522,0.3736525363960925,0.04632645681089569,0.026372273748670058,0.2219033704125278,0.21677366188005087,0.7680844946581945,0.6707552834614812,0.5660833531435544,0.6196270604341648,0.6735644303770749,0.763222785735069,0.743533098912605,0.8256111941402461,0.6572690738649072,0.7497496529429094,0.7096880512547284,0.6967735071179256,0.7448586311516069,0.7975338067727172,0.7814415741222063,0.698933258768619,0.6697109758004929,0.6806627460022773,0.6758672220556802,0.7888019309498988,0.7433434367483451,0.3016009556804742,0.7201544564922929,0.7456909918571559,0.6884908704853829,0.37244725984071086,0.7668603756546114,0.9039355401930133,0.7573026316870086,0.31506019862967954,0.8303307107488158,0.7472900165030928,0.7335822041113853,0.6740930273684081,0.8012031532780569,0.727686579774992,0.2899680812570181,0.3990277997892483,0.3157758393888485,0.25848182068303893,0.27007977773548314,0.672206114530446,-0.165483697796628
UCSF-PDGM-0189,0.607459387066575,0.554769230681048,0.3135963588504571,0.5848073219953562,0.5601261611148276,0.5700577582526793,0.5687911506952174,0.3756375336657,0.01534458221070151,0.5309114013955843,0.446416401203148,0.5139447829344009,0.3217554876030134,0.04801170582335186,0.4896466711519548,0.45830960372382323,0.5654720719581482,0.9850901102011647,0.5431840841769232,0.6095425808477312,0.9553062299005671,0.9344825742101024,0.2603593512894709,0.9631537700046656,0.6003484383493843,0.6025645336614687,0.6170361802613199,0.9252505440119241,0.5553863342593931,0.32613847958012204,0.45265190953817486,0.4721821258794202,0.9322596937438742,0.5500305316701134,0.5794399699611381,0.5493677489275429,0.6023035482855656,0.5553080457637668,0.5906748225682864,0.5729424027316988,0.5524213247917857,0.5594063859848943,0.479623195729507,0.6031274399836364,0.4514821932367464,0.5782643180001387,0.5721344790548305,0.21437269178873483,0.5968972985535469,0.5106193669380389,0.5935714706574293,0.9622671386387976,0.48466577008105194,0.5705589646582099,0.5030113243474553,0.2837367500866989,1.0,0.6062587885844611,0.6017807770284409,0.9229833964802041,0.6030038669097028,0.5092922794087101,0.5441435834706334,0.15286813303258223,0.5072591733597295,0.45994460153484995,0.41305449025689983,0.5617069882260047,0.924392363162433,0.468375042848591,0.9366433579045982,-0.1266900392405744,0.5818027827078868,0.5974528035359681,0.5936323715454237,0.10366495196461414,0.5853918453365199,0.5919310886071729,0.9671886030591019,0.591549072087401,0.18758292127247664,0.5921095222836164,0.5539047575707938,0.5161484348864104,0.3408040255146413,0.5347102031270701,0.5372477864097316,0.3748379102794679,0.44455856895308815,0.5812093821226046,0.9863493056557012,0.5764862689247413,0.9932022943208452,0.5180698257729937,0.10245145923929613,0.4504235623087452,0.6041255637578427,0.4700306164862242,0.5066562288473888,0.4889371400414482,0.9767029749129662,0.5739541277872555,0.5622371713250336,0.9313657147418013,0.2292397195517658,0.5949777635099036,0.5588164272721207,0.5399635894632778,0.4918779547078388,0.9309689375924151,0.9868322221745603,0.6011572126557712,0.6049569733732738,0.509033752288945,0.47254423914330335,0.5543336870789362,0.594262005006296,0.1530317197138349,0.16584219655825266,0.5159382177057419,0.9077509919750324,0.5480039296278356,0.5035249163003733,0.36687661269575067,0.5123157386917773,0.5350784822791217,0.32917530654857313,0.8789963900649165,0.6130292096738345,0.9422000593889671,0.5961468951286769,0.17678108859357272,0.18345692118232174,0.9174048294123552,0.6040341272513033,0.5574151997474571,0.2890255379878673,0.2690058428011626,0.9567846597884152,0.9572081255161131,0.5729078386424807,0.6022878264998438,0.48538542855873384,0.5748693017799427,0.6015230466141498,0.57179698229271,0.5918115439848488,0.5579220715616995,0.5804583042795431,0.6001416605686983,0.5653558599549294,0.5896884496043605,0.5878909211219981,0.5482284715997991,0.5643251708465649,0.5885718181132479,0.6025489244906895,0.5994510451955325,0.6008238075661442,0.5363045346674411,0.5885492568513431,0.9242807733900608,0.5420688060449937,0.6016124615034985,0.6108128816864823,0.5536159734489845,0.5777625626284265,0.36252895290984355,0.5807969240343804,0.9766979303648832,0.4832381691632277,0.5752494323447832,0.5789413866687578,0.5958923509514593,0.4840713448210867,0.5958918362725095,0.9306292758176068,0.9294634155054019,0.611467097535514,0.9006859590980342,0.9474149127180913,0.5951227677463226,0.6777681441034714
UCSF-PDGM-0193,0.9801274076805666,0.9266477058757587,0.790242050188463,0.9692841035843878,0.9509986069505567,0.9554884201172295,0.9843418607804504,0.794463970089713,0.033054926629331904,0.9663905302360527,0.4941955814175826,0.5586802272412136,0.7804299735473759,0.04957954511889512,0.9020724035702894,0.8330426116194917,0.6172950859046012,0.5780801761484389,0.9576452200940906,0.9831297541012931,0.6265457852527735,0.4803469925404695,0.7079179587798348,0.5806149340998494,0.9707612993187589,0.9832436776017022,0.9809816646700146,0.6317510475954273,0.9603446822858507,0.3681122497674017,0.47926086384856637,0.8247690277718382,0.6272276169923084,0.9704458066553787,0.9907004607155925,0.9510166251577198,0.9814467493854929,0.9653300952338766,0.9851644125209925,0.981564912948137,0.9715183451848595,0.9647478519375163,0.9266998739906407,0.9821926090199009,0.4953446215604043,0.9726436976532433,0.9685213778505933,0.21614014860969288,0.9929372342594797,0.9015015872097452,0.9975947725177626,0.5888381944960743,0.912222704534583,0.6101749998190371,0.933512091117388,0.750396583326626,0.6062587885844611,1.0,0.9604277925208756,0.4544666096882272,0.6279150108065887,0.867519887498502,0.9645387730867937,0.17666045707118078,0.5540681025800834,0.9130749850996975,0.4574647699633688,0.9741070673892039,0.6359264321858161,0.8039467783388419,0.47989224394682056,-0.14326673404319182,0.9677586022952819,0.9459299795124069,0.6331318820062873,0.5025495912761104,0.9471857082215427,0.9583213482151389,0.6121257167130765,0.9974924178375041,0.22419233096188543,0.9427589121421628,0.9807772752644982,0.9365265233566585,0.8394990906052622,0.5785677257330772,0.9580791680104592,0.8100859100448037,0.4786066763512708,0.9355837719630382,0.5806775865278836,0.9500549771570655,0.6104075754451656,0.9153420898921591,0.4936871364169563,0.88132341835166,0.9436264356287853,0.9082970071955692,0.9339823569874278,0.9175904558192978,0.581808021166402,0.9906447623220516,0.9824113417999518,0.630042871174219,0.21083920562553451,0.9962440352618468,0.5975766808018131,0.9328171644395618,0.9148574613646061,0.548226667903121,0.6017517498060764,0.9781172806766837,0.9993718639358237,0.5572210805285124,0.8928824843618169,0.594151468137806,0.9479512526640079,0.193326642395786,0.15505538049938822,-0.09382129033770137,0.4852315412434419,0.9373276442804933,0.8937896415944797,0.8777794579013887,0.5628696200628083,0.95298522392464,0.3663442743223516,0.48921061092711793,0.9925070962572647,0.6007957012849429,0.6329047996917694,0.21014219165045464,0.6153513501492579,0.6066545147619646,0.9976637335077851,0.599683991854265,0.28732563628406943,0.26898846214961963,0.5912597163061688,0.5782715130977567,0.9836688483749554,0.9462320996962522,0.8297371706872211,0.9078225216463743,0.9464149932041515,0.9770775178568825,0.9731330012204813,0.9809274039948743,0.9301418423102806,0.9800654747530171,0.9231480537500465,0.9415450964174952,0.9624964026572166,0.9661327425335355,0.9742972217631543,0.9411158611681544,0.9461374181225053,0.9492209029539267,0.9464817669487754,0.9340740062084235,0.9619418542068275,0.6304198203416891,0.8979293832135071,0.9817307391507789,0.9682860311932174,0.5980430619454787,0.96389607858244,0.8178938361260646,0.9632047985134551,0.6232152230244099,0.90759739833147,0.9756887971210148,0.9645920925240424,0.9434436407207483,0.9161843920767192,0.9844161483105972,0.5739346271683595,0.5041707307626105,0.648172885713677,0.433760013420458,0.6135418636978539,0.939879709726812,0.185784058455195
UCSF-PDGM-0194,0.9922764467645775,0.9395873148003918,0.7440123558093493,0.9842685554783386,0.8645651875276932,0.9578123416311831,0.9255559928540223,0.6640200198392726,0.10359528472627771,0.9414389305905844,0.5820829095918421,0.6230511713734472,0.7006577770140293,-0.011453179635394961,0.7590765062663695,0.7631293871992352,0.657708319815048,0.5612218640538311,0.9415165815479024,0.9902084820843197,0.6926695290932022,0.5347778333642362,0.6221187271894878,0.614771604278866,0.9970326119884497,0.993473954164329,0.9925064656613669,0.7098073674636484,0.8546979356172921,0.43229466585218834,0.5680053764579732,0.6808218769547055,0.7110700418897973,0.9092842427364645,0.9716800249860221,0.938263981826686,0.9940964949905909,0.8816312889286259,0.9621615689693531,0.9460075973850998,0.9561678831075736,0.9533142986406089,0.9248097359388874,0.9905520796618875,0.48711282687409396,0.9616903551484305,0.9875944460265476,0.2176392174039006,0.9748509306959542,0.8595225005901617,0.9650537166130636,0.6325533656395126,0.819879050117152,0.6721920886953295,0.8676738182601735,0.7018068755699862,0.6017807770284409,0.9604277925208756,1.0,0.4142868339490433,0.7110410449607711,0.8114854279969056,0.9340694606813703,0.30904994305062944,0.561346568369588,0.872910982033524,0.44636137922923985,0.9487910468644459,0.7161569295376005,0.8646461718300039,0.43386874481796295,-0.22991832533016127,0.9674896767214994,0.995565318831107,0.7148284239895328,0.3805350684193661,0.9884501258394524,0.991989168109179,0.657374741781106,0.9632966241916788,0.3055803672044478,0.9976818467431864,0.9183116315874136,0.8279076843623046,0.7409326627345139,0.6521386209356927,0.8783956916064044,0.7155969891076043,0.5147317849691655,0.9862547979335063,0.5655681246361327,0.9927686354593599,0.6013481671574742,0.877093386573691,0.3728018149335029,0.7830420348942907,0.9945799888461566,0.8078772144534178,0.8133833250975039,0.8676731452479495,0.6090542375574789,0.9606724250389335,0.9436610839671931,0.7134301735189732,0.10594039530250925,0.9525388412522363,0.6737377929064003,0.9622607760764064,0.8349786558381067,0.49678477072240673,0.6277281828271002,0.9893302266735431,0.9580786729900315,0.6247800504165999,0.7669036817776438,0.6234314745681078,0.9979381981124952,0.32548108344092014,0.08679745209451274,-0.1087142925183008,0.5392534375358929,0.9054326546561932,0.9294770442376145,0.7893614051992492,0.5973469046719553,0.8777044444490841,0.43409335971613716,0.367013256653155,0.9837017370891612,0.6756863338787328,0.7159455019970745,0.17265330242768814,0.4828588167127255,0.6844051358705381,0.9476883542003675,0.5902983578954588,0.256834528447794,0.2569324576484673,0.637591488277941,0.6190817778409503,0.9059534744802684,0.9977989472510074,0.8893666759450287,0.963140920813902,0.9976283303706416,0.9257816220276369,0.9915341982019698,0.9587190901157129,0.9309874835636381,0.9808215430387544,0.9662509228748876,0.9962118226461608,0.9766245192933135,0.8917523107330969,0.9451363718327281,0.9880895371600287,0.9978316630040344,0.9987352167724985,0.9973927873160015,0.9054437816137353,0.9894636128265554,0.7192520833891808,0.9366407764727992,0.9846998136435481,0.9967683763293789,0.6073350010861569,0.9599590813122236,0.7858705455644822,0.9695775205425723,0.6713691048157339,0.8389491227342484,0.8896434658665422,0.9541053882408921,0.9960450139586818,0.8447000629113947,0.977408061949445,0.6184154493081875,0.5161749850953038,0.7009692427383992,0.4108285750207431,0.6877912809525875,0.9953354125551742,0.22867095735858975
UCSF-PDGM-0195,0.43999250068546836,0.4530509116355231,0.35365618695452,0.4349276917144152,0.5132399543488535,0.4214680066255094,0.4268672366408341,0.4142847188188337,0.011544347429288261,0.3637157223403303,0.2626189501011094,0.31670629085128743,0.14839646396515768,0.012067891382198789,0.37034927730725165,0.4709195389747803,0.4193125808471264,0.9651779422622296,0.42684115627465996,0.4533953690318578,0.8430764304354074,0.8918762034061463,0.10167625185390888,0.918095904547867,0.4324057326595776,0.43291662607793896,0.44606461098861777,0.7910287757455211,0.41736874772856697,0.2025489989750015,0.27846671648673776,0.48262965974180255,0.7855107714660279,0.38534440911297174,0.41171269324190785,0.427534331015135,0.4334200772770325,0.48657537852545635,0.454884315561323,0.4448723698104604,0.4004351124352068,0.42446363904989265,0.28948177395935476,0.42412518530547405,0.24471131838147056,0.42186245293274194,0.3828976879764436,0.1878686759617181,0.4452588225847098,0.4694781610800832,0.4298888824761573,0.9162335589404331,0.3269725135353745,0.37356671806861746,0.3835506834647221,0.1555106393525373,0.9229833964802041,0.4544666096882272,0.4142868339490433,1.0,0.4298674856728681,0.5059273209756351,0.4444737631454546,0.0678910095022302,0.35825322466423526,0.3752996176612273,0.24211301620294803,0.3954092873693954,0.7800846918316762,0.29792046688046225,0.9736529556479012,-0.07157846332318374,0.42594071435329356,0.4169011389334486,0.41146784660902636,0.1442575929772656,0.4304790723583763,0.4345034531518844,0.8930029145567447,0.43321028826796054,0.13053436883371072,0.40145680760155017,0.4131329073799219,0.46622469187100574,0.2240184731108955,0.3385325476025775,0.39103426826602655,0.36882826575527633,0.29351385436426164,0.4259856301996525,0.9481848829228061,0.37292183898579656,0.8968375935918719,0.4620244954927499,0.1594743949702404,0.32647000607517535,0.43259123450174286,0.3068271835622051,0.38632408274767194,0.33619031143289463,0.9278862314693137,0.41616159058711544,0.41809338074282004,0.7798694762240345,0.24185859572496682,0.43814835180530953,0.4125712642458375,0.3756955672197742,0.4293971535147823,0.8274530337860515,0.9216700678630141,0.4449930249881905,0.44633252792541983,0.30519411419788167,0.34023834241612766,0.38522833486683433,0.41511790322430103,0.028133582143739573,0.15003982357816398,0.5645787755524772,0.8746911980698114,0.5099568396419559,0.3588767914723826,0.3055646454936973,0.31796814298936277,0.3732110934592381,0.19335600072949227,0.8639039007845887,0.44751880019771045,0.8393672565163751,0.4051145415407475,0.009707681614899452,0.20215308769793536,0.7775132829414388,0.4474939372803885,0.3584651337317064,0.2993331661787374,0.274894387221374,0.8917924272337402,0.9059880126776799,0.42665246483134583,0.41406778579686987,0.31753256940720814,0.45588215781434555,0.41471068611906364,0.3894860068186436,0.4316970243702719,0.4024088226505684,0.4923449669564423,0.44280377513061225,0.41151443088309586,0.4035579002584383,0.42888718521219144,0.4693654231478615,0.42337146001765613,0.41850997050135613,0.41382108071559426,0.41220970104591115,0.4152136969332464,0.4123879214993487,0.41726188936554026,0.7597260277230627,0.40635808021503694,0.43173222457428534,0.43987864295046347,0.34806425291352583,0.42930308798594063,0.1889156355966183,0.42469198006012704,0.8518169561471526,0.36110076957120896,0.4192198075147114,0.4858415424001391,0.4219553178216821,0.3513158323778098,0.4284595001957235,0.8810634528480662,0.8092222134284183,0.4152926204339691,0.7912602227244481,0.8270653908482756,0.420644143435701,0.764199036543964
UCSF-PDGM-0203,0.6877737359866293,0.6403354667277208,0.31705241912551996,0.6710687165327215,0.5177062815306555,0.6488277961755855,0.5759474968965124,0.26286692557175856,0.5960024393972515,0.5603440169813266,0.9434787002588191,0.9324353216568194,0.27697941191555164,0.4251695900222446,0.3889290736516726,0.4324225488108269,0.9348482678675212,0.5690273418582344,0.5929033663331932,0.6846286940644363,0.7045159497305978,0.543474884519214,0.19922200015511654,0.6329016783802975,0.6948356381971668,0.679341873305031,0.6936677007542396,0.7147920659979816,0.49468444164443937,0.8616630956121797,0.8859571837770073,0.34118797165296966,0.7174402023115093,0.5570953067614036,0.6210633963869471,0.6089453931568153,0.6817932392468959,0.5211377728476254,0.6357748224790669,0.6037565891849683,0.6077334151556582,0.6205535001800024,0.5379781172019467,0.6820422810936764,0.7990673703963372,0.6418392712815777,0.6646165437687469,0.7312087365030984,0.6429002422670743,0.5215010930372447,0.6235621442726588,0.6493999961301781,0.4563738808880851,0.9732288806540651,0.5066824339813761,0.27836462998414035,0.6030038669097028,0.6279150108065887,0.7110410449607711,0.4298674856728681,1.0,0.4860669647745923,0.57833826098044,0.7382648156263001,0.8849548052468865,0.47125246965203565,0.8118297256971622,0.6057804064664141,0.7204212038012527,0.60092688365987,0.44626005334776186,0.2345996884921451,0.6562166151849801,0.7220690448136559,0.9922047667170459,-0.02996887511170291,0.6983739889455876,0.6958967995395519,0.669137716585058,0.6197785253190556,0.7468199592151471,0.7201164100231792,0.5559502988395681,0.45816811281316194,0.2774537978395091,0.9549882892115894,0.5243238682329184,0.31037935433629654,0.8617570331008493,0.7043943683007037,0.5694828294016635,0.685291818298656,0.5953518248493281,0.5466400338808084,-0.007984646824179957,0.4163534205968497,0.7249146875368667,0.4091756123032558,0.43814246511982063,0.5144763015544095,0.6214829214195065,0.6088164300354807,0.5920847556516278,0.7183511074036246,0.4773923007608637,0.614446695003481,0.9710178435767873,0.6446365652612922,0.47687461588003544,0.47723787963029995,0.6357643330443575,0.683344844871524,0.6239355652749011,0.947126065805862,0.39724065619128923,0.9548256789018686,0.715824788869822,0.7346647997999947,0.5501163402244383,-0.12841741396167825,0.5516391076598777,0.5725006326500313,0.6104583531709953,0.3385984861714323,0.9143300903965776,0.5004841480833665,0.8283657486980177,0.34844559444375356,0.6688853905575524,0.6929368639248037,0.9949346349938895,0.48101741313262575,0.06182124566196905,0.6806453304824547,0.6122112314747047,0.8890914925251668,0.7305947065080152,0.7429383559598157,0.6574686747214176,0.6396366371959588,0.5535750639864764,0.7272867736150891,0.6186118883662857,0.6895040185502831,0.7264810913479802,0.5865232430111222,0.680572646880685,0.603725512286682,0.630784530851408,0.6711671073461588,0.6875284455256496,0.7180965219732395,0.676610002211854,0.5258328852485095,0.6078032065400987,0.7121226265862224,0.7275590919062978,0.7185082613429569,0.7257359067608142,0.5826072166814943,0.6889943446869298,0.7250461150641703,0.6599717970450344,0.6762734518126362,0.7071154690918674,0.9117066252232686,0.6478692972967872,0.40299069459748954,0.6627070431174463,0.6736652742436267,0.4859039473030712,0.5424844641153126,0.6339919095910629,0.7175938103706199,0.48200675905789614,0.6582933504137958,0.6261657605823988,0.4951295110244732,0.699919119587564,0.3868716958508904,0.7004961191317253,0.7196936173565339,0.2545025041331749
UCSF-PDGM-0204,0.8590721799363455,0.8126427771698732,0.8868901975938728,0.8377912189205977,0.9472207531518365,0.7805583219528169,0.852241733009041,0.9085201550766794,-0.009757580255485206,0.8332549295945482,0.277192221586167,0.3348820456804306,0.6366534727146204,-0.015582920370708525,0.7697948827947205,0.945508954273662,0.41385361802989595,0.5311823152683791,0.8404097453534659,0.8561637388927319,0.4955060691025884,0.422087246252893,0.5581455128806989,0.5249083623630897,0.8462598820061565,0.8569825936614672,0.860515147136915,0.4531697937528736,0.8233503151184468,0.1902759267064755,0.30609192299400867,0.9281030892980233,0.4550790268734133,0.7923801127215278,0.8519026284127845,0.8114839045996943,0.8553867944602938,0.9362269074776645,0.8492937369985213,0.8529825277249145,0.8189804023347483,0.8281754995513091,0.7829919877176234,0.8118610123581665,0.2627813472038737,0.7971739939896545,0.797546281632702,0.21151241373442098,0.8563605207472794,0.8830971589890828,0.858646154167593,0.5206456078468715,0.7400130382675352,0.4053420670083044,0.7973038385605276,0.6248843441451186,0.5092922794087101,0.867519887498502,0.8114854279969056,0.5059273209756351,0.4860669647745923,1.0,0.8968999134152725,0.06836149656549723,0.3689162633849128,0.8435284663213579,0.2340523276966475,0.8498184331500135,0.45024050063399323,0.6972502164170515,0.5162200700661229,-0.07568230387178249,0.792829231464293,0.789882285892825,0.4459129274790953,0.6493516750358939,0.8222249182016755,0.8320120818473515,0.5069957469299661,0.862596968722515,0.09479185713963531,0.7862486106713149,0.843377530243169,0.8930077912964326,0.7447392351588694,0.36186361801239697,0.7772704774541576,0.9251044795157632,0.3017932655481204,0.8132728494010433,0.5096865792925631,0.7804217568236943,0.47931016577107277,0.8414762391529099,0.6668013249539021,0.7589504798724509,0.8313833870079091,0.7667549735604878,0.7963050493932091,0.7515372918550801,0.5151982791588199,0.8531542419575131,0.846158902365128,0.4512783573822267,0.24767960492900706,0.8674516688747859,0.42766623368591955,0.7520527920772723,0.8413924118402283,0.39015988303196136,0.5103254806800706,0.8527462547488796,0.8631630667625658,0.32310238847448236,0.7698150261484894,0.41318519320735686,0.8079150360032823,0.021479700607543305,0.18984304259349366,-0.16396652689878077,0.3729993120626414,0.9495880444714476,0.7208708353708371,0.8487490021958962,0.3357968553646958,0.8066378596785349,0.20147438829459133,0.4414448679526662,0.8677595585766205,0.4821955843524909,0.44764840100390374,0.05576733801630666,0.7417485707585654,0.4094060552165811,0.8674557821641505,0.3828525030088685,0.28870382983745957,0.26606844387827683,0.5224261553965261,0.5248708274095603,0.8527839622366767,0.7935945163815277,0.7184369209491666,0.8865583780117902,0.7930914141709907,0.8088016054056327,0.8451729022787312,0.8422580737169646,0.9542464555164253,0.8263943118162844,0.7589856411544208,0.7833418418337209,0.7910434312350192,0.9192374581661443,0.8409083055686913,0.7815112400814799,0.793754525435728,0.8120683093438781,0.7925948162220906,0.7521958903344708,0.7957203606649871,0.4497573405450067,0.7318894587481598,0.8097429109808586,0.849909623125631,0.38833691603884113,0.7903049929540769,0.6367313971803056,0.7898478535338249,0.4754600446753999,0.7223716605770091,0.8276039535336698,0.8910754276065868,0.8274502187176004,0.7902961673412741,0.863311874249739,0.45796769532210796,0.3482647097921366,0.4622634583360535,0.2603452831657695,0.48305349477237797,0.8247781997338105,0.16702118363660254
UCSF-PDGM-0207,0.9577643813504187,0.9652969150029018,0.8944193521043831,0.9750090615901841,0.9532648454647922,0.9670552730471521,0.9759461138030517,0.8503100279822174,0.07877116714714222,0.9505604389314992,0.4362489153830492,0.5069451121591596,0.7693266059166499,-0.05425978022902339,0.8534357509434566,0.917441988103357,0.602955774591694,0.526213247932512,0.9875100105478183,0.9669853841172622,0.5843286342882876,0.46775352011757376,0.6907253554354403,0.540454682556606,0.9564918783877492,0.9616654622995641,0.948647356018072,0.5971985058459812,0.8987712142654404,0.31212412309688886,0.43198619699868845,0.8078817270134854,0.5787252564003739,0.9528612174653833,0.9662552985614143,0.9811462483632588,0.958622774665613,0.9698161646155902,0.9833213963772569,0.9885900369232622,0.9839517297538165,0.9878058217438048,0.926512709501582,0.9572299728445962,0.4059507343264281,0.9733300566133949,0.9591015368873823,0.20508322201696333,0.9759176324649355,0.9611390735780618,0.9687633540322484,0.5657193829949033,0.8989932524339561,0.5470325796874478,0.9677771273030183,0.8013354269912946,0.5441435834706334,0.9645387730867937,0.9340694606813703,0.4444737631454546,0.57833826098044,0.8968999134152725,1.0,0.16029432998258722,0.5447012131848983,0.9641837111954606,0.3428310027662538,0.967820412707618,0.5946565710492542,0.7852576203432466,0.4512066685757653,-0.1365728115075884,0.968780801883118,0.9327067751802021,0.5891620306085747,0.5777225755799857,0.9535671551741325,0.9575913982211537,0.5815222100712226,0.9733298092774693,0.21721212841563325,0.9247827808157411,0.9722550066936818,0.9561627375007795,0.8145237991458031,0.532294211665619,0.9453669143951173,0.8746042480182189,0.46079283008013544,0.9452251504590937,0.5507122584484652,0.9231218662024081,0.5511289401779428,0.9752795953561697,0.5977817744246721,0.8999023181561631,0.926485305193317,0.8617614941760916,0.9125619745117851,0.9458245037722123,0.535129657120474,0.9817358691476217,0.9867547055998442,0.5797603794475511,0.22205492946600397,0.9661553638456472,0.5816823657787047,0.9497932894548408,0.9690500198057134,0.43159641539266946,0.5668380642970154,0.9721115103120657,0.9603543495197748,0.48886142079641864,0.8651757480949582,0.5495911829904546,0.9343082418150391,0.14961175916751804,0.16355289072026571,-0.10381123363166998,0.46264873690178693,0.9725691244559651,0.9289812948678652,0.8646327347826076,0.5195526311875104,0.9002981775170993,0.3694207958233264,0.3949643871058726,0.9589629123714393,0.5559858384640411,0.577269778524808,0.1847863053159702,0.7016055232969566,0.5783324948861902,0.9530459795195692,0.5076958789861196,0.2632206672851124,0.24702138691478445,0.5521434168509564,0.5429257614454788,0.949229497350299,0.9234092234928032,0.8180637455952976,0.9115528495803755,0.9254083516696924,0.9404841201670265,0.9706765897540813,0.9862245403282599,0.9360927598975126,0.9700693652000397,0.9398023905228033,0.9284862187262841,0.961205082814887,0.981579710685687,0.98727371474625,0.9400268207686957,0.922652851379258,0.9239149166718466,0.927006036362144,0.9585508539154639,0.9549466990340072,0.570462526446727,0.9321354630326716,0.9621760106732771,0.9452137818163071,0.52817294162958,0.9684846815093012,0.8652501780448142,0.9668544102658247,0.5672347795277258,0.9386655921690436,0.9153766188903493,0.9854279436721551,0.9281456001336955,0.9424371616606281,0.9660922804779204,0.5773772849968049,0.44991992346904813,0.5781210687285657,0.3488022967645834,0.5650668150200934,0.9262915856052304,0.16995122777265298
UCSF-PDGM-0209,0.248969470583426,0.2947923194654847,0.05284610591409819,0.27991199442673625,0.09119075598873021,0.2699321866235226,0.11105132152507677,-0.11798328796823371,0.8462841702255571,0.16015006235349813,0.8690665437701256,0.7517796398836687,-0.08455304057884447,0.6088502891839659,-0.0783073587619909,0.05812089366951913,0.7018090790394353,0.14180653857087724,0.210499419979703,0.2678655491891827,0.31164192148257125,0.24272935609863613,-0.0845742303603429,0.23989692953820058,0.2870417669302365,0.2526479168854815,0.25791549058579955,0.33951508777204775,0.029787494138894765,0.9212405716157618,0.7852061022359929,-0.07414911565085472,0.3342686055176145,0.095038211294763,0.19045828102014978,0.23660990945195204,0.26114887613330845,0.06080205913619173,0.2213696788126767,0.17855905772492278,0.20496616325861958,0.22335445090209713,0.1558105655293796,0.26542305765015567,0.5873971391853418,0.23491327977036938,0.256845198421879,0.7547105839323973,0.21988434608418944,0.1769929556610522,0.16911332124533462,0.26367497622276004,-0.013676845066176467,0.7383628869108944,0.07848674561557233,0.014426291718011554,0.15286813303258223,0.17666045707118078,0.30904994305062944,0.0678910095022302,0.7382648156263001,0.06836149656549723,0.16029432998258722,1.0,0.6424153454083122,0.11971575471225157,0.7047403909539922,0.14026869397360706,0.3393946581159809,0.22119275276442357,0.010000828815878342,0.3956997368034385,0.26289494597793506,0.3384767186788952,0.7451473453281835,-0.29985266930848825,0.32663404943824054,0.31301473088021176,0.2813642648172567,0.16924756298601754,0.9616757174034177,0.33518128572937644,0.10564320789693082,0.008777237971817198,-0.045980690361712546,0.7619201107855395,0.07388946977132832,-0.09418576981498822,0.729839463585447,0.3418226105144125,0.1167478683821244,0.29535309272857874,0.12484651363159723,0.18494388675956225,-0.3222823331543032,-0.04275094809471012,0.32892165547413726,-0.04080997873849703,-0.02370154782737212,0.07644758803720002,0.2220445061765205,0.167650800123888,0.15288788760672045,0.3315012463750741,0.3385227672742805,0.14485820723468343,0.7782932342439621,0.30634750494999136,0.058869647631821835,0.046044378415055216,0.21661040065748888,0.26637462661667277,0.16390757009491577,0.7859449039659424,-0.08899781025660135,0.7060592007372,0.3309161159400119,0.9709122926075934,0.48635885033249676,-0.10753349117707038,0.3034263087523886,0.1728891012562454,0.31938112471761604,0.06751919469968627,0.6900724006009993,0.059793512228222476,0.8380574021268133,-0.10404225872231787,0.22242948113529729,0.32759525828962077,0.7407878409797904,0.33781476864480486,-0.23528994548791046,0.31992356458405463,0.14315708844891634,0.5858439733429889,0.7308805252741499,0.7837535012615116,0.2804792450569904,0.26768211841385187,0.0717742690879488,0.33404708650990983,0.23955989129310962,0.304712005351045,0.3349726462494155,0.09839776606230474,0.27448282693659626,0.1777319284668294,0.2309271135504301,0.26144347953259467,0.3394477497349654,0.34021001290212766,0.2934707279248628,0.08793715674532475,0.1644159839977468,0.3424605951977911,0.3336996642866688,0.3218679364815357,0.3357209567874266,0.21881219374479424,0.305886764576302,0.33155056449465925,0.34142843685373847,0.2656891080879498,0.2891878464183944,0.5962293451023616,0.26209441494910185,0.04603680697357399,0.27514098093530376,0.257916700408843,0.09467122694506613,0.062054622285777884,0.24536321649398213,0.32945606878806455,0.025730960481618794,0.20260198906604285,0.2771373534381203,0.09162536609400529,0.2562758942551127,0.013006338986708159,0.3192999979991416,0.3324429506367868,0.22719347294749453
UCSF-PDGM-0213,0.5565566165191214,0.5785275618088203,0.31207760550387875,0.5769905685642218,0.4769817141601727,0.6045741466287468,0.5624875196534863,0.3220308160879505,0.6894346823443264,0.520756500200098,0.8952740651432904,0.9282568215536233,0.37699067610230336,0.5288690220284377,0.458092090841152,0.4155685253653681,0.9632359591320218,0.46058009173191367,0.5704198514757771,0.5699197207294961,0.5436473778370468,0.42881996176479953,0.3250203757084719,0.4640356070377285,0.5602253514642996,0.5568448191779358,0.5531499584703621,0.5792049814674886,0.49343763378053335,0.8351668492345972,0.8244582498076047,0.31543963707804673,0.5566071622178214,0.5679985411882776,0.5468051446968443,0.5871888096468036,0.5520099442571097,0.4966718076277164,0.5828444231722126,0.5800593994305543,0.5833494078814458,0.5867352618064656,0.5034938222515907,0.5846177216126758,0.8969405296429922,0.6022241012224965,0.5797935200642078,0.7996982852673898,0.5697782865385848,0.5158607797676519,0.557965559800861,0.5005955687235369,0.520033322735275,0.9319262584934392,0.5665283893603728,0.4162595922843718,0.5072591733597295,0.5540681025800834,0.561346568369588,0.35825322466423526,0.8849548052468865,0.3689162633849128,0.5447012131848983,0.6424153454083122,1.0,0.4980687142494359,0.8593948848570916,0.5476441858028915,0.5788347125087115,0.4112294774445888,0.3708954756651469,0.4866302337853812,0.6027686847448287,0.5766089697001499,0.9120479838297199,0.09450546361144851,0.5705969786464558,0.5693312590851795,0.531851606030721,0.5608965384172843,0.7406636897734162,0.5664997637534297,0.5492542940196274,0.4958117444749573,0.3381044479856389,0.9365312471610632,0.5668543422105082,0.3264961488746191,0.9461454405509626,0.5678131968800509,0.5079011133480215,0.5561737548379226,0.5349919901409427,0.5546418496006147,0.114801133507697,0.49570230999673565,0.5469820913034025,0.450530436692243,0.5077928301533547,0.5679946840999588,0.4686319334492033,0.5678071306165046,0.5707178049467422,0.5617807686515891,0.7259088176070068,0.5514061528528065,0.9279722165082008,0.5874495356953033,0.5355928815387311,0.4378170401296858,0.5216048127696459,0.5741961249059905,0.5542168799117887,0.9197910195868647,0.46329671402892936,0.9764209658242637,0.5621914448544996,0.6457977794599278,0.7505456720612019,-0.05099333753539096,0.4186140035856328,0.47797683986581996,0.5693111649453143,0.2976100063383081,0.9700437358537168,0.4971126266377516,0.9066756535512516,0.3750527693424883,0.5521251732156561,0.5033577959644758,0.8978112521380331,0.7057226975268703,0.20520874314512058,0.5809634954418573,0.5436494757017735,0.9361666263155325,0.7948919258461705,0.7867218191120549,0.4794404366243951,0.465995602687127,0.5354549072149887,0.566370294863508,0.4387071720845547,0.48147402411416346,0.5684574016942558,0.5576218443500038,0.5715379939253007,0.5701604650463156,0.4687457415732207,0.5916478915732375,0.5915135579751776,0.5715461100392255,0.5999457669972666,0.5190026562488582,0.5818445162162302,0.5867817955523904,0.5655923959871078,0.5502890122207095,0.5701620359778785,0.6003248400936977,0.5877802419274172,0.5522536875357761,0.5961308078423893,0.5909374637903573,0.5540896731787777,0.9556521425613269,0.6031299636568647,0.5011846458994258,0.6027865292186617,0.5447019735813294,0.5774859573457056,0.5165364969949673,0.5490535862578294,0.543589480356588,0.5334773790990355,0.5547509516003736,0.5430041701378788,0.4795023359973164,0.5705495959062586,0.3875019968103829,0.5209004055364077,0.5455593379259103,0.08805904592968926
UCSF-PDGM-0227,0.887273748814573,0.92614819297067,0.9160666866280913,0.927562242123138,0.9180202056962868,0.9249844184824736,0.9254906823550086,0.8824177728408524,0.08047647662554917,0.9579133779593383,0.36999120553984016,0.47156451137568517,0.8420148848645772,-0.017860839556283547,0.8375381401588307,0.8780309979279698,0.531912705263805,0.4378230939028427,0.9723509321144509,0.9073395575140439,0.4806567995901479,0.4351987814678386,0.8041880585043234,0.4338963358364981,0.8983253344982385,0.9039605263698447,0.8800185777586378,0.5027482693587845,0.8762076783879394,0.2487004838538832,0.40987431742559305,0.7889755882971511,0.48342705837541944,0.9100974277006413,0.9369250438577095,0.9519865415144497,0.8998328433024483,0.9298881132180873,0.93890420524293,0.9528617934068755,0.9579750253524402,0.9501810881576617,0.9370592177065323,0.9047065958117042,0.403078928609723,0.9285604045802555,0.9152657395188509,0.14216893305036696,0.9360487762265634,0.9550146398302928,0.9231350647238699,0.4659805241128711,0.8617643387984918,0.4811054734687619,0.9392591234008063,0.9049492605534373,0.45994460153484995,0.9130749850996975,0.872910982033524,0.3752996176612273,0.47125246965203565,0.8435284663213579,0.9641837111954606,0.11971575471225157,0.4980687142494359,1.0,0.3081270777478272,0.9062020834780895,0.49838546305010806,0.7177861427898844,0.36718579552741937,-0.08682728327495692,0.9243831626215262,0.8655562986384184,0.49507930271242745,0.693131642328664,0.9005650784094749,0.9048205574653142,0.48434992475940486,0.9306211990539093,0.17512998979753708,0.862047431924391,0.9338786608390487,0.9274737308012894,0.8867337861610978,0.4865665784579206,0.9103255056574702,0.8787392499036694,0.4670485997222328,0.8900696776442991,0.4597966599873448,0.8887217855186713,0.46824120468080577,0.947509928928848,0.6397424456888399,0.8590669017154412,0.8496872287353296,0.8783070785738872,0.894225767688638,0.9062832619019181,0.4433483144016357,0.9466803292730737,0.9455198147391668,0.48573579665371025,0.27415523923344026,0.9080124187682727,0.5032075492405806,0.930659684764921,0.9361055506771103,0.36625453869949465,0.4774653807310619,0.9092261792883527,0.9099414269823701,0.4358540574145608,0.8305824806157311,0.4752145588630537,0.8726487353580614,0.10617976094107795,0.15573342352286665,-0.07245500347811952,0.3721851762330521,0.9190122870666669,0.9347145547521045,0.8544473436599677,0.47731543945706917,0.9130323857780502,0.3702976252080554,0.3542042510475038,0.8939000610787775,0.4413045549157048,0.4798675708951617,0.21785135189649107,0.7801969130836165,0.513927301107146,0.9004431371834237,0.45474718901460676,0.2059460513360454,0.18559687037416578,0.4429811465593244,0.43854498422257354,0.9003659189585362,0.8512181863933141,0.75317639429749,0.8397910770673555,0.8541556905574921,0.8817705232909857,0.9169039141178272,0.9547601109741237,0.8751395646379304,0.9206260981281317,0.8894168705612,0.8688137113710562,0.9140559684396854,0.9564981117148771,0.9334270059498194,0.8795299369536383,0.8501217313011289,0.8573447985845016,0.8565499004338661,0.9329379756400007,0.9088607125634443,0.4718410447757486,0.8938336239179667,0.9105617896228718,0.8747380310235033,0.45884813827809845,0.9283887717055948,0.8767723324975213,0.9209994692936888,0.48247179906917903,0.9261287091028216,0.8706114829619295,0.93728589699139,0.8605664746942334,0.8979567654329855,0.8935950125255876,0.49372962114098307,0.4411344027411231,0.4784023638324734,0.3086167109514434,0.46347654942446376,0.8587186179321082,0.06933064724745162
UCSF-PDGM-0228,0.43051002691148366,0.37722410654968425,0.09620057706329872,0.4151987295243538,0.36343857622740305,0.4259374859555691,0.4096929970977938,0.17448986800291696,0.6464616666505079,0.411428888995883,0.8914802761437837,0.8640743092802003,0.2770633258709402,0.8203672511706216,0.39716536002710434,0.18344088903730832,0.8327712729839943,0.3638369427664143,0.38501856465460005,0.441898698809212,0.40712135224094387,0.29752540535270977,0.26157844807847436,0.33587098996576226,0.42997861194138715,0.43546071008058596,0.44933318023859076,0.42653531324124416,0.4561686437449256,0.9054379444617037,0.7776014121690242,0.2803039530379005,0.42695932167109735,0.4214376505084786,0.4385568215480167,0.390030210727138,0.43258548266890373,0.3608652885287817,0.4336865936372618,0.4177845136898045,0.40532619670726894,0.3936859269647409,0.35344942623334324,0.4634636112193586,0.9007196061437287,0.43666850757284803,0.4271052576094489,0.8259789933800326,0.44887894805853107,0.32043673358455815,0.447471303390862,0.3457769253804062,0.3629902527990964,0.8794124971852394,0.3481849755791313,0.22800465273305046,0.41305449025689983,0.4574647699633688,0.44636137922923985,0.24211301620294803,0.8118297256971622,0.2340523276966475,0.3428310027662538,0.7047403909539922,0.8593948848570916,0.3081270777478272,1.0,0.3819482282081622,0.4351852898317138,0.2893420544377538,0.24795703332323926,0.5700892841639863,0.44051765049968294,0.4363974726373952,0.8240895264425423,-0.028673468496404265,0.4120226736384943,0.42161986972435517,0.3825093911051388,0.44470413197076264,0.7815253895212434,0.43577478545596854,0.40047572612307214,0.3343404499816996,0.31587008363466723,0.861282506501326,0.41805464626604466,0.1291075581595625,0.8549552777589212,0.4045878501056766,0.3550067730754158,0.4509162376665643,0.42228969895171065,0.3265392377806118,-0.1162156114057919,0.2905126078392627,0.4195474312299621,0.394648514078288,0.3938561632821866,0.33931556062724366,0.3557123630286785,0.4254495459669175,0.4007565354691593,0.4346365928663077,0.6731969991521245,0.43643485647319713,0.8149585830883043,0.4078395884456157,0.3003145276710466,0.47654123428507505,0.3809315267009763,0.42444213038033995,0.46262259963845687,0.8947008894815149,0.34718214458905466,0.9043063305625602,0.42881701056134036,0.7406984016046199,0.723939560319427,-0.03313910456510609,0.32042505482501626,0.2977473620617335,0.38184926120504403,0.3115777936671185,0.8791904812960968,0.4634622066612715,0.8114176009510916,0.3886926870040847,0.44710424962555156,0.38188068982238615,0.8276483628237115,0.6229977371655514,0.010109197235382776,0.4256005584099248,0.46138341046080134,0.9352805966969427,0.8531120763341208,0.846516134350061,0.34732243351886094,0.3331238125862123,0.4302922708924028,0.44043060065076367,0.30438365672613765,0.34733881679559886,0.4397769278898138,0.43817123785843404,0.4200097676950549,0.40253041110169424,0.3462115330729999,0.45243084132871786,0.4089289111847914,0.434381585752596,0.44449019222751657,0.367640132109005,0.39129817387487165,0.42927988963439995,0.4406559652321931,0.4344713685199841,0.43918612468773516,0.4062166489924661,0.4435571409407836,0.4400951254005883,0.39289468891015433,0.4612698517986003,0.43512491888206406,0.9033727239359568,0.43887294173736124,0.24562128992210655,0.43632350060841774,0.43038467315639073,0.3672058901756754,0.4581707252303556,0.37808973587806005,0.4161368474825043,0.31384403820285267,0.41313930051116493,0.3484011285134024,0.38019939335062514,0.46850000302267464,0.378653330236145,0.39498263288545576,0.4161650084441371,0.09885272497267554
UCSF-PDGM-0229,0.97339337658621,0.9074520300531396,0.7961554965412184,0.9583304282343159,0.9067927362316185,0.9440087878268754,0.9860215368624202,0.7758647596193147,0.040403741776658376,0.9521502963853798,0.46495849975695347,0.5443410989157828,0.8162674807981031,-0.04718395504558787,0.8877997498239851,0.8375640463475962,0.5888157628866473,0.5250699066379645,0.9437773291561149,0.9628457215338958,0.599830240955105,0.44287616581485134,0.7192658505735193,0.5517760593088916,0.9587555558735709,0.9722667127856138,0.9630370693141165,0.608287525538566,0.9236599631071851,0.3204359139726996,0.47256532189459927,0.7687486419099702,0.6067503512741413,0.9799607330284673,0.9771118342003646,0.9415233604838118,0.9705803750881183,0.9435409913688868,0.9632196992553269,0.9650597505420868,0.9695884437924963,0.9629388082612093,0.9491053458894265,0.9652432289635733,0.47271882707423324,0.9631723269681071,0.9726465476690849,0.2041100889003623,0.9680781303361711,0.8680244897681828,0.9835590186276335,0.5577647389843255,0.9481157173415452,0.5854509961825232,0.9548505163570085,0.7695129443780759,0.5617069882260047,0.9741070673892039,0.9487910468644459,0.3954092873693954,0.6057804064664141,0.8498184331500135,0.967820412707618,0.14026869397360706,0.5476441858028915,0.9062020834780895,0.3819482282081622,1.0,0.6135444642952299,0.7934882708521592,0.45173696515748724,-0.14488511619476074,0.9531353779877917,0.9370458207250755,0.6115565944245802,0.5446596759800368,0.9344783071666964,0.9432559498120282,0.5791588563516924,0.9811641780051407,0.1731058411255938,0.9369602977593557,0.9839398911691294,0.9221097424779353,0.8092464754949776,0.5592273458056984,0.959988290883295,0.8418907899745042,0.4626335946633601,0.9250209935466971,0.5526832521703946,0.9399805525692717,0.5790125344593754,0.9023349923399541,0.587798755006454,0.9353855389947766,0.9345106043203177,0.9058828955406469,0.9279555588448115,0.9630314184480542,0.544461324161656,0.9839122231808209,0.9865918200326416,0.6087062134189122,0.1978465133906017,0.9877327781654693,0.5703428989640518,0.9254378423575166,0.9285482193063082,0.4695999885913078,0.5676151091638674,0.9686563353334655,0.9748303563086994,0.5326587864497152,0.9173615710113393,0.5715572085402706,0.9389818199563831,0.15760482269741716,0.1733691834318477,-0.10618197635486396,0.4335223675902386,0.923864353948036,0.8816471078137992,0.8222015616871275,0.5610679280133831,0.9149765598014419,0.3570066577926481,0.4071626000124801,0.9766505003254226,0.5752110479811041,0.6134345747221526,0.28428292080758255,0.6576988624213029,0.5833116527054508,0.9728175247926006,0.5682615999499167,0.2221029854297951,0.2072543353864426,0.5643506684888542,0.5494603578669499,0.9746117887644637,0.9384066796271885,0.8186637703204376,0.8967018117906578,0.9383866364962015,0.9865212288400376,0.9652082220490342,0.9842697792126226,0.9032802444540354,0.9578554698141375,0.9107968337380634,0.9340941788891782,0.9440690714574371,0.9432069546503463,0.9848055949153324,0.9309419190554439,0.9383862387452072,0.940863565091008,0.9382833100892853,0.9212967648087266,0.9466637838939221,0.6115831746802861,0.8843283926742216,0.9624158216310955,0.9553176561845439,0.5921388518762222,0.9454728610460204,0.8943007571565437,0.9499131697711277,0.5918852445662112,0.9188325198939795,0.9536976718312891,0.9422022643432201,0.9354997159767177,0.9643993034343349,0.991448794424553,0.5454756518992658,0.4801697478780989,0.6205673674224738,0.39473074917832884,0.5927944087227264,0.9318318921073143,0.128030819743117
UCSF-PDGM-0237,0.6890632260124315,0.6726787928646022,0.3249672247780433,0.689026162457655,0.5163394143638318,0.6850441083232895,0.5940901869124363,0.25556088837742574,0.13448006405619162,0.5719117612824677,0.5975352296148831,0.6279841520435872,0.2933473000690689,-0.040218905182091806,0.4035189298299779,0.4253266804291331,0.687758905345478,0.887836612030768,0.6226885538286553,0.6935776360210519,0.9899861007192857,0.9084755012554472,0.2207581041658511,0.9314114497270166,0.6998322739844315,0.6829042931757225,0.6918934370165934,0.9993358525789257,0.502693133485932,0.4514585863538791,0.5668928738048455,0.3107461259891599,0.9967974183290498,0.5836578441073783,0.630402723265828,0.6446540430350627,0.684527800865979,0.5237508796177334,0.6583035827667154,0.6288733697906962,0.6365282666818632,0.6499042860095408,0.55030038900599,0.6988719287715122,0.46694473737979325,0.6738248314623866,0.6831384848870927,0.22251531955051512,0.6577487094888356,0.5438705200732098,0.6330460686758183,0.9556915169199592,0.4833469243642999,0.6758471966317272,0.544266387117328,0.31811261204571123,0.924392363162433,0.6359264321858161,0.7161569295376005,0.7800846918316762,0.7204212038012527,0.45024050063399323,0.5946565710492542,0.3393946581159809,0.5788347125087115,0.49838546305010806,0.4351852898317138,0.6135444642952299,1.0,0.5976357700803461,0.777830990676519,-0.24871772286952737,0.6879950935296141,0.7345086564894611,0.7312823510910499,-0.04575960215507822,0.7122142038909085,0.7078942737806437,0.9743877592740253,0.6308228986696847,0.34488994043718096,0.7288872953119199,0.575706257030021,0.4751320107039194,0.2887746713476303,0.6617949096685627,0.5583959164391752,0.2912419252322437,0.5214671502181859,0.7176817178618254,0.9083153238827587,0.6949355455093251,0.9267633590228965,0.5828285086495091,-0.02564204597498921,0.44153799456429466,0.7222240598697183,0.4175620427885291,0.46199278169511876,0.5517067525167657,0.9328957778529051,0.6253202491699572,0.6142463444949643,0.9972844360406878,0.08355905401877148,0.6210785372207784,0.7012991141594253,0.6803224621062121,0.5102188559083358,0.8077900315597859,0.9581189841497957,0.6941286384355033,0.6311490247888377,0.6301023832397982,0.4094798006814897,0.632714151286572,0.7228298878927476,0.35120399385033146,0.07185400437551583,0.4073699616295353,0.9318179439588714,0.5712947964081098,0.6532610401307475,0.34249499519048743,0.603260649022761,0.5104153137363971,0.45506273338776665,0.6494687160362087,0.6698108035780109,0.9817633503649696,0.7263166286621743,0.14518733194777791,0.05388514346865276,0.9900916149661202,0.6162420763037382,0.5762067708410411,0.2648658718153201,0.2685952550149518,0.9459133809131164,0.9339992876030576,0.5634648844390522,0.7336589856159539,0.6196938981742075,0.6711663822057018,0.734006520826651,0.5997095036737923,0.6923772299564626,0.6245209825559449,0.6077234229582971,0.6922462982316214,0.7187169935415185,0.7301114075815545,0.70529535800231,0.5368496203606341,0.6315609281424174,0.7321340543298503,0.7335105467877802,0.7189910727497567,0.7342314653771247,0.6318616562185181,0.7107436948313702,0.9917716955940739,0.7014991802100707,0.6975256619267434,0.7063257160055273,0.6005079664579028,0.6822542037073722,0.44542149032315675,0.6942878868157174,0.9809774247095461,0.5398408458062309,0.5490706948303146,0.6485773178913682,0.7161911644901775,0.5086649646816594,0.6608797136668185,0.9609398252250507,0.8654999172569906,0.7040086701442775,0.8023434102994358,0.9829071876779301,0.7185226437450035,0.669653589336224
UCSF-PDGM-0258,0.8494960142433122,0.8076588539139021,0.602258724171394,0.8449388458306687,0.7215649507378337,0.8118249295257497,0.7627984881440452,0.520356738581999,-0.032889945770579326,0.7797797813472125,0.44438325956428926,0.48641763154055445,0.5287719638259045,-0.13248008365150807,0.5843634894645485,0.6559268375919105,0.527421030663973,0.43299540763393785,0.7915040555957256,0.8490166392581763,0.5783110498083329,0.42531998702719626,0.45276265748464095,0.5016586282506357,0.8606971850175726,0.8505465374985604,0.8524175262340085,0.5932527263647223,0.6840881873885838,0.29904882399637517,0.455987781336851,0.5544308599923431,0.5948225390326953,0.7389399450565751,0.8161433899422738,0.7933629223183557,0.8526650418438975,0.725743258259377,0.8119878027133232,0.7890745225432683,0.7995896608781241,0.8057313704492084,0.7637561340752335,0.8419141459315743,0.3228272687471731,0.8088227413109774,0.8372651766440119,0.07417626984909624,0.8232140036257816,0.731978965402793,0.8065348820582604,0.5186553912422113,0.6459246443451677,0.5374954867658148,0.7061049243132722,0.5338318992151386,0.468375042848591,0.8039467783388419,0.8646461718300039,0.29792046688046225,0.60092688365987,0.6972502164170515,0.7852576203432466,0.22119275276442357,0.4112294774445888,0.7177861427898844,0.2893420544377538,0.7934882708521592,0.5976357700803461,1.0,0.3091349011481283,-0.3511679374125498,0.8189948341129605,0.8649398676077885,0.5965119510128077,0.2588747655174225,0.860288221909975,0.8600097395713605,0.5410267331859165,0.8045160903499501,0.19206851952534512,0.8669637076303363,0.7539180135368991,0.665663070843929,0.5559712250434526,0.5185437876978998,0.7063597412833919,0.5751242425424682,0.3760427348816603,0.8619880007632934,0.43024564795915254,0.8525673442891109,0.45780889387643775,0.7373286879122053,0.2471837064635552,0.618120585892031,0.8709595338058342,0.631833073080302,0.6391029720450667,0.7034954724645657,0.48895454962070917,0.801175286068896,0.7850380563741364,0.5956609018282047,-0.02567164124510435,0.7936156245080481,0.5591295596298972,0.8193435527992647,0.6798207476357249,0.34741119824774286,0.5017574314199762,0.8490737758808259,0.7995907356560811,0.48543486915507805,0.5946876518689409,0.4806778342347068,0.8688468401355439,0.2092562658545,-0.04208182155806792,-0.25695813719583976,0.41901453399253197,0.7712092514257396,0.7953007373027821,0.6344332793429096,0.44815026728148616,0.7083485799842285,0.29895757254038086,0.22823549194172044,0.8363481182819719,0.5666560151708002,0.5972132320457357,0.030596015409410374,0.34848815449502224,0.5616758822394782,0.7879877907541475,0.4328915929352424,0.12270220958215336,0.12643136931677357,0.5328792751188854,0.5155806256490356,0.7389811272184552,0.8676609634670012,0.9977539089961539,0.854948671755498,0.8673647843121092,0.7578714438135842,0.8520960837087522,0.8011682849107082,0.8183582549869063,0.8341075921429286,0.8550670189413048,0.8657365948600522,0.8336556884938152,0.7373408969369618,0.7888989122115426,0.8574633913264499,0.8677433191456825,0.8692055352794165,0.8670355392952732,0.7539433687900077,0.8491683436158695,0.6021362395135775,0.8185365542751587,0.8356777949280487,0.8630539078262581,0.4536928345497533,0.8118345317764636,0.618548596691434,0.8236786418590818,0.544282927048821,0.6746366443368867,0.720272681379612,0.8165758131234409,0.8717356643749749,0.6822531092828253,0.8296865685348138,0.4990306122615888,0.3658876926518567,0.5713986260404365,0.24492165359430382,0.5769843143629886,0.8716860908755484,0.12469962426070887
UCSF-PDGM-0273,0.46867271189233817,0.4182505639629423,0.32945153178568803,0.4347697134364495,0.5074195276547891,0.41213799436428666,0.46216403101733244,0.4194011354828833,-0.017661613132997342,0.3909844479345316,0.2631825696093337,0.34698867601668965,0.2360663048664234,-0.006336959835715533,0.4336108011235269,0.45386542705419436,0.40054589755154013,0.9696932312584691,0.4133746988294048,0.4617709789389658,0.8443254437041808,0.8697106860391725,0.16991136975501925,0.92993564556296,0.4463874775238392,0.4567067058787474,0.4699998792027066,0.7829957238974851,0.4627018810770739,0.1757168965458336,0.3158988455389784,0.49604451826260004,0.7929005961157576,0.4329961519105632,0.4413023911247353,0.4119976267158833,0.45801442191463015,0.5028464105484794,0.45365507545628625,0.44655533737513625,0.4092997765258928,0.4234130831350508,0.3405675322594928,0.43966394862456426,0.30904148564691897,0.42607510837190005,0.40867799517802833,0.1932534350002168,0.4541585442369963,0.419713961604118,0.46224115009350464,0.9091159446732247,0.4038342302128436,0.400961083436237,0.40563649067806823,0.1742052775044183,0.9366433579045982,0.47989224394682056,0.43386874481796295,0.9736529556479012,0.44626005334776186,0.5162200700661229,0.4512066685757653,0.010000828815878342,0.3708954756651469,0.36718579552741937,0.24795703332323926,0.45173696515748724,0.777830990676519,0.3091349011481283,1.0,-0.04875470280269901,0.4226156448647674,0.4247826158085088,0.4204227461185171,0.20709670911676342,0.4236571774658394,0.4323868662191118,0.8843017629454489,0.45999632631914783,0.05486388271955639,0.4168161286897711,0.45179064140482456,0.4800444388465851,0.2554669670365209,0.3567323658947889,0.4281554600016136,0.4156523303351627,0.3063153000846495,0.41720602992341743,0.9579099482049288,0.39526568878389,0.9199284871647443,0.4283478060021601,0.2521162362526894,0.401408231275147,0.44715175976844185,0.3807412164609513,0.43311496335300737,0.3836525204609727,0.9377290811100573,0.4407424267488354,0.4436532102393594,0.7873023936658643,0.2766764927871301,0.47864770563005166,0.3936211395115746,0.3651620353876037,0.435572914240539,0.8391651998953271,0.9215136193208077,0.4560256376970819,0.4761425123211102,0.3302478262686718,0.4258504635446194,0.4020110807288233,0.4259863177688077,-0.012521863501521615,0.19651804098386658,0.539921453873535,0.820558437162915,0.5075770704968929,0.3291514860903025,0.2770874153245891,0.3579697932321573,0.4090840437444558,0.18279490601303408,0.8822722067430088,0.4778654654342761,0.8402012524326766,0.42631059853489384,0.13543058286700402,0.2488983924729985,0.7654858658885096,0.48321674839574663,0.41170872189390856,0.2629989761120568,0.23507002588766288,0.8985541797806188,0.9103574737768474,0.4748000949949094,0.4309703324648413,0.322809922223147,0.46338909736176315,0.4299053143824879,0.4514555675626813,0.4413513867495995,0.42536965683009553,0.4898521070272448,0.4424822161175434,0.3908459454112571,0.4129660509538952,0.4213125470522412,0.4720031177459147,0.4465344370114266,0.4150099512910253,0.4313459909711271,0.4336425396141104,0.42896913447054597,0.3946514106234449,0.41743635729778966,0.7767631858562333,0.3698748776010197,0.44043321779797684,0.4589862597986745,0.4075059754505921,0.41955049970814956,0.25562798075043264,0.419629952947549,0.8624109221178073,0.3701517811111751,0.47418736840030956,0.47124441187105187,0.43697614508134947,0.41019576331401697,0.47070558404210666,0.846353010779884,0.8389792809396966,0.4435330841520986,0.8124837525605828,0.8393227690461897,0.4336249453351167,0.6850509444903553
UCSF-PDGM-0275,-0.19793634394516113,-0.2078851937135989,-0.06031140851241026,-0.2083396737488705,-0.07685201791494259,-0.19901175846622773,-0.11257653802429876,0.06704550141109612,0.6982578366389554,-0.1179266995138269,0.37667056445458413,0.36937677348615505,0.031796038820130504,0.8102203447132114,0.01519993483490543,-0.07046316887179101,0.29920401447393263,-0.12069987855887934,-0.15327235592100874,-0.20051979482651675,-0.23505011261007813,-0.17491809676931175,0.05925347560309039,-0.1981747171135987,-0.21543196998124653,-0.19603125635348298,-0.1978435581477663,-0.24832808330033365,-0.04386236986204185,0.498113854121735,0.33822684312992685,0.03388862290190817,-0.2484280947448677,-0.10487506250465714,-0.15224336510113037,-0.17642608287924882,-0.20278453736128463,-0.06818333324285432,-0.1670983626096356,-0.13846906275772533,-0.15783198819682154,-0.17403081536582318,-0.12687809866544505,-0.19898351883888699,0.5531714458840136,-0.1800060887451449,-0.19807545624337744,0.7856584158298534,-0.16513652576249674,-0.11859495460451108,-0.14138437310243318,-0.20532682586062695,-0.0488935964447601,0.3325425967887111,-0.09175511717749651,0.006999098840654043,-0.1266900392405744,-0.14326673404319182,-0.22991832533016127,-0.07157846332318374,0.2345996884921451,-0.07568230387178249,-0.1365728115075884,0.3956997368034385,0.4866302337853812,-0.08682728327495692,0.5700892841639863,-0.14488511619476074,-0.24871772286952737,-0.3511679374125498,-0.04875470280269901,1.0,-0.19445163133163046,-0.24875739326775714,0.22747466288131915,0.17292854637659028,-0.23578632668782173,-0.22718274430035534,-0.21386529269018315,-0.13817206514513283,0.48620489317236987,-0.24746138987286911,-0.11003759472540439,-0.03578877545827161,0.0275081288153929,0.3369715593931739,-0.08642530663140109,0.02302653580446256,0.5121496434301313,-0.24563425467558014,-0.11157063154215914,-0.21543437072753469,-0.11238699848153508,-0.14005992084975813,0.1565610871032763,-0.03871736451193055,-0.24552883418408658,-0.0027683839753239966,-0.020252224757289907,-0.102737553902223,-0.1795949178200293,-0.13782536940634058,-0.13708429618550108,-0.24535448757492598,0.8461617928004362,-0.13256050142274634,0.264544017101372,-0.21460672019044202,-0.07690893237092898,-0.047272161817741166,-0.17081905849768944,-0.20451857830334455,-0.1348972833457973,0.3681042656097082,0.0018273959248242988,0.42965131242849547,-0.24373580190418134,0.37434265730063526,0.9043777420157653,-0.006906020970540677,-0.24748134086181497,-0.14607529647258957,-0.21543594690102763,-0.09169982131942536,0.4375075493003957,-0.04952373598748126,0.5350396533552859,0.0623798193415518,-0.17833703108763907,-0.25466349684836675,0.22925087302754948,0.6841592653119678,0.13823221228775961,-0.22752205508519696,-0.12314707723640568,0.47349418908616114,0.733681587010699,0.7173850254455258,-0.2240417177132813,-0.2148529325576495,-0.08555580467637745,-0.2484072481785855,-0.34461458895491437,-0.2309814250122612,-0.24853677356791684,-0.11048152933314553,-0.20791994509089756,-0.1473016674592707,-0.1736858203433441,-0.1913511737047122,-0.2542967849802303,-0.24866944981488626,-0.21183813240859578,-0.0780396118871387,-0.1473422615430822,-0.24803163600305778,-0.2483526654948015,-0.24051679445084354,-0.24862291534732955,-0.16293822457984763,-0.2213655571981263,-0.24733898121332187,-0.24313481338958043,-0.1977457149040322,-0.21911436234002354,0.453478133899643,-0.1908933875764695,-0.07388284125084865,-0.20260775214773935,-0.19486382924610804,-0.09349529743285757,-0.07524337496344892,-0.1830232687209064,-0.24524715152459647,-0.07749904186544294,-0.17748723846752457,-0.21005938325816506,-0.06949329778821275,-0.20007717490998392,-0.0489668126785728,-0.2450170136663509,-0.24574207256284678,-0.2516337134098353
UCSF-PDGM-0276,0.9694659020074439,0.9815618252462319,0.7908749215112508,0.9920097730854113,0.898740424390294,0.998687765227611,0.962326613522356,0.7184636595999798,0.11600004149154618,0.9434809654145688,0.5493907002999412,0.5985661420219891,0.7226797469223668,-0.017919741075308613,0.8157648104098368,0.8098846535940771,0.691661152276169,0.5469298917434141,0.9854141916214538,0.984096988063853,0.6547052335675436,0.5051123809858842,0.6513415125259187,0.574468972446673,0.9752322122231684,0.9741910456145475,0.964026009923687,0.6877993534608318,0.8825114724060589,0.4180508047571606,0.509750119559158,0.6985590771743279,0.6665301997884222,0.9526165565222579,0.9694133889076665,0.9911308814750192,0.9721777790460743,0.9161110325566602,0.9931693063294893,0.9875249859341168,0.9912810551689006,0.9936057257021487,0.9163011764982394,0.9892330459456146,0.47502345277504926,0.9986595018124121,0.9845711351296593,0.21252084234806515,0.9863960351681891,0.9224082099758091,0.9704901364829902,0.6079830239414011,0.8765560004442442,0.6371532545248768,0.9457397534607401,0.7634245977183232,0.5818027827078868,0.9677586022952819,0.9674896767214994,0.42594071435329356,0.6562166151849801,0.792829231464293,0.968780801883118,0.26289494597793506,0.6027686847448287,0.9243831626215262,0.44051765049968294,0.9531353779877917,0.6879950935296141,0.8189948341129605,0.4226156448647674,-0.19445163133163046,1.0,0.9741484394842022,0.6827678927975742,0.40737366332478836,0.979465514027296,0.9815356131209659,0.6380270305855492,0.9735390262772243,0.31746563301355335,0.9654770876962736,0.9569364141632895,0.8976607607336068,0.7678101484293502,0.6272529377951055,0.9436153516647772,0.7352288711073058,0.522585221552905,0.9733610615988751,0.571588694654482,0.9602380773721179,0.5947342270987187,0.9553594350468843,0.4095849298246751,0.851044104133612,0.9519085262713217,0.8281810261820968,0.880772989661799,0.932557582146059,0.5717436219356057,0.9795946087205456,0.9792155182327874,0.6699242278326422,0.15587494477006467,0.960156258560926,0.6700548993730915,0.9871763429019259,0.923583464039378,0.4908743259229311,0.6104112068304298,0.9864080873115575,0.9633434851668214,0.5931936792499489,0.8164401469176819,0.6219987297006078,0.9678468139831885,0.2756297480503056,0.11073770791263228,-0.07599707885939241,0.5407886986436906,0.9214485709776489,0.9660431283632414,0.8230044023866738,0.5984567429685566,0.8913115033084389,0.4417467142180904,0.38760012713924075,0.9673254476387338,0.6273474791871353,0.6694303496827432,0.1795721672374623,0.5370241371653756,0.6720436143995515,0.9510757044350916,0.5787463516755963,0.2773539033242713,0.2693714145485016,0.594594907155723,0.5782002923099575,0.9320539884477234,0.9638503302418958,0.8520510709503801,0.9037120772111479,0.9660496329112548,0.9406545241085671,0.9862220108081489,0.9831790069346626,0.8959811569245698,0.9956635089760528,0.9843637262289154,0.97039886200081,0.998074836389451,0.9362505045326784,0.9821845400762742,0.9825324839871507,0.9630197602611427,0.955900444192977,0.9678120878541676,0.9828263887628782,0.991722949650565,0.6621070102344492,0.9769574830117059,0.9946027596850965,0.9646136766089255,0.5949347390838025,0.9993992605778047,0.8450128265517557,0.9996693160610787,0.6360012718236675,0.9393187942312762,0.9068172889650148,0.9772483578200064,0.9533645612545809,0.9053894319890349,0.9657168731213464,0.637783900108514,0.4973941182794006,0.6627035196200947,0.407960035446954,0.6351192364205842,0.9523332554735447,0.22999558450079746
UCSF-PDGM-0286,0.9846173101084386,0.9566474871674848,0.7416183626108519,0.9871775404467518,0.848913385367786,0.9685851327906094,0.9155375124919046,0.6356570125598999,0.1318195555553109,0.9203663972302468,0.5978767772434669,0.6284128695058636,0.6585725754452765,-0.03864126680033559,0.7258562632096697,0.7608822153890628,0.6849274530405519,0.5590118883374735,0.9449780715047084,0.9868495781931844,0.7056286594635508,0.5409670497967426,0.5773637612720096,0.6204623142075874,0.9929065456914369,0.9847642565723176,0.9824256064770165,0.7301439465605353,0.8231431734181709,0.4509669306223425,0.5684609376736403,0.6415034669227462,0.7240402250286049,0.8984140384070801,0.9557255702408175,0.9481929476952052,0.985460832215952,0.8653720930874803,0.9619962106424633,0.9445419126605115,0.956091056065044,0.9590328901543232,0.9049842548593512,0.9869920787003647,0.46882279299591184,0.9663541107829993,0.9846774154666609,0.22295479491357087,0.9673075954616868,0.8655180589477648,0.9501839477880427,0.6462311195657737,0.8028224607672854,0.6770079379255667,0.868703816360085,0.6846585195186224,0.5974528035359681,0.9459299795124069,0.995565318831107,0.4169011389334486,0.7220690448136559,0.789882285892825,0.9327067751802021,0.3384767186788952,0.5766089697001499,0.8655562986384184,0.4363974726373952,0.9370458207250755,0.7345086564894611,0.8649398676077885,0.4247826158085088,-0.24875739326775714,0.9741484394842022,1.0,0.7316660886398961,0.3308293794495052,0.9943009782363168,0.9946141283141057,0.6718567438077792,0.9497059596599232,0.34172662818526384,0.9983994536234955,0.906160591160776,0.8161553467974402,0.6992675418264865,0.661924902561536,0.8699865220059225,0.6863765610378283,0.5200967282009102,0.9940074527501743,0.5701122799054765,0.9843494963672174,0.5987483547493387,0.8917594031742907,0.3382485029961559,0.7704143460796667,0.9932458888956867,0.7671372610242915,0.7915415142457364,0.8681241059915271,0.6112360428579157,0.9504514412708805,0.9382802810280766,0.7261588241714168,0.08268401202648103,0.9369362055909564,0.6996725786021074,0.9719121183418852,0.8393422276015001,0.47878343477247576,0.6355548139894706,0.9887267675375723,0.9415672667013041,0.6310131552532264,0.7374303918450806,0.6326051516767903,0.9984103517087761,0.35110627728587385,0.07224818343208375,-0.10577642730870794,0.5663124414683525,0.9028899791550205,0.9431965165334995,0.7685922013493562,0.6031334038452245,0.8439445439710531,0.4528264201082304,0.3377750130658189,0.97127164302677,0.6897463981514849,0.727662169904592,0.1471799635576762,0.4461747441647843,0.7034292945763613,0.9280428680355685,0.5781006020723137,0.2639111166913461,0.26767574659327703,0.6459561628881679,0.6265527531514998,0.8854423290429725,0.9983492950878228,0.8921522815596249,0.9587152316426317,0.9989160690070787,0.9085194768850379,0.9907780205657895,0.9525950513546202,0.9189330287954921,0.9818161908829864,0.9829194419355016,0.9991530007760859,0.9841839734219792,0.879915307864927,0.9452203211414879,0.997388218369951,0.9981130743648995,0.9944205244642278,0.9993011710107502,0.9190904268086655,0.9931476357107938,0.7284378333617029,0.9597260793177546,0.9841434020309803,0.9911022773965562,0.6021562053825784,0.9679748154928712,0.7819152363759563,0.9776958893194377,0.6758194429647625,0.845583552353689,0.8622920793575148,0.9579761444877428,0.993736709481551,0.838142181267789,0.9676937568371148,0.6464958709099061,0.5038582306709181,0.7057568595567825,0.3981004289083857,0.697082842434791,0.9937888606690636,0.26034232159994175
UCSF-PDGM-0287,0.6867534552308485,0.6651313401198317,0.31871604230979206,0.6849536842458419,0.5104260124686413,0.6791971839413493,0.5898248139531663,0.2511037894802584,0.6143273463919378,0.5724173423394391,0.9588198998866636,0.9522850616662861,0.29945983143538546,0.4181807265772681,0.40211170965257065,0.41667065510506723,0.9642725893504147,0.5546648141065963,0.6171320252620106,0.6900443085931124,0.7020190647595577,0.5407434703956319,0.22809293025523994,0.616981246186288,0.6975131419189327,0.6810035400392619,0.6898292809248665,0.7267841559281005,0.5016516235658165,0.8754076298197498,0.8939454274883375,0.30732911654809597,0.7215082801102249,0.5804735676757234,0.6295412628068271,0.6382452402058548,0.6829410110574038,0.518378981631689,0.6530055710274321,0.6231700046965934,0.6323582683649953,0.6443164782301647,0.5527784117147221,0.6961118775661289,0.8162347994379118,0.6686565530200865,0.6812722354392348,0.7174960870335959,0.6543451261649018,0.5352673763770379,0.6308392259609037,0.6421288042895622,0.48126414785469834,0.9822169841748298,0.5379381905060827,0.31914318839367867,0.5936323715454237,0.6331318820062873,0.7148284239895328,0.41146784660902636,0.9922047667170459,0.4459129274790953,0.5891620306085747,0.7451473453281835,0.9120479838297199,0.49507930271242745,0.8240895264425423,0.6115565944245802,0.7312823510910499,0.5965119510128077,0.4204227461185171,0.22747466288131915,0.6827678927975742,0.7316660886398961,1.0,-0.041041781592970325,0.7083607418793019,0.7044140674918772,0.6679669205752382,0.6280946111802587,0.7689036708523668,0.7272673047302698,0.572560232620269,0.4683504498970324,0.29079637811089654,0.9732550661243219,0.5539831703805875,0.28937727465555074,0.8865040070360872,0.713814172895996,0.5651655927974986,0.6952024569353611,0.5948854719268099,0.5734876814406699,-0.02461096071282576,0.4381433572750486,0.7200978557497661,0.42018224961063944,0.45866723095567224,0.5469440656076806,0.6082714379576372,0.6222540283456782,0.6101255756972985,0.7235758731310714,0.4752265829137489,0.618477512083362,0.9872882415566818,0.6766329648292181,0.5018372626307341,0.4740891876506203,0.6315783066336801,0.6902688886046953,0.6286188663482446,0.9637919163361294,0.4082080718457627,0.9658525047171614,0.7208254086924825,0.7488309600158745,0.5372343698425226,-0.10613348395896267,0.561046695501392,0.5655255868864734,0.6494201493395003,0.3363954063170083,0.938295414609072,0.5111136045351904,0.8552454852668314,0.3335700705895904,0.6677691201973951,0.6858525922660405,0.9973955107470903,0.49852169797946433,0.054047116975347115,0.7015940144735103,0.6140020733927388,0.898276529511514,0.7196132704987378,0.7320655131979109,0.6426533031962796,0.6233832812239256,0.5607454085991763,0.7317224407503943,0.6178622997659884,0.6690492564884277,0.7318975200600937,0.5977818684262075,0.6890839749629661,0.6212995077633069,0.6041945657242503,0.68763758558616,0.7131070026946591,0.7279958433344487,0.7003445671073448,0.5310209814925214,0.6262409468077216,0.7281654317590825,0.7316369524010654,0.7180191921469155,0.7319774789578042,0.6245904083165759,0.7073197088685474,0.7260034186222086,0.6944716759917263,0.6938903263783324,0.704148446218359,0.9210057059135783,0.6765490291465017,0.44485848354486446,0.6890245985384251,0.6731182880826931,0.5331066692413364,0.5478891596857042,0.6425599721696232,0.7146906043188227,0.5044027303569736,0.6585968055085946,0.6419089381760534,0.5049615211710752,0.7019981463760768,0.3952845988557853,0.6946426765886409,0.71682025034193,0.25326093988701204
UCSF-PDGM-0288,0.43659144666144367,0.3959770393119782,0.7355469388489674,0.43318804776488656,0.6057939573771146,0.3983165547775854,0.5509078335004313,0.8465320617325587,-0.10098589439924735,0.6172212990966,-0.12202030616790492,0.04911855186055319,0.7963179957032002,-0.010940575846769439,0.6589128550839193,0.6340787634647209,-0.014442909632224546,0.1127654297325616,0.5267487928154723,0.4242315111656859,-0.013464324602010072,0.08728736022330336,0.7870830787050433,0.05091115167904188,0.420614694064959,0.45425006935585516,0.42372031902302504,-0.0444122511590888,0.6057449267328721,-0.19105946052050046,0.05812147697123038,0.7049085048791709,-0.02904250548369033,0.5436825160755907,0.5451035301803606,0.4642023954181028,0.4486701226459864,0.6345930608472796,0.4668338767659435,0.5136915539354381,0.5113074841073373,0.4800435544314476,0.6298446851176067,0.41400346239206987,0.15801840032071077,0.4323155956769047,0.44726219331516126,-0.008302691919735778,0.4873854633629373,0.5516110125841208,0.5247512346847084,0.03319040840329996,0.6068759922233471,0.02159085275450881,0.5764257093137258,0.7366814924476498,0.10366495196461414,0.5025495912761104,0.3805350684193661,0.1442575929772656,-0.02996887511170291,0.6493516750358939,0.5777225755799857,-0.29985266930848825,0.09450546361144851,0.693131642328664,-0.028673468496404265,0.5446596759800368,-0.04575960215507822,0.2588747655174225,0.20709670911676342,0.17292854637659028,0.40737366332478836,0.3308293794495052,-0.041041781592970325,1.0,0.37927430370595605,0.395602103366487,0.01410879767739313,0.5274072995227086,-0.27308598761752884,0.3464311958533957,0.5796057160146589,0.6553602517507551,0.7743595967235807,0.02036153246516468,0.5462276009599268,0.8536399530232637,0.13097153544015483,0.36046857850565256,0.11868166537941817,0.4234385854469944,0.11054815120090572,0.5015685898984841,0.9213876877573223,0.6405692002344083,0.35019335157149545,0.7228059729196312,0.6432973559811584,0.5524104678862329,0.07402849053105003,0.5426900312849617,0.5428851737204785,-0.029431782073870087,0.40140150737520486,0.5260701600070209,-0.046905580963305424,0.40930698566614143,0.5972265164740009,0.06645971704534731,0.06612493601846577,0.42526824735295965,0.5100126985214718,-0.019250435280552942,0.6676811666872926,0.03394946740803,0.3623998067784034,-0.3214893861665951,0.23695965161854607,-0.06047211636842179,-0.12987735738540535,0.5644183336043085,0.41863951793267523,0.5754791992241814,0.08384719387800742,0.6438929627038223,-0.0032917136816565987,0.23413274476594242,0.461984923989345,-0.05139894250702406,-0.033194429513870694,0.3038533008866532,0.9334623860783546,-0.009379398846339999,0.5222393578385682,0.12173293123405876,-0.016118681692977394,-0.0609535421249181,0.01954180886838109,0.03503192559731947,0.5739596359300762,0.3315889898205085,0.27353067311138907,0.41145318284476634,0.3315290010919521,0.5276022683508574,0.435732722781387,0.5448795051244351,0.49981556465890387,0.417857994499518,0.3169837329830921,0.3432159404699174,0.3793687209180164,0.6270149205418484,0.5081388397295004,0.3283233120790762,0.3316010614961834,0.36683706733062466,0.3314479566053953,0.43074121635620255,0.38716737598280243,-0.03221999094622683,0.31132738924826964,0.4082833050128769,0.39753119785610774,0.10720644120383362,0.40787712455775926,0.6182700461733887,0.39589416028612545,0.035291755775690714,0.5301414372527099,0.563446271120817,0.47491010439593406,0.36909972096791915,0.6081006599895253,0.4774844769906988,-0.007739310983884244,0.1861469362920353,-0.0008550874682132811,0.06583476979764197,-0.00788383307282684,0.36317244856303815,-0.2807031864920146
UCSF-PDGM-0290,0.9799129877137651,0.976434299375325,0.7909221387401121,0.9946764988159398,0.8773351190323684,0.9764305790993272,0.9207352475985708,0.6866986388901155,0.13245468709494657,0.9305755472499383,0.5701032594769342,0.6053857642387392,0.6665743867068943,-0.04149592387212668,0.7297341721886728,0.8104899219654464,0.6769301151337266,0.552006109882923,0.9662164145673291,0.9890242198514068,0.6871466980287007,0.5451784123058434,0.591569545354519,0.6060735121796627,0.9927597163676517,0.9833143439051607,0.9780138562482794,0.7109720189902256,0.8252075699760406,0.4302489589394508,0.5464564172971313,0.6768639794423487,0.6996901198751959,0.8968077217262587,0.9586184447431263,0.9663010738940487,0.9832069511797595,0.886327129356688,0.9723660753327469,0.9581255769791805,0.9668688232592337,0.9726623688564827,0.9093948648313525,0.983586182867972,0.4424958141508215,0.9712096200195736,0.981619101614151,0.21759377442348857,0.9738227852661648,0.9097941982375685,0.9508732229109839,0.6374423511078732,0.7989793222235604,0.6514182627348082,0.8852093822323623,0.7161974404535257,0.5853918453365199,0.9471857082215427,0.9884501258394524,0.4304790723583763,0.6983739889455876,0.8222249182016755,0.9535671551741325,0.32663404943824054,0.5705969786464558,0.9005650784094749,0.4120226736384943,0.9344783071666964,0.7122142038909085,0.860288221909975,0.4236571774658394,-0.23578632668782173,0.979465514027296,0.9943009782363168,0.7083607418793019,0.37927430370595605,1.0,0.9992074566328717,0.6612755249346577,0.9530603083888806,0.3380095267685129,0.9906437229821813,0.9121556461760988,0.8413566774415265,0.7194891405260045,0.6406937520911263,0.8732634750868096,0.7250713832758733,0.5168082149758678,0.9993472638470386,0.5640064118701523,0.9782747085811829,0.5831934681632549,0.9237039155804527,0.37498597292528313,0.7754125806961579,0.9879380864763486,0.7697641229457346,0.8008576440678382,0.8728714146471476,0.5980858732030891,0.9569508068285371,0.9464316263722874,0.701258557257902,0.10771577294606685,0.9358849356434826,0.689417677079205,0.9804812953911969,0.8659405094770164,0.4585812912779654,0.6260818675518024,0.9911765795927674,0.9415044845046233,0.6021101040630303,0.7368150920246446,0.6157716446880047,0.9943404018978103,0.32489741163363356,0.08156090913565156,-0.10934029433505245,0.5596834007821028,0.9267174629332708,0.9609139451311819,0.7967264436036169,0.5815485598922107,0.8508582159570252,0.45019918159258776,0.3377982110883527,0.9676846581082577,0.6681723850204409,0.6997957126096913,0.12648002924735052,0.4991393570682804,0.6884368099697935,0.926889943094364,0.5507635403736698,0.27065041804417267,0.2721004562891319,0.6321618390481091,0.6159013869145459,0.8861416717215329,0.9888689788574911,0.8901786990555677,0.9630538089093034,0.9901510400196677,0.8991689740624457,0.9943938852478265,0.9610555028537625,0.9389012508848811,0.9862356221870688,0.9891342772370346,0.9935609973510406,0.9884061895081011,0.9060166659204002,0.9520425757315186,0.9964711221302899,0.9883721792647142,0.9861757424885527,0.991139105623705,0.9344378352580152,0.9944674398318333,0.6988344988669128,0.9728181651551101,0.9832799971628297,0.9870904502431482,0.5737612526880388,0.9760075704533343,0.7873046077991908,0.9829572098377638,0.6568390573289008,0.861532203999328,0.8572477137807224,0.9762140622971553,0.9894960521405799,0.8451204121309873,0.9631601208007726,0.6454627404391942,0.4916368513498619,0.6774299853413799,0.3768133517279687,0.6750130853716186,0.9899547634141218,0.25290395753752637
UCSF-PDGM-0291,0.9859554875263816,0.9731349005471536,0.7920924823206777,0.9963268111065243,0.888992933555096,0.976855219115786,0.9309808363422665,0.7005949072164126,0.12038387727640416,0.9406514004832663,0.5660554847541914,0.6049603851507253,0.6841179808977487,-0.027928348190223256,0.7518944549456422,0.8135751056402447,0.6713653340594384,0.5584887387053934,0.9681476809371443,0.9937485237610246,0.6848886846396662,0.5421603404685931,0.6095486366630186,0.6074887098430832,0.9963712155287194,0.9894178089157156,0.984885110204055,0.7059331934857568,0.8452147867292097,0.42621018752696815,0.5450959986261406,0.6974758897320777,0.696677675654365,0.9080034980634359,0.9680914362695477,0.9666879774788093,0.9892372710734233,0.8984345742180765,0.9774086576541138,0.9638179703092599,0.9707527319149845,0.974482824660128,0.9173276586022668,0.9888220443398538,0.45330573130599217,0.9745152056304585,0.9853769923124016,0.2181450968513055,0.9809186947458571,0.9102860278642927,0.9613747156505531,0.6354533036896192,0.8134590075046326,0.6520795798902329,0.891082957508062,0.7224358860485735,0.5919310886071729,0.9583213482151389,0.991989168109179,0.4345034531518844,0.6958967995395519,0.8320120818473515,0.9575913982211537,0.31301473088021176,0.5693312590851795,0.9048205574653142,0.42161986972435517,0.9432559498120282,0.7078942737806437,0.8600097395713605,0.4323868662191118,-0.22718274430035534,0.9815356131209659,0.9946141283141057,0.7044140674918772,0.395602103366487,0.9992074566328717,1.0,0.6592580383786805,0.9630608110621116,0.3257339770734245,0.9916753483811291,0.9230667016671035,0.8532783800280516,0.73835744038202,0.6384422486060269,0.8846431545710641,0.7373175029615792,0.5155336158366839,0.9973658324454547,0.5679521410795563,0.9822633455014911,0.5897211070609366,0.9229883709257182,0.38807528141996717,0.7876852776994717,0.9896208521464671,0.790574827132331,0.8178344053703078,0.8786604684849485,0.60081619891087,0.965157188680961,0.953640016658282,0.6984080730021914,0.11893051051351143,0.9475244815671141,0.6819117847573517,0.9789284130597322,0.8709093903083722,0.4730710765779924,0.6268994027222868,0.9946484332509324,0.9533708742797972,0.6021902888301767,0.7566054373451645,0.6164137359465052,0.9954329577076894,0.31398551143696946,0.08918784513711218,-0.10888713685144451,0.5531953053889934,0.9312335353337319,0.9566385036292833,0.8095842443601109,0.5826699007014491,0.8684537154724059,0.4426768995648092,0.3575972781465859,0.9765150298326283,0.6653485291599056,0.6975929161909161,0.13729352360350688,0.5129413289507805,0.6829855390332873,0.9403128032925575,0.5609404705368944,0.27291723966537085,0.2723180197579551,0.6319563845635235,0.615923111470105,0.9011505305733812,0.9904867462625824,0.8891464278158254,0.9639740268501419,0.9915216002392747,0.9122806521823347,0.9971647153516973,0.9671972787555667,0.9441041438239861,0.9899845404319414,0.9852657489642159,0.9938018996553891,0.9894235672659245,0.915648578412345,0.9572099170538804,0.9951421676819225,0.9900800532035415,0.9890347156492532,0.992301431137325,0.9353198307728282,0.9957996310122954,0.697022514208889,0.9666860044815709,0.9878809383143147,0.9914551331313717,0.5804687800354109,0.977711994025912,0.7916871443555502,0.9841544802278135,0.6580260195508029,0.8662943642020589,0.87550259692596,0.9784187204108641,0.9911307428351311,0.8539530412134528,0.970825409285856,0.6385532001820665,0.4978240591651321,0.6793064352932656,0.38667667136180844,0.673411524775058,0.9911160254483352,0.24525452631633315
UCSF-PDGM-0295,0.6469908218986786,0.6390090278658821,0.35679500632341005,0.6458335717849567,0.5502306440344458,0.6350243185419898,0.5722775954878759,0.32470742333657826,0.101564557455527,0.5335146175064961,0.5199221659086868,0.5627322596792685,0.25627805725981906,-0.03275615522659729,0.412877369720927,0.47999632363221567,0.6339277565037628,0.9593828477810309,0.5909901062035738,0.6547172538461432,0.9931393113031866,0.9503016299677975,0.1869824116134335,0.9828286534747166,0.6528303883254206,0.6405723492820424,0.6508084111864446,0.9781860630325317,0.5000465405460899,0.39580977659679184,0.5184218137499055,0.3949126249651773,0.9757569934042211,0.5481166776023867,0.5934420025196221,0.6099409078206323,0.6433595000929067,0.542631533779897,0.6280890909364133,0.6007808670066725,0.5928024168503306,0.6126485014293368,0.49532190236278717,0.6455320732449737,0.41299627549960766,0.6262283862287781,0.6211380111838369,0.22171022176744165,0.6237868079713841,0.5533052981992445,0.6005544162394085,0.9954648187484345,0.4570487394429219,0.6143756182400766,0.5204661448275418,0.27377767506003675,0.9671886030591019,0.6121257167130765,0.657374741781106,0.8930029145567447,0.669137716585058,0.5069957469299661,0.5815222100712226,0.2813642648172567,0.531851606030721,0.48434992475940486,0.3825093911051388,0.5791588563516924,0.9743877592740253,0.5410267331859165,0.8843017629454489,-0.21386529269018315,0.6380270305855492,0.6718567438077792,0.6679669205752382,0.01410879767739313,0.6612755249346577,0.6592580383786805,1.0,0.5996788584954503,0.29765416712955917,0.662325385672951,0.5563119170524287,0.4990687354851423,0.27229277894080073,0.5922680222820988,0.5311372848250203,0.343183629496536,0.47693729974195165,0.6641645024480773,0.9642304048998941,0.6244829578920222,0.9554580343852744,0.5778713581700038,0.040783898471894904,0.43153260371301405,0.6711023192948384,0.39914748088966323,0.4603643766116335,0.5096292075626238,0.9831366356283991,0.589651374913122,0.584697817163917,0.9727503034608719,0.13622262998137705,0.5964069954529964,0.6478229574962927,0.6166439660424933,0.5138856096672286,0.8341397842158157,0.9932572547176145,0.6529918360052092,0.6043373115937959,0.5587319201581552,0.4096646449421495,0.5824626995762178,0.663670030247808,0.2671437876020041,0.10032486393226511,0.4487951133667972,0.9560874510061513,0.5931826248348477,0.5914117490645233,0.34613480622211124,0.5409799203306894,0.4850573567241685,0.398098697496775,0.7409847293636427,0.6361456888117186,0.9882273630779062,0.6634962694684176,0.10688516364002372,0.1136187345424903,0.9623473667172725,0.5942374736679856,0.5278096127745902,0.28903380699642534,0.2863385541368458,0.9877463272493918,0.9846778939593315,0.5493629433137497,0.6706489583124067,0.5628016487744705,0.6437482271909141,0.6710484666597466,0.5606253904535204,0.6469288165013473,0.5858991369334234,0.6146759962614251,0.6466338609209857,0.6579147069000786,0.663695756761615,0.6519261693339305,0.5454424568160626,0.5978280932607856,0.6702261827314765,0.6704834286444402,0.6602938422165066,0.6713229644891414,0.592842168389444,0.6526272772542734,0.9618304799067111,0.642797451983946,0.647316084521654,0.6604719209221058,0.5425801411696681,0.6347823247775896,0.3847303525632874,0.64258806584287,0.9843628722138184,0.5069629279501109,0.5354699096882306,0.6362317785029263,0.6633458312492104,0.4873590062763204,0.6248059047076393,0.9813381438034879,0.87435627998849,0.6439478467108554,0.8114669430308455,0.985961197267438,0.6638215117719731,0.7298579287037624
UCSF-PDGM-0296,0.9812507757434389,0.933395728548721,0.8044407758896676,0.9749851193639657,0.9448073266977612,0.9626139729310508,0.9881843380446893,0.8009392085190019,0.04057819719819836,0.9770372713889839,0.4893662120980209,0.5595656394320341,0.805139822940912,0.03182213196720567,0.8993495896873241,0.8389079970998325,0.6165061127672361,0.5566374097704914,0.9683484822145375,0.9839731324325544,0.6162353810472557,0.4758593862297081,0.7326297986361161,0.561561765677335,0.9740203473824455,0.9855278382026345,0.9802462281271165,0.6267584207863294,0.9546835585636072,0.3559206237004646,0.47736038267406133,0.8112506146807924,0.6211226155261907,0.976427389483671,0.9951548693497702,0.9600549326198697,0.9828186766012615,0.9638541862448888,0.9878898670987006,0.9873251681934909,0.9823704430478932,0.973941954996484,0.9454587895773178,0.985014243546493,0.49692736983940883,0.9788793103021738,0.9778490008198548,0.20945690902292105,0.9951726521152396,0.9094169427225836,0.9994967411364879,0.5745619333631218,0.920958373733099,0.6060906793140909,0.9466757874282821,0.7846245619634176,0.591549072087401,0.9974924178375041,0.9632966241916788,0.43321028826796054,0.6197785253190556,0.862596968722515,0.9733298092774693,0.16924756298601754,0.5608965384172843,0.9306211990539093,0.44470413197076264,0.9811641780051407,0.6308228986696847,0.8045160903499501,0.45999632631914783,-0.13817206514513283,0.9735390262772243,0.9497059596599232,0.6280946111802587,0.5274072995227086,0.9530603083888806,0.9630608110621116,0.5996788584954503,1.0,0.21571381739657264,0.9476435986567414,0.9849419000257051,0.9374451048013568,0.8524044975393626,0.5798050347639008,0.9630784029903521,0.8225146757481351,0.48624961820095636,0.9419929524422377,0.5682216179338598,0.9581533087681003,0.6003886715816387,0.9230188816575625,0.5175312739615701,0.8927901100944884,0.944910728963159,0.9159507863087802,0.9364997807069042,0.9339324430249653,0.5638146820016479,0.9974784007988537,0.9894866572731978,0.6245458504475004,0.21734750015236604,0.9960661239048089,0.5946144138015202,0.9452827271402698,0.9242684009798381,0.5304346739298041,0.5899541978855004,0.9811959812135453,0.9977191719204979,0.5536859914705903,0.8962667223414005,0.5918175833300429,0.9521535716041069,0.1866280479026901,0.16051010622772627,-0.08841946170214936,0.47100274087571653,0.9349200314216225,0.9094097318748752,0.8749377695570024,0.5667712871180302,0.9567639719403055,0.3764429313962774,0.46715756219444526,0.9910233577761919,0.5874420576189339,0.6262760775162489,0.23163642864200398,0.6396770912571436,0.6075791441208213,0.9945986710567085,0.5943240195207082,0.2702155621998973,0.2517896581360567,0.5736999728734506,0.5602357150380362,0.98289725204774,0.9487492058517701,0.8315031025974142,0.9082971005712178,0.9491716741975873,0.9805625795710097,0.9783757181565343,0.9907437279760162,0.9275996898933828,0.9835016854295301,0.9306101657352146,0.9469741610915501,0.967590166664141,0.9693584741130576,0.9821987278006912,0.9464572523926608,0.948567078921074,0.9518019597590763,0.9494398772052002,0.942273091405722,0.9677154373661976,0.6244705873313608,0.9078426755090374,0.984233476772864,0.9690636739143605,0.5979196620248615,0.9696790390978237,0.8478569313245617,0.9693535179248859,0.6148953470647187,0.9208809245073059,0.97062862512908,0.9656674111846713,0.9461643548356709,0.9293322184058227,0.9867022718466846,0.5677561919619663,0.5082127396691642,0.6410412454785959,0.430415693592162,0.6027130500606328,0.9432667664937466,0.15939127714761084
UCSF-PDGM-0297,0.2629470676219966,0.3514510961669792,0.10374530768309292,0.30854647244350525,0.1676309225092486,0.32803358096842516,0.18182877873090963,-0.03192163993228288,0.8780560195686309,0.1799447610105331,0.8837193725860635,0.7640005577533074,-0.0656588269307767,0.6687582112847191,0.020548688709362745,0.1244383116365631,0.7885788060724178,0.18233468133906414,0.2715351312181276,0.29424399958426795,0.310925284609856,0.22737748107597278,-0.07042767889334685,0.2385770125121592,0.2940112151783419,0.2653083167584784,0.2690190872923228,0.34925378609345537,0.10448184732592394,0.9576793543043735,0.7414136750174815,-0.0026650021835401935,0.3230574636780819,0.16876329764399967,0.21684635721971254,0.3019578843409277,0.26924282947518574,0.14018127977944822,0.280972375184551,0.2500223228800375,0.2569446107013629,0.28069172018485955,0.14940878135222097,0.29465719026653514,0.6290731047259731,0.29508796559930733,0.2740719600242861,0.8294185791385953,0.2632145325608024,0.25616327823920626,0.21140972770304606,0.2768679417749356,0.06935783218554817,0.7583067717107106,0.17391702926241326,0.051327074223643604,0.18758292127247664,0.22419233096188543,0.3055803672044478,0.13053436883371072,0.7468199592151471,0.09479185713963531,0.21721212841563325,0.9616757174034177,0.7406636897734162,0.17512998979753708,0.7815253895212434,0.1731058411255938,0.34488994043718096,0.19206851952534512,0.05486388271955639,0.48620489317236987,0.31746563301355335,0.34172662818526384,0.7689036708523668,-0.27308598761752884,0.3380095267685129,0.3257339770734245,0.29765416712955917,0.21571381739657264,1.0,0.32722996358764866,0.17111380697997172,0.11772092647122664,-0.0001324571016691578,0.778743626699421,0.16816067473996513,-0.054868990239798826,0.7678323111502228,0.347636464995742,0.17482066515480527,0.28652607170688493,0.17390391821605714,0.2781102063558163,-0.2836654953839607,0.043916596914548224,0.31662955813662114,0.010582150439237145,0.07867660722892879,0.15584084463111625,0.22653853243898806,0.21613430493268146,0.21332261396484709,0.32288956041328787,0.44932790093063646,0.19251144518200175,0.8215296753323352,0.33530915889413204,0.1680484250672824,0.11787268450196987,0.24398777574861585,0.2926881908583194,0.21191894183859297,0.7996487940038821,-0.00290391252017541,0.7735582483290349,0.32523877630424386,0.941050799825236,0.5780875659264046,-0.07368526909556006,0.3339551687512651,0.21862463407005123,0.3491058245557358,0.13717596342278102,0.7378047680698103,0.11358605664632727,0.8602959826652568,-0.006626532602622371,0.24480827164085026,0.3151067270030851,0.7519369365031545,0.36513215887029843,-0.18923623082177543,0.3326396868006042,0.19229001608957433,0.6535498073413598,0.83893519707142,0.8763220932564275,0.2690902749019955,0.25728210823474723,0.14063436067016305,0.3281574333260801,0.2177858894927566,0.2797505906791305,0.33081619759594705,0.1542915485784282,0.2943837026324188,0.22355152049326682,0.23198533192412177,0.30648917102616413,0.37052833565481086,0.33680300836084903,0.33707238291909897,0.16828327530216988,0.22894904489020734,0.35718883291734116,0.32717810020672294,0.30740124241298966,0.33302396874031365,0.3075648793257223,0.32988398036960986,0.3124459978326405,0.38799683509213384,0.3045668344235695,0.29130360956913315,0.6599711130770026,0.3224568528740375,0.08711477418013942,0.32593384709489187,0.2640541597915238,0.205216456931473,0.1266235902797667,0.29357593187567815,0.3131076881409779,0.10484535645398879,0.22496907117238196,0.32420137815091216,0.10640886804981317,0.2707628188559949,0.06793247768803959,0.29812685948220025,0.3164070167595034,0.2544323941463843
UCSF-PDGM-0300,0.9845958218229617,0.9429596546271446,0.7331381304978417,0.9821376591874289,0.8383466536535417,0.9582010368736121,0.9091263277363841,0.6300104749839343,0.12543115092833756,0.925762827773888,0.5963811963254193,0.6317140735196314,0.6754968073129619,-0.03471244336458557,0.7227119319220707,0.7464582677289179,0.6699463886517246,0.5496985261333569,0.9364971585588522,0.983280911250688,0.7000763489451446,0.5393988632066331,0.5952940312449829,0.6140283180617454,0.9928361028287671,0.9853295758471643,0.9830638867991787,0.723014936219008,0.8219872865329099,0.44389131426275924,0.5783018159589113,0.636232948876976,0.7219982810855097,0.8936507455535417,0.9577255874594898,0.9364784734367341,0.9862607430484498,0.8570648658370145,0.9532777588142324,0.9355490704719258,0.9504477092252847,0.949991355862146,0.9152572576344041,0.9847720888851617,0.4774365617837726,0.9577557658304143,0.9851000171048645,0.21630329397525275,0.9634453964125552,0.8502487446664886,0.9491797515796899,0.6366590661731852,0.79966594367189,0.67812799886623,0.8573060076491484,0.690928581387996,0.5921095222836164,0.9427589121421628,0.9976818467431864,0.40145680760155017,0.7201164100231792,0.7862486106713149,0.9247827808157411,0.33518128572937644,0.5664997637534297,0.862047431924391,0.43577478545596854,0.9369602977593557,0.7288872953119199,0.8669637076303363,0.4168161286897711,-0.24746138987286911,0.9654770876962736,0.9983994536234955,0.7272673047302698,0.3464311958533957,0.9906437229821813,0.9916753483811291,0.662325385672951,0.9476435986567414,0.32722996358764866,1.0,0.9011131124977431,0.8032558151711372,0.7084911157287205,0.6629786784571684,0.8613277019568795,0.6877545638641934,0.5208641624895141,0.9905319741454158,0.558888064435153,0.9905802148599082,0.5931465662825871,0.8731970252121285,0.34536347344780727,0.7643824427292358,0.9941972585933697,0.7757697565030732,0.7850350229001207,0.8606636977677243,0.6061155328342758,0.947909533008301,0.932304899106026,0.7242735694136725,0.08234815136425415,0.9346785498958192,0.6894465880906964,0.966849605448985,0.8228665030053486,0.47504499995719884,0.6275274187681201,0.98464958395973,0.939521871396443,0.6330989730796487,0.7359453629440493,0.6266554896869566,0.9991072115887061,0.35077560722873413,0.07164706340642023,-0.10758352325215033,0.5504734354652728,0.8929185778370639,0.9373018893251128,0.7616117056461505,0.6029409401918575,0.8493351662586984,0.4502869832656921,0.3308837003923115,0.9709136067098977,0.6843201911534639,0.7263799088008742,0.16372708642499645,0.45085752781803934,0.6984978538977668,0.9265251375554965,0.5802592362907772,0.24864009827964567,0.25280624424848297,0.6395980369434194,0.6199133103973112,0.8820515583176404,0.9990798441224834,0.8925988929167157,0.9610943922496212,0.999204358845074,0.9079862242432127,0.9881936820712559,0.9494829793980593,0.917302289120311,0.9755569093669311,0.9740061438271143,0.9994712505366148,0.9764822802079612,0.8708889386602241,0.9372827779844056,0.9928636788248232,0.9990048899922677,0.9976407486127293,0.9992171236302598,0.9037777669378587,0.9895691172548036,0.7293163073018637,0.9470456668623725,0.9794031738327683,0.9916333075942909,0.6035636517781657,0.9579671827634612,0.7834903592542019,0.9690620425629063,0.6735198007674967,0.8313288489957138,0.8614078995543971,0.9476520884283665,0.9959157830709565,0.8314317111901339,0.9671315318533401,0.6301482150809371,0.5104623818936068,0.7039853635718039,0.3990701298304643,0.695170164885055,0.995896713031625,0.24003856337543503
UCSF-PDGM-0309,0.9481824640261216,0.9125769364851186,0.8142739980079323,0.9483027258634816,0.9390471660418932,0.9495932930379779,0.9973738155995855,0.8242588764640535,0.026275593280915343,0.9591822362902822,0.43417920495701673,0.5232733396591875,0.8390488469051328,0.003554125491946352,0.9382818714246827,0.850764226777562,0.5856953790748902,0.5256040238128916,0.9575146915594225,0.950643870455611,0.5625072833861395,0.42702034258078325,0.7614837398212805,0.5237204408038302,0.9346632563509235,0.9525870488587173,0.9398106430278453,0.5736123330170437,0.9615714584767682,0.30931461147586325,0.43950005402642467,0.8145697695270762,0.5628874970631557,0.9942455061486974,0.9759791259280597,0.9554130416023017,0.9500197412350314,0.9666570688624735,0.9731846659090887,0.9797125758923598,0.9756465589365644,0.9679906758762369,0.9369641613780502,0.9553565001395041,0.4777388749801019,0.9690887921530149,0.9542153010280376,0.19091558732949337,0.9722494745922567,0.8993885055078831,0.9846754646122476,0.5324898696286884,0.9673925031539852,0.5569863751884739,0.9783831887237876,0.8046667418621276,0.5539047575707938,0.9807772752644982,0.9183116315874136,0.4131329073799219,0.5559502988395681,0.843377530243169,0.9722550066936818,0.10564320789693082,0.5492542940196274,0.9338786608390487,0.40047572612307214,0.9839398911691294,0.575706257030021,0.7539180135368991,0.45179064140482456,-0.11003759472540439,0.9569364141632895,0.906160591160776,0.572560232620269,0.5796057160146589,0.9121556461760988,0.9230667016671035,0.5563119170524287,0.9849419000257051,0.17111380697997172,0.9011131124977431,1.0,0.9626978633837058,0.8550780668075876,0.5335919620019793,0.9897865051803715,0.850749878059667,0.464048880583301,0.8981943335897863,0.5487755762780147,0.9127309222497969,0.5718046179066038,0.9300683105208384,0.5956490747312094,0.9527192759112336,0.8938751307079958,0.9352610266686826,0.9726217264444498,0.969772776607046,0.5235919066964576,0.9874489127195857,0.9941016226600687,0.5653706867388809,0.2452819065177223,0.9884026735188463,0.5463722471824755,0.9224979665334241,0.9596153911298042,0.4886596281989774,0.5499300471903349,0.9524079812522275,0.9803876515400188,0.5085064014741874,0.9454494892319314,0.5558577844665256,0.9058594839846303,0.12060176752455383,0.18347476590903788,-0.08483006399476616,0.42296771915696796,0.9261427017122641,0.8874830306253287,0.8614275929095168,0.5476669611833017,0.9455863590956517,0.34760705897861605,0.45679608334220045,0.9628199735849481,0.5313472682148436,0.5688546035519728,0.2776886028642041,0.695521371212227,0.5565919051660478,0.9795133502879202,0.5659660191965639,0.24270115453490781,0.22031160165806796,0.5319653012079354,0.5205733369035748,0.9910053822553324,0.9018286509091386,0.7823779011302215,0.849027138582394,0.9028798211137291,0.9855973474142792,0.947654969792675,0.9857060721106614,0.8818878817760464,0.9560813256102104,0.8983746259693668,0.9014308470119498,0.9416660495456713,0.9699111673663352,0.9854727752057102,0.9073605138071383,0.9014186292453829,0.9027914639908593,0.90368155418045,0.9498750684652231,0.934122578367642,0.5608522974972854,0.8825989525298971,0.9585509820117739,0.9253469162811985,0.5730062531280496,0.9543035478259744,0.8948995611632353,0.950747048746067,0.5634276099484123,0.9582871717040372,0.975259072990393,0.9460423744591004,0.8961228486151501,0.973211853366053,0.9700479988863893,0.5350541764710495,0.4741547090781788,0.5846082157213407,0.39910108494469126,0.5490181637786966,0.891248409655339,0.12352511918126192
UCSF-PDGM-0311,0.8796458730679785,0.8810423408038746,0.8792452025321515,0.887208897881108,0.9726412881943782,0.8923824207820928,0.9639903877957879,0.9214926001471087,0.005457318382550413,0.9004219243995644,0.31766458751062626,0.4022973128229396,0.7804011191530326,0.011912938519500083,0.9364145062148871,0.9121368274999622,0.5199581283668397,0.5174926453506903,0.9290115200606082,0.8907596119871156,0.4804417592520514,0.37621265520805774,0.7100444522163355,0.4769332161161687,0.8609703722213877,0.8823676467611995,0.8711551845681075,0.47902095052666505,0.9425150620515569,0.22779689083940075,0.30440011759863617,0.8962708423854943,0.4565259293544923,0.9449564479779835,0.914046629793466,0.9179477361003734,0.8770259725955414,0.9882714475406807,0.9343149272043022,0.9523224293016115,0.9235967785185047,0.9237481213881666,0.8513682351815449,0.8806069126502226,0.3817535412782686,0.9125993363372918,0.8683351861943817,0.19909727326530124,0.923128459306553,0.9261262559538039,0.9321064195227409,0.48968266518877307,0.9250894008689685,0.44670933013244457,0.9585132708850314,0.7729538168959095,0.5161484348864104,0.9365265233566585,0.8279076843623046,0.46622469187100574,0.45816811281316194,0.8930077912964326,0.9561627375007795,0.008777237971817198,0.4958117444749573,0.9274737308012894,0.3343404499816996,0.9221097424779353,0.4751320107039194,0.665663070843929,0.4800444388465851,-0.03578877545827161,0.8976607607336068,0.8161553467974402,0.4683504498970324,0.6553602517507551,0.8413566774415265,0.8532783800280516,0.4990687354851423,0.9374451048013568,0.11772092647122664,0.8032558151711372,0.9626978633837058,1.0,0.8502098737565124,0.4177363716791859,0.9561847861635625,0.903381109769446,0.38186933252006855,0.8240131485488142,0.5351730558944509,0.8125946391900009,0.5273630294871076,0.9406061856103489,0.6774829872820528,0.9291162444391825,0.809881710321775,0.897105186063277,0.9665832027841417,0.9224820658820055,0.47924121973953915,0.9388770372520525,0.9517218308325577,0.4582395423969057,0.3107141872912947,0.9418899788942942,0.4635851752251579,0.8454425117548037,0.9772716832449373,0.4628738650119946,0.50730093431669,0.8905361127133247,0.9346628086919659,0.38510520089002687,0.928861064142553,0.48261974074494435,0.8166148052335472,0.005452197596714901,0.21944525643120788,-0.07855031527114066,0.3811038117002622,0.9401626428096411,0.8171999695484818,0.8891331503478005,0.44470386322673666,0.9101224960037946,0.2613112418943302,0.49828542659720987,0.9007660468414016,0.44696913994582405,0.45673649257963933,0.19587003247087031,0.7684293000838186,0.45897760014401706,0.9373364545668977,0.485471427747717,0.28698305660543755,0.25191085949213826,0.4696553473521984,0.4663378231802497,0.9604100003224615,0.8065903701950563,0.6966987347198317,0.7964028073768886,0.8086105971191541,0.9263653786953042,0.8807985812056361,0.933293117147887,0.8660391655256995,0.8993409072536622,0.8259788236931145,0.8064327254353709,0.876551003756377,0.9845814999070231,0.9446552092044421,0.8243580473577313,0.8058297580987119,0.8085642095061449,0.8102368040906607,0.9137176703961376,0.8571827101773323,0.4452691901175791,0.8214648683213495,0.8902763312446743,0.850041708375299,0.484842231102201,0.9006430237328059,0.8202530816577838,0.8890238401410062,0.48174857349735567,0.933848478622787,0.9392552709711949,0.9255554122705074,0.8086191510603353,0.9414239544391444,0.9043281456065305,0.49494999917389815,0.4053151592339312,0.49070317073872477,0.3532569193724366,0.45313976164169734,0.8040647287418036,0.13244279741011106
UCSF-PDGM-0313,0.7672126833844444,0.7107251501001934,0.7884019451204496,0.7641665125043593,0.8352688815165817,0.7515986331216852,0.8391760347979091,0.8611259186695343,-0.046387596231034826,0.912338158581871,0.22322014421696013,0.3331657413986584,0.9322976083741695,0.12521116164692164,0.8906504861047494,0.708669604846325,0.30736276764961973,0.3039398829292788,0.8167940866691735,0.7728899308620516,0.2773093904899516,0.2526964901522353,0.9350680522608107,0.24738325375748874,0.7592919202099043,0.787358914872686,0.771431581011695,0.2831114144431898,0.9042126152738951,0.11963225431955701,0.26877882488620064,0.8134216639026689,0.2878482501605122,0.843621932082618,0.8586603113128445,0.7735193567002929,0.7811086107547316,0.8539522959609527,0.8033904558293525,0.8277429329363148,0.8265811998536673,0.7851812392538007,0.8872480886402473,0.7840027181784202,0.41913647004645543,0.7825142298571338,0.7897855616707503,0.06356056794411775,0.8275113385023966,0.7774932446681734,0.8487863754107419,0.24946642782985948,0.8347188548430133,0.3393788107637892,0.8154310506862575,0.9092058314892196,0.3408040255146413,0.8394990906052622,0.7409326627345139,0.2240184731108955,0.2774537978395091,0.7447392351588694,0.8145237991458031,-0.045980690361712546,0.3381044479856389,0.8867337861610978,0.31587008363466723,0.8092464754949776,0.2887746713476303,0.5559712250434526,0.2554669670365209,0.0275081288153929,0.7678101484293502,0.6992675418264865,0.29079637811089654,0.7743595967235807,0.7194891405260045,0.73835744038202,0.27229277894080073,0.8524044975393626,-0.0001324571016691578,0.7084911157287205,0.8550780668075876,0.8502098737565124,1.0,0.32898650352845304,0.8440187057359986,0.8384402169839866,0.33307669172254123,0.6990724508105423,0.30244892150665126,0.7770220504950576,0.35441200236828313,0.747394672308478,0.6704016444031167,0.8012590135994401,0.6936896949967265,0.9459683438322766,0.8874905385089091,0.7913454580798958,0.2762675808268199,0.8536065834672073,0.8315586846174131,0.29432783598324574,0.28946321274636877,0.8380068906084219,0.262317689457008,0.7594604600617165,0.7898686127961968,0.38173326338159536,0.29579112908329586,0.7607543243036113,0.8474360829107124,0.3118778609435762,0.8561253928080673,0.32628925693285243,0.7154413611704836,-0.015474596784862066,0.15240077312757955,-0.019363797527846543,0.15785617793827955,0.7558689782404001,0.74189989073426,0.863662976859858,0.348307462129966,0.9415277751620512,0.22238635909778987,0.3973244446034583,0.7992449816827274,0.23588022121428565,0.29411169720312136,0.2834239002974088,0.8245164125138736,0.30444253574120367,0.8527025705638872,0.4129151017456152,0.12062507507295332,0.08827086984723026,0.24225148043023806,0.23845638986614215,0.8654632219931561,0.6994264575794377,0.5796037124630985,0.6740045183905419,0.6995738706494128,0.8370584757912248,0.7663538832106973,0.8412157144864469,0.7391182022230993,0.7807168165336893,0.6795536818757847,0.7069423992199979,0.7494751296896982,0.8638535573576895,0.7973302286879042,0.6957897777273331,0.6993520139269335,0.719161546754943,0.6996335170214389,0.7629658049332502,0.7523143436422227,0.29564618984383817,0.6643929396021767,0.7802473807450545,0.7422180920971929,0.37790144452541774,0.7680602824622421,0.8043339414962553,0.756195822639478,0.32384808734993253,0.8006762310640071,0.875191553792822,0.7637793247122621,0.7067224856665126,0.8026357148996229,0.7839237294770928,0.24030132587946754,0.38344644085715124,0.3358024363471888,0.318551220723331,0.2691164219002771,0.7020134053028043,-0.09891554869235232
UCSF-PDGM-0316,0.616807814136198,0.5972086952125397,0.27723285058532865,0.6240873351919823,0.44702003756962355,0.623895010369965,0.539430669184599,0.23068564944864065,0.6786956662141811,0.5634410276668658,0.9700407536202443,0.9950036331014076,0.36804278323369033,0.5063928364169729,0.3919607541791064,0.34043260661178454,0.9485065214922902,0.48581701765304003,0.5726763952599764,0.622641407892689,0.625719225641631,0.5089534561724389,0.3277167945855086,0.5388130617031696,0.6325726336888405,0.6198486345384253,0.6203100175753987,0.6564306048340642,0.4780493277281987,0.8845181569822734,0.9503614506245964,0.25892098447441936,0.6557331113887249,0.5446144510159974,0.5918274350098651,0.5872651477483541,0.6218780016288056,0.45797955908585963,0.5945533294291339,0.5702452561711044,0.5930304040531111,0.590907479234664,0.5580893489465156,0.6399432429770138,0.9051621835802,0.615380794113943,0.6359968223739972,0.7330333637305181,0.6019651401611646,0.47963604130440723,0.5824216931701001,0.5612817845417579,0.4616361288118069,0.9934654438164963,0.5003366097159493,0.3901256685146885,0.5347102031270701,0.5785677257330772,0.6521386209356927,0.3385325476025775,0.9549882892115894,0.36186361801239697,0.532294211665619,0.7619201107855395,0.9365312471610632,0.4865665784579206,0.861282506501326,0.5592273458056984,0.6617949096685627,0.5185437876978998,0.3567323658947889,0.3369715593931739,0.6272529377951055,0.661924902561536,0.9732550661243219,0.02036153246516468,0.6406937520911263,0.6384422486060269,0.5922680222820988,0.5798050347639008,0.778743626699421,0.6629786784571684,0.5335919620019793,0.4177363716791859,0.32898650352845304,1.0,0.5215348693977367,0.26484397088363343,0.9600263700495413,0.6439446465541242,0.4971493259691541,0.6535386044520188,0.5416721685436857,0.511269160128556,-0.0032943912657291347,0.41224334602636925,0.6417793230683,0.4356976202065834,0.43921396782522015,0.5135171708620017,0.5403432867156793,0.5789136469812215,0.563088881881415,0.6587227220001368,0.5773633485464863,0.5636941018853293,0.964885879510185,0.6399894159368629,0.4496141849598086,0.43035756979440243,0.562104245230042,0.621220877007511,0.5761113540767475,0.9927329470171914,0.3906730775420576,0.9667949985220818,0.6543181172692106,0.7694846882230402,0.6078205244233058,-0.08338974760002762,0.47357606438775807,0.485567672807748,0.6234264832973172,0.27631483583408223,0.9802102856706618,0.5072771730724078,0.9283838588233817,0.30821350774985656,0.6039446071747704,0.6003393089163438,0.9727888392489479,0.6381249595808424,0.09647928111443088,0.653471223519153,0.5617253198202423,0.9292311341510584,0.7182276834108529,0.7298021294514356,0.5640671035814182,0.546885508838971,0.5165342498813481,0.6610925715473378,0.5400636457318745,0.5809463546934007,0.6614183919439837,0.553379908115954,0.6261183332757899,0.5806490201431664,0.5207457414291127,0.6266331250966978,0.6466654155339542,0.6640942527225479,0.6410645776566857,0.47938567430038204,0.5679299568230106,0.6598687413080583,0.6609541978533235,0.6513895396179584,0.6616317436626751,0.5807630334737873,0.6505203746297399,0.6606933053531079,0.6328795537600492,0.6366328376229219,0.6317498327124581,0.9400368648631066,0.6220991489968641,0.46605817873063393,0.6317957024616505,0.6157343586755231,0.5088192142239312,0.5117490047534226,0.5708249829645136,0.6434931967037562,0.4681376989283493,0.5931371508761212,0.5664023133389852,0.5151786302022843,0.6360521487822826,0.37630894833580053,0.6252811007727174,0.6445738653440527,0.1403065814603528
UCSF-PDGM-0319,0.9109710751160447,0.8900525935327512,0.7721715328776962,0.9173462243999869,0.9084457353325491,0.9381777869824234,0.9875858736361137,0.7935578609889422,0.02555148861062686,0.9299607202834013,0.4241682908079925,0.5127098255874646,0.8333397927201147,0.014825056162825317,0.9490433978183036,0.8058463502672637,0.5945103882987448,0.5041783526854439,0.9383944078850573,0.9173240598147291,0.534420258989382,0.3897093671782471,0.7590843216795151,0.48720326481037407,0.8942569742647056,0.9151551094735485,0.9004108896528655,0.5566855475648644,0.9561263707680012,0.30601169361947234,0.4039900284517936,0.7751600565198365,0.5378057980910024,0.9955153168010804,0.9470528861242603,0.9416653627086685,0.9108339519089095,0.9430234234633981,0.9547808838758204,0.9662338238795511,0.9601565011329461,0.9509250044403362,0.9052868460045569,0.9310632327689871,0.48949582232441174,0.9588749612970136,0.9282347256514298,0.18721677468907677,0.9474286558622036,0.8721050706145016,0.9620620318948989,0.5016821027755949,0.9795249456612977,0.5423961014663113,0.9829751246325653,0.8015630490908214,0.5372477864097316,0.9580791680104592,0.8783956916064044,0.39103426826602655,0.5243238682329184,0.7772704774541576,0.9453669143951173,0.07388946977132832,0.5668543422105082,0.9103255056574702,0.41805464626604466,0.959988290883295,0.5583959164391752,0.7063597412833919,0.4281554600016136,-0.08642530663140109,0.9436153516647772,0.8699865220059225,0.5539831703805875,0.5462276009599268,0.8732634750868096,0.8846431545710641,0.5311372848250203,0.9630784029903521,0.16816067473996513,0.8613277019568795,0.9897865051803715,0.9561847861635625,0.8440187057359986,0.5215348693977367,1.0,0.8048277915642776,0.45982760932985145,0.8570666813764035,0.5395299612158431,0.8752065176572168,0.5676568049443884,0.9183202133305517,0.5688735844818633,0.9610719348818657,0.8447529994309384,0.9291587083712419,0.9822202608210442,0.9765332239262761,0.49074580441810123,0.9676917790486053,0.9799888161769247,0.5422366217638553,0.2569779834252781,0.9673688188816505,0.5324853915266803,0.90223554638674,0.9595165029597892,0.5017081516742902,0.5284697265966792,0.9197084452943871,0.9589566726054133,0.49963737691019366,0.9530207049366481,0.5561519733028661,0.863634195071255,0.10308632325679566,0.19116579238388096,-0.05221955674106504,0.41039482457363463,0.8816433638186988,0.8668953715003623,0.8392158352807169,0.5528812679364735,0.9326022916923045,0.34241092247134447,0.46719582143948535,0.9290842447191509,0.4983180593770744,0.5457582859573221,0.3002534968421379,0.6675530571182561,0.5453985075257466,0.9582788292709127,0.5753925955316924,0.24304597456737706,0.21617283489591563,0.4923781003576764,0.47953533388915115,0.9812001157449971,0.861984942915378,0.7364072593051527,0.7816663193847012,0.8637224991139147,0.9781751066264537,0.9130346837230785,0.9660056428568253,0.8161826614778606,0.934391588771518,0.8744088505687451,0.8633646881064355,0.9227867059962468,0.9485960136311782,0.9727706684430668,0.8759708125450492,0.8613257803256967,0.8572157581429786,0.865105665642031,0.9536858644201085,0.9069204031613576,0.5344961078545447,0.8658426882502189,0.9379853726495987,0.8822423661997834,0.5807449435838422,0.9428441375527483,0.9008109896759852,0.9356904065531948,0.5420032181831766,0.977481422163464,0.9671727202057855,0.9128903732531598,0.8461790764758319,0.9746283868835084,0.9380991560411731,0.5251997241717457,0.46927611657633017,0.5719948118892447,0.4184255691192617,0.5143543253647662,0.8412755644960653,0.11419418914234927
UCSF-PDGM-0321,0.7757216854818287,0.734789704835001,0.915652503047971,0.7655063181878453,0.8900943675640531,0.7269589015437823,0.8443182556867679,0.9633850283015202,-0.030734297425784998,0.8363504885867569,0.1417772627372294,0.2606656036941097,0.8097096798411494,-0.06766661011084718,0.8305186256046839,0.9186335587700009,0.29553710503997693,0.3839315753336832,0.8108802818121288,0.7667125630553505,0.3252271100934335,0.29726272033128487,0.7452846120560294,0.36090771291765966,0.7564067616780443,0.7800310259220036,0.764058457900416,0.294107286802579,0.8233854411039788,0.040736744125599765,0.23080937063769447,0.8957455864395377,0.29547021910717974,0.8111808778979462,0.8167094437606118,0.7750020549375982,0.7759794618525053,0.908365360186257,0.7907240415042455,0.8175045069905219,0.8024315265600271,0.7938670535372788,0.8275729352073645,0.7393613987331831,0.26594846281424084,0.7533263999278175,0.755208557161212,0.13331023926274616,0.7955583683565491,0.8350084509235411,0.8183513162009198,0.3540315217286572,0.8201720536252809,0.28847527462055345,0.8383805704040934,0.7856124083855408,0.3748379102794679,0.8100859100448037,0.7155969891076043,0.36882826575527633,0.31037935433629654,0.9251044795157632,0.8746042480182189,-0.09418576981498822,0.3264961488746191,0.8787392499036694,0.1291075581595625,0.8418907899745042,0.2912419252322437,0.5751242425424682,0.4156523303351627,0.02302653580446256,0.7352288711073058,0.6863765610378283,0.28937727465555074,0.8536399530232637,0.7250713832758733,0.7373175029615792,0.343183629496536,0.8225146757481351,-0.054868990239798826,0.6877545638641934,0.850749878059667,0.903381109769446,0.8384402169839866,0.26484397088363343,0.8048277915642776,1.0,0.27422268758491186,0.7106393048883982,0.3946995391201163,0.7108856785863058,0.3720678989849597,0.8087961670741464,0.880136957671999,0.8555057760627238,0.7123017020435134,0.8461643206708687,0.8493722158564764,0.8116361541236073,0.35911130335826913,0.8297620910311887,0.8358515111538457,0.2931200606570352,0.3331144132511955,0.8298757816902624,0.2759504373711768,0.7093502174796178,0.8686671095412903,0.2712527241369326,0.36361643145198125,0.7716262632089362,0.8105866915237917,0.2207262940247423,0.8532964894864457,0.3075042647544193,0.7063346476476288,-0.1291201883344651,0.24041100293565154,-0.12464519005497095,0.18649545769052958,0.8800945452842945,0.685709721706072,0.8045185027919554,0.292250872224626,0.8164064678418923,0.1647799489778138,0.3702661648395723,0.7908689566207285,0.29695143021489134,0.29063921982858104,0.23323755897280188,0.9279957523577758,0.2792582687179266,0.8179415527744802,0.3179699728154446,0.16054916794398616,0.1286371928458439,0.3504706488003966,0.3557112639932276,0.8459310383541168,0.6861485948879843,0.5984175845504265,0.7544659191531159,0.6863660675217533,0.8072882789550574,0.7694292654835813,0.8299279424031687,0.8359890792849631,0.7510392971064186,0.6685574197716599,0.6853027399023873,0.716187487498075,0.8978631718880115,0.8219532357426245,0.6834457530817483,0.6860489937551211,0.7078269354621392,0.6864859095381991,0.731896473711825,0.7168381037063479,0.2887250757628973,0.6528536323080149,0.7381654962075799,0.7466426248625073,0.32910812928512995,0.7332763532697963,0.7830126774271211,0.7280863301480812,0.3307460214687943,0.7732728297416603,0.8167427000668419,0.8110633789584869,0.7170822889210141,0.8572803058891411,0.8084787046548948,0.3129499665961714,0.31168912942785865,0.31360585927918566,0.2039331006290106,0.31732964796299107,0.7123434870259109,-0.03601012961207701
UCSF-PDGM-0323,0.48708501805874665,0.5012055746339775,0.26364741379206336,0.514385409761754,0.3932075437293924,0.5231854749080446,0.46010806054059067,0.263037166515947,0.7416560197388825,0.5007720791116842,0.9115382168718381,0.9698891262905752,0.3914324762500978,0.6034149368726898,0.3681026223293552,0.31870801622836387,0.9039112536449317,0.4010327031061364,0.5013117671698655,0.5021560531653915,0.49197267448966725,0.4457145547247103,0.3789655709403145,0.42477309770445837,0.5065108672089397,0.4992460944664712,0.489286348956871,0.5205660686108278,0.42197830388243923,0.8514838345848651,0.9337821607457595,0.2509885294916921,0.5152622413289002,0.4686757781078503,0.5001533853924633,0.5083210462571031,0.499621228028608,0.39858750290879663,0.49986755704339975,0.48845175232628735,0.5118511530917675,0.504770181530827,0.4976499641641746,0.51930959168622,0.9336688194653782,0.515810477366481,0.5230770879737178,0.7736881070259917,0.5032530227635442,0.44088398344289903,0.485457809009651,0.44816573843676055,0.4131100647159923,0.9390353903373391,0.45319353840866666,0.429674381306907,0.44455856895308815,0.4786066763512708,0.5147317849691655,0.29351385436426164,0.8617570331008493,0.3017932655481204,0.46079283008013544,0.729839463585447,0.9461454405509626,0.4670485997222328,0.8549552777589212,0.4626335946633601,0.5214671502181859,0.3760427348816603,0.3063153000846495,0.5121496434301313,0.522585221552905,0.5200967282009102,0.8865040070360872,0.13097153544015483,0.5168082149758678,0.5155336158366839,0.47693729974195165,0.48624961820095636,0.7678323111502228,0.5208641624895141,0.464048880583301,0.38186933252006855,0.33307669172254123,0.9600263700495413,0.45982760932985145,0.27422268758491186,1.0,0.5162964926148048,0.41826823261646195,0.530271852648751,0.45423527698482236,0.4541595477302542,0.07577550470314816,0.37916972116414527,0.49508712842112595,0.4122894965405861,0.40787374656283265,0.45378454660261286,0.4352670163679645,0.4930742631431959,0.48318678008266897,0.5177974687666577,0.7463410318344732,0.46570640612361197,0.9029750685303747,0.5436804525323711,0.41140276058057723,0.34888607842849173,0.4602420280573943,0.5010748868774583,0.47663642659868993,0.9473243605146665,0.35876672388483544,0.9337033414393731,0.5163071339373783,0.7178114728982721,0.7376619058701741,-0.06954217278583462,0.35286836765649293,0.40363946579286675,0.5457248898957229,0.21552191227868703,0.970926802206394,0.4592021195811259,0.964623513156477,0.29627749811630005,0.48399748117274194,0.4547871210479332,0.8816809415764892,0.754896267095851,0.19238476623429057,0.5392043110607941,0.46412487056973606,0.9120374150677764,0.7565786670916098,0.759613508684448,0.44536554016849206,0.4363960073082903,0.43990165319440655,0.513453206412368,0.39969855991038056,0.4415765661096592,0.5148445139559658,0.45854811652004995,0.5093261255945981,0.49878974793743386,0.41869160379348225,0.5148530620152169,0.5249720848934528,0.524818436917042,0.527403178250278,0.4280794472240646,0.47793519175271415,0.5260133371162108,0.512930624520924,0.5082146459124236,0.5159683372060587,0.5086844431918028,0.5307031956875317,0.5117662192871417,0.5262268771749439,0.5200042464512833,0.49549382185237334,0.9127130308131333,0.5223815458493429,0.4444342883592795,0.5243063200207998,0.49925608632649304,0.46991386039393745,0.4337470264100285,0.4753406135221812,0.5021400531610462,0.41814379173320526,0.4753227670046725,0.4665018307394835,0.4724914531941039,0.49824633435134374,0.3129368107099932,0.4906187461674505,0.5023702135651441,0.01946695084573511
UCSF-PDGM-0326,0.9749259047245108,0.9738485209352631,0.7835263410804412,0.9906701489037182,0.8628579771775181,0.9710219992781021,0.9075381240521128,0.6681261851267285,0.14175069775524013,0.9195355210496772,0.5760282092656213,0.6071253432556519,0.6476621782451936,-0.05201836262624339,0.7053400708371176,0.8017331939983126,0.6784432428107396,0.5476183909634889,0.9588158863744172,0.9837182304288256,0.6916986426910376,0.5490990701040239,0.57163408371205,0.6079875753090229,0.9895259130977592,0.9778438057026229,0.9727624646153978,0.7165206654834606,0.8047167971577106,0.4351031696335933,0.5515662723457195,0.6562843298506966,0.705331054225132,0.8824421670186288,0.9487993740632664,0.9597233157794518,0.9780387098515101,0.8715148145897962,0.9638077098071716,0.9480959321842324,0.9587351623674694,0.965904283603616,0.9009380310731224,0.9775557125997664,0.4340445043599064,0.9637431402269295,0.9767838291618948,0.2178510154815489,0.965012570328236,0.9018186999114904,0.9398186188274331,0.6407672905991361,0.7809872357684472,0.6532121034484355,0.8722004105752246,0.703114616989541,0.5812093821226046,0.9355837719630382,0.9862547979335063,0.4259856301996525,0.7043943683007037,0.8132728494010433,0.9452251504590937,0.3418226105144125,0.5678131968800509,0.8900696776442991,0.4045878501056766,0.9250209935466971,0.7176817178618254,0.8619880007632934,0.41720602992341743,-0.24563425467558014,0.9733610615988751,0.9940074527501743,0.713814172895996,0.36046857850565256,0.9993472638470386,0.9973658324454547,0.6641645024480773,0.9419929524422377,0.347636464995742,0.9905319741454158,0.8981943335897863,0.8240131485488142,0.6990724508105423,0.6439446465541242,0.8570666813764035,0.7106393048883982,0.5162964926148048,1.0,0.5600312613679328,0.9754415735814177,0.5780080154222383,0.9160147461776398,0.3589241624326817,0.7582605720548818,0.9881335363324236,0.7487358158733968,0.7797160345555392,0.861172838295657,0.598557983315415,0.9465599201124272,0.9356727581696926,0.7066738945731506,0.09346223556051861,0.923878014887515,0.6954502075827877,0.9776884407657466,0.8528654252107329,0.4470154753229477,0.6264058333705295,0.9866528726646999,0.9294445831761808,0.6042792963553468,0.7149816924356952,0.6149756166035348,0.9939399622219752,0.33841905464054217,0.0729729128185936,-0.11177657485235076,0.5650240402354123,0.9196824356777243,0.959214390643395,0.7812489726047049,0.5800642886194189,0.8329004912923668,0.45520900324271013,0.3195333066550264,0.9598847638954925,0.6742054897785947,0.704995738263253,0.1164697780466532,0.4803919155335315,0.6933011371012902,0.9137390956587204,0.5429206739875547,0.2673838755105908,0.27126028590851653,0.6355400862696098,0.6188829553196558,0.8699429423833286,0.9885297484069945,0.8918085564080092,0.9649540517138505,0.9898203982993219,0.8855530013493144,0.990514127066715,0.9518790027805343,0.9350588752519685,0.9800761446083747,0.9890438322824683,0.9935739664755393,0.9840437495692443,0.8922361506670153,0.9429749843072455,0.9962364493931964,0.9880298266084989,0.9853746739638023,0.9908157246858952,0.9257838555509044,0.9912702876824016,0.704505482248348,0.9728175956566367,0.9769180733982566,0.9841875063661379,0.5688548408572072,0.969633713285938,0.7768931886614591,0.9777650825958278,0.6582053281740704,0.8478329273417432,0.8392139663815764,0.9705301909554869,0.9896279166304156,0.8312268078387676,0.9559799839730814,0.6492989002792853,0.4871044207782058,0.6786194574087284,0.3687507074623903,0.6801887592220012,0.9904869724124066,0.2602870254504969
UCSF-PDGM-0328,0.5816709061750739,0.5597861636901411,0.34930756130475543,0.5687038885638418,0.5556202805298736,0.5655438250939068,0.5652053437346816,0.39529233106707606,0.035116925035917866,0.49425615278220447,0.40647071326270184,0.4747420488786998,0.2914560768852811,-0.012218610496369275,0.47896332862887314,0.4883172898634938,0.562041879944939,0.9850189738462862,0.5411732854521306,0.5849827199437472,0.9409382732756417,0.920823196066075,0.21907802449418054,0.9614596688689873,0.5709816324441657,0.5728059200293852,0.5831208324965287,0.9129378977619135,0.5260151707614122,0.2938291150731275,0.4045511687007939,0.4600000137597364,0.9095598333240238,0.545207504866159,0.5483291727666305,0.5523605571508425,0.5718305641370739,0.5572108783329485,0.5797393711411235,0.5684310618322338,0.5441044798269119,0.5590182974559911,0.4475799950669885,0.5756451063391952,0.40126972043623244,0.5707592287153399,0.5483807422082314,0.22027909343880522,0.5732432047338689,0.5201409643462577,0.5684819493218639,0.9662256176774694,0.49166774802261864,0.5297319984598751,0.5231094053509898,0.2728138565829405,0.9863493056557012,0.5806775865278836,0.5655681246361327,0.9481848829228061,0.5694828294016635,0.5096865792925631,0.5507122584484652,0.1167478683821244,0.5079011133480215,0.4597966599873448,0.3550067730754158,0.5526832521703946,0.9083153238827587,0.43024564795915254,0.9579099482049288,-0.11157063154215914,0.571588694654482,0.5701122799054765,0.5651655927974986,0.11868166537941817,0.5640064118701523,0.5679521410795563,0.9642304048998941,0.5682216179338598,0.17482066515480527,0.558888064435153,0.5487755762780147,0.5351730558944509,0.30244892150665126,0.4971493259691541,0.5395299612158431,0.3946995391201163,0.41826823261646195,0.5600312613679328,1.0,0.5328183372187812,0.9854415367156869,0.5438731369808294,0.15896309478915335,0.4753454409782868,0.5718005322697662,0.43723587930725427,0.5058120969372039,0.5082214018993085,0.969935726970125,0.5566272019702999,0.5584036673674886,0.9076713586408477,0.24103842748400178,0.5754102743200826,0.5436227354286494,0.5248855952250776,0.5273740194076413,0.8958687686288774,0.985142412269528,0.5825888981299051,0.5773651683978052,0.46432254667124073,0.4745405579647414,0.5329048504227722,0.5626171938971152,0.10954128663429048,0.18044641228988853,0.5352106191841515,0.9122753335000112,0.5597868732603168,0.4913007161814114,0.3426583478886718,0.4881731645604847,0.49103105494982713,0.3094103198425984,0.8635020365080998,0.5833913451410411,0.928047060419273,0.5611348718237302,0.16523288414376483,0.20658236113456646,0.9026907443283645,0.5756815175797878,0.5159232751977973,0.29107888205203025,0.2690713665606433,0.9487049129727508,0.9510890192543944,0.5582991231501563,0.5696311477444337,0.45087075786078784,0.5489647074487702,0.5698670892917446,0.5556330007429375,0.570837040583186,0.5466195061454895,0.5553453317634595,0.5810796933934299,0.5547453367333868,0.5588862433242685,0.5728601547679057,0.5483312312316142,0.5681484703319316,0.5680448494277542,0.5695282567937696,0.5618946875148926,0.5700132121667791,0.5455699335444368,0.5650221773641557,0.8943540530740487,0.541328645851444,0.5791605987838236,0.5787387596117239,0.5241478621261061,0.5695074744101079,0.3771911885094945,0.570793516997487,0.9545401496081456,0.5048065757093091,0.5486395909556244,0.5769632814863705,0.561761259032915,0.5055846522626944,0.5771687996939945,0.9485449347613877,0.9033761449052055,0.5749529506705602,0.8780001639501924,0.926764323981644,0.5610777518024979,0.7040627219849901
UCSF-PDGM-0333,0.9785434591236022,0.9255335013518158,0.737302636123579,0.9752620207913477,0.8432377975109775,0.9502008861126643,0.9154169458795922,0.6620575900508686,0.10048136590228147,0.9576166946158449,0.5738751017036412,0.6292921687994709,0.7501734281604409,0.0044200802259543245,0.7606486745896538,0.7327807204334205,0.6404443045125224,0.5251847130451047,0.9404575705620506,0.9772043297383365,0.6634788457294611,0.5255770040053787,0.6830637473430463,0.5751806687795159,0.9874796270969048,0.9845409858958343,0.9793076111276213,0.6874408152506837,0.8547342143288964,0.4168538840417747,0.5761680480268221,0.6592550859799658,0.6913311398711317,0.9067216709954878,0.9741157997738946,0.9314615297014792,0.9844158265442843,0.8644356844113495,0.9513083012882659,0.9383062826442341,0.9561851119348669,0.9460633015489156,0.9475650427993387,0.9845684689011035,0.5084583153071366,0.95474765500314,0.9875271731255952,0.19456574560723428,0.968969967834587,0.8483540230751154,0.9600426836142432,0.5955158474227632,0.8209971532452504,0.6659789102030991,0.8636158624096048,0.7510111996862554,0.5764862689247413,0.9500549771570655,0.9927686354593599,0.37292183898579656,0.685291818298656,0.7804217568236943,0.9231218662024081,0.29535309272857874,0.5561737548379226,0.8887217855186713,0.4509162376665643,0.9399805525692717,0.6949355455093251,0.8525673442891109,0.39526568878389,-0.21543437072753469,0.9602380773721179,0.9843494963672174,0.6952024569353611,0.4234385854469944,0.9782747085811829,0.9822633455014911,0.6244829578920222,0.9581533087681003,0.28652607170688493,0.9905802148599082,0.9127309222497969,0.8125946391900009,0.7770220504950576,0.6535386044520188,0.8752065176572168,0.7108856785863058,0.530271852648751,0.9754415735814177,0.5328183372187812,1.0,0.580883735575753,0.8606869904355172,0.3831303072651324,0.7779150231521766,0.9785012458923983,0.8312173459948672,0.813463626579485,0.8661584911572418,0.5764844927724492,0.9588221789482207,0.9373816467613012,0.6950706428134614,0.12307127040176348,0.9415340412893503,0.6536427592197246,0.9662118373527934,0.8199480956551561,0.4848280054079777,0.598554656914568,0.975505603177685,0.9497360644968553,0.6245086153779018,0.7653319782324034,0.6104714188630727,0.9890143478566621,0.31887147957786766,0.0865467371927301,-0.09316662031171037,0.5042679161587028,0.8777126069574426,0.9407183779046092,0.7823352749800728,0.6015923442487721,0.8972071629996046,0.44252873684180716,0.35027616167236864,0.9708324036458494,0.6411228675068218,0.6969103640987688,0.21138375516171687,0.5041528695549167,0.6762295187188365,0.9383414781490002,0.592287941364171,0.22562292892064825,0.22400627688054592,0.5982461722829816,0.5796464103661908,0.8973473436783009,0.9862513224982192,0.8773989344805181,0.9428431576144256,0.986140750290977,0.9205659313523739,0.982287839157882,0.9580888844328265,0.9069919222122949,0.9718946162126243,0.9562068128200061,0.9893076366628869,0.9686495475914183,0.8809168109749237,0.9339182583840123,0.9773435522875445,0.9862624819506145,0.9896028924758906,0.985956813480113,0.8999688991289169,0.9845902550078756,0.7016739468628287,0.9281914304506419,0.977039345254193,0.9829032853434506,0.6051768630945582,0.9528849365333826,0.808294602129442,0.9618123272115678,0.6528379309340004,0.8408543064631774,0.8840692241356495,0.9351912887541663,0.9841645590972564,0.8386142174875844,0.9630544298606555,0.5877329504634318,0.5320006434880347,0.6825577494440253,0.4151745460293781,0.6611239041221483,0.983684116554966,0.17755832537043073
UCSF-PDGM-0334,0.6088393185550738,0.5571115926365735,0.3044768982532099,0.5876196647593189,0.5477469741510445,0.5840741452427134,0.5873336810066596,0.3680625992008269,0.01734286287378644,0.538148425167492,0.4483957953657571,0.5219306132409992,0.3566509121014966,0.0335025983530422,0.5138328292765484,0.44424056331871814,0.5803039910644672,0.9673408401267162,0.5525556474848191,0.608892110914626,0.946599074013332,0.9138346330613156,0.2894549311461702,0.9414823965139453,0.5985434669274915,0.603018781107593,0.614496346932105,0.9267263987684433,0.5664095832436778,0.32001288550721674,0.44142600993301895,0.44622503412621756,0.930218914461645,0.5786426226932762,0.5854008277002642,0.5610665442913626,0.6009969533085532,0.5559590293328619,0.5975940565200896,0.5852138849831834,0.5684327913184734,0.5723628549365043,0.4956164402026163,0.6106899647715428,0.47387850122906305,0.5945449550702155,0.5852029758439264,0.214241130857187,0.600996049631867,0.5041722194573454,0.6026052926528495,0.9455399223281243,0.5249796563632059,0.5745731125529601,0.5341692550977203,0.31489167508110194,0.9932022943208452,0.6104075754451656,0.6013481671574742,0.8968375935918719,0.5953518248493281,0.47931016577107277,0.5511289401779428,0.12484651363159723,0.5349919901409427,0.46824120468080577,0.42228969895171065,0.5790125344593754,0.9267633590228965,0.45780889387643775,0.9199284871647443,-0.11238699848153508,0.5947342270987187,0.5987483547493387,0.5948854719268099,0.11054815120090572,0.5831934681632549,0.5897211070609366,0.9554580343852744,0.6003886715816387,0.17390391821605714,0.5931465662825871,0.5718046179066038,0.5273630294871076,0.35441200236828313,0.5416721685436857,0.5676568049443884,0.3720678989849597,0.45423527698482236,0.5780080154222383,0.9854415367156869,0.580883735575753,1.0,0.5256818507932404,0.12132985528657023,0.4898126929901474,0.5967844720909788,0.4935197503616782,0.5333522871355475,0.5292239757732834,0.9569734474425439,0.5869974836792302,0.5791743305247693,0.9311285902346489,0.2413779300255665,0.6049165190491799,0.5585303150803329,0.5514033676778827,0.5138976350938604,0.9382428591385498,0.9785013337911745,0.6035163691931933,0.61134341202694,0.5152330740935191,0.5052359869680569,0.5676345059490179,0.5922409919572615,0.1386400240825873,0.18195638704323516,0.5373425013077908,0.8950775816675619,0.5334172425530435,0.5124943496324017,0.3591576223174402,0.5343398029078529,0.5468748025693018,0.33586568621179697,0.8758895115611504,0.613629677663814,0.928555730667345,0.5953323626021797,0.22533696245203835,0.1922544786345992,0.9247682145648405,0.6101232395246216,0.5771739831942606,0.2753824844987237,0.2522754277385541,0.9339875268731247,0.9319692679063302,0.5888367968581999,0.6020452380203094,0.47612735912003024,0.5537538750712697,0.6015723372824646,0.5967080703306921,0.5941568694789174,0.5730425345323018,0.5535863308730914,0.606899540941193,0.5712014446142542,0.5910855537925896,0.596588376666339,0.551350238656086,0.5836979057804689,0.5917956015810889,0.6021998973231544,0.5959518435884864,0.6011188086915217,0.5570477855378398,0.5941661677756844,0.923714277157199,0.5507421447008336,0.6098661181670081,0.6068631341277163,0.5796194888825316,0.5903688036509168,0.41152390734478855,0.5928931285243204,0.973715415880536,0.5200385454345324,0.5889752667553746,0.5732197612199701,0.5887325084027677,0.519644492895751,0.6031952860895493,0.9288979995430314,0.9428691502023865,0.6178852197241864,0.9241625071855364,0.9355348998718893,0.5883004088925632,0.6514046180137131
UCSF-PDGM-0338,0.8984507781448867,0.9775434787316863,0.8892158150994308,0.946708711234305,0.9298771568900533,0.9624905852604229,0.9353025027815601,0.8216300228314212,0.11701994983370745,0.8888980801425574,0.4258616630419044,0.479634138878623,0.6755542413485043,-0.06132107201449295,0.7990507369247165,0.9090069857302568,0.6328444264580706,0.5133211696577786,0.9788355596975378,0.9262411220649729,0.5656020439760769,0.4602533089179323,0.6088761458257497,0.5181780865237662,0.9056491254872788,0.9044738728666777,0.8876584478356058,0.5918994857008347,0.8406595982247776,0.32822402190159095,0.38887852313972054,0.7586539672047294,0.5530173734057338,0.909436783837493,0.9079202690540465,0.9825318297070391,0.900709461560262,0.9348569724887142,0.9636833426922041,0.9698880667754859,0.9586733558270778,0.9739751497608424,0.848820238132834,0.915163682936709,0.35338258771584213,0.9566980467679964,0.9097336286197711,0.2038470272548787,0.9386803211865496,0.9786413815975588,0.9136503575228866,0.5609942089007967,0.8449849677941237,0.5152666877943074,0.9554030544592202,0.7666789384712128,0.5180698257729937,0.9153420898921591,0.877093386573691,0.4620244954927499,0.5466400338808084,0.8414762391529099,0.9752795953561697,0.18494388675956225,0.5546418496006147,0.947509928928848,0.3265392377806118,0.9023349923399541,0.5828285086495091,0.7373286879122053,0.4283478060021601,-0.14005992084975813,0.9553594350468843,0.8917594031742907,0.5734876814406699,0.5015685898984841,0.9237039155804527,0.9229883709257182,0.5778713581700038,0.9230188816575625,0.2781102063558163,0.8731970252121285,0.9300683105208384,0.9406061856103489,0.747394672308478,0.511269160128556,0.9183202133305517,0.8087961670741464,0.4541595477302542,0.9160147461776398,0.5438731369808294,0.8606869904355172,0.5256818507932404,1.0,0.5230427684672664,0.853594928290569,0.8701421762304187,0.7776374896688422,0.8741612665619796,0.9160046601046475,0.5123511081956024,0.9366277209943014,0.9520097100443558,0.5538831555011692,0.2119870417281859,0.9086538608491885,0.5963145158607969,0.9368430519273441,0.9726825234726942,0.40234291552673274,0.5560112969021791,0.9325694862195668,0.9064889755878788,0.4616671533432825,0.7979518641251645,0.5375009983242799,0.8852595589477009,0.16220100204382673,0.1408513107043757,-0.08259552695186491,0.4968368897546731,0.9501643882659553,0.9325252065804578,0.8394742602273022,0.4970507322893243,0.8348646708981091,0.380828473640601,0.3719472983165297,0.8988225191952895,0.5353953146536876,0.5475863966418606,0.10822026519690059,0.6444965783699937,0.5766449762129219,0.8942503567819758,0.46354123194704167,0.2943260182214992,0.2788522017276962,0.5304578789276172,0.5232848137963749,0.8933931432232145,0.8711037484325191,0.776393940395402,0.8509900411595979,0.8752453783461833,0.8749378738200078,0.9299997939329309,0.9461652390107825,0.882597702239895,0.9441086147706087,0.9356903815037854,0.8835331714566345,0.9460877386968977,0.957038029953682,0.9578664029169068,0.9135549091884422,0.8695675707888644,0.8622676925056041,0.8786513242129604,0.9753965763475305,0.925508174300576,0.5323385170130233,0.9483740158483454,0.9300615686553261,0.8876904648703943,0.48306955587658734,0.9618109995914695,0.8187379964216894,0.9541749873377487,0.5389529015484177,0.9471305434944008,0.8507938593070807,0.9728118713900977,0.8705655800690975,0.9021544385125431,0.9031055379359416,0.6087623806904469,0.40807039540898005,0.5429169819575411,0.3167509477729001,0.5339511853967785,0.869670156275975,0.22883802167976733
UCSF-PDGM-0343,0.45169390552231337,0.4024009681727172,0.752120221048978,0.43173818163006505,0.5914904368775971,0.40527069679490363,0.5778364403494155,0.8171104661708513,-0.06035178534453389,0.5568181143483683,-0.13173854001711338,0.018223780070624446,0.7255455402772352,-0.1628521785475821,0.6492447147607515,0.6760484506439199,0.0011237964243352165,0.1272087593404283,0.5095124849981312,0.42239537654146786,0.011806106028862902,0.03894933653840165,0.6705893210722094,0.09288107006800025,0.4156059726509617,0.45061848276582483,0.42283833087828815,-0.023551820811917642,0.5677964461082318,-0.2102616579650999,0.012585998599513997,0.6667983013935936,-0.015848818759367875,0.5693318426325104,0.5137641180795303,0.4662901064295513,0.4458328597454122,0.643702657931964,0.46457816859814666,0.5143224304767784,0.5097854598560105,0.4907589299786118,0.5976933521030838,0.4060536555764219,0.10481348392464253,0.44110945346282565,0.4496444651726545,0.032161596562063605,0.46682052682119834,0.5225642607448947,0.5160911159382524,0.0702256619367996,0.6572495988620648,0.007476422389804595,0.6154629078223641,0.6649785861665318,0.10245145923929613,0.4936871364169563,0.3728018149335029,0.1594743949702404,-0.007984646824179957,0.6668013249539021,0.5977817744246721,-0.3222823331543032,0.114801133507697,0.6397424456888399,-0.1162156114057919,0.587798755006454,-0.02564204597498921,0.2471837064635552,0.2521162362526894,0.1565610871032763,0.4095849298246751,0.3382485029961559,-0.02461096071282576,0.9213876877573223,0.37498597292528313,0.38807528141996717,0.040783898471894904,0.5175312739615701,-0.2836654953839607,0.34536347344780727,0.5956490747312094,0.6774829872820528,0.6704016444031167,-0.0032943912657291347,0.5688735844818633,0.880136957671999,0.07577550470314816,0.3589241624326817,0.15896309478915335,0.3831303072651324,0.12132985528657023,0.5230427684672664,1.0,0.7201175607017776,0.36059642581535,0.6664025265971761,0.645467894462118,0.6175536117457013,0.0917658100701443,0.5364991356930872,0.5599899665013198,-0.0188023247143239,0.3464135765818081,0.5389524969365548,-0.03755702268103258,0.39146228126137755,0.6515486740178301,0.01454241472491395,0.08500774337497614,0.4374969012524752,0.49889870030470773,-0.042224536023216096,0.7069361497352161,0.04176860465336607,0.3596001074839653,-0.3430535148536522,0.25315161393395136,-0.08083081541789834,-0.11339244216535455,0.5974796193717101,0.37228582755641176,0.5157844944490194,0.08002956052090376,0.5522668324982034,-0.021307297478766373,0.18188228500507708,0.46507411869508225,-0.014493403056193161,-0.018081339232994827,0.3155261857387212,0.9222512119210059,-0.021158297501814295,0.5133541396889968,0.09079557997913681,-0.016782357794344026,-0.054184241015333125,0.057496699869723646,0.06884633590130257,0.5859083189634359,0.3395558161428135,0.2625398105007229,0.4201753892690346,0.3393938954535754,0.5565671781024041,0.43700039443046673,0.5463904903039719,0.4904790291103207,0.41118233847590446,0.3216159617071395,0.34046461452991916,0.37640067010852496,0.6189633081254652,0.5472093808490789,0.3350188874586944,0.33960482595028346,0.36398458859796745,0.3392263161642632,0.43758546128538206,0.37563035681482704,-0.021095507943271755,0.31371341694869026,0.40345722398527734,0.4014663351789162,0.11369962738472514,0.40592652711020366,0.671807382872989,0.3998532364893113,0.03323149315785292,0.5529570030262553,0.5560159878185383,0.48278724621726216,0.36951603733592026,0.6804299984829549,0.5101093886481443,0.026725148916022203,0.12258012068811723,0.010831752490446647,0.02602636275592467,0.013092587420791888,0.363060864341366,-0.23202472199779223
UCSF-PDGM-0344,0.8350419973551185,0.7930929903999865,0.7622824785679905,0.8306055569306312,0.8487974527305641,0.8471733394239266,0.9463296255217261,0.8008609452157345,-0.012801889885572711,0.8617546145390631,0.30209425162909626,0.41535782508320096,0.854339781697071,-0.06751574157545409,0.9359231932769347,0.8090055817645871,0.47912201177564934,0.4216042098899361,0.8596488872224392,0.8261009787433315,0.42966625491275484,0.2960946287246208,0.7594953481622546,0.410042930002726,0.8058800861155702,0.8349993503377109,0.8136501895148135,0.439951036804244,0.9002248434475804,0.18493557841541727,0.3229280932905284,0.754699371801541,0.4266829776778957,0.9585133378385629,0.8750260928464026,0.8634248402567288,0.8306986531356981,0.9011472122169667,0.8699262404590778,0.8919657782526276,0.891374412128355,0.8817429828915572,0.8686039115482005,0.8369045081133408,0.4186149004244867,0.8763126088332024,0.8527542969508198,0.1581644187489401,0.8596682183518819,0.7969171287764356,0.8939658506123607,0.41100397842241615,0.9894902333068536,0.434044342173501,0.961961086692782,0.7835412264136667,0.4504235623087452,0.88132341835166,0.7830420348942907,0.32647000607517535,0.4163534205968497,0.7589504798724509,0.8999023181561631,-0.04275094809471012,0.49570230999673565,0.8590669017154412,0.2905126078392627,0.9353855389947766,0.44153799456429466,0.618120585892031,0.401408231275147,-0.03871736451193055,0.851044104133612,0.7704143460796667,0.4381433572750486,0.6405692002344083,0.7754125806961579,0.7876852776994717,0.43153260371301405,0.8927901100944884,0.043916596914548224,0.7643824427292358,0.9527192759112336,0.9291162444391825,0.8012590135994401,0.41224334602636925,0.9610719348818657,0.8555057760627238,0.37916972116414527,0.7582605720548818,0.4753454409782868,0.7779150231521766,0.4898126929901474,0.853594928290569,0.7201175607017776,1.0,0.7530192700958793,0.9116016040030018,0.9619190942618023,0.9731333634567118,0.4053458855777399,0.9042438675317547,0.9314726322579991,0.4288683479279231,0.2789730825380943,0.9120690553623267,0.41295327035784823,0.8057094100621209,0.9434492510159693,0.3917305105877364,0.4377805547042245,0.838052562692837,0.8839736457766794,0.3887770894840923,0.9759308009149593,0.462233035879537,0.7672251998204997,-0.02283704239364651,0.2350357717658384,-0.07050723934802038,0.28719241672656026,0.8331449586521542,0.7636196514294625,0.7681433815657679,0.4776516758769451,0.8600389280091398,0.26027370492906576,0.4034900342521131,0.8526180213364134,0.3954126415957323,0.4346824600938242,0.3722072173869781,0.7564332946530581,0.42618713225314303,0.888567294133792,0.4891676074872827,0.16543727594161173,0.1357288334306452,0.4107639946673542,0.40111919548792346,0.9401145026042871,0.7650443147334041,0.6446312703252811,0.6995207797204858,0.7662577880583378,0.9407251661742323,0.829877301950632,0.909534370361963,0.7466805134696447,0.8372406149038751,0.7681823449840816,0.7635517846036611,0.8211539479086015,0.8972253510334814,0.9255344705034921,0.77355606233416,0.7645791474604282,0.7641742452048537,0.7672087410366051,0.8719195176973119,0.805871619035412,0.4228587109838615,0.7578846084070053,0.8421100076141993,0.7939563343771288,0.5129066425961742,0.8472465627742505,0.9283849489482701,0.8420130780267701,0.43861869396240344,0.9393742718248789,0.9166696179625835,0.8310603054090817,0.7549072606413962,0.9915932924164746,0.8857843866026868,0.42364456711625714,0.39355453440071997,0.4626016687832808,0.3397246953167197,0.41669457595529735,0.7483833359345654,0.016621029661161735
UCSF-PDGM-0349,0.9878907568053854,0.9365450663172231,0.7469518156230327,0.9773442914681049,0.8591922686593546,0.9428679660701983,0.9051825386560304,0.6527336243745163,0.11133613877372438,0.9143078691900821,0.5790995933520451,0.6071227044767274,0.6446251370361654,-0.03593609295331085,0.7163778877750311,0.7799799369142035,0.6530160189677922,0.5703834987203089,0.926402570411902,0.9843414201486804,0.7059292098281056,0.5441440045430597,0.5584823105642398,0.6335603243598291,0.9932538940303458,0.9860589456768362,0.9882890773333527,0.7168870661767377,0.8195194518094692,0.43284526883395313,0.5598148449893465,0.6770204844546294,0.7183793199028414,0.8790886803646691,0.9515647726883756,0.9242667009302207,0.9872915986623341,0.8711953403040149,0.9487014763567645,0.9294295203685149,0.9367596905436236,0.9401287946716598,0.8969804197150265,0.9763127206005052,0.44979282253029657,0.9438524498684339,0.9722684731323499,0.22960067370385376,0.9596943119706621,0.857186743499174,0.9462756833906713,0.6512378467561261,0.7821728563931272,0.6648303648064945,0.8427438079880019,0.6546941552045207,0.6041255637578427,0.9436264356287853,0.9945799888461566,0.43259123450174286,0.7249146875368667,0.8313833870079091,0.926485305193317,0.32892165547413726,0.5469820913034025,0.8496872287353296,0.4195474312299621,0.9345106043203177,0.7222240598697183,0.8709595338058342,0.44715175976844185,-0.24552883418408658,0.9519085262713217,0.9932458888956867,0.7200978557497661,0.35019335157149545,0.9879380864763486,0.9896208521464671,0.6711023192948384,0.944910728963159,0.31662955813662114,0.9941972585933697,0.8938751307079958,0.809881710321775,0.6936896949967265,0.6417793230683,0.8447529994309384,0.7123017020435134,0.49508712842112595,0.9881335363324236,0.5718005322697662,0.9785012458923983,0.5967844720909788,0.8701421762304187,0.36059642581535,0.7530192700958793,1.0,0.7615186680869129,0.7754188051873807,0.8406620603446294,0.6220240802710044,0.9412506142917271,0.9246128740057928,0.7193493268605847,0.08285796397540446,0.935639117975648,0.6805103346485826,0.9458566431068445,0.8192705183886275,0.47848310658503423,0.6375671956354794,0.9848159126746293,0.9396981419610988,0.6117828528009821,0.7298773291110514,0.6173826876205425,0.9963893628843903,0.33402473308836084,0.0800799755458632,-0.1267811342720201,0.5552543214829022,0.9130565450322249,0.9114995873156339,0.7751664822950045,0.577156920394969,0.8382557075509549,0.42552157027418147,0.3494717088729824,0.9747325152619017,0.6941391358144147,0.7210884418107811,0.12939263193239123,0.46174881319325317,0.6825901523960145,0.9287749714654535,0.5648722665160361,0.2680524933897667,0.27177329366783337,0.658179021453193,0.640329813731453,0.8812043888616081,0.996296908265514,0.8949415834173489,0.9807798380475308,0.9959707682648463,0.8999989699817226,0.9858018720180707,0.9398582955090325,0.9473174084914644,0.9689276068982281,0.9615304984893723,0.99244929616781,0.964531204260889,0.8788383919726522,0.9306150737103704,0.9847530604570193,0.9963863864060246,0.9974017832408809,0.9956044526270711,0.8827591046038162,0.9788411655058226,0.7254988971518291,0.9302261450640824,0.970096377098719,0.9962398690414002,0.5885348729412335,0.9438251789869234,0.7479692704738176,0.9556730843265028,0.674557328358144,0.804647844764277,0.8595297745100966,0.9532236035370029,0.9991397845058518,0.82023912150866,0.9698074130219798,0.6299730340341148,0.49469039247701574,0.7010589366755758,0.3878921300144405,0.7009103946592024,0.9991128118402473,0.2584453965894118
UCSF-PDGM-0353,0.8424668605679317,0.7444798209957211,0.7270131675865519,0.8197076732126807,0.8647436865823427,0.809988721876981,0.9211357197228971,0.8304400457504219,-0.06735016952508045,0.9362328422365719,0.31531784978853566,0.4467213672540626,0.9500271696429027,0.10424649747864452,0.9684787230276563,0.7319988970118603,0.42247929183160254,0.4253247134488822,0.8456420038417023,0.8348081158894267,0.4093691260089449,0.3274444568107906,0.9044034082754193,0.38430428173510855,0.8210676700940371,0.854922064212503,0.8409655213434806,0.40911402179158013,0.9686402141564114,0.18949937913031817,0.37389580650647763,0.8250185116094684,0.41934157676282313,0.9348077815512678,0.9176341209361563,0.8202946167383298,0.8504066785665554,0.8998585649434361,0.8593760690222042,0.8773701748072525,0.8763009507374147,0.8421051301783278,0.9195044384299118,0.8512839495940665,0.5144450574248315,0.8485566284438434,0.8552741997802734,0.1254602586218474,0.8816265526433448,0.7741128105798908,0.9187319012567877,0.3730564968304934,0.9438052080482973,0.46181281302238286,0.8879157725077036,0.847729500671521,0.4700306164862242,0.9082970071955692,0.8078772144534178,0.3068271835622051,0.4091756123032558,0.7667549735604878,0.8617614941760916,-0.04080997873849703,0.450530436692243,0.8783070785738872,0.394648514078288,0.9058828955406469,0.4175620427885291,0.631833073080302,0.3807412164609513,-0.0027683839753239966,0.8281810261820968,0.7671372610242915,0.42018224961063944,0.7228059729196312,0.7697641229457346,0.790574827132331,0.39914748088966323,0.9159507863087802,0.010582150439237145,0.7757697565030732,0.9352610266686826,0.897105186063277,0.9459683438322766,0.4356976202065834,0.9291587083712419,0.8461643206708687,0.4122894965405861,0.7487358158733968,0.43723587930725427,0.8312173459948672,0.4935197503616782,0.7776374896688422,0.6664025265971761,0.9116016040030018,0.7615186680869129,1.0,0.9617258981984969,0.8851298619848238,0.40415143411103904,0.9134538793986369,0.9044827272152632,0.42467610378345144,0.3274865352686392,0.9201878722194704,0.372343551533315,0.7956902803709544,0.8486660670182405,0.4828858594315794,0.42097136742575286,0.8279417189689985,0.9169245273204362,0.4230486165553704,0.9593081119713417,0.4513072781513547,0.7782789797160129,-0.002416565676588308,0.22078724223071866,-0.05004199711363833,0.2425332188967859,0.7955006182545363,0.7585082004496466,0.8287622528239049,0.4772359635866126,0.9746822693907179,0.2605996692024885,0.49144215599848323,0.8745266747447934,0.36839776465763147,0.4301487560236292,0.39161103835656874,0.7760670052507754,0.4160504547227558,0.9254132110514655,0.5477107684432799,0.16016919843523253,0.1237073523335748,0.38166243179927045,0.3739359794776963,0.9493997856004797,0.7721897242823084,0.6515125534679802,0.7165559174468511,0.7714268098985536,0.9370331340587718,0.8274739347419683,0.9011574805951841,0.7727497252704286,0.8375893345159873,0.7322112550996718,0.7705697523784908,0.806133965367666,0.8973483004719026,0.874879196515042,0.7571874106069433,0.7724451176230814,0.7876771557305122,0.7707134881084275,0.8156714566012724,0.8085653142026238,0.4296320675514878,0.705202242060009,0.8459128400991981,0.8106263713189495,0.5272729396542178,0.8232438077390061,0.8614616525820954,0.8161511685774928,0.4521661692836886,0.8662410460043238,0.9592809249121836,0.8059502862251738,0.7705776080014115,0.9040566057055873,0.8736426056067038,0.3501879977900465,0.4739763045672628,0.47350684257900955,0.4076932510262552,0.4069076021357611,0.7638130824368248,-0.05830150167871357
UCSF-PDGM-0354,0.86038996607029,0.8192906320111099,0.7699653803725569,0.856646141803678,0.9188708146916134,0.8707901254909093,0.9664428583855721,0.8536275966912574,-0.037310113728881156,0.9126994283611676,0.33205643650352107,0.43900264265290745,0.8677292066199994,0.06321644177455407,0.9886431173677034,0.8124987515601237,0.5051668360382515,0.48044899734495483,0.8926752976363255,0.8650343133408713,0.4539684768666527,0.3389119089578881,0.8039161590312962,0.43370082582207364,0.8362678273215098,0.867155715816266,0.8532432307410412,0.46013604438791494,0.9773387512074533,0.2290825633985235,0.3348198341677875,0.8479696115672599,0.4472376650745734,0.9724071331359383,0.9180364424567731,0.8855314340631684,0.8618131051072202,0.9485620303717144,0.910773606804415,0.9293583108119371,0.9130923207140704,0.897571509775217,0.8780680516646528,0.8746306311308761,0.47100922591507605,0.9016955460338242,0.8679200784917621,0.16786424997237828,0.9090862106510406,0.8472478223906557,0.9354646450699919,0.435681324947323,0.9770068300249183,0.46795784912889277,0.956240403172587,0.8041326782886506,0.5066562288473888,0.9339823569874278,0.8133833250975039,0.38632408274767194,0.43814246511982063,0.7963050493932091,0.9125619745117851,-0.02370154782737212,0.5077928301533547,0.894225767688638,0.3938561632821866,0.9279555588448115,0.46199278169511876,0.6391029720450667,0.43311496335300737,-0.020252224757289907,0.880772989661799,0.7915415142457364,0.45866723095567224,0.6432973559811584,0.8008576440678382,0.8178344053703078,0.4603643766116335,0.9364997807069042,0.07867660722892879,0.7850350229001207,0.9726217264444498,0.9665832027841417,0.8874905385089091,0.43921396782522015,0.9822202608210442,0.8493722158564764,0.40787374656283265,0.7797160345555392,0.5058120969372039,0.813463626579485,0.5333522871355475,0.8741612665619796,0.645467894462118,0.9619190942618023,0.7754188051873807,0.9617258981984969,1.0,0.9406877134129469,0.4434988093462801,0.9365967040049131,0.9470199447824854,0.4514375928467322,0.31960604215909993,0.9456507354006928,0.4345760778319482,0.8277797423664836,0.9404937932964047,0.5012042155535594,0.47366724724171066,0.8630182454457632,0.93729675899176,0.4217630457410169,0.9816781171365258,0.4922775344527994,0.7910594614235478,0.0014254924862098632,0.2291742436187809,-0.05113809501497774,0.3284397933030824,0.8569015944874475,0.7902538719642344,0.8588838191354917,0.48887950208851855,0.9470031102519312,0.2699315558663357,0.5191563985994675,0.8912309554682492,0.4145551791433536,0.45498203235466483,0.3195877172623156,0.7485701219451711,0.45184281117959313,0.9434961225302908,0.5453553670532224,0.23333248611598884,0.19580529359765456,0.4309117184865108,0.4234026405244417,0.9781273845867146,0.7866477353851403,0.6657610004965733,0.7233151020657979,0.787776300256772,0.9573523497319488,0.8544412409010546,0.9282143900206974,0.7924441516358641,0.8783352845145681,0.7875467167827752,0.7850701369493274,0.8540446250133801,0.9462926078331881,0.9298940930685455,0.7939852770285498,0.7862128946548655,0.7894878175632577,0.7886537915655064,0.8963386818735568,0.8376742371378961,0.4445884826874767,0.7758307534540977,0.8804824793806029,0.8247268656860447,0.5357932368521517,0.8806859581947628,0.8681502316829319,0.8690825674049197,0.47714111700354833,0.9434768407678905,0.973143643445538,0.8660279770503171,0.777540545450447,0.9575810807660055,0.8965514389129788,0.44203258302639264,0.4438735444803865,0.4990336692035316,0.4056819332585698,0.4352388428200008,0.7710502968668801,0.049284617971329624
UCSF-PDGM-0358,0.8976498929058365,0.8894708017325839,0.7857796970221331,0.9115954844848686,0.8554183773879999,0.9329972474075454,0.9690296400580284,0.7596145569323456,0.06027377650329999,0.9059728333030892,0.4107222178079135,0.5023097198922372,0.8290161854257183,-0.08839395596875295,0.8879840448441382,0.8123856143541558,0.5861714378199886,0.4468780231855576,0.9316158752846864,0.8973245504014292,0.5191423298389579,0.37169945486389355,0.7374026437122019,0.45802332509125465,0.8837547658528484,0.8990995515297872,0.8775749837578444,0.5508474254506615,0.8855411073179774,0.27557864624651435,0.3991059926457117,0.6935500595003923,0.5294902005249549,0.9789600359143585,0.9212732094534054,0.9391306603574819,0.8943630870387214,0.9051989067737036,0.9321818167407846,0.947298808226029,0.956540925274779,0.9510744753748046,0.9136533215814627,0.9114591520716769,0.44993852451252137,0.9484560673515324,0.9288956701823653,0.1775857529527422,0.9187613114181713,0.8568370824734809,0.932783853208452,0.4809733158068227,0.9728386326604822,0.5227304015288275,0.9894545341514775,0.817901023680449,0.4889371400414482,0.9175904558192978,0.8676731452479495,0.33619031143289463,0.5144763015544095,0.7515372918550801,0.9458245037722123,0.07644758803720002,0.5679946840999588,0.9062832619019181,0.33931556062724366,0.9630314184480542,0.5517067525167657,0.7034954724645657,0.3836525204609727,-0.102737553902223,0.932557582146059,0.8681241059915271,0.5469440656076806,0.5524104678862329,0.8728714146471476,0.8786604684849485,0.5096292075626238,0.9339324430249653,0.15584084463111625,0.8606636977677243,0.969772776607046,0.9224820658820055,0.7913454580798958,0.5135171708620017,0.9765332239262761,0.8116361541236073,0.45378454660261286,0.861172838295657,0.5082214018993085,0.8661584911572418,0.5292239757732834,0.9160046601046475,0.6175536117457013,0.9731333634567118,0.8406620603446294,0.8851298619848238,0.9406877134129469,1.0,0.4533251919497919,0.9505216213855755,0.9710509538006283,0.5332877783316934,0.22752321746110254,0.9383197807784599,0.529775891817055,0.9070390861358394,0.9621980951949167,0.41133380103957007,0.500682551339156,0.9105387206177777,0.9183410093342952,0.4799269083848571,0.925999647705053,0.5393753319398185,0.8608579551755974,0.09928610435000086,0.19117982392257768,-0.06054155064255018,0.3843779734619378,0.8660920984836297,0.8749821929030086,0.7775784163436945,0.548584757667121,0.8717732212254948,0.35745607830151144,0.3612137852381209,0.9019434165063567,0.48370504010196225,0.5357016537168439,0.332105864858555,0.6824712664508467,0.5423126748762487,0.9134972812456611,0.5288040167103186,0.18953001019983154,0.1694607446170896,0.46904166290703003,0.45427263420699593,0.9430430426160227,0.8578461082750097,0.7352578469562114,0.7801387169847045,0.8600146806312339,0.9579376425488481,0.9073183404010698,0.9608893797547222,0.7946112516534308,0.9152264825753484,0.879495005430752,0.8633696400356238,0.9118233867716092,0.9174934658101888,0.9733022802506026,0.8769798634136344,0.857029880123434,0.8506282003037305,0.8617610345991926,0.9451085049136475,0.8983586857665246,0.5251732937924317,0.8753427982460611,0.917598420762487,0.8689994737514318,0.5617531340456349,0.9298880995518325,0.9537610342284337,0.9277379119125082,0.5167421731258208,0.9770615312105277,0.9107069164860216,0.8968637761691971,0.8432356697967813,0.9923125790282634,0.9301009856174104,0.5189839144413116,0.4424470270578979,0.5484529299523213,0.3702471763043427,0.5009578270887394,0.8398719220726439,0.07959065903742726
UCSF-PDGM-0361,0.6074234108160067,0.5652585885319786,0.33850757591707464,0.5870974145940602,0.5349068831024875,0.5633371691980086,0.5344679259964622,0.34181026347700816,0.0644289286519738,0.5033280071195902,0.4621523180233201,0.521111695966543,0.2590557213960576,-0.00823022604586961,0.41787959525275076,0.44754337131742855,0.5554607143480106,0.9846411459768997,0.5310190802124264,0.6063801425118047,0.9701131479557578,0.9507510125634426,0.19455619043574648,0.996694065214179,0.6046988992423092,0.5995409004707657,0.6125780521757022,0.9349199149234216,0.49821071633332187,0.34379327861027725,0.49912631983145334,0.42815131689040137,0.9450978110690276,0.5097449032433009,0.5609324766944368,0.5407941980915841,0.6039967676039845,0.5269309607704444,0.5742514215900311,0.5481387671024248,0.5340362396073434,0.5487232919243347,0.46260125330608404,0.5942759679295389,0.40146854100709267,0.5628215253346971,0.5663205594812424,0.20832922221888703,0.5793462140295037,0.49433701247505046,0.5674106023485035,0.9902291855082355,0.43250531995105457,0.5717476377847049,0.4644536524833723,0.2338410519438152,0.9767029749129662,0.581808021166402,0.6090542375574789,0.9278862314693137,0.6214829214195065,0.5151982791588199,0.535129657120474,0.2220445061765205,0.4686319334492033,0.4433483144016357,0.3557123630286785,0.544461324161656,0.9328957778529051,0.48895454962070917,0.9377290811100573,-0.1795949178200293,0.5717436219356057,0.6112360428579157,0.6082714379576372,0.07402849053105003,0.5980858732030891,0.60081619891087,0.9831366356283991,0.5638146820016479,0.22653853243898806,0.6061155328342758,0.5235919066964576,0.47924121973953915,0.2762675808268199,0.5403432867156793,0.49074580441810123,0.35911130335826913,0.4352670163679645,0.598557983315415,0.969935726970125,0.5764844927724492,0.9569734474425439,0.5123511081956024,0.0917658100701443,0.4053458855777399,0.6220240802710044,0.40415143411103904,0.4434988093462801,0.4533251919497919,1.0,0.5466415740001543,0.5383676391120458,0.9405661317058125,0.16610577218437084,0.5677155454913145,0.5760222804892231,0.5431310568366963,0.46487404611800065,0.8492593427258229,0.98863336299081,0.6004740505735001,0.5750598857368966,0.5141865333497847,0.4089250965012224,0.5296328615843945,0.6087866411830943,0.2087386192518254,0.11206185231086879,0.4747046405300127,0.9255144224389598,0.5709228722010352,0.5127219208721969,0.3189540641327086,0.49501435398292987,0.4748413817336373,0.336711936416108,0.7916762431282461,0.6029650578080509,0.96948902767462,0.6131050064981934,0.11796742351141562,0.13652028682456085,0.916969386958368,0.5710589707190628,0.5064723085946586,0.2741209555433626,0.2666998929992522,0.9887852500323434,0.990201157358704,0.5291234393224109,0.6164448875433705,0.5057497427360643,0.611734167473802,0.6156127501490295,0.5313075953185019,0.5930937914044687,0.5370665044500269,0.5886083083835941,0.5884082236227762,0.5778408206640786,0.6038736543633043,0.5844678699344621,0.5146891038465845,0.5446463650120884,0.6018203426829232,0.6167301315983265,0.6133524246055027,0.614855508900404,0.5187339480721024,0.5902166264857678,0.9338932117987931,0.5535009230098411,0.5924088977285226,0.6162102041488486,0.50882710269196,0.5666224749422771,0.3313489288022607,0.5743255589125174,0.9701418461436329,0.4424508690177862,0.5271094839470293,0.5872812379452139,0.6149985815973877,0.44718015648048004,0.5880109556213318,0.9427857387534111,0.8847227808992789,0.5978491374293596,0.8205010703622492,0.9711142924464526,0.6133761682759779,0.7291940207199866
UCSF-PDGM-0362,0.9771222436414062,0.9438987960827239,0.8204072265136654,0.979382004660151,0.9373919971449357,0.9714867017173404,0.9897449687720415,0.8039248141195825,0.05396688613593695,0.9800648247749233,0.483841306128701,0.5586189365745692,0.818231263777306,0.007727507533995414,0.8921262915961437,0.8471589451885355,0.6196532531224767,0.5359541223664077,0.9790708431762862,0.9814885838489669,0.6057335421894088,0.47134917942916893,0.7457414272514704,0.5447565267282208,0.972678391955089,0.9825798538470302,0.973290085414628,0.6223458629275337,0.9428240199739297,0.34679118988868796,0.47492079237122026,0.7924596173575774,0.6132009608578506,0.979943761007957,0.9938206289921532,0.9717957929248737,0.979386595864998,0.9598197012440515,0.9900034473113571,0.9919611150187961,0.9918377694525036,0.9839411951041368,0.9559842513343212,0.9840901545876155,0.4899782884744514,0.985200320460595,0.9829275260251313,0.20183475330812065,0.9939566839605652,0.9199621979332572,0.9960665855252377,0.5632242002926784,0.9272636296715341,0.5986099665164326,0.9614551123711678,0.8123555516206681,0.5739541277872555,0.9906447623220516,0.9606724250389335,0.41616159058711544,0.6088164300354807,0.8531542419575131,0.9817358691476217,0.167650800123888,0.5678071306165046,0.9466803292730737,0.4254495459669175,0.9839122231808209,0.6253202491699572,0.801175286068896,0.4407424267488354,-0.13782536940634058,0.9795946087205456,0.9504514412708805,0.6222540283456782,0.5426900312849617,0.9569508068285371,0.965157188680961,0.589651374913122,0.9974784007988537,0.21613430493268146,0.947909533008301,0.9874489127195857,0.9388770372520525,0.8536065834672073,0.5789136469812215,0.9676917790486053,0.8297620910311887,0.4930742631431959,0.9465599201124272,0.5566272019702999,0.9588221789482207,0.5869974836792302,0.9366277209943014,0.5364991356930872,0.9042438675317547,0.9412506142917271,0.9134538793986369,0.9365967040049131,0.9505216213855755,0.5466415740001543,1.0,0.9951249451948907,0.6167535772160878,0.21932246667764238,0.9911237301107554,0.5947457725013386,0.9578954647204835,0.9379900871877277,0.503920096393309,0.5784023771124559,0.9815962831958962,0.9905998421097444,0.54782142341561,0.8951416009371741,0.5871069285795707,0.9521140192122783,0.18268445944060088,0.16137875361609677,-0.08436750650874347,0.4626591926177705,0.9342946418782144,0.9269433762060756,0.8674758872232116,0.568738536858085,0.9504782465870105,0.3882480096447543,0.43893557458731114,0.9841725468728582,0.5746571343700828,0.6174488117284739,0.24444365508417673,0.6579776695648558,0.6081016170716498,0.9855455359475266,0.5814335921283592,0.2551210044900054,0.2375427495131868,0.5586476937323526,0.5450986818144066,0.97749436455894,0.9468052726498146,0.8301447408866053,0.9030198791051982,0.947737701576938,0.9781831260836791,0.9805499054659953,0.9976057269793898,0.9198868338659637,0.9848165742962702,0.9396700673521838,0.9485676093523435,0.9725090233662791,0.9705038129950861,0.9893279489648155,0.9505813441147147,0.9464372248848656,0.9485800712737494,0.9484353409620667,0.9553293993109592,0.9713614477257233,0.614510281546613,0.9218058840048002,0.9844709558090851,0.9644347611424456,0.5908065721730452,0.9764524700382192,0.8760942112647359,0.9759558384251146,0.6034978837093837,0.9383039301740285,0.9595107609929205,0.9680927091515606,0.9438286370376469,0.9423806553032241,0.9843892808332263,0.5676745654056127,0.5037798564812491,0.6285609156125808,0.41749335238346,0.5911816045479127,0.9413701511399912,0.1440350003540499
UCSF-PDGM-0363,0.965602442759745,0.9471857497644226,0.8281482396291184,0.9738589990744104,0.9355646206816398,0.9744492764289112,0.9953499900666914,0.8064678956415631,0.057723945945330105,0.9632474602525919,0.46763926750481605,0.5447768206009274,0.8097112498607318,-0.020461809695393438,0.898641347592049,0.861654691204696,0.6216610034034165,0.5300929261831531,0.9790699898333981,0.971001513550643,0.5948915278439337,0.45591195108061994,0.7296091902921461,0.5404952439461526,0.9588750915136594,0.9697230906066228,0.957095867761275,0.6131580192757277,0.9357645786202431,0.3368943581001064,0.4586468394412895,0.7849703937839446,0.5985545308559878,0.9875276648063853,0.9820673821244674,0.9782735219843675,0.966804858399952,0.9613273486773874,0.9884802474650243,0.9924612605975816,0.9918755101765219,0.988521980546674,0.942876463758179,0.9736992918471687,0.46917194530249084,0.987124605346239,0.974550648069467,0.20125533198255352,0.9849533869206353,0.9229576589773991,0.9878533464125958,0.5595817294249497,0.9449121089092903,0.5812747221879467,0.9806144268962116,0.8048704206404497,0.5622371713250336,0.9824113417999518,0.9436610839671931,0.41809338074282004,0.5920847556516278,0.846158902365128,0.9867547055998442,0.15288788760672045,0.5707178049467422,0.9455198147391668,0.4007565354691593,0.9865918200326416,0.6142463444949643,0.7850380563741364,0.4436532102393594,-0.13708429618550108,0.9792155182327874,0.9382802810280766,0.6101255756972985,0.5428851737204785,0.9464316263722874,0.953640016658282,0.584697817163917,0.9894866572731978,0.21332261396484709,0.932304899106026,0.9941016226600687,0.9517218308325577,0.8315586846174131,0.563088881881415,0.9799888161769247,0.8358515111538457,0.48318678008266897,0.9356727581696926,0.5584036673674886,0.9373816467613012,0.5791743305247693,0.9520097100443558,0.5599899665013198,0.9314726322579991,0.9246128740057928,0.9044827272152632,0.9470199447824854,0.9710509538006283,0.5383676391120458,0.9951249451948907,1.0,0.6012515165841217,0.22020313266215416,0.9870443667350175,0.5894574887283541,0.9535212566457352,0.9621994417832339,0.48051072521502397,0.5716235699342719,0.9746646150146073,0.9808958797418226,0.531052555844077,0.9093874789185142,0.5788262012318759,0.9368875468695858,0.16351099607967667,0.16758134335299918,-0.0868313613378527,0.46002720326782265,0.9387662773082973,0.9234736934775358,0.856702199455042,0.5632531349517431,0.9309810635564986,0.3798422657219104,0.4260720007086789,0.9724914233610276,0.5643108830697071,0.6024747976837518,0.2481850113713378,0.6662981194865533,0.5966301205124253,0.9757710993320303,0.56488319915693,0.25184120262088405,0.2340362561524352,0.5536221678921274,0.5407007546423236,0.9778418834229217,0.9317129796361459,0.8156073549573059,0.8827874022595572,0.9331960112867423,0.9781029195892635,0.9719323844971283,0.9966004617933734,0.903006326329457,0.9776379054074881,0.9369601281047002,0.9341847694469622,0.9684132740912773,0.9712969561875838,0.9967818803167237,0.942140742204867,0.9311445780123304,0.9303290611837873,0.9343585087655256,0.9679626775420742,0.9619594248983742,0.595522333103835,0.9242464048776846,0.9772440739141774,0.9488234980620304,0.5800947611636369,0.9770000660253358,0.8939678276199384,0.9754074717392143,0.587966686473383,0.9604523843982627,0.9545554815146404,0.967910080996436,0.9265569298273352,0.965069568085774,0.9798106866975886,0.5723476146647165,0.48184056264621933,0.6107299715260402,0.39791552260819363,0.5787047454607859,0.9234461038140255,0.15147025825416938
UCSF-PDGM-0365,0.6854060160077283,0.6485191117706224,0.3092793706174633,0.6766384255410403,0.5058036616418826,0.6641447100254728,0.5822920047745357,0.2501630283011983,0.12004971823693009,0.5723240495088195,0.5915323534137562,0.6279868490024039,0.3050643671815625,-0.03010152876204217,0.3998202652360953,0.40880333258772483,0.6649297583234707,0.892773914587769,0.6045938135043211,0.6852174979482422,0.9914831966696973,0.9170108091060388,0.23351575957664844,0.9376360157161105,0.6949612635649816,0.6795280197930068,0.6898841074360729,0.994880809298158,0.5016495360624769,0.44064721426019887,0.5769901809670028,0.3137621493951842,0.999720362928933,0.5721301479220641,0.6282266096417695,0.6224632850968689,0.6816989966231111,0.5138004254348937,0.6427233494107499,0.6122336692390432,0.621656697669524,0.6314102546217918,0.5538430660377284,0.6904222245304513,0.47558558390449446,0.6559533197117163,0.6758140108097381,0.21644226743077263,0.6486384034563327,0.5209223445693377,0.6282405205790186,0.9554838117190244,0.47392432696094233,0.6753229624878373,0.5225743758528675,0.312023846569141,0.9313657147418013,0.630042871174219,0.7134301735189732,0.7798694762240345,0.7183511074036246,0.4512783573822267,0.5797603794475511,0.3315012463750741,0.5617807686515891,0.48573579665371025,0.4346365928663077,0.6087062134189122,0.9972844360406878,0.5956609018282047,0.7873023936658643,-0.24535448757492598,0.6699242278326422,0.7261588241714168,0.7235758731310714,-0.029431782073870087,0.701258557257902,0.6984080730021914,0.9727503034608719,0.6245458504475004,0.32288956041328787,0.7242735694136725,0.5653706867388809,0.4582395423969057,0.29432783598324574,0.6587227220001368,0.5422366217638553,0.2931200606570352,0.5177974687666577,0.7066738945731506,0.9076713586408477,0.6950706428134614,0.9311285902346489,0.5538831555011692,-0.0188023247143239,0.4288683479279231,0.7193493268605847,0.42467610378345144,0.4514375928467322,0.5332877783316934,0.9405661317058125,0.6167535772160878,0.6012515165841217,1.0,0.08674132785389908,0.6159589161538334,0.6854581897203285,0.6638199579911781,0.4845916700624657,0.8166296443977941,0.9595516386438571,0.6843487292840708,0.6264593987807385,0.6292993302680172,0.40611231192380653,0.6236215907098109,0.7177551839011963,0.3449314837895646,0.07386923815048942,0.4129079470795694,0.9218067670386141,0.5589616479378403,0.6342604402290394,0.33221816422446115,0.5985183657621055,0.5137105015521753,0.4452742212095042,0.6600056958341142,0.667007543245427,0.9844181970055744,0.7233549715967095,0.16050688589941647,0.05734695917986184,0.9864034690474208,0.6131054789483829,0.5789121839553687,0.251556332284825,0.25518884764911853,0.9512617854802004,0.9398026906877333,0.5576769053142285,0.7289512422828255,0.6151340720143403,0.6720876782691863,0.7286063094485379,0.5949150714759505,0.6835348733624925,0.6139502629483997,0.6072548460003202,0.6787795413291589,0.6990594321937321,0.7235242398813319,0.6885295282213166,0.5238425971448009,0.6155810653021578,0.7192432119851456,0.729055479923098,0.7179771492774278,0.7282488055099192,0.6043520786798234,0.6990799667929852,0.9979872245690312,0.6759342625479009,0.6858694314538962,0.7033457558244613,0.6004774479161604,0.6624609556871169,0.43358492171063007,0.6760480319218886,0.9867772804624259,0.5128443289031185,0.5477222179797163,0.6323917700486463,0.7142212387277188,0.4938566480020816,0.6567303882833282,0.9476197565117724,0.8808600068408474,0.7014432717770571,0.8130170012732522,0.9893252390679806,0.716213830726871,0.658242534868658
UCSF-PDGM-0369,0.1420860856795465,0.13941998566935415,0.19826391128849874,0.14500484976330916,0.2794213563635367,0.15019672878288473,0.23893936629917753,0.38257791416891784,0.609146668786589,0.23790827541147216,0.5102835926705671,0.6075435922644082,0.3252846775314632,0.7058099534298876,0.3381839945037081,0.26370640035166026,0.5569585468067296,0.22691701523741262,0.20776697378892986,0.1491586064113206,0.10505012385635155,0.16289686047728333,0.330993505404492,0.139826588444196,0.12968614937633394,0.15180388874365408,0.14315696672146436,0.0872416786386711,0.2982568715806996,0.5306611922971567,0.5584129339302513,0.3484762467518317,0.08435304646354813,0.2382594529268039,0.20688113525380383,0.18184617570144446,0.14457051373850685,0.2841502674074534,0.19174545393053705,0.219467659606032,0.19791458904429618,0.183469205336735,0.20969236066216707,0.14759814403188176,0.7567414999383317,0.17114629005040075,0.1443671193286026,0.7660709164491937,0.19414502606654654,0.24188112736643147,0.2128955870855198,0.13855283622738007,0.27245616878864326,0.576842198705033,0.25566490172662915,0.2973663255235776,0.2292397195517658,0.21083920562553451,0.10594039530250925,0.24185859572496682,0.4773923007608637,0.24767960492900706,0.22205492946600397,0.3385227672742805,0.7259088176070068,0.27415523923344026,0.6731969991521245,0.1978465133906017,0.08355905401877148,-0.02567164124510435,0.2766764927871301,0.8461617928004362,0.15587494477006467,0.08268401202648103,0.4752265829137489,0.40140150737520486,0.10771577294606685,0.11893051051351143,0.13622262998137705,0.21734750015236604,0.44932790093063646,0.08234815136425415,0.2452819065177223,0.3107141872912947,0.28946321274636877,0.5773633485464863,0.2569779834252781,0.3331144132511955,0.7463410318344732,0.09346223556051861,0.24103842748400178,0.12307127040176348,0.2413779300255665,0.2119870417281859,0.3464135765818081,0.2789730825380943,0.08285796397540446,0.3274865352686392,0.31960604215909993,0.22752321746110254,0.16610577218437084,0.21932246667764238,0.22020313266215416,0.08674132785389908,1.0,0.2170305845972608,0.5066204044951611,0.12992724031988137,0.267537285483486,0.22645144630628605,0.18356495367253178,0.1436706237169871,0.2172147037116865,0.5677617126867924,0.3162387346962473,0.6573812697517917,0.09098894939304872,0.30999596790470874,0.9349919710787038,-0.037891708224405456,0.003325943442392675,0.2001643074236144,0.13107175226093642,0.1142186518704316,0.6755944713186395,0.3005975615942443,0.6675683496133616,0.374827064808142,0.1682783652569404,0.05701861083787815,0.47335506768291735,0.7961039491142893,0.39274975533025797,0.11615485623396826,0.22634513079287463,0.7124080056907783,0.7575330933277946,0.7194325067630379,0.1171167779233954,0.12860202803943188,0.2606605689039305,0.07895482945050297,-0.011245397310570135,0.08918311788375127,0.07968267835177983,0.2244647723724816,0.14193924363257257,0.2101346921320428,0.1695419481060735,0.1601085188235044,0.0855050392747388,0.083132561427776,0.13567555993818944,0.2829706647083233,0.20202704153633672,0.08698609538405319,0.07868705425701236,0.09008205306854057,0.08028806816924157,0.18719256989752556,0.12469054903955695,0.07644727195199204,0.09384196029402449,0.15091560416044553,0.11891731408707004,0.6887900362566476,0.160858876920188,0.2210084977442802,0.1462348908129755,0.15484164897588437,0.2481903299143427,0.2638172094367845,0.17355410852669273,0.0866805088488759,0.25412366545515824,0.16515332542324737,0.12793668131057545,0.2724686481065474,0.1322733290660438,0.18562726339803637,0.09205605297403606,0.08473911341046068,-0.20403661976328985
UCSF-PDGM-0370,0.97801794325832,0.9129975736503266,0.7898783740242694,0.9614299233060316,0.9432498580093086,0.9477695034112308,0.991992464145329,0.7983508991126143,0.023514092579275576,0.9622121286182082,0.47528283833416923,0.5462872967018066,0.800650989870879,0.02393439335981554,0.9151601668620069,0.8378997464266043,0.6017330788167267,0.5640504010058557,0.9498637587349008,0.9749347557080146,0.6121186314424572,0.4584374060525614,0.7178360031661082,0.5688940787407497,0.9634795955334268,0.9788307978911543,0.9752013749231688,0.616092228791586,0.9611903612409289,0.34419817845612183,0.46487649939376047,0.8215209658809467,0.6132033478263673,0.981447762748185,0.987662897931073,0.9441870792774059,0.9766563198176376,0.9666249418743608,0.9779987735002876,0.9776742241396165,0.9697382698859143,0.9620062129427335,0.9330222054066992,0.9752277943348169,0.49177305673029104,0.9684791256914204,0.9673121278993982,0.2152092184355417,0.9851853088023926,0.8871949978647717,0.9972207427736262,0.5739723797306769,0.9370333615314925,0.596843154632704,0.9457204460895186,0.7551446835258657,0.5949777635099036,0.9962440352618468,0.9525388412522363,0.43814835180530953,0.614446695003481,0.8674516688747859,0.9661553638456472,0.14485820723468343,0.5514061528528065,0.9080124187682727,0.43643485647319713,0.9877327781654693,0.6210785372207784,0.7936156245080481,0.47864770563005166,-0.13256050142274634,0.960156258560926,0.9369362055909564,0.618477512083362,0.5260701600070209,0.9358849356434826,0.9475244815671141,0.5964069954529964,0.9960661239048089,0.19251144518200175,0.9346785498958192,0.9884026735188463,0.9418899788942942,0.8380068906084219,0.5636941018853293,0.9673688188816505,0.8298757816902624,0.46570640612361197,0.923878014887515,0.5754102743200826,0.9415340412893503,0.6049165190491799,0.9086538608491885,0.5389524969365548,0.9120690553623267,0.935639117975648,0.9201878722194704,0.9456507354006928,0.9383197807784599,0.5677155454913145,0.9911237301107554,0.9870443667350175,0.6159589161538334,0.2170305845972608,1.0,0.5783544485442542,0.922153944547611,0.9248508619707294,0.5337891940554829,0.5888166075204109,0.973119355773296,0.9968678786222778,0.5424477972490916,0.9188298327580658,0.5857499728973126,0.9388968432702092,0.16444420339777494,0.17205471998860689,-0.09629950719325822,0.4601921698656636,0.9332179749961476,0.8778645045434675,0.8665914344811977,0.5595349775526092,0.9484212350865955,0.35123666054680924,0.47961887034146045,0.9896074259299048,0.5861802930610572,0.6198728963980656,0.24390627140831814,0.6401196871788203,0.5895948574462642,0.9966850518772039,0.5951878554946283,0.269135517502597,0.2495285550984065,0.5783218570297937,0.5647969893391052,0.9913330754895993,0.9384894069509955,0.8185678403074607,0.8981083940798053,0.9384328779967859,0.9895490814892406,0.9672431802483529,0.9830215548331974,0.9200711991527618,0.9709060556505537,0.9102188695881006,0.932266811097669,0.9519740224252334,0.9642503381528196,0.980521977114025,0.9305909352783684,0.9384822696944056,0.9416610036670615,0.9382988321721852,0.9275396234023705,0.9515994343290025,0.6177894205734037,0.8831009254958584,0.9738331708044622,0.9616950428792612,0.6008604412916172,0.9547330546707943,0.8454700461467183,0.9551813140247388,0.6098388235806412,0.9148412317611821,0.9807087919498475,0.9544393187287015,0.9350580758121875,0.9410845265562959,0.9896227146303601,0.5572561199180104,0.49654011189005187,0.6380063209235549,0.42907692131671543,0.6004123078845643,0.9311592183341189,0.16015490363378368
UCSF-PDGM-0372,0.6445697372403544,0.6746525373436204,0.34086609108577276,0.6674285205963552,0.5029636812003574,0.6731098232248961,0.5627533220420456,0.25867736717228584,0.665134751312174,0.5414042910386888,0.9541506117390389,0.9417210371503849,0.2582542208073015,0.4366806580398822,0.3656265439839884,0.43675536356557854,0.9833349349769532,0.52788885692984,0.6176968749613152,0.6609919170328243,0.67029140264758,0.5329135492699041,0.19700733597745881,0.584856326117148,0.663627127147534,0.6426574962857096,0.6463671923451046,0.7020233194629615,0.4607395033664222,0.8925350286046941,0.8807752396725052,0.29073732915862915,0.6840593752612607,0.5485992082258551,0.5937438834239055,0.6423497153209339,0.6439848654422019,0.5010679734714628,0.6391367116738175,0.6116826392268561,0.6188936440523756,0.638145794367056,0.514698568075974,0.6632993490879094,0.790226106448482,0.654072021219146,0.6478850789868679,0.7390897827167454,0.6294590524268592,0.5625959058572311,0.5934768390784719,0.6220818197415828,0.4448002766588778,0.963241081686258,0.5348923477975789,0.3222168065092904,0.5588164272721207,0.5975766808018131,0.6737377929064003,0.4125712642458375,0.9710178435767873,0.42766623368591955,0.5816823657787047,0.7782932342439621,0.9279722165082008,0.5032075492405806,0.8149585830883043,0.5703428989640518,0.7012991141594253,0.5591295596298972,0.3936211395115746,0.264544017101372,0.6700548993730915,0.6996725786021074,0.9872882415566818,-0.046905580963305424,0.689417677079205,0.6819117847573517,0.6478229574962927,0.5946144138015202,0.8215296753323352,0.6894465880906964,0.5463722471824755,0.4635851752251579,0.262317689457008,0.964885879510185,0.5324853915266803,0.2759504373711768,0.9029750685303747,0.6954502075827877,0.5436227354286494,0.6536427592197246,0.5585303150803329,0.5963145158607969,-0.03755702268103258,0.41295327035784823,0.6805103346485826,0.372343551533315,0.4345760778319482,0.529775891817055,0.5760222804892231,0.5947457725013386,0.5894574887283541,0.6854581897203285,0.5066204044951611,0.5783544485442542,1.0,0.6696845557404456,0.5113285234562512,0.42881219813092925,0.6073382985679899,0.6629483865728092,0.5898385856937014,0.9486570729057627,0.3656001081288217,0.9623833267134121,0.6863216786441507,0.7628165481723765,0.5608898807139044,-0.10237871970289365,0.5615787829861315,0.5584299055414694,0.6580794072719005,0.3300866485273201,0.9307905975988544,0.4720830469793743,0.8859244278468705,0.303077250271026,0.6250539001934469,0.6516659564342423,0.9751791193705516,0.4760221311431291,0.05932069288750732,0.6827300106085108,0.5716714957930188,0.8697797768369875,0.7573997986153935,0.7707374411709782,0.6129505025137162,0.5967317420828442,0.5218186837068941,0.6916180863193969,0.5855433030071062,0.6328810080432716,0.6933224315297878,0.5492667347138585,0.6628982960155746,0.5991282212675318,0.5806405845630336,0.6670979902226114,0.7070410165579339,0.6948363650337713,0.6861656112982571,0.5236222494127966,0.607003030266576,0.7065217819845753,0.6909760735637592,0.6744437709480774,0.6946933386986921,0.6337538436281316,0.6851413245969865,0.6789516262678232,0.7034947710640911,0.6672980889916525,0.6637742127015812,0.8931435064387035,0.6686978741962731,0.42672224223973776,0.6769665006684512,0.6359609342995565,0.5399094208735602,0.4998768945266768,0.6373643557358125,0.6759665746791054,0.4832371401545801,0.6156504642781673,0.645577362450934,0.46788513349524696,0.6540128087424101,0.3529048812897448,0.6561553487435107,0.6788150013711743,0.2646963452285975
UCSF-PDGM-0376,0.9492842386794306,0.9778775387272366,0.7917377658801127,0.9850350442402718,0.8516042248142252,0.9890537632622387,0.9232853295174585,0.6819961592408883,0.15254182619759823,0.9418824631893553,0.5576331018654318,0.6126890588603149,0.7288871671340981,-0.04352411644767951,0.7522556565197649,0.7769730114262541,0.6783556720428074,0.49868822290490156,0.9788085121687006,0.966475269073966,0.6386362502969298,0.5144114939508128,0.6723861356056853,0.544874117805732,0.96659109693135,0.9588544226222178,0.9430773089890919,0.6805137403881564,0.8292298607069084,0.41493897881108394,0.543982472564564,0.6313182958218057,0.6607227846991381,0.9157100406935501,0.9531692790841898,0.9821234641799363,0.9579125873422177,0.8681296575795895,0.9703501503754787,0.9629493940836693,0.982076269215053,0.981391573989454,0.9308043662275953,0.9744581890460431,0.46926484276613617,0.9815861565627231,0.9810807970189505,0.18185488265549998,0.9658825412447352,0.9095537330796006,0.9414660102138153,0.5846247870960996,0.8312291817152954,0.6344436061763646,0.9165161084536505,0.8010779866667995,0.5399635894632778,0.9328171644395618,0.9622607760764064,0.3756955672197742,0.6446365652612922,0.7520527920772723,0.9497932894548408,0.30634750494999136,0.5874495356953033,0.930659684764921,0.4078395884456157,0.9254378423575166,0.6803224621062121,0.8193435527992647,0.3651620353876037,-0.21460672019044202,0.9871763429019259,0.9719121183418852,0.6766329648292181,0.40930698566614143,0.9804812953911969,0.9789284130597322,0.6166439660424933,0.9452827271402698,0.33530915889413204,0.966849605448985,0.9224979665334241,0.8454425117548037,0.7594604600617165,0.6399894159368629,0.90223554638674,0.7093502174796178,0.5436804525323711,0.9776884407657466,0.5248855952250776,0.9662118373527934,0.5514033676778827,0.9368430519273441,0.39146228126137755,0.8057094100621209,0.9458566431068445,0.7956902803709544,0.8277797423664836,0.9070390861358394,0.5431310568366963,0.9578954647204835,0.9535212566457352,0.6638199579911781,0.12992724031988137,0.922153944547611,0.6696845557404456,1.0,0.8869173141661774,0.4269927399275001,0.581595068643094,0.9706311062576374,0.9273443604861863,0.5994312932968382,0.7563092548427491,0.6004235487256583,0.9678752995678097,0.31364196445763554,0.07724443215680994,-0.07367244777616248,0.5231625905491697,0.8932933308852866,0.9916474264922867,0.7815027088244868,0.5969284506017194,0.8629503406335662,0.4799140448195185,0.30725454732576507,0.9402657968862207,0.6107382683187442,0.6621760644902303,0.1866301428791668,0.5309997245457132,0.6760959790586992,0.9102165304345387,0.5454000917707776,0.23174411269018938,0.2318587336411814,0.5712402532660877,0.5546574344554768,0.8833058601932111,0.9597012376569404,0.8536762178086912,0.9002323195453411,0.9622625332129362,0.8991481652909555,0.9773299184575193,0.9683739360800161,0.8759873280604266,0.9792925627934095,0.9881394274237708,0.9731679203184092,0.98957016368315,0.8995974852322688,0.9553148477870957,0.9827120737462219,0.9587387746220429,0.9529662999578902,0.9643300764779061,0.9683856707924848,0.9888699040291596,0.6556155854454616,0.9849086773703843,0.9784819092103679,0.9510938159991835,0.5651639146552417,0.9868185081357167,0.8557626387986437,0.989291210832988,0.6179380467194362,0.9150433515412559,0.8539566318425101,0.9594387834431625,0.9521565494710659,0.8692381275186918,0.9390999159872856,0.6223603169572628,0.4935125867971173,0.6377722511139348,0.36967852818508984,0.624494291962938,0.9520117412383625,0.19996200937241512
UCSF-PDGM-0377,0.877502144892552,0.919019210919564,0.8789688806760511,0.907291299484253,0.9306969781237167,0.9272699773032709,0.961627208951543,0.8642128876475021,0.05901394533436769,0.885446633769151,0.3503232954962436,0.43027999754058904,0.758136583434807,-0.0692817198020677,0.8843935625428448,0.911955945790015,0.5695938490762291,0.4836830371971797,0.949713546014275,0.8925754002819181,0.49860754023528175,0.38396556719441416,0.6772744232409332,0.4700038885850551,0.8670286487399993,0.8801750629380792,0.8608428176011401,0.5167816148297038,0.8858597701732501,0.25076233339463117,0.32808652854431947,0.7989677453404648,0.4831450864385774,0.9479661793365003,0.9021452424780627,0.9520229419106147,0.8749172285744589,0.9548762330868418,0.9417581919387649,0.9593013242155384,0.9454891776451552,0.9529688200458009,0.8582141106125069,0.8871286015102631,0.36465387043046227,0.9367763908104814,0.8885058507347975,0.19368193452064067,0.9180721806035729,0.9373422958721706,0.9176022067083258,0.4983562028831585,0.9271579913208068,0.46265377120864737,0.9874709305772398,0.7904093127070219,0.4918779547078388,0.9148574613646061,0.8349786558381067,0.4293971535147823,0.47687461588003544,0.8413924118402283,0.9690500198057134,0.058869647631821835,0.5355928815387311,0.9361055506771103,0.3003145276710466,0.9285482193063082,0.5102188559083358,0.6798207476357249,0.435572914240539,-0.07690893237092898,0.923583464039378,0.8393422276015001,0.5018372626307341,0.5972265164740009,0.8659405094770164,0.8709093903083722,0.5138856096672286,0.9242684009798381,0.1680484250672824,0.8228665030053486,0.9596153911298042,0.9772716832449373,0.7898686127961968,0.4496141849598086,0.9595165029597892,0.8686671095412903,0.41140276058057723,0.8528654252107329,0.5273740194076413,0.8199480956551561,0.5138976350938604,0.9726825234726942,0.6515486740178301,0.9434492510159693,0.8192705183886275,0.8486660670182405,0.9404937932964047,0.9621980951949167,0.46487404611800065,0.9379900871877277,0.9621994417832339,0.4845916700624657,0.267537285483486,0.9248508619707294,0.5113285234562512,0.8869173141661774,1.0,0.4017074462905434,0.5079999454257771,0.9018505743175815,0.9105091362562446,0.407141568907254,0.8991762277963936,0.5019788569440551,0.8334724104322843,0.0497706354367334,0.19995218226502495,-0.07552962731696287,0.40780230551278007,0.9304917355843523,0.8674965756801409,0.840021986189145,0.4761429473418711,0.8590862263384631,0.31558556908806484,0.40716571457314465,0.8868701700641118,0.4643827286265694,0.48181250889602545,0.20807325323775433,0.7349991338761629,0.5011008787032394,0.9061191694541872,0.4663006566995279,0.2590726744943906,0.23287443830929835,0.4732980213454522,0.4668105134580893,0.9334859753719903,0.8226421435507579,0.7157354961175989,0.7915253448991587,0.8260206976717072,0.915776673084035,0.8950446914823784,0.9454997693964424,0.8414289164688137,0.9102865551908438,0.8713415707547576,0.829690310565582,0.9025524630313524,0.9648917348659167,0.9645480012247822,0.8564090730946612,0.8213856863088413,0.8164098820046569,0.8287887922923525,0.9533688654725962,0.8791919583788601,0.4662816631089295,0.8786280154993206,0.9005690742646039,0.8503739545922543,0.48808169396354456,0.9274526626895059,0.8771507186849561,0.9181847818487177,0.4867703694677072,0.9719728115698596,0.8950230106928018,0.9341545872981686,0.8190602776797881,0.9658639955418563,0.9045261233125867,0.5364907557426606,0.3935223484803676,0.4975733011474342,0.3248918799934681,0.4691041122168012,0.8158950564677551,0.14382751321895704
UCSF-PDGM-0378,0.5078639499299746,0.426270195815552,0.18375986702725508,0.4707847106030543,0.49421602251559954,0.4707175504736458,0.50682610651824,0.32161522610581267,-0.08244926398603898,0.4701387081584019,0.36531688615056734,0.4113253447745502,0.3210462111064927,0.18302529892638136,0.5148863504466503,0.32226453162826824,0.4690025032807622,0.8948764533176932,0.445030080939193,0.5125569980778676,0.8269055810391319,0.8032643884735992,0.28300296943688896,0.8172177886777419,0.4913390598221468,0.5056606230399707,0.5276491277048091,0.8038347643347737,0.5643184349199548,0.27966114847886486,0.3028758089765233,0.4529956767918591,0.8113572189453955,0.5038293270604437,0.5076345401891968,0.4427399957811544,0.500142409525968,0.4916477850278483,0.5071554907902559,0.4981669293320806,0.46317180593340707,0.45439571316297056,0.393522517507757,0.5203964109806255,0.4483400370835873,0.49309177168769214,0.4743171970852967,0.17968722642766027,0.5217480983757372,0.4056162424287847,0.5323649928551594,0.8158015942508008,0.45401509669747503,0.47714678936758026,0.42971618768666253,0.24544937793666702,0.9309689375924151,0.548226667903121,0.49678477072240673,0.8274530337860515,0.47723787963029995,0.39015988303196136,0.43159641539266946,0.046044378415055216,0.4378170401296858,0.36625453869949465,0.47654123428507505,0.4695999885913078,0.8077900315597859,0.34741119824774286,0.8391651998953271,-0.047272161817741166,0.4908743259229311,0.47878343477247576,0.4740891876506203,0.06645971704534731,0.4585812912779654,0.4730710765779924,0.8341397842158157,0.5304346739298041,0.11787268450196987,0.47504499995719884,0.4886596281989774,0.4628738650119946,0.38173326338159536,0.43035756979440243,0.5017081516742902,0.2712527241369326,0.34888607842849173,0.4470154753229477,0.8958687686288774,0.4848280054079777,0.9382428591385498,0.40234291552673274,0.01454241472491395,0.3917305105877364,0.47848310658503423,0.4828858594315794,0.5012042155535594,0.41133380103957007,0.8492593427258229,0.503920096393309,0.48051072521502397,0.8166296443977941,0.22645144630628605,0.5337891940554829,0.42881219813092925,0.4269927399275001,0.4017074462905434,1.0,0.8750430277427133,0.4937257423766991,0.5553970437882892,0.42784837299317996,0.46667042893356453,0.4864738970839486,0.4737286670620014,0.08042023739248905,0.16405844819621668,0.5889949566598943,0.8111122884040662,0.40708742159359285,0.38170844534734427,0.39510662262221147,0.431783523398845,0.5456170494940216,0.22302928124375848,0.936724123942308,0.5312631856871767,0.8079494891311164,0.47824024095464673,0.16362532179586803,0.1276224886474637,0.8082893975470401,0.5613603863098109,0.5489935863411204,0.27921096008906227,0.24558350935605994,0.803651296171606,0.8017998603823128,0.5389480477622366,0.4867164477317532,0.3598846965152814,0.42452364435528844,0.48533432356972694,0.5316101040708372,0.4808073639473534,0.4717207715306495,0.45490999832025103,0.5148503612368095,0.4390991865687982,0.4709441368913981,0.48995660663603074,0.48238126686283933,0.47345459427754416,0.46656281607827604,0.4872061036319459,0.4843859480485101,0.48412608500501497,0.4508824237475074,0.4851046053734976,0.8139964673920712,0.4137051732173595,0.5179215975134017,0.5037766229886923,0.5184996031018773,0.48824973336515604,0.27604290854632346,0.4837524848365757,0.8808428659790614,0.4247563562845561,0.5650600611237457,0.4569427581467647,0.46841607819955977,0.4069137928586396,0.49889910394732867,0.7966684662891954,0.892601886982103,0.5384143242891972,0.9582920319287699,0.8092941361145973,0.468063897168001,0.6165844251210122
UCSF-PDGM-0379,0.6252945595877862,0.6044398965392842,0.3519785164063244,0.6165075543478651,0.5507817879196785,0.6046545995742466,0.5660872219325092,0.3539067964453599,0.0730983547479573,0.5263277116956155,0.4799483927200757,0.5352419069290427,0.27941106866409765,-0.014312383090556142,0.43616824424846173,0.47442720064817046,0.6032446300006719,0.9788043765753845,0.5711572499456817,0.6300011660725461,0.9822727768187118,0.9546603217477423,0.21158856854085437,0.9822894966882479,0.6255102720073853,0.6185456269454578,0.6297313680578958,0.961315490579262,0.5127935347936019,0.35569534936449343,0.48217432595420956,0.4219245665537959,0.9616535213466803,0.5435156401620849,0.5810686676103783,0.5829620343729278,0.61960841499662,0.5470560134929534,0.6078032697771066,0.5867122986014631,0.5730036520906795,0.588418501381398,0.48431453411403297,0.6213964088153411,0.4194149569592806,0.6021330154733605,0.5958574347935804,0.22070186181417017,0.6066193292534494,0.5369119546084435,0.5908945717106185,0.9915454360135384,0.4640177498005891,0.5885493005186877,0.5129990461158087,0.2798327307152612,0.9868322221745603,0.6017517498060764,0.6277281828271002,0.9216700678630141,0.6357643330443575,0.5103254806800706,0.5668380642970154,0.21661040065748888,0.5216048127696459,0.4774653807310619,0.3809315267009763,0.5676151091638674,0.9581189841497957,0.5017574314199762,0.9215136193208077,-0.17081905849768944,0.6104112068304298,0.6355548139894706,0.6315783066336801,0.06612493601846577,0.6260818675518024,0.6268994027222868,0.9932572547176145,0.5899541978855004,0.24398777574861585,0.6275274187681201,0.5499300471903349,0.50730093431669,0.29579112908329586,0.562104245230042,0.5284697265966792,0.36361643145198125,0.4602420280573943,0.6264058333705295,0.985142412269528,0.598554656914568,0.9785013337911745,0.5560112969021791,0.08500774337497614,0.4377805547042245,0.6375671956354794,0.42097136742575286,0.47366724724171066,0.500682551339156,0.98863336299081,0.5784023771124559,0.5716235699342719,0.9595516386438571,0.18356495367253178,0.5888166075204109,0.6073382985679899,0.581595068643094,0.5079999454257771,0.8750430277427133,1.0,0.6266162156713827,0.5967005151250346,0.5282866650238817,0.42987905263738185,0.5660094922445198,0.6294065935323102,0.20812041636649764,0.13252906630610262,0.496052471390154,0.9441973395642591,0.5770746299518293,0.553560167277655,0.34490012211068655,0.524036923830242,0.49773858940011656,0.3652738038754979,0.8017478479704214,0.618996606632396,0.9734837057236245,0.6288011064025391,0.1347533126842374,0.1502864837264513,0.9507345693940586,0.5899298785003836,0.5319405885288596,0.2882920804317244,0.27717959474029724,0.9790588837912892,0.978173184134203,0.5518787457043883,0.6360500060112617,0.5224138202814415,0.6148869144250891,0.6361175029728108,0.5586368951280327,0.6196023225108998,0.5707197982172656,0.5962632800478188,0.6222853299516916,0.6163840467099867,0.6277175535434693,0.6208164283645364,0.5453311581730189,0.5821767061284524,0.6319528244124577,0.6360065812493642,0.6285443891240925,0.6361157191368367,0.5668880815504911,0.6210867491028926,0.949293616538343,0.5996315407555823,0.6220907249040584,0.6335882768093742,0.5418628004861842,0.6070728229551381,0.376153195857116,0.6129004925562479,0.9860399180784037,0.4961780423452723,0.5419701353594767,0.6110305955593779,0.6296641423069451,0.4852270255424748,0.6069938379680893,0.9719485394192419,0.9078976859725859,0.6238559825604431,0.8567257256198724,0.973468202555852,0.6300140996091309,0.7197341381854289
UCSF-PDGM-0380,0.994610172655215,0.9680794603434031,0.7995654623755285,0.9966826819427622,0.913777452547286,0.9801194409974087,0.9607090547125472,0.7326789458896822,0.09609862621509542,0.9486851496725524,0.5455014491127963,0.5906431944467316,0.7125538894883877,-0.025816533763426026,0.8048292800452128,0.8353454790112045,0.6633734576377616,0.5694927643436501,0.9718727244215357,0.9985641262239173,0.675403964011488,0.5206104062369827,0.6296052128862818,0.6079169844231496,0.9963225595469349,0.9956090179661551,0.9917370373206509,0.6916124641254047,0.8830047007867848,0.4075545187263282,0.5208064184016981,0.7376119780029886,0.6825060317426209,0.9403280156740764,0.9797451331599644,0.9715367636371174,0.9947711362051475,0.9287192467029218,0.9882864671307298,0.9785317945642655,0.9800950519027884,0.982667284699364,0.924319499947759,0.9941027720370048,0.461675457623003,0.9842307917608012,0.9893809145273295,0.22555779132753334,0.9904708197426336,0.9129434251670787,0.9802625167721236,0.6300093638462448,0.8607692099695649,0.6418579764689342,0.9203446845522424,0.7277237537791806,0.6011572126557712,0.9781172806766837,0.9893302266735431,0.4449930249881905,0.683344844871524,0.8527462547488796,0.9721115103120657,0.26637462661667277,0.5741961249059905,0.9092261792883527,0.42444213038033995,0.9686563353334655,0.6941286384355033,0.8490737758808259,0.4560256376970819,-0.20451857830334455,0.9864080873115575,0.9887267675375723,0.6902688886046953,0.42526824735295965,0.9911765795927674,0.9946484332509324,0.6529918360052092,0.9811959812135453,0.2926881908583194,0.98464958395973,0.9524079812522275,0.8905361127133247,0.7607543243036113,0.621220877007511,0.9197084452943871,0.7716262632089362,0.5010748868774583,0.9866528726646999,0.5825888981299051,0.975505603177685,0.6035163691931933,0.9325694862195668,0.4374969012524752,0.838052562692837,0.9848159126746293,0.8279417189689985,0.8630182454457632,0.9105387206177777,0.6004740505735001,0.9815962831958962,0.9746646150146073,0.6843487292840708,0.1436706237169871,0.973119355773296,0.6629483865728092,0.9706311062576374,0.9018505743175815,0.4937257423766991,0.6266162156713827,1.0,0.9744192865815011,0.5886739136677208,0.8133106566767884,0.6170179260745766,0.9886279273992702,0.27198284182017496,0.11666709930491512,-0.10843315931516717,0.537808190835651,0.9447693093898262,0.9395704592297899,0.8304085174401744,0.5816704516365235,0.8906309828870805,0.41829466825098516,0.39461353061421756,0.9900831487388293,0.654758318106827,0.6850050279415207,0.16561891008931376,0.5498058075879099,0.6641823629746024,0.965012461380351,0.5744301045796059,0.27889275244991507,0.27311737528513397,0.6282796838829857,0.6124684201663939,0.9370632568246473,0.9858672864509447,0.8775279362553093,0.9550486072113653,0.986660318498743,0.9456158866842439,0.9988791483084035,0.9813448544859997,0.9466646249786385,0.9946783080559091,0.9752812230502399,0.9855580765237701,0.9892424327759918,0.9392342855570361,0.9777431747566909,0.987687941256492,0.985548920414501,0.984368944158637,0.9872370223432831,0.9448284420425247,0.9923158239499277,0.6834591950083795,0.954427716621046,0.9936755764698889,0.9930544347438924,0.5938241124907508,0.9819469055956813,0.8164052174747549,0.9870424258887898,0.6524493659391386,0.8922595378440059,0.9131758276953927,0.9832634942428788,0.9845320682953008,0.8940643527589475,0.9885242754651694,0.6287169677892219,0.4963691628202255,0.677324025077194,0.4009553578014692,0.6625130537886055,0.9834628134857256,0.2324485591422193
UCSF-PDGM-0381,0.978474490829257,0.9175428353215704,0.7824547485822955,0.9643332071690511,0.9468728790989065,0.9499557813349767,0.9844115802134408,0.7939663132454501,0.0255743733226682,0.9679632349434683,0.4903035067749954,0.5565931124771049,0.7912016917041581,0.05502174190168744,0.9077919596879627,0.8254707759775357,0.6116670735752909,0.5728783312926987,0.9530037080993737,0.9796951029305602,0.6206760985009804,0.4733729113085939,0.7181685300892361,0.5723359565841991,0.9677102332890679,0.9814427299291199,0.9796643199191553,0.6261000222619663,0.9643368876029309,0.3617801181199739,0.4734624815796997,0.8245927011675792,0.6230374262872164,0.9722169559230628,0.9907686278579815,0.944660068009764,0.9790526282885488,0.9637999728663283,0.9812130567154441,0.9789218527625791,0.9689782473585489,0.9600480631727906,0.9293267138254253,0.9801970748334564,0.502805622172793,0.9691096875412611,0.9672180528884881,0.21587236031327797,0.9907917921930633,0.8934663614142134,0.998134139654276,0.5800868345126743,0.9167779204348594,0.6087609850626309,0.9322062352220077,0.7546798978836732,0.6049569733732738,0.9993718639358237,0.9580786729900315,0.44633252792541983,0.6239355652749011,0.8631630667625658,0.9603543495197748,0.16390757009491577,0.5542168799117887,0.9099414269823701,0.46262259963845687,0.9748303563086994,0.6311490247888377,0.7995907356560811,0.4761425123211102,-0.1348972833457973,0.9633434851668214,0.9415672667013041,0.6286188663482446,0.5100126985214718,0.9415044845046233,0.9533708742797972,0.6043373115937959,0.9977191719204979,0.21191894183859297,0.939521871396443,0.9803876515400188,0.9346628086919659,0.8474360829107124,0.5761113540767475,0.9589566726054133,0.8105866915237917,0.47663642659868993,0.9294445831761808,0.5773651683978052,0.9497360644968553,0.61134341202694,0.9064889755878788,0.49889870030470773,0.8839736457766794,0.9396981419610988,0.9169245273204362,0.93729675899176,0.9183410093342952,0.5750598857368966,0.9905998421097444,0.9808958797418226,0.6264593987807385,0.2172147037116865,0.9968678786222778,0.5898385856937014,0.9273443604861863,0.9105091362562446,0.5553970437882892,0.5967005151250346,0.9744192865815011,1.0,0.555411521531926,0.8992658302668906,0.594061904820765,0.9440724300070361,0.18486534831026932,0.16179287550960642,-0.08944290222146781,0.47498884637295424,0.9288650145703115,0.8864396452744129,0.8775238355067402,0.5634780396789806,0.9590276703183609,0.36131882373869134,0.495057813591439,0.9914571840219063,0.5936931744881258,0.629336729085868,0.22320155519717702,0.6195732795261144,0.6025169453966865,0.9989877361207754,0.6059367912638587,0.28345844222154803,0.2635533074116811,0.5822821932292593,0.5688493645088561,0.9860236784578922,0.9428600002934097,0.8246955936425501,0.9025210695053147,0.942854018068451,0.9809624406772883,0.9694993888442213,0.9797971178887785,0.9250120830917964,0.9767216137126014,0.9156965944331252,0.937685449020622,0.9575269616020196,0.9640975287672503,0.9722999602114157,0.9355278418701154,0.9428342998246414,0.9465267555814684,0.9427621170896889,0.9277966395759547,0.957795550500963,0.6281031781231128,0.8889568014096938,0.9787539608667173,0.9656723827684326,0.6040682315375107,0.9589389862376771,0.8208084537798045,0.9583627394592295,0.6209206461734197,0.9052328408246878,0.9793878778837145,0.9569822998870364,0.9395380050323899,0.917322147868418,0.9835815784140169,0.5643955529852078,0.5095076730704358,0.6488742161365812,0.44316279337551845,0.6076239042331253,0.9361103438758457,0.17192634980260493
UCSF-PDGM-0384,0.5900472351012855,0.550736355748124,0.22468521448781126,0.5872534575754269,0.41515775222583745,0.5871128141895525,0.5129388994038723,0.1865348429032014,0.6886052958642691,0.5323245532619837,0.9815501806508468,0.9925847415356926,0.3467635646895787,0.5652569126179633,0.38610032371615166,0.28589643133663073,0.9304115088033477,0.4613716101575787,0.5278460934043157,0.5925399003866085,0.5949821690271689,0.4668893701977044,0.30828599834402254,0.5131521684216716,0.6012334616861186,0.5918307319749861,0.5952336447093919,0.6225203630204175,0.46957061046815396,0.9135239643295826,0.9518110475757994,0.23893586661628322,0.6262652149509071,0.5229980346173615,0.5652082443057013,0.5447773517029472,0.594963244671171,0.4264512361077475,0.5612608007029208,0.5341338509833111,0.5553125016309409,0.5505993031512187,0.5250207843371313,0.613058580001209,0.9173125439150919,0.5824119107449939,0.6047093491029667,0.7551253053989796,0.5721235427069591,0.4248906820876723,0.5583982418454548,0.5268565224737645,0.4454735010038748,0.9916354216818786,0.46241817385691936,0.3427362901691979,0.509033752288945,0.5572210805285124,0.6247800504165999,0.30519411419788167,0.947126065805862,0.32310238847448236,0.48886142079641864,0.7859449039659424,0.9197910195868647,0.4358540574145608,0.8947008894815149,0.5326587864497152,0.6301023832397982,0.48543486915507805,0.3302478262686718,0.3681042656097082,0.5931936792499489,0.6310131552532264,0.9637919163361294,-0.019250435280552942,0.6021101040630303,0.6021902888301767,0.5587319201581552,0.5536859914705903,0.7996487940038821,0.6330989730796487,0.5085064014741874,0.38510520089002687,0.3118778609435762,0.9927329470171914,0.49963737691019366,0.2207262940247423,0.9473243605146665,0.6042792963553468,0.46432254667124073,0.6245086153779018,0.5152330740935191,0.4616671533432825,-0.042224536023216096,0.3887770894840923,0.6117828528009821,0.4230486165553704,0.4217630457410169,0.4799269083848571,0.5141865333497847,0.54782142341561,0.531052555844077,0.6292993302680172,0.5677617126867924,0.5424477972490916,0.9486570729057627,0.5994312932968382,0.407141568907254,0.42784837299317996,0.5282866650238817,0.5886739136677208,0.555411521531926,1.0,0.3806875724211735,0.9621366435650779,0.6227517938824879,0.8005539364296811,0.6182933286956895,-0.08350835598411933,0.4483192836476545,0.4458089222072204,0.576501056367379,0.26688091866494706,0.9763459542973555,0.48908427777978586,0.9204637551134156,0.29896905449932915,0.5812419524518417,0.5750633986738001,0.9678789740690399,0.6469510188356223,0.05057578829288905,0.6146966418504309,0.5436858938294495,0.9383883524999995,0.7382881012384834,0.7523713580560659,0.5373434330465789,0.5190439387427455,0.49920761147639287,0.6334201444142166,0.5043586051177316,0.5439063869723866,0.6331241123229597,0.5367019906434565,0.591590135599786,0.5458507158958904,0.482702311901951,0.59417166811418,0.6058976782508003,0.6324305544438671,0.606630351524959,0.44167655484776613,0.5333496200287084,0.6250282527825534,0.6335093733996687,0.6239132218567586,0.6328165716466051,0.5427456128662991,0.616933850266449,0.6347219834074224,0.587312399871954,0.6085366145993096,0.6036125176547467,0.9424793525337603,0.5867906385393443,0.4291709294611961,0.5967614320810806,0.5865610895330938,0.4731878807286395,0.5034431974319578,0.5310433875884231,0.6126726209693106,0.43762122654332813,0.5678548632795933,0.5231502910312609,0.4821749587432736,0.6114896757899249,0.36587634998161833,0.5980009662300736,0.6126288968277084,0.1426720702667824
UCSF-PDGM-0385,0.8241651141158334,0.7363378062535277,0.7183938398060961,0.797055742622176,0.865186625504554,0.8028675443931643,0.9378283232892164,0.8212930720244197,-0.07258997176181202,0.8691992080849404,0.2812936362222699,0.3993858665731818,0.8797569704915661,0.03137961388548371,0.9843064100590955,0.7708738106895121,0.43374511879362143,0.443825751823612,0.8230072813152289,0.8116362771966456,0.4086087253518295,0.28139773009839575,0.7990243108668369,0.4038386849750616,0.7873132302669306,0.8254861569031705,0.8123459426944891,0.40394618799189247,0.9521940499388205,0.1718128981856845,0.30611573876071785,0.8223954763588043,0.40265961237604136,0.9507141959055412,0.8778657337431918,0.8156107919804547,0.8208186971008193,0.9107035703104498,0.8500384923949438,0.8716427501725316,0.8592986313395595,0.8391062362007526,0.8558160120561823,0.8231632730318094,0.45791154121540223,0.8437844721120785,0.8255192311033233,0.1570670074505065,0.8538856152761318,0.7599603706611088,0.899389730332722,0.38950776562056993,0.9844095147684865,0.4272981608623487,0.9214184353422831,0.7624930876278093,0.47254423914330335,0.8928824843618169,0.7669036817776438,0.34023834241612766,0.39724065619128923,0.7698150261484894,0.8651757480949582,-0.08899781025660135,0.46329671402892936,0.8305824806157311,0.34718214458905466,0.9173615710113393,0.4094798006814897,0.5946876518689409,0.4258504635446194,0.0018273959248242988,0.8164401469176819,0.7374303918450806,0.4082080718457627,0.6676811666872926,0.7368150920246446,0.7566054373451645,0.4096646449421495,0.8962667223414005,-0.00290391252017541,0.7359453629440493,0.9454494892319314,0.928861064142553,0.8561253928080673,0.3906730775420576,0.9530207049366481,0.8532964894864457,0.35876672388483544,0.7149816924356952,0.4745405579647414,0.7653319782324034,0.5052359869680569,0.7979518641251645,0.7069361497352161,0.9759308009149593,0.7298773291110514,0.9593081119713417,0.9816781171365258,0.925999647705053,0.4089250965012224,0.8951416009371741,0.9093874789185142,0.40611231192380653,0.3162387346962473,0.9188298327580658,0.3656001081288217,0.7563092548427491,0.8991762277963936,0.46667042893356453,0.42987905263738185,0.8133106566767884,0.8992658302668906,0.3806875724211735,1.0,0.45019157192049963,0.7393685892862707,-0.05556228322037005,0.2511993954018341,-0.06188398929551103,0.255790171539207,0.8085076941957415,0.7041437819401244,0.8009762445024333,0.459338598864283,0.9090163707349167,0.21485213858659397,0.496773731420401,0.8552080207935833,0.37336525184891767,0.4138478943421678,0.3811525871869619,0.7607792859659391,0.3894981802927596,0.9108846686853648,0.5244766141334971,0.1841243076063923,0.14576154695893712,0.39694792139843255,0.38883971954190755,0.9584690880672814,0.7396716712277733,0.6154033948533045,0.6783201574683889,0.7394340669582097,0.9470651640982536,0.8026295121802846,0.8864759052640386,0.7437595990884445,0.8162934574291818,0.7119535817050331,0.7312067060721392,0.7860831618265225,0.895786923833106,0.8924156790064084,0.7311550334294126,0.7397364500231729,0.7460361231882876,0.7391659187399264,0.8233447946767402,0.7749835714554709,0.4065164201787295,0.6892694554453425,0.8240541374429734,0.7809617235855076,0.5235500888807506,0.8114081940007138,0.8693350160627543,0.8037585805939813,0.43573138957623786,0.89496333036353,0.9561800914267764,0.7998746450502803,0.7311718291839592,0.9559177698087596,0.8731843201017646,0.3742000378359768,0.4156941958305585,0.4627006973051917,0.3855509616032552,0.3985446889493624,0.7232783988487443,-0.008030840447916314
UCSF-PDGM-0389,0.6122489666174601,0.5909102163673455,0.2893782799791129,0.610370807618496,0.4991643970019336,0.6169878818091459,0.5723754022442479,0.29355701561426834,0.6662230004591342,0.5397165430929471,0.9471686847699379,0.9545897194207349,0.3403687902106764,0.5625265591052757,0.4512658700505838,0.4066171002860409,0.9707604948941408,0.5095827133363323,0.5717269872384728,0.6181567830511073,0.60584979517365,0.4650425090902815,0.27814591867226385,0.528736832883031,0.6144720062745214,0.6091212302733953,0.6158126372761232,0.6290277494499086,0.5161987925555451,0.8898986018042612,0.8679956239462813,0.3422733665827692,0.6193508876948075,0.5698154275041781,0.5826904111699763,0.5872265329066804,0.6069034893018743,0.5110551834841021,0.6048524143295193,0.5891936965767011,0.5884085521877144,0.5933640733173368,0.5120285795548286,0.6276780785934233,0.8981634731670584,0.6166525105380419,0.6117735148935836,0.8163385202995384,0.6036780440535203,0.5069598351123916,0.5926184433416521,0.5534570778125956,0.5009001134387778,0.9772131411825397,0.5364641877994465,0.3438064094657674,0.5543336870789362,0.594151468137806,0.6234314745681078,0.38522833486683433,0.9548256789018686,0.41318519320735686,0.5495911829904546,0.7060592007372,0.9764209658242637,0.4752145588630537,0.9043063305625602,0.5715572085402706,0.632714151286572,0.4806778342347068,0.4020110807288233,0.42965131242849547,0.6219987297006078,0.6326051516767903,0.9658525047171614,0.03394946740803,0.6157716446880047,0.6164137359465052,0.5824626995762178,0.5918175833300429,0.7735582483290349,0.6266554896869566,0.5558577844665256,0.48261974074494435,0.32628925693285243,0.9667949985220818,0.5561519733028661,0.3075042647544193,0.9337033414393731,0.6149756166035348,0.5329048504227722,0.6104714188630727,0.5676345059490179,0.5375009983242799,0.04176860465336607,0.462233035879537,0.6173826876205425,0.4513072781513547,0.4922775344527994,0.5393753319398185,0.5296328615843945,0.5871069285795707,0.5788262012318759,0.6236215907098109,0.6573812697517917,0.5857499728973126,0.9623833267134121,0.6004235487256583,0.5019788569440551,0.4864738970839486,0.5660094922445198,0.6170179260745766,0.594061904820765,0.9621366435650779,0.45019157192049963,1.0,0.6217808427201413,0.712534899450591,0.7100659994095784,-0.08124192058621425,0.46940386336944484,0.5067495771519966,0.5716071609034986,0.33398998637884614,0.9743116331858268,0.5181037588315979,0.8906387024590325,0.39350851213173266,0.6064590919078469,0.5774362154053323,0.9610164373940026,0.6396160385478988,0.13028121834540163,0.6151211648882912,0.5850787218156119,0.9625591369191776,0.8178573277650208,0.8160150036992512,0.5470280870374925,0.5311198351484382,0.5554519136453547,0.6308610251820629,0.5030339436052832,0.5588944561170641,0.6313522300377828,0.5801329173783233,0.6129362985926594,0.5816003115788602,0.5327239505864723,0.6249179042061416,0.6201959231946464,0.6276720214960106,0.6281817086739476,0.5231414851577062,0.5889928090726617,0.631833069935867,0.6306632311750835,0.6186981369746012,0.6317075786897286,0.5865300596361992,0.6263603662600832,0.6228780138185073,0.6080621762567486,0.6280333204309629,0.6178756173851727,0.9761763711010247,0.6183552696684766,0.44334660443521995,0.6234015680809466,0.5992349618507083,0.5350910865512436,0.5467296029437047,0.5768069373625092,0.6116351289742155,0.5079415887188187,0.5990724771302598,0.5643851271800588,0.48938197007095147,0.6300410421999494,0.4083556913030832,0.5905916892380215,0.6133155005501935,0.15650886572824124
UCSF-PDGM-0392,0.9871617471409576,0.9503910165457448,0.7522742100467189,0.9864919021976082,0.8557785337634083,0.9608087508331881,0.9140126818124445,0.6529818060554347,0.12169070288704664,0.9299991933509653,0.5865240160908292,0.6222082957977736,0.6744035381632838,-0.03272633990703349,0.7285150911771259,0.7700722601567223,0.6662612595895386,0.5557818410846586,0.9437990967275842,0.9876895209523138,0.69806347874054,0.543212656701458,0.595185638444759,0.6169879365999553,0.9958976777896877,0.9884276864345699,0.9862772878972755,0.7179860192722516,0.8280167946013879,0.4378215347740998,0.5703712726450093,0.6602067399195238,0.7159543357702541,0.8945166562692121,0.961231034848915,0.9426543372137864,0.9893010717074051,0.8704859959737138,0.9593588939510682,0.9420400115256119,0.9541010980563396,0.9551839416420097,0.9153444794008169,0.9857023324267253,0.4669603097916026,0.9600125907144115,0.984508799320752,0.2178018796243915,0.9685827583681484,0.8676398521632285,0.9529283506598474,0.6396547326258034,0.7992382983792229,0.6702547785641142,0.8625611364092705,0.694391058494653,0.594262005006296,0.9479512526640079,0.9979381981124952,0.41511790322430103,0.715824788869822,0.8079150360032823,0.9343082418150391,0.3309161159400119,0.5621914448544996,0.8726487353580614,0.42881701056134036,0.9389818199563831,0.7228298878927476,0.8688468401355439,0.4259863177688077,-0.24373580190418134,0.9678468139831885,0.9984103517087761,0.7208254086924825,0.3623998067784034,0.9943404018978103,0.9954329577076894,0.663670030247808,0.9521535716041069,0.32523877630424386,0.9991072115887061,0.9058594839846303,0.8166148052335472,0.7154413611704836,0.6543181172692106,0.863634195071255,0.7063346476476288,0.5163071339373783,0.9939399622219752,0.5626171938971152,0.9890143478566621,0.5922409919572615,0.8852595589477009,0.3596001074839653,0.7672251998204997,0.9963893628843903,0.7782789797160129,0.7910594614235478,0.8608579551755974,0.6087866411830943,0.9521140192122783,0.9368875468695858,0.7177551839011963,0.09098894939304872,0.9388968432702092,0.6863216786441507,0.9678752995678097,0.8334724104322843,0.4737286670620014,0.6294065935323102,0.9886279273992702,0.9440724300070361,0.6227517938824879,0.7393685892862707,0.6217808427201413,1.0,0.34029299580400874,0.07602069432277835,-0.11299329192067577,0.5518124014809636,0.907742632153613,0.939750255119934,0.7769790890623304,0.593407263421641,0.8538378793835335,0.4450736268054398,0.33951302240418063,0.9745894202095926,0.6822370471887367,0.7191150582669213,0.15078080932191026,0.4700560181624207,0.6923261714495116,0.9313614771258438,0.5722225281218277,0.25673097065819495,0.2599536780820025,0.6423475961513376,0.6240151821082099,0.8869350171964776,0.9984808530999589,0.894945944595735,0.9683406711263551,0.9987209734223597,0.9077323993734234,0.9917722866733871,0.9533430287362712,0.9320933377126337,0.9790719819917577,0.9759432973051783,0.9989591800242982,0.9786822056242691,0.8841812271591535,0.9412493471301552,0.9936414989162337,0.9983637562964758,0.997907793015933,0.9988311039445562,0.9079086662046023,0.9908960031557588,0.7215504041972441,0.9499760838385906,0.9810609309027326,0.9944434144674749,0.594243460623747,0.9610914639694585,0.77953091378368,0.9713016647547882,0.670506227758211,0.8344370914085419,0.8650825207397281,0.9577842611152965,0.9978780637665953,0.8344267705763498,0.969785585826575,0.6318189887640767,0.5052853528532217,0.6971732561700547,0.3924469955674604,0.6921423426234347,0.9978108958103329,0.2437870769882859
UCSF-PDGM-0393,0.2637193823294834,0.2818572497302952,0.009792246920906916,0.2807645866811621,0.0684313914718662,0.27870133034230005,0.1274069240633776,-0.15342174780437504,0.8458984147104962,0.17415010095608652,0.8871375850161041,0.7604908434636307,-0.047231175087870385,0.6075137170084968,-0.044948798752847484,-0.01057972446092066,0.7002522107123174,0.12901966707625256,0.2071512979507298,0.2750027535738459,0.3087002000141076,0.20712943695888478,-0.04972909638370735,0.22120381180586182,0.29431909741110396,0.2641317620993591,0.27175202716951957,0.3463738554520844,0.06001240756013165,0.923006802643668,0.7717825977160829,-0.1089089750804023,0.34446284713690617,0.12690280705017318,0.20657391233827432,0.2317760378256231,0.2712838644843605,0.055322131111133405,0.22624634677356845,0.18602596830675389,0.21449728965594345,0.22359750577307963,0.17433932509720926,0.2864646438639942,0.6229771742509396,0.25017121480115434,0.2776358603177611,0.7479879652200615,0.2302725668639607,0.1355050367679984,0.18899852495071726,0.24410048806553233,0.024692819692026483,0.7497956564103981,0.08669043874455862,0.025776453837097698,0.1530317197138349,0.193326642395786,0.32548108344092014,0.028133582143739573,0.7346647997999947,0.021479700607543305,0.14961175916751804,0.9709122926075934,0.6457977794599278,0.10617976094107795,0.7406984016046199,0.15760482269741716,0.35120399385033146,0.2092562658545,-0.012521863501521615,0.37434265730063526,0.2756297480503056,0.35110627728587385,0.7488309600158745,-0.3214893861665951,0.32489741163363356,0.31398551143696946,0.2671437876020041,0.1866280479026901,0.941050799825236,0.35077560722873413,0.12060176752455383,0.005452197596714901,-0.015474596784862066,0.7694846882230402,0.10308632325679566,-0.1291201883344651,0.7178114728982721,0.33841905464054217,0.10954128663429048,0.31887147957786766,0.1386400240825873,0.16220100204382673,-0.3430535148536522,-0.02283704239364651,0.33402473308836084,-0.002416565676588308,0.0014254924862098632,0.09928610435000086,0.2087386192518254,0.18268445944060088,0.16351099607967667,0.3449314837895646,0.30999596790470874,0.16444420339777494,0.7628165481723765,0.31364196445763554,0.0497706354367334,0.08042023739248905,0.20812041636649764,0.27198284182017496,0.18486534831026932,0.8005539364296811,-0.05556228322037005,0.712534899450591,0.34029299580400874,1.0,0.4503280767642544,-0.0667539803562742,0.29467373182249995,0.14440299796936593,0.31607648457232895,0.06522124010350494,0.7056288160815853,0.09215186820582262,0.8178225136622796,-0.09478097490183296,0.23757205112516558,0.32053474114485225,0.7479118608606072,0.3662197369156437,-0.2745301663358377,0.33009576605752544,0.16559492399454026,0.620566294993844,0.7024129351499863,0.7514313103141362,0.2555067207894324,0.23743088849016317,0.09628273845384026,0.34998686894578895,0.22694616257876918,0.29244695835676815,0.3502881911843063,0.13707042336281322,0.2794120879592392,0.18855965407056322,0.19679339921006803,0.27346560881072474,0.34030190478843014,0.35374750453087017,0.3044634478957392,0.07790310026477248,0.17613693064334654,0.3508681407086616,0.34986662950145636,0.3353283778591908,0.35050958376966257,0.2247793291101291,0.3180581894430296,0.3507532890953316,0.33683468425544555,0.2839878096894198,0.2986002272701324,0.6286298239493425,0.2723264253136537,0.0726475120541801,0.28635691931825374,0.26511399670669933,0.11049151903022635,0.09618072455707657,0.2300952207737221,0.3341119172446508,0.0411599141398821,0.21714916285174066,0.2611280927112398,0.11494705037323054,0.2849043520776898,0.06336612835224337,0.31552372386601474,0.33716749390393846,0.22943263307290337
UCSF-PDGM-0400,0.12154866497271404,0.0896787516715747,0.10943995594771602,0.10629454464984014,0.19000028066006291,0.10525577695152706,0.18811506279767584,0.2407808157391655,0.7103399355049794,0.14757176186987964,0.599816250149937,0.6304232968345453,0.2033565369729191,0.756567041907142,0.23999927402364207,0.20771068871186474,0.5903679434599454,0.15289329721640396,0.133315728269352,0.11465319924931024,0.0878194242288467,0.08324243159350511,0.17235232697186495,0.1034116049615232,0.10300705232736349,0.12022545341353057,0.11901522776237983,0.07213325941454224,0.20310295609787557,0.6534383448280254,0.5799246894618076,0.23675065476892024,0.07207248376509291,0.18559641733077167,0.14423751156367212,0.12255552215643707,0.11390849815492606,0.204902426468195,0.13628708059294284,0.15550228339028385,0.13853911710678735,0.13362805752454873,0.1382767282431405,0.11032132089676641,0.7449267057567134,0.1251416924938064,0.1114778404842491,0.8933242385974656,0.13571030584348512,0.15084720276892502,0.15951018076311765,0.10002735622541964,0.22083126283713841,0.6159373657371685,0.19583066703938212,0.15269314478652038,0.16584219655825266,0.15505538049938822,0.08679745209451274,0.15003982357816398,0.5501163402244383,0.18984304259349366,0.16355289072026571,0.48635885033249676,0.7505456720612019,0.15573342352286665,0.723939560319427,0.1733691834318477,0.07185400437551583,-0.04208182155806792,0.19651804098386658,0.9043777420157653,0.11073770791263228,0.07224818343208375,0.5372343698425226,0.23695965161854607,0.08156090913565156,0.08918784513711218,0.10032486393226511,0.16051010622772627,0.5780875659264046,0.07164706340642023,0.18347476590903788,0.21944525643120788,0.15240077312757955,0.6078205244233058,0.19116579238388096,0.24041100293565154,0.7376619058701741,0.0729729128185936,0.18044641228988853,0.0865467371927301,0.18195638704323516,0.1408513107043757,0.25315161393395136,0.2350357717658384,0.0800799755458632,0.22078724223071866,0.2291742436187809,0.19117982392257768,0.11206185231086879,0.16137875361609677,0.16758134335299918,0.07386923815048942,0.9349919710787038,0.17205471998860689,0.5608898807139044,0.07724443215680994,0.19995218226502495,0.16405844819621668,0.13252906630610262,0.11666709930491512,0.16179287550960642,0.6182933286956895,0.2511993954018341,0.7100659994095784,0.07602069432277835,0.4503280767642544,1.0,-0.07285849755729262,-0.006867127042700309,0.14121875284614055,0.060406253046556974,0.07296287483683066,0.703471021674215,0.18853613262960692,0.7097458377362712,0.2495537570613829,0.13518774789432553,0.059024664647591665,0.5391083768030784,0.8031496879656529,0.2550522195805713,0.07744565811712954,0.17039722521617373,0.7273434961566032,0.842140590963619,0.8217009770758631,0.09289845067789983,0.09692107836172859,0.20076874409449186,0.07370291766003537,-0.030573694368295868,0.0775620440623398,0.07344551961020385,0.18791409230201847,0.1106313103875771,0.15469522431561294,0.13386191231767625,0.11635628502076444,0.05813492372686289,0.06926270352977575,0.09550693712138421,0.1973162569398553,0.16374663121524702,0.07008009178851293,0.07379460902311642,0.07940376010119367,0.07322206559730218,0.12152537176637163,0.08860080482676774,0.07160278442164594,0.0574717573777578,0.11017481429014706,0.10266216180288015,0.7306874601634711,0.11013875145867043,0.16775119398808572,0.10460356264583363,0.11548569571863067,0.1734364789972177,0.19523762106094103,0.11921216197948613,0.07723054674486185,0.21573735162158916,0.1465480493126465,0.08761760985054542,0.16611208558039237,0.11424784248471995,0.13101997224904266,0.07730134952540903,0.07670473810376195,-0.1625863105944763
UCSF-PDGM-0404,-0.1136192235395833,-0.0895567507288413,-0.1033665795509392,-0.10258602084482035,-0.11055956531225714,-0.07445711913302801,-0.08363337472519061,-0.08836673345068101,-0.046541586088422675,-0.07853302303061821,-0.08326382221967088,-0.08456694747239843,-0.026158153849342843,-0.023199326962813363,-0.04720430288413271,-0.1445775930751947,-0.06744949114151202,0.5036721964737665,-0.07839397770109911,-0.10621641455439401,0.4185202933358317,0.5728241249797837,0.0008914018288202772,0.44188142710464773,-0.11327324281446288,-0.11125851634067305,-0.11323299163098859,0.4120638443730339,-0.06352299490703242,-0.08584474698080238,-0.12425559514556142,-0.11853469314883286,0.410930524142357,-0.06427237537471857,-0.09467694510502225,-0.08023376340048491,-0.11547067034384684,-0.10040715736346814,-0.08707475691680892,-0.07679220648029823,-0.07620090530058263,-0.08660537499465405,-0.08095072292902757,-0.0885807851359614,-0.03241049852510014,-0.07398220371247675,-0.08887239956046508,-0.09079096686157918,-0.09078972404245911,-0.09347635123380733,-0.09095692518840554,0.45160820383874,-0.0546980457967001,-0.09376254285880582,-0.06274934592975526,0.0004169250258909298,0.5159382177057419,-0.09382129033770137,-0.1087142925183008,0.5645787755524772,-0.12841741396167825,-0.16396652689878077,-0.10381123363166998,-0.10753349117707038,-0.05099333753539096,-0.07245500347811952,-0.03313910456510609,-0.10618197635486396,0.4073699616295353,-0.25695813719583976,0.539921453873535,-0.006906020970540677,-0.07599707885939241,-0.10577642730870794,-0.10613348395896267,-0.06047211636842179,-0.10934029433505245,-0.10888713685144451,0.4487951133667972,-0.08841946170214936,-0.07368526909556006,-0.10758352325215033,-0.08483006399476616,-0.07855031527114066,-0.019363797527846543,-0.08338974760002762,-0.05221955674106504,-0.12464519005497095,-0.06954217278583462,-0.11177657485235076,0.5352106191841515,-0.09316662031171037,0.5373425013077908,-0.08259552695186491,-0.08083081541789834,-0.07050723934802038,-0.1267811342720201,-0.05004199711363833,-0.05113809501497774,-0.06054155064255018,0.4747046405300127,-0.08436750650874347,-0.0868313613378527,0.4129079470795694,-0.037891708224405456,-0.09629950719325822,-0.10237871970289365,-0.07367244777616248,-0.07552962731696287,0.5889949566598943,0.496052471390154,-0.10843315931516717,-0.08944290222146781,-0.08350835598411933,-0.06188398929551103,-0.08124192058621425,-0.11299329192067577,-0.0667539803562742,-0.07285849755729262,1.0,0.5904530500691241,-0.13834944706300667,-0.06812697333515948,-0.07599281682702443,-0.06798062149532096,-0.051611108785795404,-0.06497224940263689,0.5444021070069832,-0.11007859371713437,0.421516497542004,-0.11318685510474373,-0.017712530280418356,-0.06939357150611675,0.4632202503117618,-0.09052105205358853,-0.055805391086135775,-0.0859086557432621,-0.09401778251366487,0.414984845168562,0.4257699659026691,-0.08110543277137805,-0.11089620600425862,-0.2423802872172148,-0.15239650572131105,-0.10995262106981563,-0.07506965443318422,-0.10736930382423063,-0.08620800121779609,-0.15636052659381458,-0.08555739129231611,-0.09817288336587754,-0.10475162557630116,-0.08139790955780823,-0.09123036494922439,-0.08636645025508394,-0.09884214816581821,-0.11123704405764327,-0.11775432057146962,-0.10914814537753087,-0.054879721009353274,-0.0901841655945072,0.39769517190887194,-0.08056726092870087,-0.08518232281778353,-0.11879801350501142,-0.06452078728266301,-0.07259221676029111,-0.03825990277470928,-0.07842370562278624,0.47599461531601467,-0.035733394356909046,-0.07399767509621723,-0.11266375459717143,-0.1261064945625205,-0.07700292089057055,-0.11476073031074183,0.4924553250297361,0.6362680002547123,-0.09712398855520796,0.750463076725564,0.41153055084956636,-0.12432944238642804,0.6811369981282155
UCSF-PDGM-0405,0.5196298763907843,0.5609723455842617,0.27479166186424403,0.5381273465264202,0.4345637254993028,0.5434963920455469,0.4425648236908485,0.20062705367183004,0.10315646500554658,0.3974988228919383,0.4507727243198346,0.4350578529835174,0.09538000528624102,-0.0327885072612603,0.27271951349398066,0.3701494183725611,0.5503035500441155,0.9064851818397495,0.49092174425461604,0.5404566698732775,0.9427525626520931,0.9216702049342239,0.042678875245274674,0.9237515159272338,0.5340965131968345,0.5140427704882714,0.525405225926902,0.9391978956681739,0.3636933855512057,0.3760902232295881,0.3822039187414269,0.26561772837607767,0.9242279070792694,0.4173915314562771,0.46042705719822546,0.5168107770653726,0.5161778489060623,0.41568171186943353,0.5219375173599407,0.49247867516668054,0.4800248137731821,0.5078955196779773,0.3464801853550827,0.5317869426041245,0.2643864742378118,0.5237594196896677,0.4994509240038504,0.17315177450344574,0.5075909948241516,0.4713628547094126,0.46877742023850066,0.950377065138015,0.31344241327349065,0.4881469434020095,0.40613610162648534,0.1581263599087264,0.9077509919750324,0.4852315412434419,0.5392534375358929,0.8746911980698114,0.5516391076598777,0.3729993120626414,0.46264873690178693,0.3034263087523886,0.4186140035856328,0.3721851762330521,0.32042505482501626,0.4335223675902386,0.9318179439588714,0.41901453399253197,0.820558437162915,-0.24748134086181497,0.5407886986436906,0.5663124414683525,0.561046695501392,-0.12987735738540535,0.5596834007821028,0.5531953053889934,0.9560874510061513,0.47100274087571653,0.3339551687512651,0.5504734354652728,0.42296771915696796,0.3811038117002622,0.15785617793827955,0.47357606438775807,0.41039482457363463,0.18649545769052958,0.35286836765649293,0.5650240402354123,0.9122753335000112,0.5042679161587028,0.8950775816675619,0.4968368897546731,-0.11339244216535455,0.28719241672656026,0.5552543214829022,0.2425332188967859,0.3284397933030824,0.3843779734619378,0.9255144224389598,0.4626591926177705,0.46002720326782265,0.9218067670386141,0.003325943442392675,0.4601921698656636,0.5615787829861315,0.5231625905491697,0.40780230551278007,0.8111122884040662,0.9441973395642591,0.537808190835651,0.47498884637295424,0.4483192836476545,0.255790171539207,0.46940386336944484,0.5518124014809636,0.29467373182249995,-0.006867127042700309,0.5904530500691241,1.0,0.4774188540570434,0.5118988470359076,0.3052596190404919,0.40848511787804326,0.35037386069560644,0.31663186340775723,0.6868067276177424,0.5056769112729375,0.9480577690099538,0.5471464259260347,-0.06269079746209583,-0.0312109299309055,0.9281144194257954,0.4607165888511219,0.3870084960545363,0.25922397503679506,0.2645340948772587,0.9295236736195229,0.9273099101409116,0.41044387852328984,0.5583925027298129,0.44446512488971357,0.5252064642955587,0.5600374852392763,0.4188652775933725,0.5317216831126103,0.46054681324253305,0.4916624253869222,0.5427180836285214,0.5742669926668753,0.5562509123802197,0.5573245370839082,0.4266569801622964,0.478546444390068,0.5736175804217843,0.5577760787801618,0.5406175202143089,0.561370698132602,0.511138837968404,0.5501086015226199,0.9043024798472173,0.5742032459721896,0.5392478067869183,0.5392571827411389,0.39909066367548207,0.5421498910541085,0.249065437630218,0.5468264949195841,0.9281896912660962,0.41094540119383177,0.3944230004928436,0.5342081827232993,0.545831455086572,0.349617009988813,0.4878021516764256,0.9688923538413742,0.8132348403535712,0.5219249949342534,0.8125623677935799,0.9271777015703818,0.5481903672151949,0.875677508962997
UCSF-PDGM-0410,0.9364127413506552,0.939704952092329,0.9156197814736203,0.9423815689496455,0.963672254244742,0.9180017802175222,0.931017670374263,0.8649321460033996,0.08003182584675955,0.8973254683324523,0.40406800409257704,0.4582999068899774,0.6691025777278807,-0.056268497096767664,0.8053192514128207,0.9314482136300767,0.558278803666732,0.5653239318789305,0.9452125430318103,0.9432549527064179,0.5852693764530582,0.4751704254644066,0.5888288877099402,0.5832042705685517,0.9314664610283732,0.9349749375701206,0.92916329754207,0.575558098832274,0.8634259935898688,0.3018147545323068,0.4118969408109274,0.8483632812109442,0.5615785274532219,0.8904270279263524,0.926501875146323,0.9353504501557364,0.9351139765263542,0.9655886406946288,0.9484753477839922,0.9476393357192292,0.9284889512352827,0.9415013047205241,0.857237794302712,0.9176441336617839,0.3330704260757322,0.9225191894775019,0.9071338393751777,0.21956391442051282,0.94203328739957,0.9440318596949859,0.9308896974173878,0.5958661241560412,0.8252497239279962,0.5118312920593566,0.9011147657749868,0.6963237857461139,0.5480039296278356,0.9373276442804933,0.9054326546561932,0.5099568396419559,0.5725006326500313,0.9495880444714476,0.9725691244559651,0.1728891012562454,0.47797683986581996,0.9190122870666669,0.2977473620617335,0.923864353948036,0.5712947964081098,0.7712092514257396,0.5075770704968929,-0.14607529647258957,0.9214485709776489,0.9028899791550205,0.5655255868864734,0.5644183336043085,0.9267174629332708,0.9312335353337319,0.5931826248348477,0.9349200314216225,0.21862463407005123,0.8929185778370639,0.9261427017122641,0.9401626428096411,0.7558689782404001,0.485567672807748,0.8816433638186988,0.8800945452842945,0.40363946579286675,0.9196824356777243,0.5597868732603168,0.8777126069574426,0.5334172425530435,0.9501643882659553,0.5974796193717101,0.8331449586521542,0.9130565450322249,0.7955006182545363,0.8569015944874475,0.8660920984836297,0.5709228722010352,0.9342946418782144,0.9387662773082973,0.5589616479378403,0.2001643074236144,0.9332179749961476,0.5584299055414694,0.8932933308852866,0.9304917355843523,0.40708742159359285,0.5770746299518293,0.9447693093898262,0.9288650145703115,0.4458089222072204,0.8085076941957415,0.5067495771519966,0.907742632153613,0.14440299796936593,0.14121875284614055,-0.13834944706300667,0.4774188540570434,1.0,0.8707418985306862,0.8527484801749048,0.454861610299072,0.8461495425160244,0.3150480567294152,0.40049639332162845,0.9369166735947108,0.5699047615497106,0.5576234633347263,0.08027511791492638,0.6712721504350997,0.537950293363825,0.924298913648753,0.4531774275734486,0.29783749045629854,0.28439437151834285,0.5849386832401289,0.5805620503287813,0.910072334546821,0.896907868082497,0.8011446274120617,0.9320431737513077,0.8982709933419445,0.8857005838737985,0.9395089705365415,0.9344419934856583,0.9573670272474161,0.9324792691067683,0.9002033330935431,0.8953425517820924,0.9189752335638558,0.9611594940917245,0.9409064984913099,0.906180424645572,0.8963842245598602,0.9007950650461731,0.8993357666812215,0.9007636986773095,0.9147090798742503,0.5504170577452944,0.8869915631318829,0.9225191280795896,0.9267902262747026,0.4667866268211271,0.9211645442207897,0.755732287193205,0.9205093101941862,0.5530088360968654,0.8597041599134596,0.8790960114636921,0.9791022823290269,0.9114569137595977,0.8763733799247683,0.9369767041537485,0.5743243593590087,0.3982071128437206,0.5494516958431583,0.2936147632827218,0.5690192700782635,0.9085137627206645,0.24333396154378073
UCSF-PDGM-0411,0.9091921044983683,0.9717708306574359,0.7966621575735694,0.9636499388776738,0.8251917834925637,0.9721298942235944,0.8844919588608602,0.6726849087012878,0.16816041340895913,0.920426307747541,0.5386342702303513,0.5970181653207848,0.7089603438790157,-0.04401297970553081,0.706763694531474,0.7643200278595718,0.6654008972935943,0.4651421756799577,0.9695160274864204,0.9351862708861701,0.6081261612169535,0.5146638558493432,0.6655621646924148,0.511551371606299,0.9362090271005955,0.9239903376364257,0.9029743464874801,0.6563365625150095,0.7859872660526275,0.40501605562616344,0.5370383042960899,0.5979718882870213,0.631493062194112,0.8758074594062143,0.9230611742211702,0.9716768772396349,0.9231533783372988,0.8348736838373128,0.9457567202005724,0.9390423161239225,0.9617773277940647,0.9635287780393257,0.9078531982432126,0.94298804403812,0.4385774809850107,0.9576130673793024,0.951625053273354,0.16081540798805596,0.9381368631322123,0.913101794048864,0.9035953865876077,0.5593672134537699,0.7855288421569347,0.6067365626371305,0.8932928136892795,0.8095795693172141,0.5035249163003733,0.8937896415944797,0.9294770442376145,0.3588767914723826,0.6104583531709953,0.7208708353708371,0.9289812948678652,0.31938112471761604,0.5693111649453143,0.9347145547521045,0.38184926120504403,0.8816471078137992,0.6532610401307475,0.7953007373027821,0.3291514860903025,-0.21543594690102763,0.9660431283632414,0.9431965165334995,0.6494201493395003,0.41863951793267523,0.9609139451311819,0.9566385036292833,0.5914117490645233,0.9094097318748752,0.3491058245557358,0.9373018893251128,0.8874830306253287,0.8171999695484818,0.74189989073426,0.6234264832973172,0.8668953715003623,0.685709721706072,0.5457248898957229,0.959214390643395,0.4913007161814114,0.9407183779046092,0.5124943496324017,0.9325252065804578,0.37228582755641176,0.7636196514294625,0.9114995873156339,0.7585082004496466,0.7902538719642344,0.8749821929030086,0.5127219208721969,0.9269433762060756,0.9234736934775358,0.6342604402290394,0.13107175226093642,0.8778645045434675,0.6580794072719005,0.9916474264922867,0.8674965756801409,0.38170844534734427,0.553560167277655,0.9395704592297899,0.8864396452744129,0.576501056367379,0.7041437819401244,0.5716071609034986,0.939750255119934,0.31607648457232895,0.060406253046556974,-0.06812697333515948,0.5118988470359076,0.8707418985306862,1.0,0.7608606566755817,0.5746384944997921,0.8341143919742064,0.48589286736764337,0.26728213382821764,0.8985936568886369,0.5780400188489554,0.6299785569073859,0.16045834496491454,0.5262010531841267,0.6626644957400434,0.8657945293097694,0.5053945449450837,0.21851998560868,0.21991655071143712,0.5397476703321956,0.5256092117292913,0.8368850645066824,0.9260650980303345,0.8320309119016591,0.8708322777795646,0.9295517777126759,0.8482352768524343,0.9503868797433697,0.9419313896300335,0.8477156951446178,0.9533525886647565,0.9757061062013241,0.9466643888999174,0.9693589136219435,0.8756528301852515,0.9234351057755339,0.960318959646811,0.9247661498983202,0.919165644603915,0.9324013582610657,0.9586883590172304,0.9672412489469312,0.6211013930708316,0.9821288375254604,0.9495185321087067,0.9145742480876522,0.5227761289027777,0.9687496553502885,0.8343142396949766,0.9690903335305961,0.5867192304339851,0.9006739416574034,0.8036276671295179,0.9411622787193121,0.92112234848462,0.831864519748637,0.8948902835321099,0.6114858699359409,0.4748322025604722,0.5963400186227772,0.33442441106602,0.5931788950809176,0.9215666124488313,0.1942906797861104
UCSF-PDGM-0412,0.8223903435013412,0.8079715809764592,0.8242396707948852,0.8271886453531596,0.9186599655238837,0.8116097236202258,0.8652999373527742,0.8464416656484969,-0.07137611900331182,0.8595703268358001,0.24546020439177457,0.2502326733892937,0.7055746726504136,0.11060694692600899,0.8388439654309305,0.8368166638373511,0.35674652410020014,0.352778610459407,0.8549962917450649,0.841443004967318,0.34431761932070326,0.25638356948796176,0.6649491908744435,0.31185029301911027,0.8175904708292568,0.8333528226420882,0.8315075163981883,0.3431406051860901,0.8812384848772603,0.21254466936071098,0.16866478202344,0.8720497613533896,0.32883200282437647,0.8342660364730592,0.8606468286627492,0.8335962579790049,0.8277911417336546,0.9064145810120234,0.865607998561196,0.8732678003344181,0.8426003769994524,0.8379001061072079,0.7890334328893489,0.8250122471063845,0.2289453468056509,0.8292712891170471,0.8012035835203676,0.12151710047781455,0.8697328237766304,0.8749502577599795,0.8685394372882147,0.3262586350555199,0.7833078148820237,0.3092057344897512,0.8297927121489551,0.706522556643392,0.36687661269575067,0.8777794579013887,0.7893614051992492,0.3055646454936973,0.3385984861714323,0.8487490021958962,0.8646327347826076,0.06751919469968627,0.2976100063383081,0.8544473436599677,0.3115777936671185,0.8222015616871275,0.34249499519048743,0.6344332793429096,0.2770874153245891,-0.09169982131942536,0.8230044023866738,0.7685922013493562,0.3363954063170083,0.5754791992241814,0.7967264436036169,0.8095842443601109,0.34613480622211124,0.8749377695570024,0.13717596342278102,0.7616117056461505,0.8614275929095168,0.8891331503478005,0.863662976859858,0.27631483583408223,0.8392158352807169,0.8045185027919554,0.21552191227868703,0.7812489726047049,0.3426583478886718,0.7823352749800728,0.3591576223174402,0.8394742602273022,0.5157844944490194,0.7681433815657679,0.7751664822950045,0.8287622528239049,0.8588838191354917,0.7775784163436945,0.3189540641327086,0.8674758872232116,0.856702199455042,0.33221816422446115,0.1142186518704316,0.8665914344811977,0.3300866485273201,0.7815027088244868,0.840021986189145,0.39510662262221147,0.34490012211068655,0.8304085174401744,0.8775238355067402,0.26688091866494706,0.8009762445024333,0.33398998637884614,0.7769790890623304,0.06522124010350494,0.07296287483683066,-0.07599281682702443,0.3052596190404919,0.8527484801749048,0.7608606566755817,1.0,0.26104922790192375,0.879268105691808,0.1400200017921719,0.375718840360011,0.8479956376006645,0.32620187561431757,0.32847413467275294,-0.023818108918734177,0.6799128305805372,0.32254162737689795,0.8795158653254952,0.3341379121653869,0.23361652185589646,0.21195569865739572,0.321712044982895,0.31648043760839484,0.8736396717216648,0.7638464249928034,0.6617098560708751,0.7681976580540231,0.7649411098513662,0.8301273142638335,0.8248852175924443,0.8519225237536959,0.8532233719442187,0.8419641854642208,0.7638938176809461,0.7635858195774313,0.8130597783838136,0.9119710588629346,0.8397861848965422,0.7709574200976504,0.7634246142947959,0.7737372067124972,0.7657921834735938,0.8136588084159703,0.8043843495716744,0.32704272534996537,0.7529932583298122,0.8293228945528078,0.810351998976358,0.3132874753204165,0.8265064357082808,0.672427037670307,0.8153604080546444,0.3460453266847384,0.8013144814075647,0.8657169740324724,0.8566312807846799,0.7751102423848041,0.7928415106781946,0.8281486568798863,0.3300699786553006,0.2535061602212896,0.36252613069042633,0.2719556070362297,0.3196079098783213,0.7725871925467436,0.15078362755766653
UCSF-PDGM-0414,0.5781337481838922,0.5516451081312023,0.2586721331379561,0.5819912127806569,0.4382045111219697,0.5951369816911969,0.5509600840894687,0.2579690607799036,0.6808040149883158,0.5457536633036635,0.9389542140416682,0.9853198141886704,0.42026388528826025,0.5420623405133951,0.4521762018096382,0.336875876914663,0.9411892874409367,0.460039431980852,0.5486996901033794,0.5802412293561399,0.5672741004850854,0.45018220553605115,0.3729255800540375,0.49061895599385863,0.5826373608823462,0.5803204064047814,0.576405357281775,0.5978616865119757,0.5014648468995198,0.86094159168329,0.921333242478116,0.2738702349374487,0.5945092349806587,0.5676560416347766,0.5708292363150139,0.564773609709977,0.580202016747173,0.46281970435917497,0.571157161549578,0.5579852564381416,0.5774685205415462,0.5712012636195704,0.5461463847488901,0.6039270082164783,0.9461295915516176,0.5959896226562078,0.6041927687475455,0.7675001945498424,0.5742740462188765,0.4524891278693386,0.569944594219774,0.508593735768322,0.5194693564367053,0.97578379826312,0.5290644826751626,0.41135674283504153,0.5123157386917773,0.5628696200628083,0.5973469046719553,0.31796814298936277,0.9143300903965776,0.3357968553646958,0.5195526311875104,0.6900724006009993,0.9700437358537168,0.47731543945706917,0.8791904812960968,0.5610679280133831,0.603260649022761,0.44815026728148616,0.3579697932321573,0.4375075493003957,0.5984567429685566,0.6031334038452245,0.938295414609072,0.08384719387800742,0.5815485598922107,0.5826699007014491,0.5409799203306894,0.5667712871180302,0.7378047680698103,0.6029409401918575,0.5476669611833017,0.44470386322673666,0.348307462129966,0.9802102856706618,0.5528812679364735,0.292250872224626,0.970926802206394,0.5800642886194189,0.4881731645604847,0.6015923442487721,0.5343398029078529,0.4970507322893243,0.08002956052090376,0.4776516758769451,0.577156920394969,0.4772359635866126,0.48887950208851855,0.548584757667121,0.49501435398292987,0.568738536858085,0.5632531349517431,0.5985183657621055,0.6755944713186395,0.5595349775526092,0.9307905975988544,0.5969284506017194,0.4761429473418711,0.431783523398845,0.524036923830242,0.5816704516365235,0.5634780396789806,0.9763459542973555,0.459338598864283,0.9743116331858268,0.593407263421641,0.7056288160815853,0.703471021674215,-0.06798062149532096,0.40848511787804326,0.454861610299072,0.5746384944997921,0.26104922790192375,1.0,0.5149387618166773,0.9225130005710513,0.34320934627633143,0.573276987710046,0.5342676564260739,0.9376489250113501,0.7499440830854978,0.15899644166702576,0.6002107265886227,0.5538304938059097,0.9616353946149325,0.7385676943315653,0.7396601611095421,0.5089112680831959,0.49295327101806613,0.5347080517428577,0.6013756654832927,0.4697745235232123,0.5041250044761798,0.6018619679303054,0.5698793607240664,0.5834089164989132,0.5705107068134911,0.46332956322205765,0.5911568539545248,0.5913163013150516,0.6035248979386378,0.6010071690856646,0.47978865255426484,0.5659703013315436,0.6025165929464813,0.6011805312806909,0.5908392107129132,0.6022159064783829,0.5719849406224425,0.6031768742293099,0.5987221565695293,0.5808904181829599,0.602629884746935,0.5794792027997706,0.9735199106931957,0.5935980883543011,0.5085301466856343,0.5993736450851411,0.5707850806410479,0.540209328069945,0.530702298767817,0.5316176557964944,0.5786190466735894,0.5131425490397562,0.5727761473792342,0.5212240059004057,0.5077376236172294,0.5950092277760044,0.3867794664484381,0.5639210949396766,0.5783228100533464,0.07103811627168304
UCSF-PDGM-0416,0.8981137990896306,0.8268742857884902,0.7532874636655095,0.886482023489149,0.9121659442063674,0.8736484250618347,0.9387233191817551,0.829956951276507,-0.03173870367562235,0.9699761504398812,0.3998527488735705,0.5027375376177642,0.8902025547715168,0.14097203904069358,0.9397461842459903,0.7613117434567191,0.5107015915261089,0.49115901080711327,0.9044700583549741,0.9027060742958738,0.49778221275432494,0.41076218615873133,0.8517959000805069,0.45264827759919557,0.8890098040151055,0.9122381020684972,0.9045472036247171,0.5036689465044663,0.9787587204648357,0.27713761097239564,0.42086733172333823,0.8414385086089285,0.5075888663404542,0.939013110389646,0.9589165027870477,0.8782233650997631,0.9073905813780617,0.9292864859935271,0.9183865866740218,0.9274272602483015,0.9195884477572809,0.8926750479748394,0.9277637937945374,0.9132269039793464,0.5267586052795254,0.9018639674397056,0.9032665546582368,0.15922683945510924,0.9400765478474369,0.8470800191859907,0.9567336594187954,0.4562269113910964,0.9046026730294123,0.533115484507626,0.8926420674973025,0.8323021202344907,0.5350784822791217,0.95298522392464,0.8777044444490841,0.3732110934592381,0.5004841480833665,0.8066378596785349,0.9002981775170993,0.059793512228222476,0.4971126266377516,0.9130323857780502,0.4634622066612715,0.9149765598014419,0.5104153137363971,0.7083485799842285,0.4090840437444558,-0.04952373598748126,0.8913115033084389,0.8439445439710531,0.5111136045351904,0.6438929627038223,0.8508582159570252,0.8684537154724059,0.4850573567241685,0.9567639719403055,0.11358605664632727,0.8493351662586984,0.9455863590956517,0.9101224960037946,0.9415277751620512,0.5072771730724078,0.9326022916923045,0.8164064678418923,0.4592021195811259,0.8329004912923668,0.49103105494982713,0.8972071629996046,0.5468748025693018,0.8348646708981091,0.5522668324982034,0.8600389280091398,0.8382557075509549,0.9746822693907179,0.9470031102519312,0.8717732212254948,0.4748413817336373,0.9504782465870105,0.9309810635564986,0.5137105015521753,0.3005975615942443,0.9484212350865955,0.4720830469793743,0.8629503406335662,0.8590862263384631,0.5456170494940216,0.49773858940011656,0.8906309828870805,0.9590276703183609,0.48908427777978586,0.9090163707349167,0.5181037588315979,0.8538378793835335,0.09215186820582262,0.18853613262960692,-0.051611108785795404,0.35037386069560644,0.8461495425160244,0.8341143919742064,0.879268105691808,0.5149387618166773,1.0,0.31515547826793416,0.520730282508768,0.925297687196404,0.4578062730249106,0.5150906219114446,0.2949018031313658,0.7041680270040155,0.5084103858315578,0.9619501808876207,0.5865242150258709,0.2309195131659517,0.19810527837771746,0.45546839563667313,0.4464240186236473,0.9595214701353336,0.8460932548875142,0.7312128741605447,0.799523575938646,0.8459002393071341,0.9428239883609203,0.8914159290078396,0.9346919001653307,0.8470159301445368,0.9066540143004121,0.817051453087172,0.8469606724857184,0.8789740847277413,0.9349970997491913,0.9049738079373568,0.8372862956029443,0.8461386254787877,0.8589111342530859,0.8456598188450852,0.867296826820767,0.8817024015573457,0.5161369294828833,0.7927061200200319,0.9093699783618551,0.8794380416286477,0.5602213532502102,0.8889733190140269,0.8137405903985307,0.8818114031589939,0.5312434742825652,0.8754709165078028,0.9682262485585398,0.8752270242411786,0.8455481761355149,0.8764547747083972,0.9080783445950704,0.4418274042609042,0.5144465879896963,0.5534910146237434,0.446624801363683,0.4877751351835733,0.8412421454321314,0.03784470384482437
UCSF-PDGM-0417,0.3961659637521148,0.4406851262940101,0.21106376003358493,0.4356233753028138,0.2797210806268928,0.4482335619883863,0.34794294640429824,0.14188230187160858,0.84778985244838,0.3930817497496055,0.9213925911491996,0.9302449797251298,0.2625028722429579,0.6010669906885933,0.21560413612787332,0.2409982328586948,0.8727552580511327,0.2879830127884404,0.4158112289151529,0.4152299377943339,0.4175906333194072,0.36834961738428607,0.2633395753548559,0.33565043202026384,0.42358612458368894,0.4063034390164871,0.39697255782657853,0.45595549601388585,0.27666916419200666,0.885946887758087,0.904139656351387,0.11490357761737639,0.44360635488495187,0.35221551308094246,0.3883301881093528,0.4305094094530007,0.4076218254593757,0.2791872890251965,0.4077200885898653,0.3923169112203325,0.4242280676929649,0.42173727629235425,0.40399001139652585,0.42883384952259923,0.8689106391410444,0.42952230401695396,0.43964182076423436,0.798350177719529,0.40301886321406105,0.3642950025067128,0.3728833752115753,0.3687007010780044,0.2855073137018913,0.8949827148222569,0.35275943261149356,0.36116791246224694,0.32917530654857313,0.3663442743223516,0.43409335971613716,0.19335600072949227,0.8283657486980177,0.20147438829459133,0.3694207958233264,0.8380574021268133,0.9066756535512516,0.3702976252080554,0.8114176009510916,0.3570066577926481,0.45506273338776665,0.29895757254038086,0.18279490601303408,0.5350396533552859,0.4417467142180904,0.4528264201082304,0.8552454852668314,-0.0032917136816565987,0.45019918159258776,0.4426768995648092,0.398098697496775,0.3764429313962774,0.8602959826652568,0.4502869832656921,0.34760705897861605,0.2613112418943302,0.22238635909778987,0.9283838588233817,0.34241092247134447,0.1647799489778138,0.964623513156477,0.45520900324271013,0.3094103198425984,0.44252873684180716,0.33586568621179697,0.380828473640601,-0.021307297478766373,0.26027370492906576,0.42552157027418147,0.2605996692024885,0.2699315558663357,0.35745607830151144,0.336711936416108,0.3882480096447543,0.3798422657219104,0.4452742212095042,0.6675683496133616,0.35123666054680924,0.8859244278468705,0.4799140448195185,0.31558556908806484,0.22302928124375848,0.3652738038754979,0.41829466825098516,0.36131882373869134,0.9204637551134156,0.21485213858659397,0.8906387024590325,0.4450736268054398,0.8178225136622796,0.7097458377362712,-0.06497224940263689,0.31663186340775723,0.3150480567294152,0.48589286736764337,0.1400200017921719,0.9225130005710513,0.31515547826793416,1.0,0.14052701305387696,0.382751973000947,0.3908867783079245,0.8451849127124725,0.6995164539870389,0.09737469457519109,0.46844539806319374,0.34399998329012693,0.8258230422477766,0.7647351434563605,0.7858199431474825,0.3658769210723615,0.35479554030172883,0.31227427745511066,0.4427992755679236,0.32474709691562903,0.3737382766798094,0.4448148605897833,0.3382914896799349,0.4274183491039073,0.4007727069684155,0.335802767913171,0.42905476040367374,0.46848411356809544,0.4565292241412867,0.4520266756787562,0.31693853410048134,0.3835100941613459,0.4633134822004788,0.442051114318018,0.4319710906094655,0.4464706762445596,0.42997497849033633,0.4541495733243146,0.4378462892352952,0.47791779851467925,0.4317090769655801,0.41308390232611275,0.8384453328473961,0.442537948729141,0.3716278019689011,0.4471610496845866,0.40678557216407824,0.37345973906568275,0.2965975072731362,0.3946524726432436,0.43078602820483997,0.30967066350848244,0.3776142063569749,0.4042755137170447,0.35457433093414475,0.4071709954067081,0.2092215017173294,0.4146382696101625,0.43288617488757675,0.03615749159247448
UCSF-PDGM-0419,0.40737963518063564,0.33595709283715486,0.2217452667734919,0.37126720342315206,0.522185389630112,0.3673710853633547,0.4665913097649543,0.4459502272296715,-0.1318225841770651,0.41470238649040203,0.21232410280855116,0.30411248682850217,0.3353202928239364,0.20351270785210884,0.5553838704435745,0.38544884254427897,0.35933248976223925,0.8756918135811069,0.38054957944833373,0.41553244405183304,0.7025242545471748,0.7372776629217891,0.3112583675872455,0.7572041702342788,0.38128055518767057,0.40837505796207774,0.426268758189681,0.6509694734363564,0.5653104006014089,0.1493981842208841,0.21422117477610078,0.5727819949521066,0.6581547398335393,0.45324388567804785,0.43694829786833306,0.3684609388069352,0.40270196402889286,0.5065981926237864,0.43493211833720213,0.43866889652154617,0.38555346096587684,0.37751618133752496,0.3242565913254891,0.40879254427414474,0.40132723480535937,0.3986574849730516,0.3590693186570107,0.1674621772536877,0.44536400590658964,0.39778715449052143,0.46668471427807307,0.738961654038437,0.439308730074258,0.3605385926792485,0.40200721965660696,0.24157984547299585,0.8789963900649165,0.48921061092711793,0.367013256653155,0.8639039007845887,0.34844559444375356,0.4414448679526662,0.3949643871058726,-0.10404225872231787,0.3750527693424883,0.3542042510475038,0.3886926870040847,0.4071626000124801,0.6494687160362087,0.22823549194172044,0.8822722067430088,0.0623798193415518,0.38760012713924075,0.3377750130658189,0.3335700705895904,0.23413274476594242,0.3377982110883527,0.3575972781465859,0.7409847293636427,0.46715756219444526,-0.006626532602622371,0.3308837003923115,0.45679608334220045,0.49828542659720987,0.3973244446034583,0.30821350774985656,0.46719582143948535,0.3702661648395723,0.29627749811630005,0.3195333066550264,0.8635020365080998,0.35027616167236864,0.8758895115611504,0.3719472983165297,0.18188228500507708,0.4034900342521131,0.3494717088729824,0.49144215599848323,0.5191563985994675,0.3612137852381209,0.7916762431282461,0.43893557458731114,0.4260720007086789,0.6600056958341142,0.374827064808142,0.47961887034146045,0.303077250271026,0.30725454732576507,0.40716571457314465,0.936724123942308,0.8017478479704214,0.39461353061421756,0.495057813591439,0.29896905449932915,0.496773731420401,0.39350851213173266,0.33951302240418063,-0.09478097490183296,0.2495537570613829,0.5444021070069832,0.6868067276177424,0.40049639332162845,0.26728213382821764,0.375718840360011,0.34320934627633143,0.520730282508768,0.14052701305387696,1.0,0.4479771924015503,0.6759687994229329,0.33849930236711334,0.1996225397516098,0.28630056746440946,0.6558443611260791,0.5099742057450176,0.4827846970477957,0.2860718200973314,0.23544027119600705,0.7289017015948018,0.7397762668320411,0.5142230955274059,0.3443004235493126,0.23873786856212634,0.3248453807989204,0.3431493063921713,0.4700026560218504,0.37742398665849236,0.40392091990722634,0.4168331700836449,0.4138229578603896,0.30539347650859094,0.32692629787181604,0.37505808359431797,0.4855964582455567,0.40774968267660355,0.32798553849959106,0.3447100446530046,0.35067449133004824,0.34214863780559474,0.3763109875303631,0.361969404239231,0.6503003159226561,0.28593781901068993,0.4106723603707143,0.3906284902124279,0.43632649242731847,0.3891273739706379,0.2289280171894013,0.37568516862063883,0.7674927442097901,0.3872692478440716,0.5422842920419462,0.39892189951083096,0.34009554134645753,0.3902966169451191,0.4170969797016588,0.698314380430365,0.8259474204057548,0.41373500339545105,0.8732150282856942,0.684636345327133,0.33655623113361266,0.5159528551244061
UCSF-PDGM-0420,0.9961586134685348,0.9299530134371196,0.7774998357375688,0.979028159104394,0.9267204373431971,0.9546705150901917,0.9690098969910468,0.7523279166879745,0.05260658820164114,0.9590739812662165,0.5256233665408286,0.5801956075093694,0.749564907161949,0.018096548536546346,0.8529903797834678,0.8198269582848263,0.6268019840358636,0.581665975089067,0.9499131892896355,0.9930440391725821,0.6597676856771497,0.5024939358880233,0.6678440755097774,0.6069169396354407,0.989151242672782,0.9964599848764054,0.9965394911676978,0.6641072571975144,0.9256682365366511,0.3883454233698335,0.5135513847135422,0.7854586438962303,0.6649111564181003,0.9516143498580464,0.9892092647240162,0.9440886406649204,0.9959043302522003,0.9431917543122047,0.9789296138735043,0.9698386119176093,0.9662409800895257,0.9615606060008745,0.9300207653936139,0.9898233795165058,0.4885617393187601,0.9688071621987014,0.9804718722720157,0.22357955967388635,0.9901357482779037,0.8839954935958493,0.9925788979060354,0.6146056788307068,0.8834279497493986,0.6355118074230353,0.9093118249498089,0.7203049111824467,0.6130292096738345,0.9925070962572647,0.9837017370891612,0.44751880019771045,0.6688853905575524,0.8677595585766205,0.9589629123714393,0.22242948113529729,0.5521251732156561,0.8939000610787775,0.44710424962555156,0.9766505003254226,0.6698108035780109,0.8363481182819719,0.4778654654342761,-0.17833703108763907,0.9673254476387338,0.97127164302677,0.6677691201973951,0.461984923989345,0.9676846581082577,0.9765150298326283,0.6361456888117186,0.9910233577761919,0.24480827164085026,0.9709136067098977,0.9628199735849481,0.9007660468414016,0.7992449816827274,0.6039446071747704,0.9290842447191509,0.7908689566207285,0.48399748117274194,0.9598847638954925,0.5833913451410411,0.9708324036458494,0.613629677663814,0.8988225191952895,0.46507411869508225,0.8526180213364134,0.9747325152619017,0.8745266747447934,0.8912309554682492,0.9019434165063567,0.6029650578080509,0.9841725468728582,0.9724914233610276,0.667007543245427,0.1682783652569404,0.9896074259299048,0.6250539001934469,0.9402657968862207,0.8868701700641118,0.5312631856871767,0.618996606632396,0.9900831487388293,0.9914571840219063,0.5812419524518417,0.8552080207935833,0.6064590919078469,0.9745894202095926,0.23757205112516558,0.13518774789432553,-0.11007859371713437,0.5056769112729375,0.9369166735947108,0.8985936568886369,0.8479956376006645,0.573276987710046,0.925297687196404,0.382751973000947,0.4479771924015503,1.0,0.639575356506807,0.6704834741336804,0.19684752088099647,0.5727677430432083,0.633676741353577,0.9877489031265153,0.5973615976622486,0.27739443205703995,0.266356547794651,0.6217984630379002,0.6066640764491493,0.9630013872094371,0.9745609586562302,0.8604264362265714,0.9447124109049275,0.9741840712621246,0.967032010117918,0.9866852781794885,0.9764607948373829,0.9466920756568767,0.9830335046981741,0.9387559784726917,0.9682546311043021,0.9680082324387107,0.9433505382058688,0.9688732805263186,0.9625821498304952,0.974669586715556,0.9780822474217898,0.9737770417363237,0.9167556759441386,0.9744468524453146,0.6714682322571373,0.9076583451391986,0.9858805211107263,0.9901057519029968,0.6054310304261651,0.9606961024044678,0.8052252560882638,0.965407432033419,0.6476420850419581,0.8752109825524017,0.9515707920812656,0.9656696604675642,0.9740933817433158,0.8966372124273727,0.9944907286500844,0.5907377067669228,0.5071268754129343,0.6748962487795582,0.4244116382415852,0.6514930076565084,0.9714209685664243,0.2043543573577491
UCSF-PDGM-0421,0.6569810945900587,0.6212187070382329,0.3156120219410258,0.642604658041902,0.5086847678420922,0.6218534282528333,0.5495896355785939,0.25432021792982584,0.10393385480812262,0.5184904200306202,0.5469558949102119,0.5684089150876613,0.22467226438439558,-0.045600717822981716,0.36721924507170334,0.4310018092306026,0.6195410528409618,0.9275193886099142,0.5645759622913846,0.6559537587689303,0.9960186892677656,0.9276910674362246,0.1469238106395961,0.9743037811991956,0.66250254948482,0.6470520915985373,0.6615159162027404,0.9818045263168333,0.4685721653566443,0.41926620488155947,0.5353782027290432,0.34081246018845635,0.9874103462559926,0.5266694952795463,0.5862482586507359,0.585316605772181,0.6513772996503141,0.5056298236351644,0.6103625903486579,0.5760746355051565,0.5749347018999096,0.593805841863321,0.49100910811737236,0.6483834514133902,0.39950397766269474,0.6128010272429911,0.6264135496693144,0.21782811400629848,0.6125877927981305,0.5057307578911204,0.591186937846747,0.9825669284499822,0.4280637536253185,0.6257413750237809,0.48131510448639864,0.22655708734191826,0.9422000593889671,0.6007957012849429,0.6756863338787328,0.8393672565163751,0.6929368639248037,0.4821955843524909,0.5559858384640411,0.32759525828962077,0.5033577959644758,0.4413045549157048,0.38188068982238615,0.5752110479811041,0.9817633503649696,0.5666560151708002,0.8402012524326766,-0.25466349684836675,0.6273474791871353,0.6897463981514849,0.6858525922660405,-0.05139894250702406,0.6681723850204409,0.6653485291599056,0.9882273630779062,0.5874420576189339,0.3151067270030851,0.6843201911534639,0.5313472682148436,0.44696913994582405,0.23588022121428565,0.6003393089163438,0.4983180593770744,0.29695143021489134,0.4547871210479332,0.6742054897785947,0.928047060419273,0.6411228675068218,0.928555730667345,0.5353953146536876,-0.014493403056193161,0.3954126415957323,0.6941391358144147,0.36839776465763147,0.4145551791433536,0.48370504010196225,0.96948902767462,0.5746571343700828,0.5643108830697071,0.9844181970055744,0.05701861083787815,0.5861802930610572,0.6516659564342423,0.6107382683187442,0.4643827286265694,0.8079494891311164,0.9734837057236245,0.654758318106827,0.5936931744881258,0.5750633986738001,0.37336525184891767,0.5774362154053323,0.6822370471887367,0.32053474114485225,0.059024664647591665,0.421516497542004,0.9480577690099538,0.5699047615497106,0.5780400188489554,0.32620187561431757,0.5342676564260739,0.4578062730249106,0.3908867783079245,0.6759687994229329,0.639575356506807,1.0,0.6871263822913697,0.08166052371676209,0.04232828516334559,0.9579988148174194,0.5828995264663808,0.518279263662142,0.26608511621900366,0.2725990697240492,0.984099467097595,0.9767277320210298,0.5269219220081771,0.6937712347097481,0.5848209816652088,0.6652710936851218,0.6931834556367734,0.5519610679411728,0.6495014246618097,0.5704122070156223,0.6120416603219689,0.6403716226063062,0.6592747053665394,0.6829989767496053,0.64713351266132,0.5050806561590027,0.5805782824612562,0.681451632425829,0.693965076662376,0.6838260839388366,0.6926247779718722,0.5610343072596343,0.6559749243510312,0.9808920139088878,0.6344826244919353,0.6453785204738639,0.6754886184569995,0.5392590838973069,0.6202112953843568,0.36156697448715935,0.6339380311178751,0.9796455254648022,0.4616896692106152,0.5155125722193917,0.6186669048106819,0.6855917642044441,0.4571770400073733,0.629160615214968,0.9567668511039423,0.8445478490705417,0.6591986176744223,0.7883035415879222,0.9952334521980514,0.6865135454507905,0.7357226839805506
UCSF-PDGM-0422,0.6883023284733194,0.6436506698896558,0.30176094172595225,0.6759104369887122,0.5028554579784931,0.6629592176769709,0.5847031783613669,0.2430184105100278,0.6024303432859187,0.5728350457510578,0.95834092037338,0.9554132908990889,0.3097279026443814,0.4279327868772973,0.4061480447523299,0.39999300977547453,0.9459292117989798,0.556712133118955,0.6003473957572123,0.6859319330218853,0.7010093370726641,0.5376058416658256,0.23672367774483744,0.622007071698252,0.6960221089284203,0.6817239718812671,0.6922936411475813,0.7197884184293971,0.506683562951067,0.871562677982851,0.9064353547357404,0.311562761584506,0.7216249830287164,0.5766373878027252,0.6305368947544383,0.6193618497598062,0.6845522140203225,0.5126679490675635,0.6418295523368313,0.6103685584728418,0.620749267543123,0.6295967098256833,0.5566226141918011,0.692430820887406,0.8272034270380698,0.6560560893934841,0.6779828890951809,0.7162897611291416,0.6488407778876036,0.5104809004671585,0.6309383774039282,0.6391370042272513,0.4811619562321537,0.9858388426204047,0.5217383657201073,0.30694794349439675,0.5961468951286769,0.6329047996917694,0.7159455019970745,0.4051145415407475,0.9949346349938895,0.44764840100390374,0.577269778524808,0.7407878409797904,0.8978112521380331,0.4798675708951617,0.8276483628237115,0.6134345747221526,0.7263166286621743,0.5972132320457357,0.42631059853489384,0.22925087302754948,0.6694303496827432,0.727662169904592,0.9973955107470903,-0.033194429513870694,0.6997957126096913,0.6975929161909161,0.6634962694684176,0.6262760775162489,0.7519369365031545,0.7263799088008742,0.5688546035519728,0.45673649257963933,0.29411169720312136,0.9727888392489479,0.5457582859573221,0.29063921982858104,0.8816809415764892,0.704995738263253,0.5611348718237302,0.6969103640987688,0.5953323626021797,0.5475863966418606,-0.018081339232994827,0.4346824600938242,0.7210884418107811,0.4301487560236292,0.45498203235466483,0.5357016537168439,0.6131050064981934,0.6174488117284739,0.6024747976837518,0.7233549715967095,0.47335506768291735,0.6198728963980656,0.9751791193705516,0.6621760644902303,0.48181250889602545,0.47824024095464673,0.6288011064025391,0.6850050279415207,0.629336729085868,0.9678789740690399,0.4138478943421678,0.9610164373940026,0.7191150582669213,0.7479118608606072,0.5391083768030784,-0.11318685510474373,0.5471464259260347,0.5576234633347263,0.6299785569073859,0.32847413467275294,0.9376489250113501,0.5150906219114446,0.8451849127124725,0.33849930236711334,0.6704834741336804,0.6871263822913697,1.0,0.5149896481921274,0.05203742633576157,0.6922349984534603,0.6167226402091815,0.9055094683424053,0.7105126627110245,0.7234677622118322,0.6465649545909166,0.6271105824605345,0.5621549338120871,0.7316388170602862,0.6158387048153985,0.6715773442842816,0.7310697984898785,0.6009285821223594,0.6837294487221993,0.6143584147783355,0.6040473284077491,0.6781859264130021,0.696849221771565,0.724903628444172,0.687789526662569,0.5203019590529196,0.616233557844085,0.7192502696537943,0.731824697400647,0.7207680956298433,0.7305234236718724,0.6021433058760749,0.6990962180821093,0.7296781568041543,0.6715703477699639,0.6872933936258201,0.7053078898145325,0.9259668558622777,0.6611867546474482,0.43719987037702956,0.6753873686055073,0.6744084399609307,0.5119989877917923,0.5542932090925426,0.6300271645006384,0.7159679232624433,0.49741289017913115,0.6609116974253391,0.6246437122760847,0.5087307166575045,0.7037601433977791,0.39743658815602223,0.6987050892965629,0.7174047460761396,0.24138865839743082
UCSF-PDGM-0424,0.1833953269215059,0.08796109524748126,0.034911063827825585,0.16055843844854267,0.11374277344674893,0.17175771922132782,0.2596396003580583,0.1551899764449327,0.5603416756406039,0.2787712616352585,0.5625858642331857,0.6889525112585722,0.4838619836788134,0.5307569777382406,0.3392247872657062,0.07393388382864682,0.5158467262003152,0.1127615360255393,0.1727498311108278,0.15740187421275031,0.12478411863915359,0.11124529319319847,0.46832077474603423,0.1017474013885771,0.1643345145513572,0.19028311747342166,0.17105014882385303,0.13500070260005426,0.2805991945134955,0.5001217650351659,0.6619160286265751,0.10681374016494553,0.1561721085511626,0.31034753077092986,0.24243583765567717,0.16770446326047866,0.18741315269404774,0.17306805501772504,0.17259772256653996,0.19286224065255012,0.23053936465112465,0.1909074867437594,0.34417931247632055,0.19568713301526275,0.8424919404890506,0.20156391977626167,0.23678236284863538,0.6215593991362982,0.18984714998347682,0.07301491748403488,0.23890193516468775,0.08333988979149935,0.3853000389453308,0.6228291912185953,0.2767412198297121,0.3796365964564381,0.17678108859357272,0.21014219165045464,0.17265330242768814,0.009707681614899452,0.48101741313262575,0.05576733801630666,0.1847863053159702,0.33781476864480486,0.7057226975268703,0.21785135189649107,0.6229977371655514,0.28428292080758255,0.14518733194777791,0.030596015409410374,0.13543058286700402,0.6841592653119678,0.1795721672374623,0.1471799635576762,0.49852169797946433,0.3038533008866532,0.12648002924735052,0.13729352360350688,0.10688516364002372,0.23163642864200398,0.36513215887029843,0.16372708642499645,0.2776886028642041,0.19587003247087031,0.2834239002974088,0.6381249595808424,0.3002534968421379,0.23323755897280188,0.754896267095851,0.1164697780466532,0.16523288414376483,0.21138375516171687,0.22533696245203835,0.10822026519690059,0.3155261857387212,0.3722072173869781,0.12939263193239123,0.39161103835656874,0.3195877172623156,0.332105864858555,0.11796742351141562,0.24444365508417673,0.2481850113713378,0.16050688589941647,0.7961039491142893,0.24390627140831814,0.4760221311431291,0.1866301428791668,0.20807325323775433,0.16362532179586803,0.1347533126842374,0.16561891008931376,0.22320155519717702,0.6469510188356223,0.3811525871869619,0.6396160385478988,0.15078080932191026,0.3662197369156437,0.8031496879656529,-0.017712530280418356,-0.06269079746209583,0.08027511791492638,0.16045834496491454,-0.023818108918734177,0.7499440830854978,0.2949018031313658,0.6995164539870389,0.1996225397516098,0.19684752088099647,0.08166052371676209,0.5149896481921274,1.0,0.3134385970565263,0.17124745526970722,0.23040020087695806,0.7317681609054064,0.4906864123293873,0.47580365784388023,0.10128315544973153,0.0955407787496055,0.27736032060792765,0.15498220317558295,0.03712332103371786,0.06278641253231743,0.15354067684974995,0.3117055423613531,0.17117879516079798,0.24984265288401017,0.06680631533495544,0.16662984974422643,0.11313797175511349,0.15654912925864123,0.15828577675337585,0.17751497211990055,0.23065388082289273,0.13667823963058806,0.15550333254635565,0.1619924173354841,0.1523129993468712,0.18442742909343446,0.1664498873980672,0.169461991594401,0.10040830565266294,0.1860202357809301,0.15569983714329766,0.7401732463621333,0.1705165825512002,0.433893920547622,0.17240846421578307,0.1808594680471111,0.2769297894859018,0.28685796479738884,0.10376028011018378,0.14021503806591132,0.3367381320918737,0.22630447692000277,0.07345128215811002,0.3198385318747785,0.19307021722136758,0.21068529722448426,0.14212048942299732,0.1359807028256639,-0.33496803566621125
UCSF-PDGM-0426,0.5452823089413967,0.5310218571609199,0.8123431815960154,0.5558572126647247,0.7257147804834448,0.5323888228998808,0.6763895304026126,0.9091888177867471,-0.06971517863178162,0.7064705084181065,-0.045084479600458104,0.11023236353484725,0.8284159786546678,-0.045402652832595126,0.7450354149559469,0.7844329025255851,0.1041653943914905,0.18177652915433895,0.6453350940533673,0.5444324741814003,0.08395614542304687,0.14236645631139053,0.8137964276851785,0.12472862704167456,0.5307542862876306,0.5620820871207708,0.5333269704283246,0.05913583108216895,0.6924744204994012,-0.12801999445883774,0.08879991708421534,0.789721476579614,0.05833663887059987,0.6588535681071243,0.6377675096361289,0.600260444254081,0.5552763227303668,0.7434608469778459,0.5974736652655801,0.6414116677365248,0.6375424028836979,0.6126498589749949,0.7158403808305509,0.5261751125575456,0.20750304303953868,0.5623049183634242,0.55934110936296,0.026756929476055572,0.6016457848585318,0.6915115521903327,0.6317915479392193,0.11886533881982211,0.7104276595139437,0.09756738714942552,0.7113177703813923,0.8262557602082617,0.18345692118232174,0.6153513501492579,0.4828588167127255,0.20215308769793536,0.06182124566196905,0.7417485707585654,0.7016055232969566,-0.23528994548791046,0.20520874314512058,0.7801969130836165,0.010109197235382776,0.6576988624213029,0.05388514346865276,0.34848815449502224,0.2488983924729985,0.13823221228775961,0.5370241371653756,0.4461747441647843,0.054047116975347115,0.9334623860783546,0.4991393570682804,0.5129413289507805,0.1136187345424903,0.6396770912571436,-0.18923623082177543,0.45085752781803934,0.695521371212227,0.7684293000838186,0.8245164125138736,0.09647928111443088,0.6675530571182561,0.9279957523577758,0.19238476623429057,0.4803919155335315,0.20658236113456646,0.5041528695549167,0.1922544786345992,0.6444965783699937,0.9222512119210059,0.7564332946530581,0.46174881319325317,0.7760670052507754,0.7485701219451711,0.6824712664508467,0.13652028682456085,0.6579776695648558,0.6662981194865533,0.05734695917986184,0.39274975533025797,0.6401196871788203,0.05932069288750732,0.5309997245457132,0.7349991338761629,0.1276224886474637,0.1502864837264513,0.5498058075879099,0.6195732795261144,0.05057578829288905,0.7607792859659391,0.13028121834540163,0.4700560181624207,-0.2745301663358377,0.2550522195805713,-0.06939357150611675,-0.0312109299309055,0.6712721504350997,0.5262010531841267,0.6799128305805372,0.15899644166702576,0.7041680270040155,0.09737469457519109,0.28630056746440946,0.5727677430432083,0.04232828516334559,0.05203742633576157,0.3134385970565263,1.0,0.07739731970808034,0.6295033129688652,0.17700911674145448,0.0380323593901959,-0.0005407433086879276,0.11356612239986597,0.12561923148169704,0.6850783856825465,0.440855783833683,0.3703660206104674,0.4974070293242764,0.4419772564808502,0.6349887318348078,0.5535080688929357,0.6630020261023176,0.6172498983448782,0.5424484141804976,0.4487540226482658,0.4507002021935011,0.5067082046006859,0.7477862318291035,0.6383856519379875,0.4507721555127086,0.4404337552933186,0.4675501910161914,0.4428806356671851,0.5712360041688097,0.5025239633392314,0.04743077018110244,0.4496444441516858,0.5273811175505887,0.5088058504806307,0.17536027312507219,0.539697069040765,0.7363403101365096,0.5261561576366434,0.11889516907028193,0.662369518226134,0.6598221769302983,0.6011349191663803,0.4742401515104339,0.7329677938704996,0.5941721506807358,0.10238940827904165,0.21733848563519245,0.08692302514952474,0.10806612682948319,0.07775974231856007,0.46894692138584615,-0.23702409344621292
UCSF-PDGM-0427,0.6518748521917984,0.6602269630200062,0.3221754425594214,0.6679218180951478,0.49134436487584254,0.6719284920404871,0.5708110814568423,0.25731467115818213,0.1387401356804747,0.5685176066774413,0.5759032091881008,0.6228398293186712,0.318951190742935,-0.03274980812453448,0.3892566778870645,0.40574158518933773,0.6781099581042596,0.8741360721671875,0.6189817784989042,0.6634588735390312,0.973624852093559,0.9285692411051042,0.2615276243222472,0.9075980241378895,0.669795917448575,0.6518366153499132,0.6545219301741463,0.9912568648442835,0.4827697325889226,0.42823184935305153,0.5591214823277623,0.2826392461054905,0.9849278762334233,0.5655045520619254,0.6118391024328755,0.637444503002144,0.6521259290229742,0.49842449541972866,0.638863925379632,0.6143340645277519,0.6274301953403588,0.6374212283558544,0.5491581281543181,0.6737019231326258,0.47227361485204167,0.6577890284888519,0.6630317734791807,0.19788608978059047,0.6370856583559914,0.5444039332435314,0.6079051567163122,0.9401874312729388,0.46803622537363504,0.6557521938811159,0.5393013851424772,0.36435166087313836,0.9174048294123552,0.6066545147619646,0.6844051358705381,0.7775132829414388,0.6806453304824547,0.4094060552165811,0.5783324948861902,0.31992356458405463,0.5809634954418573,0.513927301107146,0.4256005584099248,0.5833116527054508,0.9900916149661202,0.5616758822394782,0.7654858658885096,-0.22752205508519696,0.6720436143995515,0.7034292945763613,0.7015940144735103,-0.009379398846339999,0.6884368099697935,0.6829855390332873,0.9623473667172725,0.6075791441208213,0.3326396868006042,0.6984978538977668,0.5565919051660478,0.45897760014401706,0.30444253574120367,0.653471223519153,0.5453985075257466,0.2792582687179266,0.5392043110607941,0.6933011371012902,0.9026907443283645,0.6762295187188365,0.9247682145648405,0.5766449762129219,-0.021158297501814295,0.42618713225314303,0.6825901523960145,0.4160504547227558,0.45184281117959313,0.5423126748762487,0.916969386958368,0.6081016170716498,0.5966301205124253,0.9864034690474208,0.11615485623396826,0.5895948574462642,0.6827300106085108,0.6760959790586992,0.5011008787032394,0.8082893975470401,0.9507345693940586,0.6641823629746024,0.6025169453966865,0.6146966418504309,0.3894981802927596,0.6151211648882912,0.6923261714495116,0.33009576605752544,0.07744565811712954,0.4632202503117618,0.9281144194257954,0.537950293363825,0.6626644957400434,0.32254162737689795,0.6002107265886227,0.5084103858315578,0.46844539806319374,0.6558443611260791,0.633676741353577,0.9579988148174194,0.6922349984534603,0.17124745526970722,0.07739731970808034,1.0,0.5852458700486222,0.5629005030059652,0.24189498394735878,0.2424603629157881,0.9220448343057331,0.9122647831932875,0.5362427257211371,0.6982082607129392,0.5863841503755607,0.6282012784986866,0.6993764853161506,0.5708304717329389,0.6668316734218468,0.6107247541887978,0.5692721687745722,0.6707451049031424,0.7017162078044253,0.7021851025987852,0.6872969786617354,0.5221695926448413,0.610258398081054,0.7066976394441856,0.6977615717341503,0.6838245295719017,0.7002955079531156,0.6293708111029882,0.6909949667767439,0.976395232030591,0.6936719410560586,0.6740276222835537,0.6691818511817099,0.583831673714585,0.6689219407373576,0.45714013458782415,0.6779331840973193,0.9750968389479343,0.5453131123957453,0.5201906351466346,0.6244865759065812,0.6805609578140015,0.4933998769078053,0.6236586586590364,0.9635326614103022,0.8995496791690575,0.6699405512339611,0.8248261678637194,0.9649636097043726,0.6835127163572221,0.6522249992470597
UCSF-PDGM-0428,0.9721262191703859,0.9008018421792273,0.7758665991535005,0.9522846384526761,0.9486635929056745,0.9361103426377119,0.9832438488457831,0.801313714288134,0.010685602236691238,0.9631569577659833,0.47537436399759114,0.5441706091991981,0.7963772423026519,0.06373473634748934,0.9200219615731728,0.8233657105612833,0.595091588887597,0.5735569392360998,0.940964519812272,0.9711144331783736,0.609574968450873,0.4617059134099222,0.7224870269803727,0.567965328930558,0.95789875400213,0.9743918678773259,0.9737437134933418,0.6105946838988882,0.9722013318016953,0.34905341226289865,0.46128994809128415,0.839511492686137,0.6097627383041105,0.9713243638656516,0.9862599784446597,0.9313738559098808,0.9719688986408405,0.9661724480052919,0.9728178953755179,0.9714650317052903,0.9589336803784627,0.9486385867981904,0.9231367920711976,0.9711073903792273,0.5027373708394244,0.9584600774716475,0.9568232042823773,0.21549336259744378,0.9839598394998326,0.8821496421057065,0.9955916837269424,0.5712463200443273,0.9214390349211735,0.5980879520866783,0.9269740235134531,0.7467094660170522,0.6040341272513033,0.9976637335077851,0.9476883542003675,0.4474939372803885,0.6122112314747047,0.8674557821641505,0.9530459795195692,0.14315708844891634,0.5436494757017735,0.9004431371834237,0.46138341046080134,0.9728175247926006,0.6162420763037382,0.7879877907541475,0.48321674839574663,-0.12314707723640568,0.9510757044350916,0.9280428680355685,0.6140020733927388,0.5222393578385682,0.926889943094364,0.9403128032925575,0.5942374736679856,0.9945986710567085,0.19229001608957433,0.9265251375554965,0.9795133502879202,0.9373364545668977,0.8527025705638872,0.5617253198202423,0.9582788292709127,0.8179415527744802,0.46412487056973606,0.9137390956587204,0.5756815175797878,0.9383414781490002,0.6101232395246216,0.8942503567819758,0.5133541396889968,0.888567294133792,0.9287749714654535,0.9254132110514655,0.9434961225302908,0.9134972812456611,0.5710589707190628,0.9855455359475266,0.9757710993320303,0.6131054789483829,0.22634513079287463,0.9966850518772039,0.5716714957930188,0.9102165304345387,0.9061191694541872,0.5613603863098109,0.5899298785003836,0.965012461380351,0.9989877361207754,0.5436858938294495,0.9108846686853648,0.5850787218156119,0.9313614771258438,0.16559492399454026,0.17039722521617373,-0.09052105205358853,0.4607165888511219,0.924298913648753,0.8657945293097694,0.8795158653254952,0.5538304938059097,0.9619501808876207,0.34399998329012693,0.5099742057450176,0.9877489031265153,0.5828995264663808,0.6167226402091815,0.23040020087695806,0.6295033129688652,0.5852458700486222,1.0,0.6057218572034192,0.2829841517515507,0.26104299459792424,0.5757268210982768,0.5628629565156176,0.9898333558938982,0.9309221124579888,0.8117933416921791,0.892609295120396,0.9306119777181481,0.9825164495251123,0.9588671778110595,0.9727191896435826,0.9203969195576222,0.9663356835850393,0.8974099146994531,0.9236944135049743,0.9439637150151254,0.9626845410724225,0.9657264821317356,0.920071705758774,0.9310076868700846,0.9358938659850108,0.9302651574089729,0.9146202409968653,0.9443668865192651,0.6158989911498098,0.8682103454932996,0.9690291962485941,0.9572145209398244,0.6014235436965358,0.9461694898198009,0.814130877355053,0.9452316153742361,0.6125104612082597,0.8974194715142794,0.985962774078283,0.9470106607047706,0.9281071153254015,0.9171723642072249,0.9798123229304551,0.5491298611873959,0.5054564718673741,0.6407014213640778,0.4449989670203512,0.5973005372487369,0.9241691020311584,0.16266738213844706
UCSF-PDGM-0430,0.5869146228389953,0.506299445438486,0.2277017115226034,0.5601505727628119,0.4893776963340604,0.563927887545153,0.5742074891093224,0.3127769710312583,0.572108864304853,0.5586355290170335,0.8898992411116068,0.9342957303037848,0.44456325525375645,0.6272082043344972,0.5396126761057616,0.3349373327874107,0.8933535863115879,0.5040138053433002,0.5265494741980232,0.5831216475741109,0.5535668884241353,0.4242525918302387,0.3957432233580102,0.4921398594489799,0.5765429995693888,0.5866069748509716,0.59469653280791,0.566647564839974,0.5858902688312633,0.8230230336535305,0.8464961565309943,0.38613377717032216,0.5725248246461617,0.5886139762785495,0.5886118871913729,0.5307471757158088,0.5838383398813556,0.5108954341229135,0.5722520767314847,0.5624631298491165,0.5593601951708087,0.5454001425460153,0.5287964819151354,0.6049682423381899,0.9609597690540614,0.5812856388527571,0.5861100824185298,0.7691742596904172,0.5873163680885944,0.43661452562643804,0.5992689857261365,0.49634185850061063,0.5477710577611233,0.9498589408178914,0.5182138918751669,0.3736525363960925,0.5574151997474571,0.599683991854265,0.5902983578954588,0.3584651337317064,0.8890914925251668,0.3828525030088685,0.5076958789861196,0.5858439733429889,0.9361666263155325,0.45474718901460676,0.9352805966969427,0.5682615999499167,0.5762067708410411,0.4328915929352424,0.41170872189390856,0.47349418908616114,0.5787463516755963,0.5781006020723137,0.898276529511514,0.12173293123405876,0.5507635403736698,0.5609404705368944,0.5278096127745902,0.5943240195207082,0.6535498073413598,0.5802592362907772,0.5659660191965639,0.485471427747717,0.4129151017456152,0.9292311341510584,0.5753925955316924,0.3179699728154446,0.9120374150677764,0.5429206739875547,0.5159232751977973,0.592287941364171,0.5771739831942606,0.46354123194704167,0.09079557997913681,0.4891676074872827,0.5648722665160361,0.5477107684432799,0.5453553670532224,0.5288040167103186,0.5064723085946586,0.5814335921283592,0.56488319915693,0.5789121839553687,0.7124080056907783,0.5951878554946283,0.8697797768369875,0.5454000917707776,0.4663006566995279,0.5489935863411204,0.5319405885288596,0.5744301045796059,0.6059367912638587,0.9383883524999995,0.5244766141334971,0.9625591369191776,0.5722225281218277,0.620566294993844,0.7273434961566032,-0.055805391086135775,0.3870084960545363,0.4531774275734486,0.5053945449450837,0.3341379121653869,0.9616353946149325,0.5865242150258709,0.8258230422477766,0.4827846970477957,0.5973615976622486,0.518279263662142,0.9055094683424053,0.7317681609054064,0.17700911674145448,0.5629005030059652,0.6057218572034192,1.0,0.7673203201896637,0.7522687093763138,0.49896713681710186,0.48400421815804856,0.5878956716674273,0.5846149086731479,0.4483247709376579,0.49480590951991854,0.5835269118327785,0.6088575950845111,0.5696930468959743,0.5651310466937829,0.4821610205622239,0.5881482582384086,0.5409373873709716,0.5762765316762709,0.5780187807960043,0.5115031426379147,0.5600282368647218,0.5671985303580185,0.5849944037807252,0.5803506825462806,0.582557234405205,0.5383811225569621,0.5807357311929059,0.585856426442027,0.5162375409823664,0.5998413121134337,0.5818073552311167,0.9902574272694499,0.5724514302631011,0.45005190824910657,0.5746898549503374,0.5772579603253453,0.5190088302879649,0.6034411054245518,0.5179447309367886,0.5620867601785617,0.5101858982026699,0.5834253259431297,0.4823222603567067,0.5322001920989466,0.6136208934830782,0.46457684088809614,0.5462148124133692,0.5609803936122797,0.06235507611124801
UCSF-PDGM-0431,0.27094841049918306,0.29410559562042354,0.1818950521898711,0.2706859012675308,0.3231816573155087,0.2737988388605663,0.2618685672414736,0.22346215912232342,0.7902929718743095,0.20456026206380543,0.7816434600790052,0.708934309831517,0.022585156334977857,0.8084255896880899,0.22046566275728063,0.27147685228438345,0.7626118264779493,0.306256633737076,0.2663802909608773,0.28832794402851675,0.27607709558389004,0.20539245186352403,-0.00520224726556693,0.273822612664073,0.2670546745622689,0.26486342694908604,0.2808754946722014,0.26871891327710196,0.26100834901555997,0.8717929056387308,0.6434568248471306,0.29077715011054583,0.2505448961819505,0.23318323627400747,0.24479227611163584,0.2700331228665122,0.26206609033710127,0.29960401680611576,0.2934809530876949,0.28595184025837095,0.24491498082405253,0.2637737757202379,0.13220951649843052,0.2710200906443142,0.7044993872223393,0.2720927980061486,0.22971815102798182,0.9603795565846974,0.28283308206276614,0.30150941288417893,0.2657044677924023,0.2888712196230735,0.17830658666400678,0.7383204091344497,0.22997689810161698,0.04632645681089569,0.2890255379878673,0.28732563628406943,0.256834528447794,0.2993331661787374,0.7305947065080152,0.28870382983745957,0.2632206672851124,0.7308805252741499,0.7948919258461705,0.2059460513360454,0.8531120763341208,0.2221029854297951,0.2648658718153201,0.12270220958215336,0.2629989761120568,0.733681587010699,0.2773539033242713,0.2639111166913461,0.7196132704987378,-0.016118681692977394,0.27065041804417267,0.27291723966537085,0.28903380699642534,0.2702155621998973,0.83893519707142,0.24864009827964567,0.24270115453490781,0.28698305660543755,0.12062507507295332,0.7182276834108529,0.24304597456737706,0.16054916794398616,0.7565786670916098,0.2673838755105908,0.29107888205203025,0.22562292892064825,0.2753824844987237,0.2943260182214992,-0.016782357794344026,0.16543727594161173,0.2680524933897667,0.16016919843523253,0.23333248611598884,0.18953001019983154,0.2741209555433626,0.2551210044900054,0.25184120262088405,0.251556332284825,0.7575330933277946,0.269135517502597,0.7573997986153935,0.23174411269018938,0.2590726744943906,0.27921096008906227,0.2882920804317244,0.27889275244991507,0.28345844222154803,0.7382881012384834,0.1841243076063923,0.8178573277650208,0.25673097065819495,0.7024129351499863,0.842140590963619,-0.0859086557432621,0.25922397503679506,0.29783749045629854,0.21851998560868,0.23361652185589646,0.7385676943315653,0.2309195131659517,0.7647351434563605,0.2860718200973314,0.27739443205703995,0.26608511621900366,0.7105126627110245,0.4906864123293873,0.0380323593901959,0.24189498394735878,0.2829841517515507,0.7673203201896637,1.0,0.9959865108153133,0.26950102149651806,0.26831177341161194,0.2620892188893776,0.25948506327801696,0.14233229931338118,0.2697497315788749,0.2603910134175188,0.2367772768734686,0.26677252185212885,0.2394574098703292,0.29835432606943824,0.2900440857804122,0.264522806587137,0.2519286962018255,0.2807364601763241,0.2924930485706992,0.26019518595996155,0.2682400297507041,0.25914699744903974,0.2519765602255699,0.2611296870342591,0.26987640849013217,0.2661546464543115,0.2436773059908102,0.26754940146645756,0.27889284200149445,0.274188584880601,0.7547760686100735,0.2819637584005915,0.05864290801201096,0.27603295748595774,0.26257580727077706,0.22471875023209492,0.25989142588937425,0.30334827804802306,0.2562865505269011,0.18903180986638143,0.2549917266144316,0.2860616028543332,0.16390913832250426,0.268632609270561,0.16939713336284246,0.25006336030206083,0.25773849147234573,0.16729719036180224
UCSF-PDGM-0431_FU001d,0.2642507895917492,0.2904384545050119,0.16724912537585435,0.2662066888893282,0.2946953667709068,0.2672269300218329,0.23902406309980023,0.18049637203683339,0.8214017052503946,0.1880087122269783,0.8046350333932825,0.7197286317536828,-0.007725964633626897,0.8022356408140445,0.17796803193055433,0.24892135537215979,0.7647163362140412,0.28660594470990763,0.2527073753220446,0.28132381872248613,0.27742697885726647,0.2028861336436841,-0.034175874494443974,0.27057272691255857,0.26404036975877654,0.25786663954387073,0.273740984592139,0.2722922144452421,0.2262067626226136,0.8972752505976952,0.6662749828709208,0.24840348979976815,0.25501231507180966,0.20976953585475824,0.22982717116165496,0.26004699000986525,0.2566000244967568,0.26939264627400544,0.27978644677999426,0.2676519925917141,0.23258517046197916,0.25307612999074347,0.12272431958857495,0.2637238140332372,0.6949046083782461,0.2613796518429624,0.22516853222182556,0.9639987927937974,0.26889816566819424,0.2829894002811271,0.24767955730629174,0.2858216078896359,0.14829694765456342,0.7461863465052577,0.2058678211773272,0.026372273748670058,0.2690058428011626,0.26898846214961963,0.2569324576484673,0.274894387221374,0.7429383559598157,0.26606844387827683,0.24702138691478445,0.7837535012615116,0.7867218191120549,0.18559687037416578,0.846516134350061,0.2072543353864426,0.2685952550149518,0.12643136931677357,0.23507002588766288,0.7173850254455258,0.2693714145485016,0.26767574659327703,0.7320655131979109,-0.0609535421249181,0.2721004562891319,0.2723180197579551,0.2863385541368458,0.2517896581360567,0.8763220932564275,0.25280624424848297,0.22031160165806796,0.25191085949213826,0.08827086984723026,0.7298021294514356,0.21617283489591563,0.1286371928458439,0.759613508684448,0.27126028590851653,0.2690713665606433,0.22400627688054592,0.2522754277385541,0.2788522017276962,-0.054184241015333125,0.1357288334306452,0.27177329366783337,0.1237073523335748,0.19580529359765456,0.1694607446170896,0.2666998929992522,0.2375427495131868,0.2340362561524352,0.25518884764911853,0.7194325067630379,0.2495285550984065,0.7707374411709782,0.2318587336411814,0.23287443830929835,0.24558350935605994,0.27717959474029724,0.27311737528513397,0.2635533074116811,0.7523713580560659,0.14576154695893712,0.8160150036992512,0.2599536780820025,0.7514313103141362,0.8217009770758631,-0.09401778251366487,0.2645340948772587,0.28439437151834285,0.21991655071143712,0.21195569865739572,0.7396601611095421,0.19810527837771746,0.7858199431474825,0.23544027119600705,0.266356547794651,0.2725990697240492,0.7234677622118322,0.47580365784388023,-0.0005407433086879276,0.2424603629157881,0.26104299459792424,0.7522687093763138,0.9959865108153133,1.0,0.2710071959943777,0.26857111795837574,0.23425382110721327,0.26338531548457683,0.14607312726728117,0.2727735562043348,0.2642665145741638,0.21405991166352412,0.2622105394621125,0.22469780895190258,0.28991542597994757,0.28086868602079934,0.26771450071639297,0.25622114996627354,0.2761489794686707,0.26433196223482774,0.2442288197044378,0.27181645900958973,0.2630561608168465,0.2547955131557819,0.2649839947641544,0.25732721349658716,0.26399997724956337,0.2481857975979489,0.2704986534284463,0.27110110345046706,0.27176486016289414,0.7435827477575203,0.27330643277679595,0.04613352697992385,0.2698085223743551,0.25609086522951796,0.20139306310257388,0.23032149424431358,0.2941679622364387,0.2603503722103774,0.1644629861494029,0.24483102176561125,0.2829273898925652,0.14149031854891458,0.26113659670794814,0.14117357705271288,0.2547719210861775,0.26195146051380686,0.18268120130569743
UCSF-PDGM-0433,0.6307513360403895,0.5934233978929929,0.3350943123031524,0.6152637161721347,0.5354539003214437,0.5887064871208394,0.54443411760475,0.31150816009203375,0.07861554442262567,0.5076536657352311,0.4950039574110597,0.5411615583466621,0.2365423341778957,-0.037568625555983344,0.39473649590290266,0.47270525152886095,0.5808272090903553,0.9592590977440104,0.5456018452995508,0.6306438826395012,0.9806861519238464,0.9416227386993907,0.16314273540721436,0.9945592508439626,0.6325690322717936,0.6227495902727739,0.6354182831370973,0.9484896946786111,0.4819452125659857,0.3750485057185434,0.5281173021102217,0.40832248714179337,0.9571081805992699,0.515463057125708,0.5716228774137536,0.564591118340436,0.6286045322836135,0.5232495777769156,0.5922526910479623,0.5596992078660928,0.5522394602927572,0.5725456812982987,0.47501707018552713,0.6149521126140957,0.38884445510800175,0.5833951495789114,0.5908740809807304,0.21167959961415736,0.5938387290455583,0.5110523674558156,0.5773493065975288,0.9901029812710255,0.43116628909091304,0.593307547859002,0.4760177281100999,0.2219033704125278,0.9567846597884152,0.5912597163061688,0.637591488277941,0.8917924272337402,0.6574686747214176,0.5224261553965261,0.5521434168509564,0.2804792450569904,0.4794404366243951,0.4429811465593244,0.34732243351886094,0.5643506684888542,0.9459133809131164,0.5328792751188854,0.8985541797806188,-0.2240417177132813,0.594594907155723,0.6459561628881679,0.6426533031962796,0.01954180886838109,0.6321618390481091,0.6319563845635235,0.9877463272493918,0.5736999728734506,0.2690902749019955,0.6395980369434194,0.5319653012079354,0.4696553473521984,0.24225148043023806,0.5640671035814182,0.4923781003576764,0.3504706488003966,0.44536554016849206,0.6355400862696098,0.9487049129727508,0.5982461722829816,0.9339875268731247,0.5304578789276172,0.057496699869723646,0.4107639946673542,0.658179021453193,0.38166243179927045,0.4309117184865108,0.46904166290703003,0.9887852500323434,0.5586476937323526,0.5536221678921274,0.9512617854802004,0.1171167779233954,0.5783218570297937,0.6129505025137162,0.5712402532660877,0.4732980213454522,0.803651296171606,0.9790588837912892,0.6282796838829857,0.5822821932292593,0.5373434330465789,0.39694792139843255,0.5470280870374925,0.6423475961513376,0.2555067207894324,0.09289845067789983,0.414984845168562,0.9295236736195229,0.5849386832401289,0.5397476703321956,0.321712044982895,0.5089112680831959,0.45546839563667313,0.3658769210723615,0.7289017015948018,0.6217984630379002,0.984099467097595,0.6465649545909166,0.10128315544973153,0.11356612239986597,0.9220448343057331,0.5757268210982768,0.49896713681710186,0.26950102149651806,0.2710071959943777,1.0,0.9990286638419269,0.5295168121907463,0.6505279343205327,0.5498062958558761,0.6414789885553057,0.6498253674366387,0.5372072999318362,0.6209770118548661,0.5535279302703019,0.6169148929989263,0.6094014149862865,0.6146695987759346,0.6377335560509588,0.6103132003045586,0.5161739569892635,0.5630599778872457,0.637178865956315,0.6507649172043736,0.6454542380250522,0.6491740515850107,0.5375238573194935,0.6172578870558462,0.9447578464039755,0.5899335052732559,0.6133679819110154,0.6451179398104177,0.5118793619515014,0.5886187458276986,0.3468628962655888,0.5994228496612083,0.9671860954249385,0.45001809183966546,0.5201659280390587,0.6093707553049961,0.6502758708623194,0.45990418741338296,0.611848731689294,0.9467059991963849,0.8444711091151149,0.6185442242409319,0.7716245722009507,0.9840229332047595,0.6489388697461455,0.72433258678386
UCSF-PDGM-0433_FU007d,0.6141647386494031,0.5808406039558841,0.3380260695692372,0.600253171856668,0.5337683189576893,0.5725818756741259,0.5319164082784655,0.3211239286373931,0.0728712672307732,0.49653768003002857,0.4752220348565238,0.5253135775948953,0.23023856352485786,-0.03518592347930564,0.38898094754597157,0.47626570370223215,0.5644738261947365,0.9641647006571711,0.5345630902125009,0.6152909510307056,0.9733561171356587,0.9470808125661601,0.159986601472512,0.9952316276514538,0.6162696062803993,0.6069920438971992,0.6191260037034113,0.9375305636276564,0.4737683953970927,0.3595554092584991,0.5166904058799584,0.4166506913139032,0.9462024856723186,0.5008784137905024,0.5582993671780464,0.552092537597412,0.6129615566384339,0.5185323782268205,0.5790703785845397,0.547400642273537,0.5381197731347331,0.5590231218207958,0.46165918234605025,0.5973857397105549,0.37622524245571076,0.5672478423064318,0.5726569203970255,0.20660603128165428,0.5803066757146168,0.5083283592565179,0.5634534678910508,0.9894343170901273,0.4185059949406671,0.5758974352616747,0.4650511445617372,0.21677366188005087,0.9572081255161131,0.5782715130977567,0.6190817778409503,0.9059880126776799,0.6396366371959588,0.5248708274095603,0.5429257614454788,0.26768211841385187,0.465995602687127,0.43854498422257354,0.3331238125862123,0.5494603578669499,0.9339992876030576,0.5155806256490356,0.9103574737768474,-0.2148529325576495,0.5782002923099575,0.6265527531514998,0.6233832812239256,0.03503192559731947,0.6159013869145459,0.615923111470105,0.9846778939593315,0.5602357150380362,0.25728210823474723,0.6199133103973112,0.5205733369035748,0.4663378231802497,0.23845638986614215,0.546885508838971,0.47953533388915115,0.3557112639932276,0.4363960073082903,0.6188829553196558,0.9510890192543944,0.5796464103661908,0.9319692679063302,0.5232848137963749,0.06884633590130257,0.40111919548792346,0.640329813731453,0.3739359794776963,0.4234026405244417,0.45427263420699593,0.990201157358704,0.5450986818144066,0.5407007546423236,0.9398026906877333,0.12860202803943188,0.5647969893391052,0.5967317420828442,0.5546574344554768,0.4668105134580893,0.8017998603823128,0.978173184134203,0.6124684201663939,0.5688493645088561,0.5190439387427455,0.38883971954190755,0.5311198351484382,0.6240151821082099,0.23743088849016317,0.09692107836172859,0.4257699659026691,0.9273099101409116,0.5805620503287813,0.5256092117292913,0.31648043760839484,0.49295327101806613,0.4464240186236473,0.35479554030172883,0.7397762668320411,0.6066640764491493,0.9767277320210298,0.6271105824605345,0.0955407787496055,0.12561923148169704,0.9122647831932875,0.5628629565156176,0.48400421815804856,0.26831177341161194,0.26857111795837574,0.9990286638419269,1.0,0.5180548967349291,0.6307170289408534,0.5325142913379703,0.6285661965250929,0.6300867754767734,0.521026715965396,0.6051863541076345,0.5399021357772764,0.6103726581496536,0.5934504482939666,0.5968376858953567,0.6182942835083991,0.5933390002884243,0.510914742543947,0.5487416048067618,0.6183788633626239,0.6309282255763731,0.6268152895822139,0.6294981543315216,0.5241120266853443,0.5997341294692126,0.9320394744036821,0.5734014918760032,0.5963236387475929,0.6281871903422714,0.4946520682699299,0.5729301192002436,0.33265161376905494,0.5827498247114339,0.9610808406801611,0.43831722386610766,0.5087291268785524,0.5994337737943607,0.6327750853114061,0.44830921223784675,0.5959910072982741,0.9439650445324319,0.8448431793180975,0.5990847957599288,0.7697347864016085,0.9769283469987825,0.6312074473007449,0.7285213322153079
UCSF-PDGM-0435,0.9424406245148292,0.8746493459443995,0.779892059052314,0.9242144081857164,0.9444431946492624,0.9187294970329675,0.991750779736477,0.8270351564122727,-0.010243426550948157,0.949061931169988,0.42153162737746547,0.5058739633632217,0.8322185919285713,0.047646953649661386,0.9593668658872954,0.8319060999268841,0.5635438593092557,0.5438621559910888,0.9279004974028597,0.9398979430481481,0.5574507764726874,0.4121400707952154,0.7538728892391653,0.5260900750033669,0.9211119403849536,0.9443150303693789,0.9387946581971153,0.5587702592042637,0.9831492118781427,0.3005729574763415,0.41382292124032705,0.8494712134457604,0.5542694833119249,0.9871719662707299,0.9690842208126105,0.9208197065377285,0.9408634533199822,0.9709298373547405,0.9572922769130445,0.9640448437166937,0.9503792636628992,0.9386728848117643,0.9156496052435411,0.9432454045225234,0.4919925918888224,0.9460975928282599,0.9337768691338262,0.20319963020839393,0.9629550520778305,0.8701506121762467,0.9838556944514013,0.5265765950447446,0.9631539277559817,0.5524369929562724,0.9526790209932621,0.7680844946581945,0.5729078386424807,0.9836688483749554,0.9059534744802684,0.42665246483134583,0.5535750639864764,0.8527839622366767,0.949229497350299,0.0717742690879488,0.5354549072149887,0.9003659189585362,0.4302922708924028,0.9746117887644637,0.5634648844390522,0.7389811272184552,0.4748000949949094,-0.08555580467637745,0.9320539884477234,0.8854423290429725,0.5607454085991763,0.5739596359300762,0.8861416717215329,0.9011505305733812,0.5493629433137497,0.98289725204774,0.14063436067016305,0.8820515583176404,0.9910053822553324,0.9604100003224615,0.8654632219931561,0.5165342498813481,0.9812001157449971,0.8459310383541168,0.43990165319440655,0.8699429423833286,0.5582991231501563,0.8973473436783009,0.5888367968581999,0.8933931432232145,0.5859083189634359,0.9401145026042871,0.8812043888616081,0.9493997856004797,0.9781273845867146,0.9430430426160227,0.5291234393224109,0.97749436455894,0.9778418834229217,0.5576769053142285,0.2606605689039305,0.9913330754895993,0.5218186837068941,0.8833058601932111,0.9334859753719903,0.5389480477622366,0.5518787457043883,0.9370632568246473,0.9860236784578922,0.49920761147639287,0.9584690880672814,0.5554519136453547,0.8869350171964776,0.09628273845384026,0.20076874409449186,-0.08110543277137805,0.41044387852328984,0.910072334546821,0.8368850645066824,0.8736396717216648,0.5347080517428577,0.9595214701353336,0.31227427745511066,0.5142230955274059,0.9630013872094371,0.5269219220081771,0.5621549338120871,0.27736032060792765,0.6850783856825465,0.5362427257211371,0.9898333558938982,0.5878956716674273,0.2620892188893776,0.23425382110721327,0.5295168121907463,0.5180548967349291,1.0,0.8863677004218384,0.7634981885425056,0.8381646144140747,0.8864171013053058,0.990327163440657,0.9288377672536502,0.9669092880766391,0.8803722572860786,0.9403559177536149,0.8615179507510149,0.8795049417536046,0.9164818251281246,0.9650513196427273,0.9667769135508097,0.8801279785708324,0.8863234727839431,0.8902433207466496,0.886377023458942,0.9139621608175392,0.9106273609550862,0.5578215195874392,0.8368788413913355,0.9436945202429721,0.9176147328600343,0.5862328914431966,0.9278746632262932,0.8526378863288611,0.9239565054523745,0.5663798729583205,0.925626179352381,0.9940481481231425,0.9239121609124489,0.880722256402429,0.9541839584100036,0.964363956167182,0.5122689990172532,0.48194203300918054,0.5943834299349224,0.431860496524681,0.5433898817232352,0.87556232500608,0.11871038733232277
UCSF-PDGM-0436,0.987461698441397,0.940258073965664,0.7271504268852003,0.9805845198034491,0.8436600114195273,0.9557298508339392,0.9113999704892545,0.6283817807491484,0.1207270923717183,0.9193533340489135,0.598036626149068,0.628864485863488,0.6613373246009788,-0.032144889615944555,0.7266527778017596,0.7490007396378104,0.6720023744493451,0.5626955526550617,0.9314965410924155,0.9849574076466336,0.7078244702808204,0.5389802349334584,0.5776445035019225,0.6258761135962685,0.9930662584013272,0.9863862646474806,0.9863466764396972,0.7275861804680502,0.8259692551433773,0.4480398691600352,0.573670032066929,0.6454714652687508,0.7269085215976671,0.8943305850290949,0.9560328497630003,0.9327298415892132,0.9874809362989442,0.8615701829645365,0.9536339979418891,0.9349370277138248,0.9464626575974084,0.9472518788649265,0.905676069182748,0.9848446963729878,0.4754976333506839,0.9564570133845586,0.982249074913254,0.2242838815434985,0.9634467911315463,0.8465729358550788,0.9506018838391859,0.6461363344889594,0.8003274605813253,0.6803370821304973,0.8546935399658463,0.6707552834614812,0.6022878264998438,0.9462320996962522,0.9977989472510074,0.41406778579686987,0.7272867736150891,0.7935945163815277,0.9234092234928032,0.33404708650990983,0.566370294863508,0.8512181863933141,0.44043060065076367,0.9384066796271885,0.7336589856159539,0.8676609634670012,0.4309703324648413,-0.2484072481785855,0.9638503302418958,0.9983492950878228,0.7317224407503943,0.3315889898205085,0.9888689788574911,0.9904867462625824,0.6706489583124067,0.9487492058517701,0.3281574333260801,0.9990798441224834,0.9018286509091386,0.8065903701950563,0.6994264575794377,0.6610925715473378,0.861984942915378,0.6861485948879843,0.513453206412368,0.9885297484069945,0.5696311477444337,0.9862513224982192,0.6020452380203094,0.8711037484325191,0.3395558161428135,0.7650443147334041,0.996296908265514,0.7721897242823084,0.7866477353851403,0.8578461082750097,0.6164448875433705,0.9468052726498146,0.9317129796361459,0.7289512422828255,0.07895482945050297,0.9384894069509955,0.6916180863193969,0.9597012376569404,0.8226421435507579,0.4867164477317532,0.6360500060112617,0.9858672864509447,0.9428600002934097,0.6334201444142166,0.7396716712277733,0.6308610251820629,0.9984808530999589,0.34998686894578895,0.07370291766003537,-0.11089620600425862,0.5583925027298129,0.896907868082497,0.9260650980303345,0.7638464249928034,0.6013756654832927,0.8460932548875142,0.4427992755679236,0.3443004235493126,0.9745609586562302,0.6937712347097481,0.7316388170602862,0.15498220317558295,0.440855783833683,0.6982082607129392,0.9309221124579888,0.5846149086731479,0.25948506327801696,0.26338531548457683,0.6505279343205327,0.6307170289408534,0.8863677004218384,1.0,0.8925892215561915,0.9636404151819525,0.9999405815120135,0.9111673030111889,0.9875360002521523,0.9467042443443049,0.9215562219322639,0.9754746565707328,0.9709389461215557,0.9980013617702611,0.9748744534445654,0.8719733727633442,0.9376358735229,0.9915935253159246,0.9999920975485759,0.9981608313823191,0.9997984364777666,0.9001130001152603,0.9872989299945667,0.7345926506359005,0.9420414062309783,0.979524543072923,0.9939858595115134,0.6076221205325255,0.9559721832621906,0.7718118002805371,0.967239610687618,0.6796093820259314,0.8265430589252806,0.8667754880666069,0.9486431042321359,0.9964541018532356,0.8309449440223491,0.9704396701046516,0.6352118279142162,0.5076758343265119,0.7114162892448758,0.40363946107239507,0.7023726676278158,0.9962335054339891,0.2538551450090706
UCSF-PDGM-0441,0.8741635299261381,0.8445026952380805,0.6371060647569976,0.8758405778487766,0.7496853356134593,0.8464113453269483,0.7913521226904,0.5472520587679075,-0.00929500670751335,0.8067101577237972,0.4651101106986308,0.5064085214576676,0.5482050159311379,-0.12826143696983752,0.60562889437426,0.6865087689160376,0.5570800204998521,0.45020590961906254,0.8269960348985446,0.8767370648085931,0.5980697909513449,0.4458992112559492,0.47218838778041367,0.5181850812989902,0.8870588864061546,0.8759633196178261,0.8761055031397883,0.616340962768203,0.7058681851547481,0.3195349947263828,0.47075468074504895,0.571897305938323,0.614197823944812,0.7669753343456404,0.8422257643927703,0.829614342675851,0.8777284015673777,0.7537795903248323,0.843845507773451,0.8219376880890069,0.8326232244420853,0.8398933548604122,0.7894405120886511,0.8697303673679494,0.3367657228499978,0.8416207674817504,0.8655678874902524,0.09053387207441038,0.8521945933731517,0.7692923039875853,0.8324945153263065,0.5395317508029269,0.6710179915841092,0.5564254233546037,0.740451851897132,0.5660833531435544,0.48538542855873384,0.8297371706872211,0.8893666759450287,0.31753256940720814,0.6186118883662857,0.7184369209491666,0.8180637455952976,0.23955989129310962,0.4387071720845547,0.75317639429749,0.30438365672613765,0.8186637703204376,0.6196938981742075,0.9977539089961539,0.322809922223147,-0.34461458895491437,0.8520510709503801,0.8921522815596249,0.6178622997659884,0.27353067311138907,0.8901786990555677,0.8891464278158254,0.5628016487744705,0.8315031025974142,0.2177858894927566,0.8925988929167157,0.7823779011302215,0.6966987347198317,0.5796037124630985,0.5400636457318745,0.7364072593051527,0.5984175845504265,0.39969855991038056,0.8918085564080092,0.45087075786078784,0.8773989344805181,0.47612735912003024,0.776393940395402,0.2625398105007229,0.6446312703252811,0.8949415834173489,0.6515125534679802,0.6657610004965733,0.7352578469562114,0.5057497427360643,0.8301447408866053,0.8156073549573059,0.6151340720143403,-0.011245397310570135,0.8185678403074607,0.5855433030071062,0.8536762178086912,0.7157354961175989,0.3598846965152814,0.5224138202814415,0.8775279362553093,0.8246955936425501,0.5043586051177316,0.6154033948533045,0.5030339436052832,0.894945944595735,0.22694616257876918,-0.030573694368295868,-0.2423802872172148,0.44446512488971357,0.8011446274120617,0.8320309119016591,0.6617098560708751,0.4697745235232123,0.7312128741605447,0.32474709691562903,0.23873786856212634,0.8604264362265714,0.5848209816652088,0.6158387048153985,0.03712332103371786,0.3703660206104674,0.5863841503755607,0.8117933416921791,0.4483247709376579,0.14233229931338118,0.14607312726728117,0.5498062958558761,0.5325142913379703,0.7634981885425056,0.8925892215561915,1.0,0.8771423615988605,0.8927329068602746,0.7815401102672441,0.880853382144129,0.8316909498638362,0.8417800975880457,0.8647613773401006,0.887114812399948,0.8926127019869254,0.8660601291049139,0.7683295270841773,0.8203373457240859,0.8874207097411881,0.8925104252038166,0.8927480113994488,0.8927716193613116,0.7917270129075072,0.8793975868923076,0.619301552630064,0.8547590829526835,0.8650832665287209,0.8874286763903998,0.47043937011348536,0.8459013043751766,0.6491122274641024,0.8568398158929401,0.562930146462146,0.7114625453569369,0.7416606319549236,0.8491758358108618,0.8959529416461403,0.7114404040717992,0.8542060493265246,0.5275293126210708,0.3828046221245415,0.5888676513218501,0.2596474430589121,0.5942730065193966,0.896121231313146,0.14422176013602378
UCSF-PDGM-0443,0.9620984445234557,0.912157921349434,0.7996716131360859,0.9464857433892615,0.8626728557038633,0.8939494796536627,0.8617614141285707,0.6980699274211626,0.10988616550210768,0.8827391495159453,0.5178945557356889,0.5428559062305778,0.5989554187482217,-0.059865133198274204,0.6649955536792377,0.8112674745409484,0.5884722372125021,0.5617537556922401,0.8990204923821904,0.9553256733154091,0.6717891467467578,0.5364976228219694,0.5133933611526863,0.6253177777120679,0.9677289968133165,0.9580051849440553,0.9627799923986796,0.6675252854473841,0.7759533591171823,0.38023381994321154,0.5169094546082638,0.7105241799515225,0.6731125292298649,0.8196288974759711,0.9175071102565481,0.8848731999161707,0.9596863677327185,0.8674034980253704,0.9116374161975017,0.8941167118865911,0.8939159180615682,0.9016046188880406,0.8610653317429514,0.9332809408636614,0.3740623282505033,0.8933692497989943,0.9283846052032039,0.22840914947732355,0.9254740583678547,0.8566906652742824,0.9086103143111556,0.6396106787293697,0.7168476538894314,0.6071054919147573,0.7927664210409728,0.6196270604341648,0.5748693017799427,0.9078225216463743,0.963140920813902,0.45588215781434555,0.6895040185502831,0.8865583780117902,0.9115528495803755,0.304712005351045,0.48147402411416346,0.8397910770673555,0.34733881679559886,0.8967018117906578,0.6711663822057018,0.854948671755498,0.46338909736176315,-0.2309814250122612,0.9037120772111479,0.9587152316426317,0.6690492564884277,0.41145318284476634,0.9630538089093034,0.9639740268501419,0.6437482271909141,0.9082971005712178,0.2797505906791305,0.9610943922496212,0.849027138582394,0.7964028073768886,0.6740045183905419,0.5809463546934007,0.7816663193847012,0.7544659191531159,0.4415765661096592,0.9649540517138505,0.5489647074487702,0.9428431576144256,0.5537538750712697,0.8509900411595979,0.4201753892690346,0.6995207797204858,0.9807798380475308,0.7165559174468511,0.7233151020657979,0.7801387169847045,0.611734167473802,0.9030198791051982,0.8827874022595572,0.6720876782691863,0.08918311788375127,0.8981083940798053,0.6328810080432716,0.9002323195453411,0.7915253448991587,0.42452364435528844,0.6148869144250891,0.9550486072113653,0.9025210695053147,0.5439063869723866,0.6783201574683889,0.5588944561170641,0.9683406711263551,0.29244695835676815,0.0775620440623398,-0.15239650572131105,0.5252064642955587,0.9320431737513077,0.8708322777795646,0.7681976580540231,0.5041250044761798,0.799523575938646,0.3737382766798094,0.3248453807989204,0.9447124109049275,0.6652710936851218,0.6715773442842816,0.06278641253231743,0.4974070293242764,0.6282012784986866,0.892609295120396,0.49480590951991854,0.2697497315788749,0.2727735562043348,0.6414789885553057,0.6285661965250929,0.8381646144140747,0.9636404151819525,0.8771423615988605,1.0,0.9629502655315039,0.8460377151328562,0.9568044373080192,0.9007557875872317,0.9682618842093259,0.9298265095825037,0.9217535112263989,0.9586311572550523,0.9201547399250769,0.8676241910117284,0.8903159427023674,0.9480273938548216,0.9638636102831915,0.9708351769577238,0.9622805548590916,0.8261249133283478,0.939125762155061,0.6789502992216435,0.8881889609730192,0.9252453094832881,0.9728315594507003,0.5189779391996537,0.8957373954382273,0.6830002665859808,0.9086319565452756,0.6336593551770183,0.7386343958907684,0.8122609890162967,0.9417268535084723,0.9795898568972415,0.7700819790120409,0.937652145517503,0.597423888198678,0.4508738763275055,0.6478348845511875,0.32885923234132186,0.6678793466785006,0.9801610614517596,0.261985103674697
UCSF-PDGM-0449,0.9871725341093625,0.94360752357758,0.7300810724761813,0.9820848408599876,0.8448713025559527,0.9584124462310527,0.9124166737117507,0.6299221665052572,0.12286310611076691,0.919779026743135,0.5981581205188561,0.6289384292257402,0.6609804770548593,-0.03338607088837585,0.7266860862717613,0.7514460195741443,0.6746261825383087,0.5621392500319574,0.934291846660486,0.9855666120000396,0.7075874104002464,0.5394941749670861,0.5777378748751869,0.625007470024336,0.9932880716130075,0.9863288364991989,0.9858528735674945,0.7282563723692682,0.8256425645529256,0.4487091805128252,0.5728269872868006,0.6448822114596501,0.7265486683213616,0.895332688466939,0.9562172523079647,0.9359015656934182,0.9873482269794158,0.8625105317098726,0.9554632713549833,0.9369974148704813,0.948530433858844,0.9497284239661956,0.9057747016212268,0.985502311609123,0.47435146352714047,0.9585783264613699,0.9829593573586857,0.22408856214543846,0.9644241832403789,0.8503836767721827,0.9507639047906443,0.6463183705938688,0.8010042075234937,0.6798779355310715,0.8575697028447142,0.6735644303770749,0.6015230466141498,0.9464149932041515,0.9976283303706416,0.41471068611906364,0.7264810913479802,0.7930914141709907,0.9254083516696924,0.3349726462494155,0.5684574016942558,0.8541556905574921,0.4397769278898138,0.9383866364962015,0.734006520826651,0.8673647843121092,0.4299053143824879,-0.24853677356791684,0.9660496329112548,0.9989160690070787,0.7318975200600937,0.3315290010919521,0.9901510400196677,0.9915216002392747,0.6710484666597466,0.9491716741975873,0.33081619759594705,0.999204358845074,0.9028798211137291,0.8086105971191541,0.6995738706494128,0.6614183919439837,0.8637224991139147,0.6863660675217533,0.5148445139559658,0.9898203982993219,0.5698670892917446,0.986140750290977,0.6015723372824646,0.8752453783461833,0.3393938954535754,0.7662577880583378,0.9959707682648463,0.7714268098985536,0.787776300256772,0.8600146806312339,0.6156127501490295,0.947737701576938,0.9331960112867423,0.7286063094485379,0.07968267835177983,0.9384328779967859,0.6933224315297878,0.9622625332129362,0.8260206976717072,0.48533432356972694,0.6361175029728108,0.986660318498743,0.942854018068451,0.6331241123229597,0.7394340669582097,0.6313522300377828,0.9987209734223597,0.3502881911843063,0.07344551961020385,-0.10995262106981563,0.5600374852392763,0.8982709933419445,0.9295517777126759,0.7649411098513662,0.6018619679303054,0.8459002393071341,0.4448148605897833,0.3431493063921713,0.9741840712621246,0.6931834556367734,0.7310697984898785,0.15354067684974995,0.4419772564808502,0.6993764853161506,0.9306119777181481,0.5835269118327785,0.2603910134175188,0.2642665145741638,0.6498253674366387,0.6300867754767734,0.8864171013053058,0.9999405815120135,0.8927329068602746,0.9629502655315039,1.0,0.9108960762439625,0.9884020623641131,0.948062682650089,0.9212923081498179,0.9769259478941853,0.9734593674668296,0.998473324052753,0.9768889195834203,0.873702144397144,0.9393134644809824,0.9929451178954563,0.9998893419755374,0.9977043370138203,0.9999578909900605,0.9039434654344216,0.9886596838983958,0.7336109627343718,0.9456371504706066,0.9806498967856213,0.9936909125545625,0.6067389508709726,0.9584930062551703,0.7739253976191393,0.9694697945898311,0.6790625912624934,0.8303668159146019,0.8661445950317486,0.9506553747422544,0.9961913245619524,0.8325219545243866,0.9701648747806572,0.6375148248497222,0.5070801410525513,0.7105227423117886,0.40269062511592696,0.7015469760059183,0.9960224399553314,0.25515086940766335
UCSF-PDGM-0450,0.9545225889370608,0.8738164296802143,0.7437627709191759,0.9315245871587412,0.900013388053741,0.9276672871710268,0.988024364672568,0.7637001299405048,0.01178625672062757,0.9458972839698636,0.46127405441134983,0.5417745128701075,0.8333044546817999,0.013505566783429507,0.93215595940807,0.7861279070682894,0.5872494331487413,0.5293642633387451,0.9226464276018695,0.9446517474185615,0.5812221983782563,0.4136180895898912,0.744194698911066,0.5306548297871762,0.9329947907840691,0.953457642789686,0.9473638238783607,0.5922261212530952,0.9589452776117235,0.3226349854643248,0.44658453571569723,0.7757967948645117,0.5904599206366625,0.992031529345966,0.9703300061111474,0.9194596244503073,0.9501209752425599,0.9402756980749702,0.9529711076258635,0.9579624394162937,0.9552193595180574,0.9415009465012315,0.9305177201602697,0.9557322900845782,0.5147629840609624,0.9541143615053801,0.9545254177079873,0.2057995282399493,0.9603627621984149,0.8355292562405,0.9836140673679613,0.5338238889527115,0.9685085181859335,0.5859275033128666,0.9499358755387364,0.763222785735069,0.57179698229271,0.9770775178568825,0.9257816220276369,0.3894860068186436,0.5865232430111222,0.8088016054056327,0.9404841201670265,0.09839776606230474,0.5576218443500038,0.8817705232909857,0.43817123785843404,0.9865212288400376,0.5997095036737923,0.7578714438135842,0.4514555675626813,-0.11048152933314553,0.9406545241085671,0.9085194768850379,0.5977818684262075,0.5276022683508574,0.8991689740624457,0.9122806521823347,0.5606253904535204,0.9805625795710097,0.1542915485784282,0.9079862242432127,0.9855973474142792,0.9263653786953042,0.8370584757912248,0.553379908115954,0.9781751066264537,0.8072882789550574,0.45854811652004995,0.8855530013493144,0.5556330007429375,0.9205659313523739,0.5967080703306921,0.8749378738200078,0.5565671781024041,0.9407251661742323,0.8999989699817226,0.9370331340587718,0.9573523497319488,0.9579376425488481,0.5313075953185019,0.9781831260836791,0.9781029195892635,0.5949150714759505,0.2244647723724816,0.9895490814892406,0.5492667347138585,0.8991481652909555,0.915776673084035,0.5316101040708372,0.5586368951280327,0.9456158866842439,0.9809624406772883,0.5367019906434565,0.9470651640982536,0.5801329173783233,0.9077323993734234,0.13707042336281322,0.18791409230201847,-0.07506965443318422,0.4188652775933725,0.8857005838737985,0.8482352768524343,0.8301273142638335,0.5698793607240664,0.9428239883609203,0.3382914896799349,0.4700026560218504,0.967032010117918,0.5519610679411728,0.6009285821223594,0.3117055423613531,0.6349887318348078,0.5708304717329389,0.9825164495251123,0.6088575950845111,0.2367772768734686,0.21405991166352412,0.5372072999318362,0.521026715965396,0.990327163440657,0.9111673030111889,0.7815401102672441,0.8460377151328562,0.9108960762439625,1.0,0.9391937651257085,0.9710574154352628,0.8602610028914609,0.945826984460743,0.8787402144826841,0.9043130242931315,0.9272102443344578,0.9360651864124052,0.9723264553767037,0.9009308560801522,0.9112392722007572,0.912227464942226,0.9105838265712418,0.9132981864182415,0.9255648054013755,0.5990925091958422,0.8506545520340991,0.9533830389801439,0.9307020648777479,0.6192704715856863,0.9334699809356434,0.8802949663433747,0.9342183718517698,0.5878208007947557,0.923860083000316,0.9820242299407491,0.912563952461815,0.8997820398943224,0.9594237873276986,0.9753040574326275,0.5241837147023175,0.49882273734880106,0.6276600471457345,0.4458034864289242,0.570180362674561,0.8954526973964593,0.11380032353630133
UCSF-PDGM-0451,0.9926572057121058,0.9692828537684848,0.8025510239839598,0.9981375807839781,0.9051717109690931,0.9804581121468435,0.9543733709102745,0.7288188777474431,0.10216295807369255,0.9544380743800136,0.5476809430720875,0.5963562392010627,0.7228725821715767,-0.02804780081177133,0.7939850468879035,0.8287501118150076,0.6603594305070957,0.5572367363001808,0.9743599521876266,0.997240045098076,0.6710540187606902,0.5247965455706014,0.643719486628147,0.5992315804149367,0.9976168417145693,0.9954595076682327,0.9898214507529847,0.689790717874566,0.8749600781184798,0.4062868867098941,0.5313260910384434,0.724750973123483,0.6815784803286193,0.9349870974680894,0.9809296886669291,0.9723458241569435,0.9947284514323225,0.9202940586358305,0.9857638518235203,0.9759515028956278,0.9816094089148865,0.9828319664642511,0.9337672086910522,0.994031708649964,0.4636176012663464,0.9830674492948748,0.9922825539625338,0.21726873382621106,0.9894285638929521,0.9131711665575716,0.9773550842623369,0.6230919700867698,0.8534621963615979,0.6427341807204666,0.9164866903715553,0.743533098912605,0.5918115439848488,0.9731330012204813,0.9915341982019698,0.4316970243702719,0.680572646880685,0.8451729022787312,0.9706765897540813,0.27448282693659626,0.5715379939253007,0.9169039141178272,0.4200097676950549,0.9652082220490342,0.6923772299564626,0.8520960837087522,0.4413513867495995,-0.20791994509089756,0.9862220108081489,0.9907780205657895,0.6890839749629661,0.435732722781387,0.9943938852478265,0.9971647153516973,0.6469288165013473,0.9783757181565343,0.2943837026324188,0.9881936820712559,0.947654969792675,0.8807985812056361,0.7663538832106973,0.6261183332757899,0.9130346837230785,0.7694292654835813,0.5093261255945981,0.990514127066715,0.570837040583186,0.982287839157882,0.5941568694789174,0.9299997939329309,0.43700039443046673,0.829877301950632,0.9858018720180707,0.8274739347419683,0.8544412409010546,0.9073183404010698,0.5930937914044687,0.9805499054659953,0.9719323844971283,0.6835348733624925,0.14193924363257257,0.9672431802483529,0.6628982960155746,0.9773299184575193,0.8950446914823784,0.4808073639473534,0.6196023225108998,0.9988791483084035,0.9694993888442213,0.591590135599786,0.8026295121802846,0.6129362985926594,0.9917722866733871,0.2794120879592392,0.1106313103875771,-0.10736930382423063,0.5317216831126103,0.9395089705365415,0.9503868797433697,0.8248852175924443,0.5834089164989132,0.8914159290078396,0.4274183491039073,0.37742398665849236,0.9866852781794885,0.6495014246618097,0.6837294487221993,0.17117879516079798,0.5535080688929357,0.6668316734218468,0.9588671778110595,0.5696930468959743,0.26677252185212885,0.2622105394621125,0.6209770118548661,0.6051863541076345,0.9288377672536502,0.9875360002521523,0.880853382144129,0.9568044373080192,0.9884020623641131,0.9391937651257085,1.0,0.9818469239524438,0.9445046342107939,0.9938947114268543,0.9785017210577429,0.9894005516687342,0.9900539922841987,0.934085497281255,0.973969203782912,0.990210645363124,0.9871909514206814,0.9869060479879667,0.989040085235407,0.9439099472366476,0.9950611184610946,0.6827220482357531,0.9585259825493911,0.9929468341653721,0.9926907172522544,0.5892851039991848,0.9818101812749592,0.8226687991424294,0.9873414883315773,0.6491143844049366,0.8897018357470494,0.9043486095789223,0.9811576494026295,0.9872126440873389,0.8881866806531886,0.9848146070232222,0.6239025218680213,0.500082466296618,0.6723207163288487,0.395032537547368,0.6597233437012532,0.9863980742753148,0.22064212915559284
UCSF-PDGM-0454,0.9728353224360404,0.9530621100607745,0.8313305276406928,0.9827670163892251,0.9255505153946494,0.978062243074934,0.9865186039632704,0.7964161992761633,0.07074618076115416,0.976913523808544,0.48341256672312355,0.5609189685867734,0.8191119786486428,-0.02094851136788806,0.8763877781027523,0.8511686529970429,0.6230567947642258,0.5197686608328348,0.9847763981377821,0.9782046758148316,0.6015136087621212,0.4709015753113822,0.7453379509989314,0.5374327859768545,0.9712433578128405,0.9788996037408189,0.9659142205565963,0.6226434785733206,0.924287783292382,0.3437774409346994,0.48154660106910246,0.7675107916241056,0.610891652118006,0.9780635810858441,0.9891336573989907,0.9802158975853053,0.9760844733628952,0.9503541288190335,0.9889883701153842,0.9914349804464498,0.9967204201566683,0.9906417409504724,0.9612001783480397,0.9816227069580463,0.4786369646917553,0.9884406158180051,0.9860318990149427,0.19428884607408317,0.9895553119221665,0.9243521008069489,0.9889327958809202,0.5593197330731072,0.9269457320432921,0.5942637243109153,0.9691435467113326,0.8256111941402461,0.5579220715616995,0.9809274039948743,0.9587190901157129,0.4024088226505684,0.603725512286682,0.8422580737169646,0.9862245403282599,0.1777319284668294,0.5701604650463156,0.9547601109741237,0.40253041110169424,0.9842697792126226,0.6245209825559449,0.8011682849107082,0.42536965683009553,-0.1473016674592707,0.9831790069346626,0.9525950513546202,0.6212995077633069,0.5448795051244351,0.9610555028537625,0.9671972787555667,0.5858991369334234,0.9907437279760162,0.22355152049326682,0.9494829793980593,0.9857060721106614,0.933293117147887,0.8412157144864469,0.5806490201431664,0.9660056428568253,0.8299279424031687,0.49878974793743386,0.9518790027805343,0.5466195061454895,0.9580888844328265,0.5730425345323018,0.9461652390107825,0.5463904903039719,0.909534370361963,0.9398582955090325,0.9011574805951841,0.9282143900206974,0.9608893797547222,0.5370665044500269,0.9976057269793898,0.9966004617933734,0.6139502629483997,0.2101346921320428,0.9830215548331974,0.5991282212675318,0.9683739360800161,0.9454997693964424,0.4717207715306495,0.5707197982172656,0.9813448544859997,0.9797971178887785,0.5458507158958904,0.8864759052640386,0.5816003115788602,0.9533430287362712,0.18855965407056322,0.15469522431561294,-0.08620800121779609,0.46054681324253305,0.9344419934856583,0.9419313896300335,0.8519225237536959,0.5705107068134911,0.9346919001653307,0.4007727069684155,0.40392091990722634,0.9764607948373829,0.5704122070156223,0.6143584147783355,0.24984265288401017,0.6630020261023176,0.6107247541887978,0.9727191896435826,0.5651310466937829,0.2394574098703292,0.22469780895190258,0.5535279302703019,0.5399021357772764,0.9669092880766391,0.9467042443443049,0.8316909498638362,0.9007557875872317,0.948062682650089,0.9710574154352628,0.9818469239524438,1.0,0.9123066940181102,0.9836140806658367,0.9488091093555209,0.9512688698816486,0.9758433319498614,0.9648773464498553,0.9926046945530841,0.9555376766507969,0.9461808375420214,0.9470324689371037,0.9491189230366777,0.964296217992314,0.9740536091099223,0.6098350710450217,0.9349306959338609,0.983078811026445,0.9604525430892352,0.5806660713604695,0.9804222837132892,0.8966245479880491,0.9805004413227276,0.5953011782599719,0.9482685456088772,0.9434647075361413,0.9698538546144171,0.9436178727817222,0.9496601301273663,0.9813961796121969,0.5716094817750847,0.4946298381325244,0.6176874438819995,0.3970277282935126,0.5876359609220699,0.9413003207253403,0.13992897835922516
UCSF-PDGM-0456,0.9471496973040868,0.9057502532291833,0.8370219746936696,0.9374725196679455,0.9398626277970618,0.8850266561819496,0.8931040589153905,0.8058899258729139,0.04526566813908912,0.902884337375875,0.4460861159523037,0.4855872750976655,0.6423997889052697,-0.0012385797172284813,0.746298613626611,0.905347217082085,0.552881668225892,0.5709634208440317,0.9118415739884929,0.9505809367594277,0.6259339459398197,0.519982183143192,0.566703483315059,0.5981591438745979,0.9503161210406568,0.9492181317831251,0.9535134150909433,0.607834612387872,0.8380103909131832,0.3311446775923831,0.4512656088031812,0.8419744509395816,0.6090471627570355,0.841174062564326,0.9270424831541839,0.8947315006880027,0.9489165843470784,0.9269189040257261,0.9267889535234113,0.9154242514461634,0.9005740445786943,0.9085923072321866,0.8591139616552766,0.9184075739040726,0.3614241980075372,0.8910157639051771,0.9055513138809861,0.22417080713757123,0.9371536531403558,0.9166854575280373,0.9246029217126951,0.6082539081929677,0.752182591783866,0.5535849039776359,0.8294098346015937,0.6572690738649072,0.5804583042795431,0.9301418423102806,0.9309874835636381,0.4923449669564423,0.630784530851408,0.9542464555164253,0.9360927598975126,0.2309271135504301,0.4687457415732207,0.8751395646379304,0.3462115330729999,0.9032802444540354,0.6077234229582971,0.8183582549869063,0.4898521070272448,-0.1736858203433441,0.8959811569245698,0.9189330287954921,0.6041945657242503,0.49981556465890387,0.9389012508848811,0.9441041438239861,0.6146759962614251,0.9275996898933828,0.23198533192412177,0.917302289120311,0.8818878817760464,0.8660391655256995,0.7391182022230993,0.5207457414291127,0.8161826614778606,0.8359890792849631,0.41869160379348225,0.9350588752519685,0.5553453317634595,0.9069919222122949,0.5535863308730914,0.882597702239895,0.4904790291103207,0.7466805134696447,0.9473174084914644,0.7727497252704286,0.7924441516358641,0.7946112516534308,0.5886083083835941,0.9198868338659637,0.903006326329457,0.6072548460003202,0.1695419481060735,0.9200711991527618,0.5806405845630336,0.8759873280604266,0.8414289164688137,0.45490999832025103,0.5962632800478188,0.9466646249786385,0.9250120830917964,0.482702311901951,0.7437595990884445,0.5327239505864723,0.9320933377126337,0.19679339921006803,0.13386191231767625,-0.15636052659381458,0.4916624253869222,0.9573670272474161,0.8477156951446178,0.8532233719442187,0.46332956322205765,0.8470159301445368,0.335802767913171,0.4168331700836449,0.9466920756568767,0.6120416603219689,0.6040473284077491,0.06680631533495544,0.6172498983448782,0.5692721687745722,0.9203969195576222,0.4821610205622239,0.29835432606943824,0.28991542597994757,0.6169148929989263,0.6103726581496536,0.8803722572860786,0.9215562219322639,0.8417800975880457,0.9682618842093259,0.9212923081498179,0.8602610028914609,0.9445046342107939,0.9123066940181102,1.0,0.925813644076908,0.889792930849316,0.9158277806298603,0.9045247488740626,0.9286605673250128,0.9003499123259809,0.9113265704599363,0.9216252169182176,0.9335766208765858,0.9209852570242425,0.8370355547852716,0.9153159574593058,0.6081230726242054,0.8610774805925017,0.9143623310449627,0.9531986220639541,0.49243700986971545,0.8919713798196108,0.6841173485749147,0.8969567427180026,0.5994532254702127,0.7696955692489412,0.8559063292764949,0.9539777230845623,0.9452182603876668,0.8034364144291403,0.9354260519279162,0.5667421155035773,0.4371090854623488,0.5999356044013805,0.33263688743298453,0.6162715949385453,0.9445137030006069,0.22384839792265054
UCSF-PDGM-0457,0.9840386401820258,0.9754291867307288,0.7931305710705543,0.9955503428755579,0.915837064814553,0.9904767437055059,0.9637101499835535,0.7341740242448646,0.0994079525879827,0.9533791422736926,0.5501015561132357,0.5958525649823081,0.7211704409968615,0.0026609532631210156,0.8196907557907886,0.8201413943467037,0.6805852118330856,0.5654866097655536,0.9819188016623961,0.9952679997899315,0.6660537560748162,0.5163798463387228,0.6490935278632258,0.5901889637404273,0.9881306948008497,0.9878811490344522,0.9825013358615403,0.6906020934577801,0.8956251957063458,0.41730517933075684,0.5110546599140394,0.7328544401680089,0.6754295174892818,0.9480111263552595,0.9799294325136398,0.9819074399597534,0.9858009526213232,0.9291637343678819,0.9952410545367735,0.987834183598371,0.9873207749325505,0.9881058855174645,0.9202639135978271,0.9958587289697464,0.4787862127356123,0.9934673871109262,0.9873511489924965,0.22178476050401405,0.9947415237040763,0.9235052217654529,0.9810446329758364,0.6189368259734923,0.8663828920095068,0.6434710572024772,0.9309392013608553,0.7497496529429094,0.6001416605686983,0.9800654747530171,0.9808215430387544,0.44280377513061225,0.6711671073461588,0.8263943118162844,0.9700693652000397,0.26144347953259467,0.5916478915732375,0.9206260981281317,0.45243084132871786,0.9578554698141375,0.6922462982316214,0.8341075921429286,0.4424822161175434,-0.1913511737047122,0.9956635089760528,0.9818161908829864,0.68763758558616,0.417857994499518,0.9862356221870688,0.9899845404319414,0.6466338609209857,0.9835016854295301,0.30648917102616413,0.9755569093669311,0.9560813256102104,0.8993409072536622,0.7807168165336893,0.6266331250966978,0.934391588771518,0.7510392971064186,0.5148530620152169,0.9800761446083747,0.5810796933934299,0.9718946162126243,0.606899540941193,0.9441086147706087,0.41118233847590446,0.8372406149038751,0.9689276068982281,0.8375893345159873,0.8783352845145681,0.9152264825753484,0.5884082236227762,0.9848165742962702,0.9776379054074881,0.6787795413291589,0.1601085188235044,0.9709060556505537,0.6670979902226114,0.9792925627934095,0.9102865551908438,0.5148503612368095,0.6222853299516916,0.9946783080559091,0.9767216137126014,0.59417166811418,0.8162934574291818,0.6249179042061416,0.9790719819917577,0.27346560881072474,0.11635628502076444,-0.08555739129231611,0.5427180836285214,0.9324792691067683,0.9533525886647565,0.8419641854642208,0.5911568539545248,0.9066540143004121,0.42905476040367374,0.4138229578603896,0.9830335046981741,0.6403716226063062,0.6781859264130021,0.16662984974422643,0.5424484141804976,0.6707451049031424,0.9663356835850393,0.5881482582384086,0.2900440857804122,0.28086868602079934,0.6094014149862865,0.5934504482939666,0.9403559177536149,0.9754746565707328,0.8647613773401006,0.9298265095825037,0.9769259478941853,0.945826984460743,0.9938947114268543,0.9836140806658367,0.925813644076908,1.0,0.9794355790025929,0.9785114811162441,0.996408718990268,0.944860549853758,0.9789964661136012,0.985188655185495,0.9749165362616111,0.9714083893693981,0.9780576963265525,0.9650359886111559,0.9945381340357005,0.6745854542148394,0.9649050223679526,0.9982127140801885,0.9813960357085632,0.6004435933752611,0.9936986874691844,0.8195413368798282,0.9951904347199676,0.6491859384129287,0.9150526570191224,0.9190798971221403,0.982250471144206,0.9693639768143916,0.8928939406074223,0.9766915206166125,0.633085074515536,0.50718764172543,0.6763958962280094,0.4206571032152508,0.6480028849652987,0.9685387563600363,0.2319261187559193
UCSF-PDGM-0466,0.953197856037974,0.9863776110481808,0.7668017683243163,0.9855329546627136,0.8452353438959663,0.9869853753753478,0.9069366235838056,0.6411071387851488,0.15370038710950637,0.9016856399521369,0.5796165600703923,0.6096985936568052,0.6324487566368041,-0.06541961833287242,0.7053539606492505,0.7799079495104478,0.7076598935337078,0.5311095725286937,0.9652392505611801,0.9704542724574002,0.6806292291488751,0.5312760656850753,0.5605804630140585,0.5864699685962833,0.9700094972540062,0.9572796602272192,0.9478535182070752,0.7198419033839398,0.7945958858182172,0.44456400281489794,0.5365219479592941,0.6130082783994663,0.6967483633634172,0.8899522615592271,0.9326863599568567,0.975025387065758,0.9567788331704526,0.856314607854243,0.9662045159048233,0.9526037425167642,0.9640171350889187,0.9739609479572315,0.8809514729845841,0.9713729182825753,0.4324617000903094,0.9753249841421666,0.9696989848310951,0.2049523000882513,0.9572579601483646,0.9048244184931695,0.9268246823429419,0.6289960923218071,0.7910167706071503,0.6484909389600466,0.8918905589506229,0.7096880512547284,0.5653558599549294,0.9231480537500465,0.9662509228748876,0.41151443088309586,0.6875284455256496,0.7589856411544208,0.9398023905228033,0.3394477497349654,0.5915135579751776,0.8894168705612,0.4089289111847914,0.9107968337380634,0.7187169935415185,0.8550670189413048,0.3908459454112571,-0.2542967849802303,0.9843637262289154,0.9829194419355016,0.7131070026946591,0.3169837329830921,0.9891342772370346,0.9852657489642159,0.6579147069000786,0.9306101657352146,0.37052833565481086,0.9740061438271143,0.8983746259693668,0.8259788236931145,0.6795536818757847,0.6466654155339542,0.8744088505687451,0.6685574197716599,0.5249720848934528,0.9890438322824683,0.5547453367333868,0.9562068128200061,0.5712014446142542,0.9356903815037854,0.3216159617071395,0.7681823449840816,0.9615304984893723,0.7322112550996718,0.7875467167827752,0.879495005430752,0.5778408206640786,0.9396700673521838,0.9369601281047002,0.6990594321937321,0.0855050392747388,0.9102188695881006,0.7070410165579339,0.9881394274237708,0.8713415707547576,0.4390991865687982,0.6163840467099867,0.9752812230502399,0.9156965944331252,0.6058976782508003,0.7119535817050331,0.6201959231946464,0.9759432973051783,0.34030190478843014,0.05813492372686289,-0.09817288336587754,0.5742669926668753,0.9002033330935431,0.9757061062013241,0.7638938176809461,0.5913163013150516,0.817051453087172,0.46848411356809544,0.30539347650859094,0.9387559784726917,0.6592747053665394,0.696849221771565,0.11313797175511349,0.4487540226482658,0.7017162078044253,0.8974099146994531,0.5409373873709716,0.264522806587137,0.26771450071639297,0.6146695987759346,0.5968376858953567,0.8615179507510149,0.9709389461215557,0.887114812399948,0.9217535112263989,0.9734593674668296,0.8787402144826841,0.9785017210577429,0.9488091093555209,0.889792930849316,0.9794355790025929,1.0,0.9805133811895075,0.9912470898292497,0.8837193643919173,0.9468874683124497,0.9933780757624228,0.9699910572462529,0.9604923723973859,0.9754914697007304,0.9575884066664152,0.9891969450576049,0.6907797809423456,0.9945304544069562,0.9763570160902454,0.959748320208603,0.5677031681488229,0.9836834653895438,0.7937345300667017,0.9883902058019689,0.6459525449260274,0.8852445892806268,0.8277873184086438,0.9652513628602072,0.9630717142116917,0.8403774538337184,0.936796093620161,0.664296328795357,0.4757362649183974,0.6697860286699538,0.3655099832608805,0.6626584553163041,0.9639540168553505,0.2682229460393387
UCSF-PDGM-0468,0.9822677964236607,0.9517457029196994,0.7399357140251933,0.9852396698152944,0.8403116733131961,0.9645187768802194,0.9094012068309146,0.6322246468543904,0.13231220569422755,0.9253376607382858,0.5974336660933035,0.6318865992175362,0.6711109493338635,-0.036900968497038805,0.7194993373714721,0.7514832473994152,0.6774314914862938,0.5480618501600925,0.943100965943608,0.9838602960366807,0.6996330923195508,0.5417844201125681,0.5929286696489076,0.6115725973027334,0.9923780328693049,0.9837789495452867,0.9804193746250163,0.7252060751307683,0.818711838885289,0.44695858146279316,0.5762604995517773,0.6328668735525484,0.7212123554732546,0.893584078264859,0.9565485859925071,0.9440762585311931,0.9845298870298502,0.8576007381344141,0.95703994796815,0.9396899111880626,0.9545282879808753,0.9553488937144833,0.9133304274077844,0.9853425056309394,0.4733088580011739,0.9621568791407783,0.9854839781697736,0.2155640297159196,0.9648568224541533,0.8602761272406678,0.9477032417230107,0.6374223143614473,0.7976510832845332,0.6768565085672817,0.8625252964513389,0.6967735071179256,0.5896884496043605,0.9415450964174952,0.9962118226461608,0.4035579002584383,0.7180965219732395,0.7833418418337209,0.9284862187262841,0.34021001290212766,0.5715461100392255,0.8688137113710562,0.434381585752596,0.9340941788891782,0.7301114075815545,0.8657365948600522,0.4129660509538952,-0.24866944981488626,0.97039886200081,0.9991530007760859,0.7279958433344487,0.3432159404699174,0.9935609973510406,0.9938018996553891,0.663695756761615,0.9469741610915501,0.33680300836084903,0.9994712505366148,0.9014308470119498,0.8064327254353709,0.7069423992199979,0.6640942527225479,0.8633646881064355,0.6853027399023873,0.524818436917042,0.9935739664755393,0.5588862433242685,0.9893076366628869,0.5910855537925896,0.8835331714566345,0.34046461452991916,0.7635517846036611,0.99244929616781,0.7705697523784908,0.7850701369493274,0.8633696400356238,0.6038736543633043,0.9485676093523435,0.9341847694469622,0.7235242398813319,0.083132561427776,0.932266811097669,0.6948363650337713,0.9731679203184092,0.829690310565582,0.4709441368913981,0.6277175535434693,0.9855580765237701,0.937685449020622,0.6324305544438671,0.7312067060721392,0.6276720214960106,0.9989591800242982,0.35374750453087017,0.06926270352977575,-0.10475162557630116,0.5562509123802197,0.8953425517820924,0.9466643888999174,0.7635858195774313,0.6035248979386378,0.8469606724857184,0.4565292241412867,0.32692629787181604,0.9682546311043021,0.6829989767496053,0.724903628444172,0.15654912925864123,0.4507002021935011,0.7021851025987852,0.9236944135049743,0.5762765316762709,0.2519286962018255,0.25622114996627354,0.6377335560509588,0.6182942835083991,0.8795049417536046,0.9980013617702611,0.8926127019869254,0.9586311572550523,0.998473324052753,0.9043130242931315,0.9894005516687342,0.9512688698816486,0.9158277806298603,0.9785114811162441,0.9805133811895075,1.0,0.9811761305570603,0.8738896408346409,0.9396871003507479,0.9959175834820752,0.9977997283401066,0.9954299296739728,0.9987786507947038,0.9130914161071892,0.9924817085340886,0.7267037944441922,0.9567193425235867,0.9813234868843322,0.9897112405255937,0.5997839124176425,0.9638889635419176,0.7857321026605475,0.9741438441878295,0.672025554879826,0.8394951661553319,0.8570639145802994,0.9522985984567574,0.994361603515768,0.8321222192741907,0.9642275908422476,0.6369938764708479,0.508389501960351,0.7012706956530671,0.3958089683022598,0.693016226250984,0.9945400264983011,0.2453889499221063
UCSF-PDGM-0471,0.9732266493144776,0.983601108824205,0.7818985446674567,0.9948039787716209,0.8888197220135111,0.9963833241498374,0.9483329419493307,0.6970893050503741,0.12633664063699926,0.9385039800506279,0.5678410005877074,0.6096385665176314,0.6980667891906983,-0.018088678482240095,0.7865465506264971,0.7989341608891051,0.6984324556426433,0.5528098429073511,0.9807033214197017,0.987671694667593,0.6720091284196988,0.5216880403940212,0.6276650972560094,0.5881009836125446,0.9820233059831496,0.977702271827366,0.9694748664022962,0.7047053566954861,0.8647024654517591,0.43449003722787294,0.5271223848404903,0.6825794435808177,0.6853717297952052,0.935467622915479,0.9661772851436509,0.985865936968353,0.9763059453423538,0.9029498008919702,0.9891007925053312,0.9798049531299415,0.9849651905733228,0.9883764974871102,0.9108689235365641,0.9911014959440716,0.4721288928115444,0.9938350266049292,0.9855112651173231,0.2157313324371958,0.9844452459923312,0.9170168630928903,0.964719182240148,0.6224287709593127,0.8494022024495199,0.6506985625402693,0.9252361381207652,0.7448586311516069,0.5878909211219981,0.9624964026572166,0.9766245192933135,0.42888718521219144,0.676610002211854,0.7910434312350192,0.961205082814887,0.2934707279248628,0.5999457669972666,0.9140559684396854,0.44449019222751657,0.9440690714574371,0.70529535800231,0.8336556884938152,0.4213125470522412,-0.21183813240859578,0.998074836389451,0.9841839734219792,0.7003445671073448,0.3793687209180164,0.9884061895081011,0.9894235672659245,0.6519261693339305,0.967590166664141,0.33707238291909897,0.9764822802079612,0.9416660495456713,0.876551003756377,0.7494751296896982,0.6410645776566857,0.9227867059962468,0.716187487498075,0.527403178250278,0.9840437495692443,0.5728601547679057,0.9686495475914183,0.596588376666339,0.9460877386968977,0.37640067010852496,0.8211539479086015,0.964531204260889,0.806133965367666,0.8540446250133801,0.9118233867716092,0.5844678699344621,0.9725090233662791,0.9684132740912773,0.6885295282213166,0.13567555993818944,0.9519740224252334,0.6861656112982571,0.98957016368315,0.9025524630313524,0.48995660663603074,0.6208164283645364,0.9892424327759918,0.9575269616020196,0.606630351524959,0.7860831618265225,0.6281817086739476,0.9786822056242691,0.3044634478957392,0.09550693712138421,-0.08139790955780823,0.5573245370839082,0.9189752335638558,0.9693589136219435,0.8130597783838136,0.6010071690856646,0.8789740847277413,0.4520266756787562,0.37505808359431797,0.9680082324387107,0.64713351266132,0.687789526662569,0.15828577675337585,0.5067082046006859,0.6872969786617354,0.9439637150151254,0.5780187807960043,0.2807364601763241,0.2761489794686707,0.6103132003045586,0.5933390002884243,0.9164818251281246,0.9748744534445654,0.8660601291049139,0.9201547399250769,0.9768889195834203,0.9272102443344578,0.9900539922841987,0.9758433319498614,0.9045247488740626,0.996408718990268,0.9912470898292497,0.9811761305570603,1.0,0.9238708051766671,0.9724575284495198,0.9912777630583797,0.9741109657825233,0.9673353908069892,0.9784947734648811,0.9727160600660489,0.996737738040579,0.6820520190243256,0.9818313374505099,0.9952098727347033,0.9728138707198866,0.5947413322375072,0.9969262098852854,0.82242334529257,0.9989817622972913,0.649630465730812,0.9170284972288413,0.8913440395503037,0.9775192648286841,0.9658806919309938,0.8816144697630454,0.963660902927639,0.6483954758750367,0.5005456606141508,0.6760283063166699,0.40577035745878165,0.6538770778326303,0.965407330655147,0.24720588238603972
UCSF-PDGM-0479,0.9277328985798347,0.9249608628919475,0.8872089043439237,0.9381281220725722,0.9875872776416398,0.9297207625615117,0.9735516407414061,0.9081237361652889,0.02261842255333926,0.9457463235396782,0.38026112032882387,0.45671057312217983,0.78456847355792,0.023604868452392947,0.9069315088436815,0.928096628722851,0.5597793346186288,0.5355548863551249,0.9652568712435551,0.9413316194738321,0.538268522591992,0.43873656351846096,0.7195866803082546,0.5115198067098709,0.920441847431993,0.9341676567335976,0.9253827302263686,0.5396842035256686,0.942693384764298,0.2752580434007718,0.3690799359170745,0.8927600895554063,0.5218791960599409,0.9470718001072355,0.9547208938634392,0.9508692954333176,0.9292162347508686,0.9938786378958481,0.9683500988546221,0.9786610230316526,0.9577161657732658,0.9570240873976307,0.8970627045864928,0.9281612278041378,0.40878972632334387,0.9444852134116161,0.9173134430046692,0.2040173539977939,0.9642331494412792,0.9623375953211663,0.9635019920974467,0.5303333507946241,0.9011037132088013,0.5044071180553168,0.9555127065578913,0.7975338067727172,0.5482284715997991,0.9661327425335355,0.8917523107330969,0.4693654231478615,0.5258328852485095,0.9192374581661443,0.981579710685687,0.08793715674532475,0.5190026562488582,0.9564981117148771,0.367640132109005,0.9432069546503463,0.5368496203606341,0.7373408969369618,0.4720031177459147,-0.0780396118871387,0.9362505045326784,0.879915307864927,0.5310209814925214,0.6270149205418484,0.9060166659204002,0.915648578412345,0.5454424568160626,0.9693584741130576,0.16828327530216988,0.8708889386602241,0.9699111673663352,0.9845814999070231,0.8638535573576895,0.47938567430038204,0.9485960136311782,0.8978631718880115,0.4280794472240646,0.8922361506670153,0.5483312312316142,0.8809168109749237,0.551350238656086,0.957038029953682,0.6189633081254652,0.8972253510334814,0.8788383919726522,0.8973483004719026,0.9462926078331881,0.9174934658101888,0.5146891038465845,0.9705038129950861,0.9712969561875838,0.5238425971448009,0.2829706647083233,0.9642503381528196,0.5236222494127966,0.8995974852322688,0.9648917348659167,0.48238126686283933,0.5453311581730189,0.9392342855570361,0.9640975287672503,0.44167655484776613,0.895786923833106,0.5231414851577062,0.8841812271591535,0.07790310026477248,0.1973162569398553,-0.09123036494922439,0.4266569801622964,0.9611594940917245,0.8756528301852515,0.9119710588629346,0.47978865255426484,0.9349970997491913,0.31693853410048134,0.4855964582455567,0.9433505382058688,0.5050806561590027,0.5203019590529196,0.17751497211990055,0.7477862318291035,0.5221695926448413,0.9626845410724225,0.5115031426379147,0.2924930485706992,0.26433196223482774,0.5161739569892635,0.510914742543947,0.9650513196427273,0.8719733727633442,0.7683295270841773,0.8676241910117284,0.873702144397144,0.9360651864124052,0.934085497281255,0.9648773464498553,0.9286605673250128,0.944860549853758,0.8837193643919173,0.8738896408346409,0.9238708051766671,1.0,0.9633132346388822,0.8857780497967627,0.8713171184537076,0.8767493575773831,0.8750769963213264,0.9323649307783509,0.9131981873252261,0.5136835209725445,0.8749161911333692,0.9341264018300768,0.9103442034973752,0.5119830399399319,0.9381889307061515,0.8201320528040538,0.9302951856949283,0.5365491994889967,0.9255561943655252,0.9424923761730973,0.9635458129894245,0.8791278622575335,0.9270369389739052,0.9398268500189132,0.5333775008262822,0.445883777752372,0.5448422524683039,0.37276585546626667,0.5141190092307497,0.8763500077370057,0.1450944758286271
UCSF-PDGM-0481,0.9673554704930573,0.956085213716949,0.8279485826277185,0.9760859549262082,0.9244060269053634,0.9791166136583623,0.9908836835105698,0.7874275414118646,0.07616769354927562,0.9456270247463393,0.4780602967920172,0.5443999356370041,0.7750959997105854,-0.04950123655944279,0.8741524088165545,0.861637205445066,0.639127108531164,0.5333818076768599,0.9782785652491938,0.9714955773802281,0.609322902364528,0.4564472532082142,0.6861873767329788,0.5503058477749485,0.9599173164921974,0.9679152296150737,0.9564049995704859,0.6309302017272753,0.9127967769794324,0.34585002473012044,0.4510637241542737,0.7590231680948235,0.6127854264845239,0.9814090114163063,0.9714117811093811,0.980503083294363,0.964585361131659,0.9538254065482386,0.9873403494531958,0.991231172522089,0.9900020003926702,0.9907886595562668,0.9278762198266484,0.973095057172165,0.45367420680973053,0.989224069737746,0.9747590449859582,0.2146831625242091,0.9797233045196707,0.9206881776064656,0.9801903732478113,0.5741707677408804,0.935424530203215,0.5861167820811289,0.9799066425312644,0.7814415741222063,0.5643251708465649,0.9742972217631543,0.9451363718327281,0.42337146001765613,0.6078032065400987,0.8409083055686913,0.98727371474625,0.1644159839977468,0.5818445162162302,0.9334270059498194,0.39129817387487165,0.9848055949153324,0.6315609281424174,0.7888989122115426,0.4465344370114266,-0.1473422615430822,0.9821845400762742,0.9452203211414879,0.6262409468077216,0.5081388397295004,0.9520425757315186,0.9572099170538804,0.5978280932607856,0.9821987278006912,0.22894904489020734,0.9372827779844056,0.9854727752057102,0.9446552092044421,0.7973302286879042,0.5679299568230106,0.9727706684430668,0.8219532357426245,0.47793519175271415,0.9429749843072455,0.5681484703319316,0.9339182583840123,0.5836979057804689,0.9578664029169068,0.5472093808490789,0.9255344705034921,0.9306150737103704,0.874879196515042,0.9298940930685455,0.9733022802506026,0.5446463650120884,0.9893279489648155,0.9967818803167237,0.6155810653021578,0.20202704153633672,0.980521977114025,0.607003030266576,0.9553148477870957,0.9645480012247822,0.47345459427754416,0.5821767061284524,0.9777431747566909,0.9722999602114157,0.5333496200287084,0.8924156790064084,0.5889928090726617,0.9412493471301552,0.17613693064334654,0.16374663121524702,-0.08636645025508394,0.478546444390068,0.9409064984913099,0.9234351057755339,0.8397861848965422,0.5659703013315436,0.9049738079373568,0.3835100941613459,0.40774968267660355,0.9688732805263186,0.5805782824612562,0.616233557844085,0.23065388082289273,0.6383856519379875,0.610258398081054,0.9657264821317356,0.5600282368647218,0.26019518595996155,0.2442288197044378,0.5630599778872457,0.5487416048067618,0.9667769135508097,0.9376358735229,0.8203373457240859,0.8903159427023674,0.9393134644809824,0.9723264553767037,0.973969203782912,0.9926046945530841,0.9003499123259809,0.9789964661136012,0.9468874683124497,0.9396871003507479,0.9724575284495198,0.9633132346388822,1.0,0.9503273738629108,0.9369963426106382,0.9330438195969755,0.9406391858053226,0.9702483993926331,0.9645607460501111,0.6093790520787697,0.9355666205803485,0.9774222235071367,0.9510727476378887,0.5838885152403822,0.9796995790495764,0.8889997672312644,0.9795336336593531,0.5956531806332936,0.9584902425750893,0.9379176446950384,0.9704858314742985,0.9305488799299114,0.963659729851816,0.9799327155902738,0.5923528407964761,0.47418517203007016,0.6230771044720483,0.3953222389877496,0.5899927335967984,0.9283398986631541,0.17570995441368914
UCSF-PDGM-0483,0.9764247806283013,0.972773759572363,0.7563362389476451,0.9908411321881916,0.8515404221615503,0.9802110581838755,0.9164490116995114,0.6418263301607646,0.1451510875275971,0.9173260359088177,0.5948731235235915,0.6248991579065962,0.6520085789917942,-0.04662972444165256,0.7214520408475075,0.7722571570116847,0.6979708384055655,0.5517590046308413,0.9575022043920491,0.9846030989654233,0.6995595557885256,0.5409297304759748,0.5743042344854602,0.6107456213964524,0.9880513040614414,0.9781082566725434,0.9728893575042634,0.7299378394833188,0.8157305989986608,0.4525339178512154,0.5592454379690751,0.633506324466424,0.7170391222513809,0.8993377866018052,0.9508590454624722,0.9631939637885605,0.9783009367839425,0.8660966722081943,0.9680027114180338,0.9521929698202862,0.9637175446442895,0.9693526315800123,0.8998720111559849,0.9850658760038458,0.4582310957431661,0.9742703952528339,0.9831153853514435,0.2202382538157387,0.9676284002595907,0.8852854762250226,0.945204242770385,0.643321015777242,0.8021967306502765,0.669647761529992,0.8822504264695059,0.698933258768619,0.5885718181132479,0.9411158611681544,0.9880895371600287,0.41850997050135613,0.7121226265862224,0.7815112400814799,0.9400268207686957,0.3424605951977911,0.5867817955523904,0.8795299369536383,0.42927988963439995,0.9309419190554439,0.7321340543298503,0.8574633913264499,0.4150099512910253,-0.24803163600305778,0.9825324839871507,0.997388218369951,0.7281654317590825,0.3283233120790762,0.9964711221302899,0.9951421676819225,0.6702261827314765,0.9464572523926608,0.35718883291734116,0.9928636788248232,0.9073605138071383,0.8243580473577313,0.6957897777273331,0.6598687413080583,0.8759708125450492,0.6834457530817483,0.5260133371162108,0.9962364493931964,0.5680448494277542,0.9773435522875445,0.5917956015810889,0.9135549091884422,0.3350188874586944,0.77355606233416,0.9847530604570193,0.7571874106069433,0.7939852770285498,0.8769798634136344,0.6018203426829232,0.9505813441147147,0.942140742204867,0.7192432119851456,0.08698609538405319,0.9305909352783684,0.7065217819845753,0.9827120737462219,0.8564090730946612,0.46656281607827604,0.6319528244124577,0.987687941256492,0.9355278418701154,0.6250282527825534,0.7311550334294126,0.631833069935867,0.9936414989162337,0.3508681407086616,0.07008009178851293,-0.09884214816581821,0.5736175804217843,0.906180424645572,0.960318959646811,0.7709574200976504,0.6025165929464813,0.8372862956029443,0.4633134822004788,0.32798553849959106,0.9625821498304952,0.681451632425829,0.7192502696537943,0.13667823963058806,0.4507721555127086,0.7066976394441856,0.920071705758774,0.5671985303580185,0.2682400297507041,0.27181645900958973,0.637178865956315,0.6183788633626239,0.8801279785708324,0.9915935253159246,0.8874207097411881,0.9480273938548216,0.9929451178954563,0.9009308560801522,0.990210645363124,0.9555376766507969,0.9113265704599363,0.985188655185495,0.9933780757624228,0.9959175834820752,0.9912777630583797,0.8857780497967627,0.9503273738629108,1.0,0.9910712876321343,0.9850553682329818,0.9939914602806551,0.9386473396280269,0.9958472199327622,0.7172831140832048,0.9774667894067318,0.9853385869039126,0.9828300601008528,0.5924597863271424,0.9785313423246992,0.7909555883623518,0.9862622123809408,0.6678853599170409,0.8655643495816628,0.8526117980854049,0.9652223653110268,0.9856611367356976,0.84326423738229,0.9597043974171262,0.6576557066065711,0.4966954507514554,0.6953314410052595,0.38926860167825805,0.6871628849954656,0.9860560403604217,0.26727995316295056
UCSF-PDGM-0485,0.9875379531413256,0.9390087527692538,0.7260601419727407,0.9800083676562515,0.8431933151589239,0.9547232682120869,0.9110022356011296,0.6278014326386557,0.11994453606259727,0.9191709005165406,0.5979746331149404,0.6288189226429464,0.6614479069062512,-0.03169129069672905,0.7266191420005664,0.7480868173285111,0.6710256214153758,0.5628817915654376,0.9304495706468217,0.9847061089256717,0.7078899923235163,0.5387768666859932,0.5775933697205233,0.6261743922470699,0.9929559981663183,0.9863780389196108,0.9864975940613889,0.727320251052246,0.8260639709869776,0.4477825275806891,0.573960518885997,0.6456672733598213,0.7270182610042923,0.8939386793329025,0.95593732802964,0.931545558009412,0.987500132607373,0.8612017674699328,0.9529386766239701,0.9341579740686201,0.945680568373597,0.9463206917564354,0.905613316227629,0.9845757459447594,0.47590157045640613,0.9556551041842083,0.9819609939556873,0.22434848038514857,0.9630618535528491,0.8451581560578685,0.9505146850879114,0.6460508399965547,0.8000569895015487,0.6804844101787115,0.8536193527499878,0.6697109758004929,0.6025489244906895,0.9461374181225053,0.9978316630040344,0.41382108071559426,0.7275590919062978,0.793754525435728,0.922652851379258,0.3336996642866688,0.5655923959871078,0.8501217313011289,0.4406559652321931,0.9383862387452072,0.7335105467877802,0.8677433191456825,0.4313459909711271,-0.2483526654948015,0.9630197602611427,0.9981130743648995,0.7316369524010654,0.3316010614961834,0.9883721792647142,0.9900800532035415,0.6704834286444402,0.948567078921074,0.32717810020672294,0.9990048899922677,0.9014186292453829,0.8058297580987119,0.6993520139269335,0.6609541978533235,0.8613257803256967,0.6860489937551211,0.512930624520924,0.9880298266084989,0.5695282567937696,0.9862624819506145,0.6021998973231544,0.8695675707888644,0.33960482595028346,0.7645791474604282,0.9963863864060246,0.7724451176230814,0.7862128946548655,0.857029880123434,0.6167301315983265,0.9464372248848656,0.9311445780123304,0.729055479923098,0.07868705425701236,0.9384822696944056,0.6909760735637592,0.9587387746220429,0.8213856863088413,0.4872061036319459,0.6360065812493642,0.985548920414501,0.9428342998246414,0.6335093733996687,0.7397364500231729,0.6306632311750835,0.9983637562964758,0.34986662950145636,0.07379460902311642,-0.11123704405764327,0.5577760787801618,0.8963842245598602,0.9247661498983202,0.7634246142947959,0.6011805312806909,0.8461386254787877,0.442051114318018,0.3447100446530046,0.974669586715556,0.693965076662376,0.731824697400647,0.15550333254635565,0.4404337552933186,0.6977615717341503,0.9310076868700846,0.5849944037807252,0.25914699744903974,0.2630561608168465,0.6507649172043736,0.6309282255763731,0.8863234727839431,0.9999920975485759,0.8925104252038166,0.9638636102831915,0.9998893419755374,0.9112392722007572,0.9871909514206814,0.9461808375420214,0.9216252169182176,0.9749165362616111,0.9699910572462529,0.9977997283401066,0.9741109657825233,0.8713171184537076,0.9369963426106382,0.9910712876321343,1.0,0.9982977935409058,0.9997107188510119,0.8986894437151367,0.986773478252351,0.7349289406480526,0.9407022107260639,0.9790851696968428,0.9940640301542846,0.6079262365303686,0.955024590504563,0.7710181652494927,0.9663976783545073,0.6797886946805094,0.8251241245973538,0.8669799372575338,0.9478811930074779,0.9965204674998983,0.8303452490040854,0.9705111879218721,0.6343531599656581,0.5078780657108989,0.7117211203581401,0.4039735571629776,0.7026530199186055,0.9962810187424778,0.2533750982846751
UCSF-PDGM-0486,0.9893370090008622,0.9306947762025022,0.7360472430829342,0.9779910272261599,0.8516348063856491,0.9458784921590562,0.910826349353927,0.6477819486351168,0.10689362508386585,0.9296260479280891,0.5842212098813235,0.6213195823455867,0.6809475993389744,-0.022486659989139374,0.7343177935325023,0.7569970667381887,0.6501632611486695,0.5599391545592678,0.9285379228459953,0.984717742477583,0.6979093315905422,0.538894962977331,0.5995029096883623,0.6214333275982739,0.9946194386569768,0.9893970858732828,0.9896985576769464,0.7122419331345023,0.8347660371769405,0.43279871168022127,0.5742686716561143,0.6682055379445327,0.7162326941057469,0.8918548877760879,0.9619916067224358,0.9251260477476488,0.9906831517674618,0.8679717552274745,0.9501568629126106,0.9317935445868346,0.9433887913467436,0.9417201475316636,0.9162776885678048,0.9827162720532631,0.4758561666522837,0.948888500432794,0.9808863625767257,0.21857618178502508,0.9644002419429759,0.8464439828906833,0.9541270852227788,0.6374298430121439,0.7995741111717889,0.6722538509185035,0.8484685312258863,0.6806627460022773,0.5994510451955325,0.9492209029539267,0.9987352167724985,0.41220970104591115,0.7185082613429569,0.8120683093438781,0.9239149166718466,0.3218679364815357,0.5502890122207095,0.8573447985845016,0.4344713685199841,0.940863565091008,0.7189910727497567,0.8692055352794165,0.4336425396141104,-0.24051679445084354,0.955900444192977,0.9944205244642278,0.7180191921469155,0.36683706733062466,0.9861757424885527,0.9890347156492532,0.6602938422165066,0.9518019597590763,0.30740124241298966,0.9976407486127293,0.9027914639908593,0.8085642095061449,0.719161546754943,0.6513895396179584,0.8572157581429786,0.7078269354621392,0.5082146459124236,0.9853746739638023,0.5618946875148926,0.9896028924758906,0.5959518435884864,0.8622676925056041,0.36398458859796745,0.7641742452048537,0.9974017832408809,0.7876771557305122,0.7894878175632577,0.8506282003037305,0.6133524246055027,0.9485800712737494,0.9303290611837873,0.7179771492774278,0.09008205306854057,0.9416610036670615,0.6744437709480774,0.9529662999578902,0.8164098820046569,0.4843859480485101,0.6285443891240925,0.984368944158637,0.9465267555814684,0.6239132218567586,0.7460361231882876,0.6186981369746012,0.997907793015933,0.3353283778591908,0.07940376010119367,-0.11775432057146962,0.5406175202143089,0.9007950650461731,0.919165644603915,0.7737372067124972,0.5908392107129132,0.8589111342530859,0.4319710906094655,0.35067449133004824,0.9780822474217898,0.6838260839388366,0.7207680956298433,0.1619924173354841,0.4675501910161914,0.6838245295719017,0.9358938659850108,0.5803506825462806,0.2519765602255699,0.2547955131557819,0.6454542380250522,0.6268152895822139,0.8902433207466496,0.9981608313823191,0.8927480113994488,0.9708351769577238,0.9977043370138203,0.912227464942226,0.9869060479879667,0.9470324689371037,0.9335766208765858,0.9714083893693981,0.9604923723973859,0.9954299296739728,0.9673353908069892,0.8767493575773831,0.9330438195969755,0.9850553682329818,0.9982977935409058,1.0,0.9972281243845447,0.8872332764517379,0.9830360048031695,0.7254112063835196,0.928245557041921,0.9754557084760064,0.9960874822992731,0.6002952752124154,0.9473402070528271,0.7694407673742909,0.9589299899024053,0.6729626595840846,0.8151690149732915,0.8729600330171272,0.9467089175979869,0.9985587995801832,0.8282520393622048,0.9725229301077549,0.6170093497161326,0.5095392500902793,0.7015795294167577,0.3996540584755078,0.6953802538400683,0.9980475914839859,0.23448714401301596
UCSF-PDGM-0490,0.9868381565787965,0.9463402836665928,0.7324809395087556,0.9832573891039716,0.8458131758405498,0.9605824590359342,0.9131885125305264,0.6311608874036938,0.12464996459013662,0.9200526520677346,0.5982052909492285,0.6289427336220634,0.6606191732090773,-0.03442786876838494,0.7266471771979692,0.7534353189405735,0.676772851105327,0.5616191435140967,0.9365589654107928,0.9859886634436285,0.7073226544941761,0.539877125819352,0.5777632516068592,0.6242186309498803,0.9933832910431483,0.986189621055612,0.9853463450894214,0.7287534713869337,0.8252914777040654,0.44923129286671293,0.5720645056268691,0.6443267422876299,0.7261787933556053,0.8960938105736426,0.9562843933377706,0.9384854196200773,0.9871455430586386,0.863222690258652,0.9569151968769232,0.9386456020107633,0.9501837788950686,0.9517257758306735,0.905774285364384,0.985965123104043,0.4733428721715222,0.960275815120612,0.9834667404007493,0.22390348960188877,0.9651581370251155,0.8535133581649567,0.9508127065570524,0.6464120703735343,0.8015001225840892,0.6794287714224876,0.859911958755581,0.6758672220556802,0.6008238075661442,0.9464817669487754,0.9973927873160015,0.4152136969332464,0.7257359067608142,0.7925948162220906,0.927006036362144,0.3357209567874266,0.5701620359778785,0.8565499004338661,0.43918612468773516,0.9382833100892853,0.7342314653771247,0.8670355392952732,0.42896913447054597,-0.24862291534732955,0.9678120878541676,0.9993011710107502,0.7319774789578042,0.3314479566053953,0.991139105623705,0.992301431137325,0.6713229644891414,0.9494398772052002,0.33302396874031365,0.9992171236302598,0.90368155418045,0.8102368040906607,0.6996335170214389,0.6616317436626751,0.865105665642031,0.6864859095381991,0.5159683372060587,0.9908157246858952,0.5700132121667791,0.985956813480113,0.6011188086915217,0.8786513242129604,0.3392263161642632,0.7672087410366051,0.9956044526270711,0.7707134881084275,0.7886537915655064,0.8617610345991926,0.614855508900404,0.9484353409620667,0.9343585087655256,0.7282488055099192,0.08028806816924157,0.9382988321721852,0.6946933386986921,0.9643300764779061,0.8287887922923525,0.48412608500501497,0.6361157191368367,0.9872370223432831,0.9427621170896889,0.6328165716466051,0.7391659187399264,0.6317075786897286,0.9988311039445562,0.35050958376966257,0.07322206559730218,-0.10914814537753087,0.561370698132602,0.8993357666812215,0.9324013582610657,0.7657921834735938,0.6022159064783829,0.8456598188450852,0.4464706762445596,0.34214863780559474,0.9737770417363237,0.6926247779718722,0.7305234236718724,0.1523129993468712,0.4428806356671851,0.7002955079531156,0.9302651574089729,0.582557234405205,0.2611296870342591,0.2649839947641544,0.6491740515850107,0.6294981543315216,0.886377023458942,0.9997984364777666,0.8927716193613116,0.9622805548590916,0.9999578909900605,0.9105838265712418,0.989040085235407,0.9491189230366777,0.9209852570242425,0.9780576963265525,0.9754914697007304,0.9987786507947038,0.9784947734648811,0.8750769963213264,0.9406391858053226,0.9939914602806551,0.9997107188510119,0.9972281243845447,1.0,0.9070848171306547,0.989714133451781,0.7327169530184025,0.9485770637812511,0.9815069154202966,0.9933510664531708,0.6059395662545569,0.9605268254586817,0.7756334029055683,0.9712579314336216,0.6785397200715861,0.8335092988819389,0.8655336875213515,0.9522617971498784,0.995878329749634,0.8337728420610382,0.9698441605406161,0.6393948414132726,0.5065319465649908,0.7097050601367174,0.40185475903121953,0.7007872439548268,0.9957529936783384,0.25621815263392694
UCSF-PDGM-0492,0.9139682900855616,0.9730125010659901,0.8032578453021119,0.9592700355499816,0.8888437651575642,0.9880868377918052,0.9511015721990228,0.7369362102112833,0.12042851666247767,0.912711131859687,0.4972168771180213,0.5563011237986102,0.7228463722268934,-0.02764483158334609,0.8263614338178624,0.817000213849326,0.6789152559330941,0.5087358630034574,0.9799251448001164,0.9398107369409434,0.5943929398592225,0.4639149777597549,0.6609208617554507,0.5197441050852282,0.921149830677183,0.9221856703676026,0.9038433521519147,0.6363707079096911,0.8679809030217992,0.3838388551443897,0.4550646284706687,0.6868137249045168,0.6009858681507743,0.9468661017819472,0.9320421852936397,0.9915796162482403,0.9190451367826228,0.9054789703537175,0.9755522421675923,0.9776269070716326,0.9791319438978802,0.9847154735546124,0.8825503761577808,0.9479769679526008,0.4440969033057619,0.984973423724312,0.9446527482017679,0.19218370057009046,0.9555371227764091,0.9332931924626753,0.9361524402005174,0.5612188771864665,0.8859779454010903,0.581045489232962,0.9668396386519164,0.7888019309498988,0.5363045346674411,0.9340740062084235,0.9054437816137353,0.4123879214993487,0.5826072166814943,0.7521958903344708,0.9585508539154639,0.21881219374479424,0.6003248400936977,0.9329379756400007,0.4062166489924661,0.9212967648087266,0.6318616562185181,0.7539433687900077,0.3946514106234449,-0.16293822457984763,0.9828263887628782,0.9190904268086655,0.6245904083165759,0.43074121635620255,0.9344378352580152,0.9353198307728282,0.592842168389444,0.942273091405722,0.3075648793257223,0.9037777669378587,0.9498750684652231,0.9137176703961376,0.7629658049332502,0.5807630334737873,0.9536858644201085,0.731896473711825,0.5086844431918028,0.9257838555509044,0.5455699335444368,0.8999688991289169,0.5570477855378398,0.9753965763475305,0.43758546128538206,0.8719195176973119,0.8827591046038162,0.8156714566012724,0.8963386818735568,0.9451085049136475,0.5187339480721024,0.9553293993109592,0.9679626775420742,0.6043520786798234,0.18719256989752556,0.9275396234023705,0.6337538436281316,0.9683856707924848,0.9533688654725962,0.4508824237475074,0.5668880815504911,0.9448284420425247,0.9277966395759547,0.5427456128662991,0.8233447946767402,0.5865300596361992,0.9079086662046023,0.2247793291101291,0.12152537176637163,-0.054879721009353274,0.511138837968404,0.9007636986773095,0.9586883590172304,0.8136588084159703,0.5719849406224425,0.867296826820767,0.42997497849033633,0.3763109875303631,0.9167556759441386,0.5610343072596343,0.6021433058760749,0.18442742909343446,0.5712360041688097,0.6293708111029882,0.9146202409968653,0.5383811225569621,0.26987640849013217,0.25732721349658716,0.5375238573194935,0.5241120266853443,0.9139621608175392,0.9001130001152603,0.7917270129075072,0.8261249133283478,0.9039434654344216,0.9132981864182415,0.9439099472366476,0.964296217992314,0.8370355547852716,0.9650359886111559,0.9575884066664152,0.9130914161071892,0.9727160600660489,0.9323649307783509,0.9702483993926331,0.9386473396280269,0.8986894437151367,0.8872332764517379,0.9070848171306547,1.0,0.9537634664105449,0.5867760897455288,0.9667321535653925,0.9610623541947416,0.9023719842592859,0.5531216272609796,0.9872003019819942,0.8639121680582175,0.9808543070689388,0.5779195652816789,0.9764565481249714,0.8829434866376297,0.9565899574283768,0.8854368512535018,0.917580966279678,0.9197469845761082,0.6192848774966329,0.45992771306335245,0.5972665081476628,0.3761588352916503,0.5675424177297231,0.8837390167207911,0.21262799395932916
UCSF-PDGM-0497,0.9818218031999287,0.9739634639848372,0.7744477033306468,0.9961541372257198,0.8784026275491101,0.9878085273281312,0.9399794402157499,0.6858745533211309,0.12383875113555823,0.9464188685493751,0.5764195427155366,0.6202147157135913,0.7073551752606569,-0.017881674943368373,0.7725905382251383,0.7859689005329953,0.6860502748978045,0.5497757462844267,0.9731734336498724,0.9913814207552383,0.6788640826288151,0.5310699505548521,0.6364880462443905,0.5937903258971169,0.99154472961331,0.9864088088776441,0.9793707228570698,0.7082523533500507,0.8587694092228169,0.4349955844563857,0.5497401779783603,0.6756672040640882,0.6961254185401189,0.9265004878579115,0.9721539000076107,0.9745929185549256,0.9857681769350467,0.8935529703480198,0.9823041989896402,0.9705955482405508,0.9801260948203674,0.9807353782840269,0.9247130089155703,0.9945560188287036,0.4796144227712555,0.9862479426399899,0.991743838271192,0.21180562408334133,0.9842069691588714,0.9018875748803539,0.9662817824482506,0.6240352143501577,0.8375217881059951,0.6609107709960221,0.9070567159619952,0.7433434367483451,0.5885492568513431,0.9619418542068275,0.9894636128265554,0.41726188936554026,0.6889943446869298,0.7957203606649871,0.9549466990340072,0.305886764576302,0.5877802419274172,0.9088607125634443,0.4435571409407836,0.9466637838939221,0.7107436948313702,0.8491683436158695,0.41743635729778966,-0.2213655571981263,0.991722949650565,0.9931476357107938,0.7073197088685474,0.38716737598280243,0.9944674398318333,0.9957996310122954,0.6526272772542734,0.9677154373661976,0.32988398036960986,0.9895691172548036,0.934122578367642,0.8571827101773323,0.7523143436422227,0.6505203746297399,0.9069204031613576,0.7168381037063479,0.5307031956875317,0.9912702876824016,0.5650221773641557,0.9845902550078756,0.5941661677756844,0.925508174300576,0.37563035681482704,0.805871619035412,0.9788411655058226,0.8085653142026238,0.8376742371378961,0.8983586857665246,0.5902166264857678,0.9713614477257233,0.9619594248983742,0.6990799667929852,0.12469054903955695,0.9515994343290025,0.6851413245969865,0.9888699040291596,0.8791919583788601,0.4851046053734976,0.6210867491028926,0.9923158239499277,0.957795550500963,0.616933850266449,0.7749835714554709,0.6263603662600832,0.9908960031557588,0.3180581894430296,0.08860080482676774,-0.0901841655945072,0.5501086015226199,0.9147090798742503,0.9672412489469312,0.8043843495716744,0.6031768742293099,0.8817024015573457,0.4541495733243146,0.361969404239231,0.9744468524453146,0.6559749243510312,0.6990962180821093,0.1664498873980672,0.5025239633392314,0.6909949667767439,0.9443668865192651,0.5807357311929059,0.2661546464543115,0.26399997724956337,0.6172578870558462,0.5997341294692126,0.9106273609550862,0.9872989299945667,0.8793975868923076,0.939125762155061,0.9886596838983958,0.9255648054013755,0.9950611184610946,0.9740536091099223,0.9153159574593058,0.9945381340357005,0.9891969450576049,0.9924817085340886,0.996737738040579,0.9131981873252261,0.9645607460501111,0.9958472199327622,0.986773478252351,0.9830360048031695,0.989714133451781,0.9537634664105449,1.0,0.6966187369692998,0.9737565655600422,0.9950147881949344,0.9841462861161396,0.5978361900910126,0.9885239022564354,0.8172296977061045,0.9933767552228085,0.6571983138112207,0.8929640734055165,0.8877996632540526,0.9723130167518632,0.9813336224759891,0.8685985380737704,0.9692442511686123,0.638373146696102,0.5096858574547104,0.6835462092035213,0.40457645806710774,0.6660397944573276,0.9809531980492372,0.23511568156173399
UCSF-PDGM-0500,0.6904599053960729,0.633682351584553,0.29367443412790384,0.6722191677634186,0.4959905553273901,0.653810619121118,0.5781942778019037,0.23691976143663757,0.11277170328015118,0.5731679730877334,0.5959677478028692,0.6307825649014218,0.3101788030240786,-0.025596865004149445,0.3975941587345424,0.391340356415117,0.6532175916883033,0.882401762438243,0.5925012280477171,0.6849948092478483,0.9862244462784702,0.903449505425934,0.23585999423250395,0.9313015085787282,0.6977079783341446,0.683246753359737,0.6957487185724571,0.9872107442253218,0.5024314484296736,0.4406411054434308,0.5834863979856664,0.30904343548716395,0.9974615551853727,0.5691877846262352,0.6300459480117151,0.6083113337808269,0.6857056117174088,0.5070582435603516,0.6351003721370707,0.6033848071488547,0.6142169677364289,0.6212315217216544,0.5582952791251492,0.6910987955972225,0.48340072789982014,0.6483151527248884,0.6772623316578166,0.21730570742466745,0.6458897307739498,0.4997819552326971,0.6296479450378147,0.9447401687949321,0.4719109955059879,0.6806263985049195,0.5089808084724536,0.3016009556804742,0.9242807733900608,0.6304198203416891,0.7192520833891808,0.7597260277230627,0.7250461150641703,0.4497573405450067,0.570462526446727,0.33155056449465925,0.5522536875357761,0.4718410447757486,0.4400951254005883,0.6115831746802861,0.9917716955940739,0.6021362395135775,0.7767631858562333,-0.24733898121332187,0.6621070102344492,0.7284378333617029,0.7260034186222086,-0.03221999094622683,0.6988344988669128,0.697022514208889,0.9618304799067111,0.6244705873313608,0.3124459978326405,0.7293163073018637,0.5608522974972854,0.4452691901175791,0.29564618984383817,0.6606933053531079,0.5344961078545447,0.2887250757628973,0.5117662192871417,0.704505482248348,0.8943540530740487,0.7016739468628287,0.923714277157199,0.5323385170130233,-0.021095507943271755,0.4228587109838615,0.7254988971518291,0.4296320675514878,0.4445884826874767,0.5251732937924317,0.9338932117987931,0.614510281546613,0.595522333103835,0.9979872245690312,0.07644727195199204,0.6177894205734037,0.6789516262678232,0.6556155854454616,0.4662816631089295,0.8139964673920712,0.949293616538343,0.6834591950083795,0.6281031781231128,0.6347219834074224,0.4065164201787295,0.6228780138185073,0.7215504041972441,0.3507532890953316,0.07160278442164594,0.39769517190887194,0.9043024798472173,0.5504170577452944,0.6211013930708316,0.32704272534996537,0.5987221565695293,0.5161369294828833,0.4378462892352952,0.6503003159226561,0.6714682322571373,0.9808920139088878,0.7296781568041543,0.169461991594401,0.04743077018110244,0.976395232030591,0.6158989911498098,0.585856426442027,0.2436773059908102,0.2481857975979489,0.9447578464039755,0.9320394744036821,0.5578215195874392,0.7345926506359005,0.619301552630064,0.6789502992216435,0.7336109627343718,0.5990925091958422,0.6827220482357531,0.6098350710450217,0.6081230726242054,0.6745854542148394,0.6907797809423456,0.7267037944441922,0.6820520190243256,0.5136835209725445,0.6093790520787697,0.7172831140832048,0.7349289406480526,0.7254112063835196,0.7327169530184025,0.5867760897455288,0.6966187369692998,1.0,0.6617685605676783,0.6837292382195268,0.7087118271517413,0.6074910322547306,0.6526877366581723,0.427930270439782,0.6682697110740845,0.9825688650448023,0.4947510963925102,0.5511840237888853,0.62276743944191,0.7202201917105733,0.48705143363097797,0.6610400642216343,0.9272336751989021,0.8756821289020957,0.7090373550271694,0.8093740154395095,0.9871673875187438,0.7221345807261351,0.6408046054387918
UCSF-PDGM-0501,0.9226014803428327,0.9899498200191805,0.774850312862795,0.9714681372223423,0.831985204588486,0.9841656851579733,0.8903270427239688,0.6388128178706466,0.17507032749544094,0.8811623086331953,0.5660052598326907,0.5948526381883278,0.6140711246353794,-0.07170291862387276,0.6854278079604532,0.7804710117263488,0.7128582102786808,0.5105516601383413,0.9648081638950838,0.9479531833083171,0.6587245197246939,0.5228577083383948,0.5492977671365789,0.5611603367377992,0.9440397579057985,0.9289979067269065,0.915366376042316,0.705654060537792,0.7685286921026487,0.4402878492757313,0.515324067172372,0.589197845433072,0.6735199870476831,0.8739546134339562,0.907987616247099,0.9774547201907703,0.9277553421166281,0.8404450131299706,0.955646923487455,0.9449430954294703,0.9565594830187594,0.969731078204851,0.8584947597514084,0.9495462367449591,0.41188504155487604,0.9674485965656807,0.9489414042952315,0.20031641756827784,0.9390044757333496,0.9155068802635332,0.9016312063013691,0.612681375689398,0.7749708019904639,0.6265601346642913,0.8940405688870874,0.7201544564922929,0.5420688060449937,0.8979293832135071,0.9366407764727992,0.40635808021503694,0.6599717970450344,0.7318894587481598,0.9321354630326716,0.34142843685373847,0.5961308078423893,0.8938336239179667,0.39289468891015433,0.8843283926742216,0.7014991802100707,0.8185365542751587,0.3698748776010197,-0.24313481338958043,0.9769574830117059,0.9597260793177546,0.6944716759917263,0.31132738924826964,0.9728181651551101,0.9666860044815709,0.642797451983946,0.9078426755090374,0.38799683509213384,0.9470456668623725,0.8825989525298971,0.8214648683213495,0.6643929396021767,0.6328795537600492,0.8658426882502189,0.6528536323080149,0.5262268771749439,0.9728175956566367,0.541328645851444,0.9281914304506419,0.5507421447008336,0.9483740158483454,0.31371341694869026,0.7578846084070053,0.9302261450640824,0.705202242060009,0.7758307534540977,0.8753427982460611,0.5535009230098411,0.9218058840048002,0.9242464048776846,0.6759342625479009,0.09384196029402449,0.8831009254958584,0.7034947710640911,0.9849086773703843,0.8786280154993206,0.4137051732173595,0.5996315407555823,0.954427716621046,0.8889568014096938,0.587312399871954,0.6892694554453425,0.6080621762567486,0.9499760838385906,0.33683468425544555,0.0574717573777578,-0.08056726092870087,0.5742032459721896,0.8869915631318829,0.9821288375254604,0.7529932583298122,0.5808904181829599,0.7927061200200319,0.47791779851467925,0.28593781901068993,0.9076583451391986,0.6344826244919353,0.6715703477699639,0.10040830565266294,0.4496444441516858,0.6936719410560586,0.8682103454932996,0.5162375409823664,0.26754940146645756,0.2704986534284463,0.5899335052732559,0.5734014918760032,0.8368788413913355,0.9420414062309783,0.8547590829526835,0.8881889609730192,0.9456371504706066,0.8506545520340991,0.9585259825493911,0.9349306959338609,0.8610774805925017,0.9649050223679526,0.9945304544069562,0.9567193425235867,0.9818313374505099,0.8749161911333692,0.9355666205803485,0.9774667894067318,0.9407022107260639,0.928245557041921,0.9485770637812511,0.9667321535653925,0.9737565655600422,0.6617685605676783,1.0,0.9587889158940757,0.9288530595931004,0.5441258417435871,0.9793936978666572,0.7932895107754153,0.9811574308617963,0.6226426315169413,0.8968168299516027,0.797570827048093,0.9564146455730275,0.9325579743551392,0.8314872986273103,0.9067710775345497,0.6676244870634082,0.45919648717592854,0.6420417739114281,0.3483902522160712,0.6357731582259414,0.9339403705167456,0.27411479619222223
UCSF-PDGM-0503,0.9863666907604427,0.9660015682905124,0.7733288680567488,0.9932156928490548,0.9035862400919707,0.9883802676368237,0.9641625638762349,0.7143191018937236,0.09794747328749483,0.9547036427423408,0.5607837113227627,0.6095400667635548,0.7316475779737462,0.0051539663382031645,0.8256779783109002,0.7958254852506144,0.6794680519553801,0.565356701715947,0.9741767917177042,0.9944381903066386,0.6697393645988745,0.5135445793093995,0.6587402496179803,0.5944802280760223,0.988614627140639,0.9897427221347752,0.9842293057044645,0.6943932506842914,0.9004637567389958,0.42434366263015594,0.529015563974367,0.7183652630720342,0.6825421393099088,0.9534841050036726,0.9827883411882087,0.9757697654161606,0.9885591688452681,0.9206974763940974,0.9916881161143424,0.9827411158249649,0.9853827951630636,0.9837820231369492,0.9262654557118281,0.998823575534502,0.49518994165736235,0.9930546383890543,0.9913143926471849,0.21744259158369672,0.9935586172386375,0.9026880497003257,0.9833771069800269,0.6187212924489564,0.8754997253744795,0.654213115142442,0.9271569379128431,0.7456909918571559,0.6016124615034985,0.9817307391507789,0.9846998136435481,0.43173222457428534,0.6762734518126362,0.8097429109808586,0.9621760106732771,0.2656891080879498,0.5909374637903573,0.9105617896228718,0.4612698517986003,0.9624158216310955,0.6975256619267434,0.8356777949280487,0.44043321779797684,-0.1977457149040322,0.9946027596850965,0.9841434020309803,0.6938903263783324,0.4082833050128769,0.9832799971628297,0.9878809383143147,0.647316084521654,0.984233476772864,0.3045668344235695,0.9794031738327683,0.9585509820117739,0.8902763312446743,0.7802473807450545,0.6366328376229219,0.9379853726495987,0.7381654962075799,0.5200042464512833,0.9769180733982566,0.5791605987838236,0.977039345254193,0.6098661181670081,0.9300615686553261,0.40345722398527734,0.8421100076141993,0.970096377098719,0.8459128400991981,0.8804824793806029,0.917598420762487,0.5924088977285226,0.9844709558090851,0.9772440739141774,0.6858694314538962,0.15091560416044553,0.9738331708044622,0.6672980889916525,0.9784819092103679,0.9005690742646039,0.5179215975134017,0.6220907249040584,0.9936755764698889,0.9787539608667173,0.6085366145993096,0.8240541374429734,0.6280333204309629,0.9810609309027326,0.2839878096894198,0.11017481429014706,-0.08518232281778353,0.5392478067869183,0.9225191280795896,0.9495185321087067,0.8293228945528078,0.602629884746935,0.9093699783618551,0.4317090769655801,0.4106723603707143,0.9858805211107263,0.6453785204738639,0.6872933936258201,0.1860202357809301,0.5273811175505887,0.6740276222835537,0.9690291962485941,0.5998413121134337,0.27889284200149445,0.27110110345046706,0.6133679819110154,0.5963236387475929,0.9436945202429721,0.979524543072923,0.8650832665287209,0.9252453094832881,0.9806498967856213,0.9533830389801439,0.9929468341653721,0.983078811026445,0.9143623310449627,0.9982127140801885,0.9763570160902454,0.9813234868843322,0.9952098727347033,0.9341264018300768,0.9774222235071367,0.9853385869039126,0.9790851696968428,0.9754557084760064,0.9815069154202966,0.9610623541947416,0.9950147881949344,0.6837292382195268,0.9587889158940757,1.0,0.9827114654216879,0.6110517193253803,0.9913902527595159,0.8268220966008416,0.9939451075206667,0.6540242664988446,0.9130869577735726,0.92619672753364,0.9743499220928676,0.9710952989605532,0.8949620584080192,0.9802643013354596,0.6282055431087229,0.5130318769690427,0.683321067866506,0.4254706333906442,0.6552490795900211,0.9695640827572919,0.2279779628041614
UCSF-PDGM-0505,0.9968409851765475,0.9410708431425132,0.764524856268959,0.9846539134239256,0.8909481574336318,0.954132673103825,0.9350459337428613,0.6969483061489039,0.08958825787569148,0.9390537753627746,0.5621099262713397,0.600457096749213,0.6908044753139218,-0.012617085695288,0.7727909686458156,0.8002631317645722,0.6481508453376059,0.5765121994239121,0.9431113762299383,0.99411361311089,0.6914133908086667,0.5320708575782146,0.6070156771008811,0.6239946764349851,0.9981518580122395,0.996239340249187,0.9976112482113122,0.7008623692964472,0.8655881991438383,0.41811090326561523,0.5435556103585778,0.7229850793825918,0.701672717698664,0.9120393697223093,0.9725750005195365,0.9387327932534868,0.996473714093138,0.9045042490886688,0.9669733276954358,0.9519532108152009,0.9550429021131974,0.9549902075957859,0.9163077737491124,0.9880786477723783,0.4686613250114977,0.9599854461813948,0.9819255605585395,0.22858418503965824,0.9782639110100727,0.8755336600427229,0.970230574826805,0.6392967503144785,0.8245525812675465,0.6576412235654071,0.8739668373745351,0.6884908704853829,0.6108128816864823,0.9682860311932174,0.9967683763293789,0.43987864295046347,0.7071154690918674,0.849909623125631,0.9452137818163071,0.2891878464183944,0.5540896731787777,0.8747380310235033,0.43512491888206406,0.9553176561845439,0.7063257160055273,0.8630539078262581,0.4589862597986745,-0.21911436234002354,0.9646136766089255,0.9911022773965562,0.704148446218359,0.39753119785610774,0.9870904502431482,0.9914551331313717,0.6604719209221058,0.9690636739143605,0.29130360956913315,0.9916333075942909,0.9253469162811985,0.850041708375299,0.7422180920971929,0.6317498327124581,0.8822423661997834,0.7466426248625073,0.49549382185237334,0.9841875063661379,0.5787387596117239,0.9829032853434506,0.6068631341277163,0.8876904648703943,0.4014663351789162,0.7939563343771288,0.9962398690414002,0.8106263713189495,0.8247268656860447,0.8689994737514318,0.6162102041488486,0.9644347611424456,0.9488234980620304,0.7033457558244613,0.11891731408707004,0.9616950428792612,0.6637742127015812,0.9510938159991835,0.8503739545922543,0.5037766229886923,0.6335882768093742,0.9930544347438924,0.9656723827684326,0.6036125176547467,0.7809617235855076,0.6178756173851727,0.9944434144674749,0.2986002272701324,0.10266216180288015,-0.11879801350501142,0.5392571827411389,0.9267902262747026,0.9145742480876522,0.810351998976358,0.5794792027997706,0.8794380416286477,0.41308390232611275,0.3906284902124279,0.9901057519029968,0.6754886184569995,0.7053078898145325,0.15569983714329766,0.5088058504806307,0.6691818511817099,0.9572145209398244,0.5818073552311167,0.274188584880601,0.27176486016289414,0.6451179398104177,0.6281871903422714,0.9176147328600343,0.9939858595115134,0.8874286763903998,0.9728315594507003,0.9936909125545625,0.9307020648777479,0.9926907172522544,0.9604525430892352,0.9531986220639541,0.9813960357085632,0.959748320208603,0.9897112405255937,0.9728138707198866,0.9103442034973752,0.9510727476378887,0.9828300601008528,0.9940640301542846,0.9960874822992731,0.9933510664531708,0.9023719842592859,0.9841462861161396,0.7087118271517413,0.9288530595931004,0.9827114654216879,1.0,0.599266648922834,0.9572561428425532,0.774567336670912,0.9661925978235992,0.6682113334023703,0.8376111589337264,0.899614395569851,0.9641693064282985,0.9956038548431264,0.8534230808302098,0.9842849611407157,0.6186034779283155,0.5049188096429901,0.695600636727805,0.40706316627111794,0.6844048507394567,0.9947784945050498,0.236768845636786
UCSF-PDGM-0509,0.604388859023539,0.5287379206290589,0.24396063102585647,0.5789993236932252,0.47813105952439866,0.5832893219468841,0.5853150573173715,0.2982079725172465,0.5940226161990856,0.5541477648940439,0.9009273127768915,0.9401016305839429,0.4333186716609302,0.5605323075457662,0.5163514672097645,0.35794273022036294,0.9139521523553991,0.4953206889776224,0.5402567291963892,0.595658727318623,0.5729837301497291,0.42646950550370183,0.36561986229932864,0.5015265284815602,0.5936163785298478,0.5999820810488959,0.6062887788557895,0.5913275162666572,0.559647325406256,0.8229317862679127,0.8482307711299389,0.3512567065830755,0.5943819699851987,0.598851021004402,0.5907229952717955,0.5492514179489076,0.5967484823999384,0.5095646569614888,0.5815079396798636,0.5727304775577003,0.5755377840239153,0.5665330422456878,0.5402535076845872,0.6163608052527788,0.9417561200388563,0.59771486580154,0.6067712470595557,0.7801580765732392,0.5913994560577519,0.44435688555929986,0.602941727026545,0.5116701792696502,0.5604294547450405,0.9578116863330765,0.5406727579182191,0.37244725984071086,0.5536159734489845,0.5980430619454787,0.6073350010861569,0.34806425291352583,0.9117066252232686,0.38833691603884113,0.52817294162958,0.5962293451023616,0.9556521425613269,0.45884813827809845,0.9033727239359568,0.5921388518762222,0.6005079664579028,0.4536928345497533,0.4075059754505921,0.453478133899643,0.5949347390838025,0.6021562053825784,0.9210057059135783,0.10720644120383362,0.5737612526880388,0.5804687800354109,0.5425801411696681,0.5979196620248615,0.6599711130770026,0.6035636517781657,0.5730062531280496,0.484842231102201,0.37790144452541774,0.9400368648631066,0.5807449435838422,0.32910812928512995,0.9127130308131333,0.5688548408572072,0.5241478621261061,0.6051768630945582,0.5796194888825316,0.48306955587658734,0.11369962738472514,0.5129066425961742,0.5885348729412335,0.5272729396542178,0.5357932368521517,0.5617531340456349,0.50882710269196,0.5908065721730452,0.5800947611636369,0.6004774479161604,0.6887900362566476,0.6008604412916172,0.8931435064387035,0.5651639146552417,0.48808169396354456,0.5184996031018773,0.5418628004861842,0.5938241124907508,0.6040682315375107,0.9424793525337603,0.5235500888807506,0.9761763711010247,0.594243460623747,0.6286298239493425,0.7306874601634711,-0.06452078728266301,0.39909066367548207,0.4667866268211271,0.5227761289027777,0.3132874753204165,0.9735199106931957,0.5602213532502102,0.8384453328473961,0.43632649242731847,0.6054310304261651,0.5392590838973069,0.9259668558622777,0.7401732463621333,0.17536027312507219,0.583831673714585,0.6014235436965358,0.9902574272694499,0.7547760686100735,0.7435827477575203,0.5118793619515014,0.4946520682699299,0.5862328914431966,0.6076221205325255,0.47043937011348536,0.5189779391996537,0.6067389508709726,0.6192704715856863,0.5892851039991848,0.5806660713604695,0.49243700986971545,0.6004435933752611,0.5677031681488229,0.5997839124176425,0.5947413322375072,0.5119830399399319,0.5838885152403822,0.5924597863271424,0.6079262365303686,0.6002952752124154,0.6059395662545569,0.5531216272609796,0.5978361900910126,0.6074910322547306,0.5441258417435871,0.6110517193253803,0.599266648922834,1.0,0.5870657619103192,0.4865484075426979,0.592943830674824,0.587181754653742,0.5349682618010057,0.5894352531433467,0.5316319687063321,0.5844277299981647,0.539490978208452,0.6035253634058789,0.5058490081781513,0.525207322217683,0.6286548344172342,0.45257645530043683,0.564542618151034,0.5844776742362704,0.06810676812257895
UCSF-PDGM-0510,0.9620050893459609,0.984618142051881,0.7959563948172534,0.9895124994953913,0.9013251240625224,0.9991433318745224,0.9594548226884971,0.7239499847468529,0.11839321260345145,0.940143733235488,0.544098909541453,0.5929034678746375,0.7173606564833269,-0.014083965299492258,0.8141939803014626,0.8141117974926134,0.6931146718076849,0.5446615283467244,0.9875868820747316,0.9799112527650059,0.6486153977196931,0.504237401580508,0.649542034421753,0.5685387673931158,0.9692571323825576,0.9677605970247627,0.9567936894595894,0.6831010950362688,0.8800748163004376,0.41684893823483377,0.5019638483092597,0.7006167773320451,0.6590445265484575,0.9489973587616872,0.9646476019155095,0.9936143084258151,0.9655052564122698,0.9161424220761496,0.9929267918463708,0.9879727846928129,0.9904071273988229,0.9937162958887148,0.9095800445551432,0.9845893496473617,0.46905100137385564,0.9977741156314801,0.9787450802226496,0.21068586056846833,0.9841023341900528,0.9303477204868137,0.965733232578754,0.604475082740112,0.8717195803500373,0.6303205817980718,0.9470103456129798,0.7668603756546114,0.5777625626284265,0.96389607858244,0.9599590813122236,0.42930308798594063,0.6478692972967872,0.7903049929540769,0.9684846815093012,0.26209441494910185,0.6031299636568647,0.9283887717055948,0.43887294173736124,0.9454728610460204,0.6822542037073722,0.8118345317764636,0.41955049970814956,-0.1908933875764695,0.9993992605778047,0.9679748154928712,0.6765490291465017,0.40787712455775926,0.9760075704533343,0.977711994025912,0.6347823247775896,0.9696790390978237,0.3224568528740375,0.9579671827634612,0.9543035478259744,0.9006430237328059,0.7680602824622421,0.6220991489968641,0.9428441375527483,0.7332763532697963,0.5223815458493429,0.969633713285938,0.5695074744101079,0.9528849365333826,0.5903688036509168,0.9618109995914695,0.40592652711020366,0.8472465627742505,0.9438251789869234,0.8232438077390061,0.8806859581947628,0.9298880995518325,0.5666224749422771,0.9764524700382192,0.9770000660253358,0.6624609556871169,0.160858876920188,0.9547330546707943,0.6686978741962731,0.9868185081357167,0.9274526626895059,0.48824973336515604,0.6070728229551381,0.9819469055956813,0.9589389862376771,0.5867906385393443,0.8114081940007138,0.6183552696684766,0.9610914639694585,0.2723264253136537,0.11013875145867043,-0.07259221676029111,0.5421498910541085,0.9211645442207897,0.9687496553502885,0.8265064357082808,0.5935980883543011,0.8889733190140269,0.442537948729141,0.3891273739706379,0.9606961024044678,0.6202112953843568,0.6611867546474482,0.1705165825512002,0.539697069040765,0.6689219407373576,0.9461694898198009,0.5724514302631011,0.2819637584005915,0.27330643277679595,0.5886187458276986,0.5729301192002436,0.9278746632262932,0.9559721832621906,0.8459013043751766,0.8957373954382273,0.9584930062551703,0.9334699809356434,0.9818101812749592,0.9804222837132892,0.8919713798196108,0.9936986874691844,0.9836834653895438,0.9638889635419176,0.9969262098852854,0.9381889307061515,0.9796995790495764,0.9785313423246992,0.955024590504563,0.9473402070528271,0.9605268254586817,0.9872003019819942,0.9885239022564354,0.6526877366581723,0.9793936978666572,0.9913902527595159,0.9572561428425532,0.5870657619103192,1.0,0.840963687483138,0.9989329519311204,0.6299299213502787,0.9434513560393577,0.9018157440085808,0.9778133730135946,0.9454289610085798,0.9019584120540173,0.9579347644986582,0.639227825346832,0.49300539240477,0.6546622885737644,0.40409011518655275,0.6271659742645866,0.9444847690567231,0.23314423421103875
UCSF-PDGM-0512,0.8040933078972724,0.7938647163076192,0.74813041703069,0.8268788740484256,0.7338986942913406,0.8479835467455085,0.8816752432818155,0.7002646958691122,0.08256145817126755,0.8735426884339743,0.34521438106092656,0.4695266116387496,0.8977194474562448,-0.1320612760725805,0.8166331636476442,0.712359272595206,0.47813508298936547,0.30535768282681475,0.8578729154100203,0.7988060714842087,0.40157651591916155,0.3020441063682364,0.8355224071669505,0.33188112371346956,0.7972742498978933,0.8128577241335205,0.7792565197887223,0.44280165815801914,0.798042087791893,0.18841484428426028,0.39729948661014786,0.5762071167064556,0.4296375947248235,0.9080463928602054,0.8515512461284275,0.8584995352923854,0.8089999413853562,0.7960099314138878,0.8343802284569709,0.8561682131949284,0.8935207276974897,0.8715974097521145,0.9237744590115858,0.8245399486420911,0.44837863020855667,0.862837037292089,0.8694668924310145,0.09538266099655841,0.8277245220915547,0.7612422446628919,0.8470019898206033,0.35264199477959574,0.9246905931305375,0.4514984332925383,0.9239802584116518,0.9039355401930133,0.36252895290984355,0.8178938361260646,0.7858705455644822,0.1889156355966183,0.40299069459748954,0.6367313971803056,0.8652501780448142,0.04603680697357399,0.5011846458994258,0.8767723324975213,0.24562128992210655,0.8943007571565437,0.44542149032315675,0.618548596691434,0.25562798075043264,-0.07388284125084865,0.8450128265517557,0.7819152363759563,0.44485848354486446,0.6182700461733887,0.7873046077991908,0.7916871443555502,0.3847303525632874,0.8478569313245617,0.08711477418013942,0.7834903592542019,0.8948995611632353,0.8202530816577838,0.8043339414962553,0.46605817873063393,0.9008109896759852,0.7830126774271211,0.4444342883592795,0.7768931886614591,0.3771911885094945,0.808294602129442,0.41152390734478855,0.8187379964216894,0.671807382872989,0.9283849489482701,0.7479692704738176,0.8614616525820954,0.8681502316829319,0.9537610342284337,0.3313489288022607,0.8760942112647359,0.8939678276199384,0.43358492171063007,0.2210084977442802,0.8454700461467183,0.42672224223973776,0.8557626387986437,0.8771507186849561,0.27604290854632346,0.376153195857116,0.8164052174747549,0.8208084537798045,0.4291709294611961,0.8693350160627543,0.44334660443521995,0.77953091378368,0.0726475120541801,0.16775119398808572,-0.03825990277470928,0.249065437630218,0.755732287193205,0.8343142396949766,0.672427037670307,0.5085301466856343,0.8137405903985307,0.3716278019689011,0.2289280171894013,0.8052252560882638,0.36156697448715935,0.43719987037702956,0.433893920547622,0.7363403101365096,0.45714013458782415,0.814130877355053,0.45005190824910657,0.05864290801201096,0.04613352697992385,0.3468628962655888,0.33265161376905494,0.8526378863288611,0.7718118002805371,0.6491122274641024,0.6830002665859808,0.7739253976191393,0.8802949663433747,0.8226687991424294,0.8966245479880491,0.6841173485749147,0.8195413368798282,0.7937345300667017,0.7857321026605475,0.82242334529257,0.8201320528040538,0.8889997672312644,0.7909555883623518,0.7710181652494927,0.7694407673742909,0.7756334029055683,0.8639121680582175,0.8172296977061045,0.427930270439782,0.7932895107754153,0.8268220966008416,0.774567336670912,0.4865484075426979,0.840963687483138,1.0,0.8408072026466202,0.4114447370760039,0.9181455345651378,0.8200727698080091,0.7916192571489474,0.7594484629966287,0.9399175242741451,0.8428442734730186,0.3965384424494008,0.4087234916348874,0.43526048920914734,0.29319690110439317,0.3962852959539569,0.7556728490254921,-0.07012527066358333
UCSF-PDGM-0514,0.9695318205847743,0.9839906408426279,0.78941838278869,0.993180286338654,0.892291078239395,0.9989275472343871,0.9565956100852803,0.7085056709201626,0.12324166403118436,0.9393249893517187,0.5554762709069082,0.6019744708060845,0.7118097453040058,-0.025689231236197353,0.8013987801737117,0.807419005638081,0.6953398080795591,0.5459140507497503,0.9842870245761122,0.9841670951326801,0.6603193212713385,0.5101304979313859,0.639663999054356,0.5781318483987535,0.976703560338222,0.9740119689846113,0.9638741772926421,0.6942228129687069,0.8712142697464508,0.42307355944028396,0.515572248424132,0.6869390879001225,0.6728446380459947,0.945917124816711,0.966167908190245,0.9906680651269216,0.9722452109097937,0.9092597882207133,0.991093519059856,0.9843322582583386,0.9894641754286142,0.9928786974909732,0.9137882831299413,0.9887163904438324,0.4702463840064748,0.9973103938605272,0.9848647477849554,0.2131263581795558,0.9840146098093081,0.9209802401830948,0.9662706374791055,0.6127954257796294,0.866874925773816,0.6405669770561783,0.9402618679504328,0.7573026316870086,0.5807969240343804,0.9632047985134551,0.9695775205425723,0.42469198006012704,0.6627070431174463,0.7898478535338249,0.9668544102658247,0.27514098093530376,0.6027865292186617,0.9209994692936888,0.43632350060841774,0.9499131697711277,0.6942878868157174,0.8236786418590818,0.419629952947549,-0.20260775214773935,0.9996693160610787,0.9776958893194377,0.6890245985384251,0.39589416028612545,0.9829572098377638,0.9841544802278135,0.64258806584287,0.9693535179248859,0.32593384709489187,0.9690620425629063,0.950747048746067,0.8890238401410062,0.756195822639478,0.6317957024616505,0.9356904065531948,0.7280863301480812,0.5243063200207998,0.9777650825958278,0.570793516997487,0.9618123272115678,0.5928931285243204,0.9541749873377487,0.3998532364893113,0.8420130780267701,0.9556730843265028,0.8161511685774928,0.8690825674049197,0.9277379119125082,0.5743255589125174,0.9759558384251146,0.9754074717392143,0.6760480319218886,0.1462348908129755,0.9551813140247388,0.6769665006684512,0.989291210832988,0.9181847818487177,0.4837524848365757,0.6129004925562479,0.9870424258887898,0.9583627394592295,0.5967614320810806,0.8037585805939813,0.6234015680809466,0.9713016647547882,0.28635691931825374,0.10460356264583363,-0.07842370562278624,0.5468264949195841,0.9205093101941862,0.9690903335305961,0.8153604080546444,0.5993736450851411,0.8818114031589939,0.4471610496845866,0.37568516862063883,0.965407432033419,0.6339380311178751,0.6753873686055073,0.17240846421578307,0.5261561576366434,0.6779331840973193,0.9452316153742361,0.5746898549503374,0.27603295748595774,0.2698085223743551,0.5994228496612083,0.5827498247114339,0.9239565054523745,0.967239610687618,0.8568398158929401,0.9086319565452756,0.9694697945898311,0.9342183718517698,0.9873414883315773,0.9805004413227276,0.8969567427180026,0.9951904347199676,0.9883902058019689,0.9741438441878295,0.9989817622972913,0.9302951856949283,0.9795336336593531,0.9862622123809408,0.9663976783545073,0.9589299899024053,0.9712579314336216,0.9808543070689388,0.9933767552228085,0.6682697110740845,0.9811574308617963,0.9939451075206667,0.9661925978235992,0.592943830674824,0.9989329519311204,0.8408072026466202,1.0,0.6391293658445206,0.9334383004774023,0.8972526866225234,0.9773912014102017,0.9571324280315374,0.898925144710767,0.9641896032865376,0.6431477925496623,0.495605412210001,0.665494486806669,0.4028691558938532,0.6411283301659063,0.9563631089787732,0.23644958582167325
UCSF-PDGM-0516,0.6555838070155963,0.6108494141801256,0.3104704360015323,0.6420106360778132,0.5295903693677846,0.6274607187775458,0.5786007539389494,0.3053218744178807,0.07509089676188566,0.5645441387105861,0.5350202581656738,0.5900143182353211,0.32599634434155983,0.006488965788823968,0.4401291644829463,0.4297935561361122,0.6261646219159309,0.9448167035089903,0.5831132656335497,0.6568049923956512,0.9906069829443707,0.94695786904216,0.2616445913996267,0.9609865527858309,0.659673008962636,0.6515559456261566,0.6629588732394672,0.9798698936701138,0.5281287370125956,0.39241680107358895,0.5364003636310964,0.38145171897846214,0.9869127306051014,0.5654293131017791,0.6138198125122342,0.5949292515114905,0.6526461360835685,0.5316541934529241,0.6236823763195043,0.5985188242140099,0.5974658504674163,0.6044056490601293,0.5336392285864013,0.6578682316555008,0.47800622715482666,0.6261944080818062,0.6377387784459551,0.21183391309628574,0.6312165629606874,0.5200464351089149,0.6178250340133451,0.9711355528273095,0.48040660689969905,0.638802026064789,0.5163102452331808,0.31506019862967954,0.9766979303648832,0.6232152230244099,0.6713691048157339,0.8518169561471526,0.6736652742436267,0.4754600446753999,0.5672347795277258,0.257916700408843,0.5447019735813294,0.48247179906917903,0.43038467315639073,0.5918852445662112,0.9809774247095461,0.544282927048821,0.8624109221178073,-0.19486382924610804,0.6360012718236675,0.6758194429647625,0.6731182880826931,0.035291755775690714,0.6568390573289008,0.6580260195508029,0.9843628722138184,0.6148953470647187,0.2640541597915238,0.6735198007674967,0.5634276099484123,0.48174857349735567,0.32384808734993253,0.6157343586755231,0.5420032181831766,0.3307460214687943,0.49925608632649304,0.6582053281740704,0.9545401496081456,0.6528379309340004,0.973715415880536,0.5389529015484177,0.03323149315785292,0.43861869396240344,0.674557328358144,0.4521661692836886,0.47714111700354833,0.5167421731258208,0.9701418461436329,0.6034978837093837,0.587966686473383,0.9867772804624259,0.15484164897588437,0.6098388235806412,0.6359609342995565,0.6179380467194362,0.4867703694677072,0.8808428659790614,0.9860399180784037,0.6524493659391386,0.6209206461734197,0.5865610895330938,0.43573138957623786,0.5992349618507083,0.670506227758211,0.26511399670669933,0.11548569571863067,0.47599461531601467,0.9281896912660962,0.5530088360968654,0.5867192304339851,0.3460453266847384,0.5707850806410479,0.5312434742825652,0.40678557216407824,0.7674927442097901,0.6476420850419581,0.9796455254648022,0.6744084399609307,0.1808594680471111,0.11889516907028193,0.9750968389479343,0.6125104612082597,0.5772579603253453,0.26257580727077706,0.25609086522951796,0.9671860954249385,0.9610808406801611,0.5663798729583205,0.6796093820259314,0.562930146462146,0.6336593551770183,0.6790625912624934,0.5878208007947557,0.6491143844049366,0.5953011782599719,0.5994532254702127,0.6491859384129287,0.6459525449260274,0.672025554879826,0.649630465730812,0.5365491994889967,0.5956531806332936,0.6678853599170409,0.6797886946805094,0.6729626595840846,0.6785397200715861,0.5779195652816789,0.6571983138112207,0.9825688650448023,0.6226426315169413,0.6540242664988446,0.6682113334023703,0.587181754653742,0.6299299213502787,0.4114447370760039,0.6391293658445206,1.0,0.5025785843644567,0.5621264668722493,0.611269594318225,0.6690291792666526,0.49101998617144826,0.6337776879979229,0.9534070836096111,0.9272517436799841,0.6677353365612035,0.8708174514786783,0.9871116172992437,0.6699237509534036,0.6694665955196
UCSF-PDGM-0518,0.8640903544793181,0.9105632178662457,0.7934251173749999,0.9047436668323423,0.8698242299571286,0.9441876147062626,0.9545708293523891,0.7723548786954493,0.07433682736538427,0.8966422719867265,0.4088139073234199,0.49644811169134884,0.7994370044139646,-0.03536036142943324,0.8864921727521562,0.808209557137772,0.6110052445788042,0.45050782775465403,0.9466620707628604,0.8838557103241118,0.5025187967223422,0.3812812432482575,0.7336704706670708,0.4397099699486676,0.8597860551738244,0.8725925537390363,0.847919821865131,0.5437140169285883,0.886832545981997,0.2976893252340867,0.38223856009929436,0.7000344686263145,0.5084448401655917,0.9637135242677434,0.9056768641307293,0.9563723128405424,0.8672701432068414,0.9028860098946438,0.9385523850811551,0.9540732878626875,0.9557374714983385,0.9537973387042937,0.8790030483304759,0.8993030968853905,0.44221662991494887,0.9520638320543624,0.9049821874722245,0.16745266331750422,0.9167410611964021,0.894945189492177,0.91560049408979,0.47455229944113375,0.9441527585768343,0.509556132262309,0.9897160476150672,0.8303307107488158,0.4832381691632277,0.90759739833147,0.8389491227342484,0.36110076957120896,0.4859039473030712,0.7223716605770091,0.9386655921690436,0.09467122694506613,0.5774859573457056,0.9261287091028216,0.3672058901756754,0.9188325198939795,0.5398408458062309,0.6746366443368867,0.3701517811111751,-0.09349529743285757,0.9393187942312762,0.845583552353689,0.5331066692413364,0.5301414372527099,0.861532203999328,0.8662943642020589,0.5069629279501109,0.9208809245073059,0.205216456931473,0.8313288489957138,0.9582871717040372,0.933848478622787,0.8006762310640071,0.5088192142239312,0.977481422163464,0.7732728297416603,0.46991386039393745,0.8478329273417432,0.5048065757093091,0.8408543064631774,0.5200385454345324,0.9471305434944008,0.5529570030262553,0.9393742718248789,0.804647844764277,0.8662410460043238,0.9434768407678905,0.9770615312105277,0.4424508690177862,0.9383039301740285,0.9604523843982627,0.5128443289031185,0.2481903299143427,0.9148412317611821,0.5399094208735602,0.9150433515412559,0.9719728115698596,0.4247563562845561,0.4961780423452723,0.8922595378440059,0.9052328408246878,0.4731878807286395,0.89496333036353,0.5350910865512436,0.8344370914085419,0.11049151903022635,0.1734364789972177,-0.035733394356909046,0.41094540119383177,0.8597041599134596,0.9006739416574034,0.8013144814075647,0.540209328069945,0.8754709165078028,0.37345973906568275,0.3872692478440716,0.8752109825524017,0.4616896692106152,0.5119989877917923,0.2769297894859018,0.662369518226134,0.5453131123957453,0.8974194715142794,0.5190088302879649,0.22471875023209492,0.20139306310257388,0.45001809183966546,0.43831722386610766,0.925626179352381,0.8265430589252806,0.7114625453569369,0.7386343958907684,0.8303668159146019,0.923860083000316,0.8897018357470494,0.9482685456088772,0.7696955692489412,0.9150526570191224,0.8852445892806268,0.8394951661553319,0.9170284972288413,0.9255561943655252,0.9584902425750893,0.8655643495816628,0.8251241245973538,0.8151690149732915,0.8335092988819389,0.9764565481249714,0.8929640734055165,0.4947510963925102,0.8968168299516027,0.9130869577735726,0.8376111589337264,0.5349682618010057,0.9434513560393577,0.9181455345651378,0.9334383004774023,0.5025785843644567,1.0,0.8957226054344879,0.9032119782343925,0.8087197181005003,0.9615848519529308,0.8904479160901837,0.5380748631383926,0.4362868369159371,0.5248398165542694,0.36860044560944694,0.47534062618352896,0.8054166193925454,0.11481781615890947
UCSF-PDGM-0519,0.9251443708337546,0.8360483366595384,0.7355389947419921,0.8972370325951531,0.9284812812250031,0.8894621764785502,0.9734807391606481,0.8060484218683233,-0.031631190038221686,0.9400631344524366,0.4195139694031964,0.50628023953069,0.8358265357251615,0.0932840196640377,0.9683233604364253,0.7832729181786764,0.541433347265771,0.5460485743330719,0.8966300353723509,0.9207091569036995,0.5452859522003124,0.4014026755119805,0.7664211955319271,0.5198111791811879,0.9009125208093037,0.9279245130321496,0.9253187371518102,0.5420672142349845,0.9936305742242761,0.30205604724520074,0.4182430149315333,0.8508386089483017,0.5438295176964449,0.9733914158732536,0.9586595504305715,0.886931665389103,0.9251649340710223,0.9531952589016333,0.9348596673522263,0.9396891195993967,0.9239044848252501,0.9065289849535078,0.9006930584579804,0.9277381167161518,0.5149454812805165,0.9214139221996688,0.9127665905502291,0.19515484493134258,0.9472947135552975,0.8302043440947134,0.9732875940021766,0.5118479118060806,0.9514520371349606,0.552466710465994,0.9198422680986162,0.7472900165030928,0.5752494323447832,0.9756887971210148,0.8896434658665422,0.4192198075147114,0.5424844641153126,0.8276039535336698,0.9153766188903493,0.062054622285777884,0.5165364969949673,0.8706114829619295,0.4581707252303556,0.9536976718312891,0.5490706948303146,0.720272681379612,0.47418736840030956,-0.07524337496344892,0.9068172889650148,0.8622920793575148,0.5478891596857042,0.563446271120817,0.8572477137807224,0.87550259692596,0.5354699096882306,0.97062862512908,0.1266235902797667,0.8614078995543971,0.975259072990393,0.9392552709711949,0.875191553792822,0.5117490047534226,0.9671727202057855,0.8167427000668419,0.4337470264100285,0.8392139663815764,0.5486395909556244,0.8840692241356495,0.5889752667553746,0.8507938593070807,0.5560159878185383,0.9166696179625835,0.8595297745100966,0.9592809249121836,0.973143643445538,0.9107069164860216,0.5271094839470293,0.9595107609929205,0.9545554815146404,0.5477222179797163,0.2638172094367845,0.9807087919498475,0.4998768945266768,0.8539566318425101,0.8950230106928018,0.5650600611237457,0.5419701353594767,0.9131758276953927,0.9793878778837145,0.5034431974319578,0.9561800914267764,0.5467296029437047,0.8650825207397281,0.09618072455707657,0.19523762106094103,-0.07399767509621723,0.3944230004928436,0.8790960114636921,0.8036276671295179,0.8657169740324724,0.530702298767817,0.9682262485585398,0.2965975072731362,0.5422842920419462,0.9515707920812656,0.5155125722193917,0.5542932090925426,0.28685796479738884,0.6598221769302983,0.5201906351466346,0.985962774078283,0.6034411054245518,0.25989142588937425,0.23032149424431358,0.5201659280390587,0.5087291268785524,0.9940481481231425,0.8667754880666069,0.7416606319549236,0.8122609890162967,0.8661445950317486,0.9820242299407491,0.9043486095789223,0.9434647075361413,0.8559063292764949,0.9190798971221403,0.8277873184086438,0.8570639145802994,0.8913440395503037,0.9424923761730973,0.9379176446950384,0.8526117980854049,0.8669799372575338,0.8729600330171272,0.8655336875213515,0.8829434866376297,0.8877996632540526,0.5511840237888853,0.797570827048093,0.92619672753364,0.899614395569851,0.5894352531433467,0.9018157440085808,0.8200727698080091,0.8972526866225234,0.5621264668722493,0.8957226054344879,1.0,0.8939752964388484,0.8595178227679153,0.9245604541121362,0.9459677118043193,0.4853940303493058,0.4894517087753994,0.5917270840806075,0.44800751960018526,0.5348450032400839,0.8533307856489246,0.10917526424392143
UCSF-PDGM-0520,0.9672282003597723,0.9849667208689932,0.8688969585875027,0.9867530339075339,0.9498758530344856,0.9755236191109309,0.9524467035316739,0.8011382741536652,0.105348481317183,0.9325717215818696,0.4927221345642114,0.5389854510001808,0.6840568395439054,-0.030241626224760128,0.8031166471794186,0.8930557507835947,0.6434062670721921,0.5706948506672962,0.9838435016873268,0.9823802522474829,0.6399348053312282,0.5144464949086223,0.6114540475843127,0.5949351070585623,0.9721752893634503,0.9703902972134425,0.9632620582625329,0.6517374577499537,0.8752357774894467,0.37745441110332817,0.47290190854175057,0.787172477660747,0.6322854861620154,0.9216732850820413,0.9599267607180371,0.9816342111437971,0.9695236754181425,0.9520444983884254,0.987921113156419,0.9822088990020243,0.9733643407296532,0.9835198681917328,0.8928133002035548,0.9685554382434526,0.40165197369032346,0.9744896115340832,0.9583777818528366,0.22127082900986403,0.9806409587671481,0.9615678145620719,0.9609330765071752,0.6217433015139142,0.8398826682631237,0.587821809840232,0.9275673842578903,0.7335822041113853,0.5789413866687578,0.9645920925240424,0.9541053882408921,0.4858415424001391,0.6339919095910629,0.8910754276065868,0.9854279436721551,0.24536321649398213,0.5490535862578294,0.93728589699139,0.37808973587806005,0.9422022643432201,0.6485773178913682,0.8165758131234409,0.47124441187105187,-0.1830232687209064,0.9772483578200064,0.9579761444877428,0.6425599721696232,0.47491010439593406,0.9762140622971553,0.9784187204108641,0.6362317785029263,0.9656674111846713,0.29357593187567815,0.9476520884283665,0.9460423744591004,0.9255554122705074,0.7637793247122621,0.5708249829645136,0.9128903732531598,0.8110633789584869,0.4753406135221812,0.9705301909554869,0.5769632814863705,0.9351912887541663,0.5732197612199701,0.9728118713900977,0.48278724621726216,0.8310603054090817,0.9532236035370029,0.8059502862251738,0.8660279770503171,0.8968637761691971,0.5872812379452139,0.9680927091515606,0.967910080996436,0.6323917700486463,0.17355410852669273,0.9544393187287015,0.6373643557358125,0.9594387834431625,0.9341545872981686,0.4569427581467647,0.6110305955593779,0.9832634942428788,0.9569822998870364,0.5310433875884231,0.7998746450502803,0.5768069373625092,0.9577842611152965,0.2300952207737221,0.11921216197948613,-0.11266375459717143,0.5342081827232993,0.9791022823290269,0.9411622787193121,0.8566312807846799,0.5316176557964944,0.8752270242411786,0.3946524726432436,0.39892189951083096,0.9656696604675642,0.6186669048106819,0.6300271645006384,0.10376028011018378,0.6011349191663803,0.6244865759065812,0.9470106607047706,0.5179447309367886,0.30334827804802306,0.2941679622364387,0.6093707553049961,0.5994337737943607,0.9239121609124489,0.9486431042321359,0.8491758358108618,0.9417268535084723,0.9506553747422544,0.912563952461815,0.9811576494026295,0.9698538546144171,0.9539777230845623,0.982250471144206,0.9652513628602072,0.9522985984567574,0.9775192648286841,0.9635458129894245,0.9704858314742985,0.9652223653110268,0.9478811930074779,0.9467089175979869,0.9522617971498784,0.9565899574283768,0.9723130167518632,0.62276743944191,0.9564146455730275,0.9743499220928676,0.9641693064282985,0.5316319687063321,0.9778133730135946,0.7916192571489474,0.9773912014102017,0.611269594318225,0.9032119782343925,0.8939752964388484,1.0,0.9530259894358607,0.8862311296929017,0.9611005854251202,0.6280314746255647,0.4541747428447177,0.6195830676449435,0.3522527961417257,0.6205717859316052,0.9516039405339983,0.25638511292855437
UCSF-PDGM-0521,0.9870478958116495,0.9375181740788533,0.7527186543145222,0.9792857371740218,0.8570380446380362,0.9446404798064578,0.9049567122771806,0.6569140187684128,0.11258304348466407,0.9234195685713426,0.5770260045307275,0.6111809004102419,0.6631266067457464,-0.034711969055840224,0.7183174119427561,0.777196603975419,0.6475034951266982,0.5606836408750215,0.9306494535958325,0.9840958641090181,0.6984677465479083,0.5450974727401273,0.5809335957720718,0.6251338950795999,0.9943833715470193,0.9871175926360456,0.9872657778313874,0.7108187974552973,0.8212553873240853,0.4286448606946004,0.5687140550396184,0.674110655948348,0.7132630389540129,0.8806955822266727,0.9561899849940221,0.9271866956389648,0.9885905970306873,0.8693719207684605,0.9491387411847171,0.9302642737518451,0.9408281657886584,0.9424539440158938,0.9089883646263608,0.9776363127477393,0.45439279734626264,0.9452028859488876,0.9759746462795,0.22015839363036235,0.9614076414796884,0.8591863833060936,0.9476073985014514,0.6428225756019375,0.7847238624668493,0.6634082391164068,0.8449772342895715,0.6740930273684081,0.5958923509514593,0.9434436407207483,0.9960450139586818,0.4219553178216821,0.7175938103706199,0.8274502187176004,0.9281456001336955,0.32945606878806455,0.543589480356588,0.8605664746942334,0.4161368474825043,0.9354997159767177,0.7161911644901775,0.8717356643749749,0.43697614508134947,-0.24524715152459647,0.9533645612545809,0.993736709481551,0.7146906043188227,0.36909972096791915,0.9894960521405799,0.9911307428351311,0.6633458312492104,0.9461643548356709,0.3131076881409779,0.9959157830709565,0.8961228486151501,0.8086191510603353,0.7067224856665126,0.6434931967037562,0.8461790764758319,0.7170822889210141,0.5021400531610462,0.9896279166304156,0.561761259032915,0.9841645590972564,0.5887325084027677,0.8705655800690975,0.36951603733592026,0.7549072606413962,0.9991397845058518,0.7705776080014115,0.777540545450447,0.8432356697967813,0.6149985815973877,0.9438286370376469,0.9265569298273352,0.7142212387277188,0.0866805088488759,0.9350580758121875,0.6759665746791054,0.9521565494710659,0.8190602776797881,0.46841607819955977,0.6296641423069451,0.9845320682953008,0.9395380050323899,0.6126726209693106,0.7311718291839592,0.6116351289742155,0.9978780637665953,0.3341119172446508,0.07723054674486185,-0.1261064945625205,0.545831455086572,0.9114569137595977,0.92112234848462,0.7751102423848041,0.5786190466735894,0.8455481761355149,0.43078602820483997,0.34009554134645753,0.9740933817433158,0.6855917642044441,0.7159679232624433,0.14021503806591132,0.4742401515104339,0.6805609578140015,0.9281071153254015,0.5620867601785617,0.2562865505269011,0.2603503722103774,0.6502758708623194,0.6327750853114061,0.880722256402429,0.9964541018532356,0.8959529416461403,0.9795898568972415,0.9961913245619524,0.8997820398943224,0.9872126440873389,0.9436178727817222,0.9452182603876668,0.9693639768143916,0.9630717142116917,0.994361603515768,0.9658806919309938,0.8791278622575335,0.9305488799299114,0.9856611367356976,0.9965204674998983,0.9985587995801832,0.995878329749634,0.8854368512535018,0.9813336224759891,0.7202201917105733,0.9325579743551392,0.9710952989605532,0.9956038548431264,0.5844277299981647,0.9454289610085798,0.7594484629966287,0.9571324280315374,0.6690291792666526,0.8087197181005003,0.8595178227679153,0.9530259894358607,1.0,0.8219384147224832,0.9689998346465017,0.6225139729129817,0.49777007208225765,0.6931826053252198,0.3825380348475128,0.6952470754180318,0.9998010854972444,0.24439136864708458
UCSF-PDGM-0522,0.8865914040584686,0.8598673593505975,0.7978812592509786,0.88991831486918,0.8760977964502097,0.9032059608259019,0.9708863638109725,0.8024183262574691,0.02274082704610525,0.8980643354607392,0.3614355383787033,0.4617624460286103,0.8407299683873692,-0.08057404323196064,0.9167137435649131,0.841102804942956,0.5389926955299091,0.4512443205730606,0.9118244090817209,0.8817218789669902,0.4907786840992872,0.35058437862169045,0.744119997832933,0.45331497959256495,0.8656714840579471,0.8868936961373065,0.8667408927033713,0.5078120628748671,0.9031200659923858,0.2348952983968527,0.3675592834104351,0.7507961863197465,0.49143950997205904,0.9764106052131044,0.9143134934060785,0.915990703063965,0.8825586547288067,0.9238370856449684,0.9176134957029143,0.9349537851166192,0.9372605237639655,0.9317773555443202,0.9024928913661465,0.8898121793027194,0.4284181880995219,0.925013079828567,0.9052023109582576,0.17620816259824792,0.9064696886261548,0.8499492379956556,0.9291366401436371,0.4648192920451744,0.9838416643048586,0.4858992706514477,0.9846124643499282,0.8012031532780569,0.4840713448210867,0.9161843920767192,0.8447000629113947,0.3513158323778098,0.48200675905789614,0.7902961673412741,0.9424371616606281,0.025730960481618794,0.5334773790990355,0.8979567654329855,0.31384403820285267,0.9643993034343349,0.5086649646816594,0.6822531092828253,0.41019576331401697,-0.07749904186544294,0.9053894319890349,0.838142181267789,0.5044027303569736,0.6081006599895253,0.8451204121309873,0.8539530412134528,0.4873590062763204,0.9293322184058227,0.10484535645398879,0.8314317111901339,0.973211853366053,0.9414239544391444,0.8026357148996229,0.4681376989283493,0.9746283868835084,0.8572803058891411,0.41814379173320526,0.8312268078387676,0.5055846522626944,0.8386142174875844,0.519644492895751,0.9021544385125431,0.6804299984829549,0.9915932924164746,0.82023912150866,0.9040566057055873,0.9575810807660055,0.9923125790282634,0.44718015648048004,0.9423806553032241,0.965069568085774,0.4938566480020816,0.25412366545515824,0.9410845265562959,0.4832371401545801,0.8692381275186918,0.9658639955418563,0.4069137928586396,0.4852270255424748,0.8940643527589475,0.917322147868418,0.43762122654332813,0.9559177698087596,0.5079415887188187,0.8344267705763498,0.0411599141398821,0.21573735162158916,-0.07700292089057055,0.349617009988813,0.8763733799247683,0.831864519748637,0.7928415106781946,0.5131425490397562,0.8764547747083972,0.30967066350848244,0.3902966169451191,0.8966372124273727,0.4571770400073733,0.49741289017913115,0.3367381320918737,0.7329677938704996,0.4933998769078053,0.9171723642072249,0.5101858982026699,0.18903180986638143,0.1644629861494029,0.45990418741338296,0.44830921223784675,0.9541839584100036,0.8309449440223491,0.7114404040717992,0.7700819790120409,0.8325219545243866,0.9594237873276986,0.8881866806531886,0.9496601301273663,0.8034364144291403,0.8928939406074223,0.8403774538337184,0.8321222192741907,0.8816144697630454,0.9270369389739052,0.963659729851816,0.84326423738229,0.8303452490040854,0.8282520393622048,0.8337728420610382,0.917580966279678,0.8685985380737704,0.48705143363097797,0.8314872986273103,0.8949620584080192,0.8534230808302098,0.539490978208452,0.9019584120540173,0.9399175242741451,0.898925144710767,0.49101998617144826,0.9615848519529308,0.9245604541121362,0.8862311296929017,0.8219384147224832,1.0,0.9264350354875212,0.4848246219296038,0.4214507881335459,0.5164734297309315,0.35434130095874183,0.47529558316222587,0.817175524780779,0.0607324898095607
UCSF-PDGM-0532,0.9941785360203117,0.9276037892717915,0.7853823064423705,0.9768474166198512,0.9141061979601055,0.9551883236002328,0.9761758798373965,0.7499900093666247,0.05665800277177069,0.9513845840918251,0.5109779410424391,0.5709543376422445,0.7617021629536728,-0.02799979591287918,0.853627985982523,0.8310325389371331,0.6202837071230115,0.562594470506755,0.9485233697948898,0.9862135096074349,0.6490940406612007,0.48396472180117905,0.6675469718978164,0.5964999007883083,0.9839830131571305,0.9920794501172225,0.9889009605720216,0.6553467616220854,0.9135240586232714,0.3679571470193282,0.5036740653869309,0.7662105155980447,0.6550769104027606,0.9619568906317897,0.983644755721216,0.9463391994314747,0.9913898246230946,0.9403911987682838,0.9745022264697633,0.9684621921817442,0.9695341440758908,0.9663524521496273,0.9367996900319041,0.9840284857826774,0.4752784099286929,0.9700151654740642,0.9830445423748458,0.22164878915799927,0.9819250541149873,0.8766051058526452,0.9888718069228963,0.6041585356952051,0.906628491495948,0.6227633995031603,0.9280146610026613,0.727686579774992,0.5958918362725095,0.9844161483105972,0.977408061949445,0.4284595001957235,0.6582933504137958,0.863311874249739,0.9660922804779204,0.20260198906604285,0.5547509516003736,0.8935950125255876,0.41313930051116493,0.991448794424553,0.6608797136668185,0.8296865685348138,0.47070558404210666,-0.17748723846752457,0.9657168731213464,0.9676937568371148,0.6585968055085946,0.4774844769906988,0.9631601208007726,0.970825409285856,0.6248059047076393,0.9867022718466846,0.22496907117238196,0.9671315318533401,0.9700479988863893,0.9043281456065305,0.7839237294770928,0.5931371508761212,0.9380991560411731,0.8084787046548948,0.4753227670046725,0.9559799839730814,0.5771687996939945,0.9630544298606555,0.6031952860895493,0.9031055379359416,0.5101093886481443,0.8857843866026868,0.9698074130219798,0.8736426056067038,0.8965514389129788,0.9301009856174104,0.5880109556213318,0.9843892808332263,0.9798106866975886,0.6567303882833282,0.16515332542324737,0.9896227146303601,0.6156504642781673,0.9390999159872856,0.9045261233125867,0.49889910394732867,0.6069938379680893,0.9885242754651694,0.9835815784140169,0.5678548632795933,0.8731843201017646,0.5990724771302598,0.969785585826575,0.21714916285174066,0.1465480493126465,-0.11476073031074183,0.4878021516764256,0.9369767041537485,0.8948902835321099,0.8281486568798863,0.5727761473792342,0.9080783445950704,0.3776142063569749,0.4170969797016588,0.9944907286500844,0.629160615214968,0.6609116974253391,0.22630447692000277,0.5941721506807358,0.6236586586590364,0.9798123229304551,0.5834253259431297,0.2549917266144316,0.24483102176561125,0.611848731689294,0.5959910072982741,0.964363956167182,0.9704396701046516,0.8542060493265246,0.937652145517503,0.9701648747806572,0.9753040574326275,0.9848146070232222,0.9813961796121969,0.9354260519279162,0.9766915206166125,0.936796093620161,0.9642275908422476,0.963660902927639,0.9398268500189132,0.9799327155902738,0.9597043974171262,0.9705111879218721,0.9725229301077549,0.9698441605406161,0.9197469845761082,0.9692442511686123,0.6610400642216343,0.9067710775345497,0.9802643013354596,0.9842849611407157,0.6035253634058789,0.9579347644986582,0.8428442734730186,0.9641896032865376,0.6337776879979229,0.8904479160901837,0.9459677118043193,0.9611005854251202,0.9689998346465017,0.9264350354875212,1.0,0.5844857206925875,0.4931131806216331,0.6628358170930966,0.40751904873023176,0.6416871639667784,0.9662084853282973,0.18573249533733113
UCSF-PDGM-0533,0.6063806794358153,0.6571567587494971,0.375109889457917,0.6322105669265857,0.5239529710882784,0.6431377751687184,0.5528387577448423,0.31294898272399563,0.13636740145187107,0.4993100340103897,0.4979244856498434,0.5309794035594941,0.22057864678486072,-0.07039875519468679,0.3755923098992621,0.4805468219207732,0.649397960282382,0.9234851525591987,0.5995066306793657,0.6256833854453264,0.9663040283043443,0.9339367291758158,0.1550250435904627,0.9416362863289969,0.6188354410620888,0.6014192938348044,0.6049547439486419,0.9694322051311163,0.45232480017584115,0.3856444670216844,0.46515765041994533,0.3378077997920013,0.9495727104420618,0.5311194507008039,0.5562586841119417,0.6241113598570825,0.6019730196913103,0.518412839329649,0.6184870618397728,0.5974977962567087,0.5902665327547282,0.6167333423761839,0.46102345767128805,0.6193396702309595,0.3649756762754805,0.6253053073241158,0.5984342553120504,0.2125572435301654,0.5994622873358089,0.5737370288930027,0.5645518356032452,0.9741644757433213,0.43929230464574287,0.5749845992619923,0.5361384959175343,0.2899680812570181,0.9306292758176068,0.5739346271683595,0.6184154493081875,0.8810634528480662,0.6261657605823988,0.45796769532210796,0.5773772849968049,0.2771373534381203,0.5430041701378788,0.49372962114098307,0.3484011285134024,0.5454756518992658,0.9609398252250507,0.4990306122615888,0.846353010779884,-0.21005938325816506,0.637783900108514,0.6464958709099061,0.6419089381760534,-0.007739310983884244,0.6454627404391942,0.6385532001820665,0.9813381438034879,0.5677561919619663,0.32420137815091216,0.6301482150809371,0.5350541764710495,0.49494999917389815,0.24030132587946754,0.5664023133389852,0.5251997241717457,0.3129499665961714,0.4665018307394835,0.6492989002792853,0.9485449347613877,0.5877329504634318,0.9288979995430314,0.6087623806904469,0.026725148916022203,0.42364456711625714,0.6299730340341148,0.3501879977900465,0.44203258302639264,0.5189839144413116,0.9427857387534111,0.5676745654056127,0.5723476146647165,0.9476197565117724,0.12793668131057545,0.5572561199180104,0.645577362450934,0.6223603169572628,0.5364907557426606,0.7966684662891954,0.9719485394192419,0.6287169677892219,0.5643955529852078,0.5231502910312609,0.3742000378359768,0.5643851271800588,0.6318189887640767,0.2611280927112398,0.08761760985054542,0.4924553250297361,0.9688923538413742,0.5743243593590087,0.6114858699359409,0.3300699786553006,0.5212240059004057,0.4418274042609042,0.4042755137170447,0.698314380430365,0.5907377067669228,0.9567668511039423,0.6246437122760847,0.07345128215811002,0.10238940827904165,0.9635326614103022,0.5491298611873959,0.4823222603567067,0.2860616028543332,0.2829273898925652,0.9467059991963849,0.9439650445324319,0.5122689990172532,0.6352118279142162,0.5275293126210708,0.597423888198678,0.6375148248497222,0.5241837147023175,0.6239025218680213,0.5716094817750847,0.5667421155035773,0.633085074515536,0.664296328795357,0.6369938764708479,0.6483954758750367,0.5333775008262822,0.5923528407964761,0.6576557066065711,0.6343531599656581,0.6170093497161326,0.6393948414132726,0.6192848774966329,0.638373146696102,0.9272336751989021,0.6676244870634082,0.6282055431087229,0.6186034779283155,0.5058490081781513,0.639227825346832,0.3965384424494008,0.6431477925496623,0.9534070836096111,0.5380748631383926,0.4853940303493058,0.6280314746255647,0.6225139729129817,0.4848246219296038,0.5844857206925875,1.0,0.8502029008335336,0.6029575102311211,0.7963282035371078,0.9478889527085739,0.6246776520965849,0.755643159320829
UCSF-PDGM-0536,0.5032655013017308,0.45047296782735147,0.23907973239387453,0.493160167696261,0.41948339839833554,0.4864281691618611,0.47738996675983475,0.30561589357596725,0.023753447844854277,0.5116740828632238,0.3960576617500482,0.5088088591699628,0.42462997155734433,0.05078450669225508,0.4295367281738392,0.3099592292786349,0.48561336498070123,0.8810563020239895,0.4745235118261326,0.5034094829532302,0.8726990584273951,0.9201027128913634,0.39928401118354967,0.8520009430572382,0.5062792475726792,0.5094906737046044,0.5109116917852646,0.8632412436495838,0.4806547991437095,0.24525682821581746,0.45261025644517977,0.32927159833714253,0.8778740996288095,0.4848948880484535,0.5154653385504077,0.46636867877744204,0.5066912826466872,0.4339512279395638,0.4906369538505352,0.4848959934040201,0.49256379145150847,0.4764444832550099,0.49554400010475347,0.5195691853487059,0.5020079910131358,0.49591908564619225,0.5141542713883943,0.13372848921202954,0.5084261990646145,0.4070248241973743,0.5102612676768086,0.859197102896643,0.4402722239710657,0.5236551426138011,0.4385021151705002,0.3990277997892483,0.9294634155054019,0.5041707307626105,0.5161749850953038,0.8092222134284183,0.4951295110244732,0.3482647097921366,0.44991992346904813,0.09162536609400529,0.4795023359973164,0.4411344027411231,0.38019939335062514,0.4801697478780989,0.8654999172569906,0.3658876926518567,0.8389792809396966,-0.06949329778821275,0.4973941182794006,0.5038582306709181,0.5049615211710752,0.1861469362920353,0.4916368513498619,0.4978240591651321,0.87435627998849,0.5082127396691642,0.10640886804981317,0.5104623818936068,0.4741547090781788,0.4053151592339312,0.38344644085715124,0.5151786302022843,0.46927611657633017,0.31168912942785865,0.4724914531941039,0.4871044207782058,0.9033761449052055,0.5320006434880347,0.9428691502023865,0.40807039540898005,0.12258012068811723,0.39355453440071997,0.49469039247701574,0.4739763045672628,0.4438735444803865,0.4424470270578979,0.8847227808992789,0.5037798564812491,0.48184056264621933,0.8808600068408474,0.2724686481065474,0.49654011189005187,0.46788513349524696,0.4935125867971173,0.3935223484803676,0.892601886982103,0.9078976859725859,0.4963691628202255,0.5095076730704358,0.4821749587432736,0.4156941958305585,0.48938197007095147,0.5052853528532217,0.11494705037323054,0.16611208558039237,0.6362680002547123,0.8132348403535712,0.3982071128437206,0.4748322025604722,0.2535061602212896,0.5077376236172294,0.5144465879896963,0.35457433093414475,0.8259474204057548,0.5071268754129343,0.8445478490705417,0.5087307166575045,0.3198385318747785,0.21733848563519245,0.8995496791690575,0.5054564718673741,0.5322001920989466,0.16390913832250426,0.14149031854891458,0.8444711091151149,0.8448431793180975,0.48194203300918054,0.5076758343265119,0.3828046221245415,0.4508738763275055,0.5070801410525513,0.49882273734880106,0.500082466296618,0.4946298381325244,0.4371090854623488,0.50718764172543,0.4757362649183974,0.508389501960351,0.5005456606141508,0.445883777752372,0.47418517203007016,0.4966954507514554,0.5078780657108989,0.5095392500902793,0.5065319465649908,0.45992771306335245,0.5096858574547104,0.8756821289020957,0.45919648717592854,0.5130318769690427,0.5049188096429901,0.525207322217683,0.49300539240477,0.4087234916348874,0.495605412210001,0.9272517436799841,0.4362868369159371,0.4894517087753994,0.4541747428447177,0.49777007208225765,0.4214507881335459,0.4931131806216331,0.8502029008335336,1.0,0.5251549762197781,0.939647675918831,0.8727012053186177,0.49825025054974514,0.5420853809313749
UCSF-PDGM-0537,0.6850928763217095,0.6231361470775502,0.2915984072427841,0.6618531003906113,0.528113326002568,0.6519513634439686,0.6053354730236475,0.283043092241614,0.07308906164207589,0.5793669779346768,0.5645322668356538,0.6054349415771991,0.3379221491210262,0.007882883352242425,0.4618828465685824,0.4094495857025416,0.6521528873289633,0.5648221681296429,0.5963679334130659,0.6811413821387314,0.6800535861934375,0.5087384914568578,0.26292282698037367,0.6000614108665294,0.6840938207857793,0.677068247037144,0.6919194674158281,0.6961311567100552,0.5506937548983025,0.41453565070204146,0.5277891611298607,0.36399956492357527,0.6972433391909375,0.5986501572274334,0.6353168972230336,0.6095045239851975,0.6763873505502216,0.5416849707952055,0.6446858223160635,0.6206645075671886,0.619337302278391,0.6233746577953511,0.5505039695339274,0.6887742500608975,0.5024605504551336,0.6541261690768763,0.6681198925754981,0.22739914216045312,0.6534788067782386,0.5119544787471524,0.6450354888250251,0.6170896765398802,0.5136956456555161,0.6638214766509759,0.5379609764786506,0.3157758393888485,0.611467097535514,0.648172885713677,0.7009692427383992,0.4152926204339691,0.699919119587564,0.4622634583360535,0.5781210687285657,0.2562758942551127,0.5705495959062586,0.4784023638324734,0.46850000302267464,0.6205673674224738,0.7040086701442775,0.5713986260404365,0.4435330841520986,-0.20007717490998392,0.6627035196200947,0.7057568595567825,0.7019981463760768,-0.0008550874682132811,0.6774299853413799,0.6793064352932656,0.6439478467108554,0.6410412454785959,0.2707628188559949,0.7039853635718039,0.5846082157213407,0.49070317073872477,0.3358024363471888,0.6360521487822826,0.5719948118892447,0.31360585927918566,0.49824633435134374,0.6786194574087284,0.5749529506705602,0.6825577494440253,0.6178852197241864,0.5429169819575411,0.010831752490446647,0.4626016687832808,0.7010589366755758,0.47350684257900955,0.4990336692035316,0.5484529299523213,0.5978491374293596,0.6285609156125808,0.6107299715260402,0.7014432717770571,0.1322733290660438,0.6380063209235549,0.6540128087424101,0.6377722511139348,0.4975733011474342,0.5384143242891972,0.6238559825604431,0.677324025077194,0.6488742161365812,0.6114896757899249,0.4627006973051917,0.6300410421999494,0.6971732561700547,0.2849043520776898,0.11424784248471995,-0.09712398855520796,0.5219249949342534,0.5494516958431583,0.5963400186227772,0.36252613069042633,0.5950092277760044,0.5534910146237434,0.4071709954067081,0.41373500339545105,0.6748962487795582,0.6591986176744223,0.7037601433977791,0.19307021722136758,0.08692302514952474,0.6699405512339611,0.6407014213640778,0.6136208934830782,0.268632609270561,0.26113659670794814,0.6185442242409319,0.5990847957599288,0.5943834299349224,0.7114162892448758,0.5888676513218501,0.6478348845511875,0.7105227423117886,0.6276600471457345,0.6723207163288487,0.6176874438819995,0.5999356044013805,0.6763958962280094,0.6697860286699538,0.7012706956530671,0.6760283063166699,0.5448422524683039,0.6230771044720483,0.6953314410052595,0.7117211203581401,0.7015795294167577,0.7097050601367174,0.5972665081476628,0.6835462092035213,0.7090373550271694,0.6420417739114281,0.683321067866506,0.695600636727805,0.6286548344172342,0.6546622885737644,0.43526048920914734,0.665494486806669,0.6677353365612035,0.5248398165542694,0.5917270840806075,0.6195830676449435,0.6931826053252198,0.5164734297309315,0.6628358170930966,0.6029575102311211,0.5251549762197781,1.0,0.44651576364623946,0.670165727723225,0.6950168696547502,0.20746936355121637
UCSF-PDGM-0538,0.4122940935303124,0.34386075172788905,0.1259750850884341,0.3857341807275323,0.3544364880045596,0.3931947375358552,0.4136952176246803,0.22497407506842815,-0.05566822372972345,0.3957437120199646,0.3078455273135822,0.36171419900757334,0.3143808378116098,0.09658157460864071,0.40799833679936326,0.22132773576288337,0.3948054615633671,0.8489326569224606,0.36825601158084703,0.41121086575071514,0.8084714819083817,0.8247356330653653,0.2800246299531627,0.7855878767622224,0.4008553797830406,0.41121801522940227,0.42355800307302516,0.7984152241851136,0.4410470962548141,0.2070002084420506,0.260241539540601,0.2928162736697768,0.8070427000404481,0.42493405532896544,0.4166448429944318,0.36560729594074887,0.40470916202461593,0.3713523842415039,0.40738844302449134,0.4055998130884073,0.39218777952321104,0.37804812477757743,0.3570789132355787,0.42973195560344074,0.39950689516323873,0.41137545112405705,0.4074046650464037,0.12359907776787532,0.42044650924554805,0.3074281535730794,0.4325401454662309,0.7923961318102053,0.39341155097401614,0.4034615753179618,0.3676061688656181,0.25848182068303893,0.9006859590980342,0.433760013420458,0.4108285750207431,0.7912602227244481,0.3868716958508904,0.2603452831657695,0.3488022967645834,0.013006338986708159,0.3875019968103829,0.3086167109514434,0.378653330236145,0.39473074917832884,0.8023434102994358,0.24492165359430382,0.8124837525605828,-0.0489668126785728,0.407960035446954,0.3981004289083857,0.3952845988557853,0.06583476979764197,0.3768133517279687,0.38667667136180844,0.8114669430308455,0.430415693592162,0.06793247768803959,0.3990701298304643,0.39910108494469126,0.3532569193724366,0.318551220723331,0.37630894833580053,0.4184255691192617,0.2039331006290106,0.3129368107099932,0.3687507074623903,0.8780001639501924,0.4151745460293781,0.9241625071855364,0.3167509477729001,0.02602636275592467,0.3397246953167197,0.3878921300144405,0.4076932510262552,0.4056819332585698,0.3702471763043427,0.8205010703622492,0.41749335238346,0.39791552260819363,0.8130170012732522,0.18562726339803637,0.42907692131671543,0.3529048812897448,0.36967852818508984,0.3248918799934681,0.9582920319287699,0.8567257256198724,0.4009553578014692,0.44316279337551845,0.36587634998161833,0.3855509616032552,0.4083556913030832,0.3924469955674604,0.06336612835224337,0.13101997224904266,0.750463076725564,0.8125623677935799,0.2936147632827218,0.33442441106602,0.2719556070362297,0.3867794664484381,0.446624801363683,0.2092215017173294,0.8732150282856942,0.4244116382415852,0.7883035415879222,0.39743658815602223,0.21068529722448426,0.10806612682948319,0.8248261678637194,0.4449989670203512,0.46457684088809614,0.16939713336284246,0.14117357705271288,0.7716245722009507,0.7697347864016085,0.431860496524681,0.40363946107239507,0.2596474430589121,0.32885923234132186,0.40269062511592696,0.4458034864289242,0.395032537547368,0.3970277282935126,0.33263688743298453,0.4206571032152508,0.3655099832608805,0.3958089683022598,0.40577035745878165,0.37276585546626667,0.3953222389877496,0.38926860167825805,0.4039735571629776,0.3996540584755078,0.40185475903121953,0.3761588352916503,0.40457645806710774,0.8093740154395095,0.3483902522160712,0.4254706333906442,0.40706316627111794,0.45257645530043683,0.40409011518655275,0.29319690110439317,0.4028691558938532,0.8708174514786783,0.36860044560944694,0.44800751960018526,0.3522527961417257,0.3825380348475128,0.35434130095874183,0.40751904873023176,0.7963282035371078,0.939647675918831,0.44651576364623946,1.0,0.7956196578326734,0.38375853082996275,0.6372445933291727
UCSF-PDGM-0539,0.6667388406710776,0.6204236159459483,0.3143932622681928,0.6517051229213692,0.5127370237968857,0.6284662688869187,0.5628519434243398,0.26766674906009347,0.10157072806094418,0.547765910665302,0.5565751969711868,0.5995438809539569,0.2798469626899646,-0.03629581791645616,0.3915378865747194,0.43000101147086417,0.6241459044353758,0.9256007483015578,0.5749516621680956,0.6640127531511208,0.9961064530080893,0.9381014328449476,0.20655151380907494,0.972784042857542,0.6733231724579899,0.6600077568873183,0.6715275685198743,0.9818234268093248,0.4902102598461941,0.41486023361639685,0.5736526455483464,0.34940217757480013,0.9921554304995955,0.5447276464561269,0.6071669005618519,0.5929103028300123,0.6645952799842371,0.512391079834379,0.6180422437576674,0.5846940961739755,0.5898279221369822,0.6031838134897399,0.5273658677298244,0.6601697180619751,0.44312376083104993,0.6218427875877891,0.6431958862761482,0.2113199510091408,0.624943149748105,0.5077230836814836,0.6073772413067047,0.9777041107121744,0.45207010144362064,0.647573396747697,0.4946741016656791,0.27007977773548314,0.9474149127180913,0.6135418636978539,0.6877912809525875,0.8270653908482756,0.7004961191317253,0.48305349477237797,0.5650668150200934,0.3192999979991416,0.5209004055364077,0.46347654942446376,0.39498263288545576,0.5927944087227264,0.9829071876779301,0.5769843143629886,0.8393227690461897,-0.2450170136663509,0.6351192364205842,0.697082842434791,0.6946426765886409,-0.00788383307282684,0.6750130853716186,0.673411524775058,0.985961197267438,0.6027130500606328,0.29812685948220025,0.695170164885055,0.5490181637786966,0.45313976164169734,0.2691164219002771,0.6252811007727174,0.5143543253647662,0.31732964796299107,0.4906187461674505,0.6801887592220012,0.926764323981644,0.6611239041221483,0.9355348998718893,0.5339511853967785,0.013092587420791888,0.41669457595529735,0.7009103946592024,0.4069076021357611,0.4352388428200008,0.5009578270887394,0.9711142924464526,0.5911816045479127,0.5787047454607859,0.9893252390679806,0.09205605297403606,0.6004123078845643,0.6561553487435107,0.624494291962938,0.4691041122168012,0.8092941361145973,0.973468202555852,0.6625130537886055,0.6076239042331253,0.5980009662300736,0.3985446889493624,0.5905916892380215,0.6921423426234347,0.31552372386601474,0.07730134952540903,0.41153055084956636,0.9271777015703818,0.5690192700782635,0.5931788950809176,0.3196079098783213,0.5639210949396766,0.4877751351835733,0.4146382696101625,0.684636345327133,0.6514930076565084,0.9952334521980514,0.6987050892965629,0.14212048942299732,0.07775974231856007,0.9649636097043726,0.5973005372487369,0.5462148124133692,0.25006336030206083,0.2547719210861775,0.9840229332047595,0.9769283469987825,0.5433898817232352,0.7023726676278158,0.5942730065193966,0.6678793466785006,0.7015469760059183,0.570180362674561,0.6597233437012532,0.5876359609220699,0.6162715949385453,0.6480028849652987,0.6626584553163041,0.693016226250984,0.6538770778326303,0.5141190092307497,0.5899927335967984,0.6871628849954656,0.7026530199186055,0.6953802538400683,0.7007872439548268,0.5675424177297231,0.6660397944573276,0.9871673875187438,0.6357731582259414,0.6552490795900211,0.6844048507394567,0.564542618151034,0.6271659742645866,0.3962852959539569,0.6411283301659063,0.9871116172992437,0.47534062618352896,0.5348450032400839,0.6205717859316052,0.6952470754180318,0.47529558316222587,0.6416871639667784,0.9478889527085739,0.8727012053186177,0.670165727723225,0.7956196578326734,1.0,0.6955603279857594,0.6866944725393994
UCSF-PDGM-0540,0.9854296526058519,0.9380097402079504,0.7512228263371538,0.9784948247133665,0.8532635663676575,0.9438299192617181,0.9010912831843181,0.6527202133660769,0.11562615965239977,0.9204927698056784,0.5788352504952095,0.6107350691086466,0.6567956313496287,-0.036495193864054955,0.7101219950778762,0.7756905466777197,0.650143074523283,0.5585879436479604,0.9299176438265273,0.9828436205576833,0.6996779149139392,0.5462443058310668,0.5744799753374822,0.6233269453289048,0.993578000829215,0.9853978350040791,0.9858300121696049,0.713230322491954,0.8146806147142776,0.42993317103742285,0.5662742525871713,0.6679510647134818,0.7150360891208114,0.8761483693795952,0.9531063818158719,0.9261280088378937,0.9865517587876959,0.8655327460922682,0.9473319722931121,0.928568740284625,0.9392039380719077,0.941195499430446,0.9059467185621006,0.9761403451728519,0.4520834340647661,0.9436645864835127,0.9746720597504638,0.2218974728169879,0.9593544189345283,0.8593337425138476,0.9444070099664598,0.6429652283347441,0.778201923219902,0.6639011335109047,0.8418720725944392,0.672206114530446,0.5951227677463226,0.939879709726812,0.9953354125551742,0.420644143435701,0.7196936173565339,0.8247781997338105,0.9262915856052304,0.3324429506367868,0.5455593379259103,0.8587186179321082,0.4161650084441371,0.9318318921073143,0.7185226437450035,0.8716860908755484,0.4336249453351167,-0.24574207256284678,0.9523332554735447,0.9937888606690636,0.71682025034193,0.36317244856303815,0.9899547634141218,0.9911160254483352,0.6638215117719731,0.9432667664937466,0.3164070167595034,0.995896713031625,0.891248409655339,0.8040647287418036,0.7020134053028043,0.6445738653440527,0.8412755644960653,0.7123434870259109,0.5023702135651441,0.9904869724124066,0.5610777518024979,0.983684116554966,0.5883004088925632,0.869670156275975,0.363060864341366,0.7483833359345654,0.9991128118402473,0.7638130824368248,0.7710502968668801,0.8398719220726439,0.6133761682759779,0.9413701511399912,0.9234461038140255,0.716213830726871,0.08473911341046068,0.9311592183341189,0.6788150013711743,0.9520117412383625,0.8158950564677551,0.468063897168001,0.6300140996091309,0.9834628134857256,0.9361103438758457,0.6126288968277084,0.7232783988487443,0.6133155005501935,0.9978108958103329,0.33716749390393846,0.07670473810376195,-0.12432944238642804,0.5481903672151949,0.9085137627206645,0.9215666124488313,0.7725871925467436,0.5783228100533464,0.8412421454321314,0.43288617488757675,0.33655623113361266,0.9714209685664243,0.6865135454507905,0.7174047460761396,0.1359807028256639,0.46894692138584615,0.6835127163572221,0.9241691020311584,0.5609803936122797,0.25773849147234573,0.26195146051380686,0.6489388697461455,0.6312074473007449,0.87556232500608,0.9962335054339891,0.896121231313146,0.9801610614517596,0.9960224399553314,0.8954526973964593,0.9863980742753148,0.9413003207253403,0.9445137030006069,0.9685387563600363,0.9639540168553505,0.9945400264983011,0.965407330655147,0.8763500077370057,0.9283398986631541,0.9860560403604217,0.9962810187424778,0.9980475914839859,0.9957529936783384,0.8837390167207911,0.9809531980492372,0.7221345807261351,0.9339403705167456,0.9695640827572919,0.9947784945050498,0.5844776742362704,0.9444847690567231,0.7556728490254921,0.9563631089787732,0.6699237509534036,0.8054166193925454,0.8533307856489246,0.9516039405339983,0.9998010854972444,0.817175524780779,0.9662084853282973,0.6246776520965849,0.49825025054974514,0.6950168696547502,0.38375853082996275,0.6955603279857594,1.0,0.24574295883856442
UCSF-PDGM-0541,0.21925525873593094,0.2753832614174344,0.10605329405648121,0.22868475051786602,0.18424470647236993,0.23528061520309693,0.14290068909652723,-3.81661742922997e-05,0.058568659434436586,0.06496294271758844,0.2039589714839715,0.10465384849885347,-0.21500439405892177,-0.06215318245453734,0.01351550133076021,0.14375542783934922,0.24002265747772403,0.7238351104801078,0.1831472847086957,0.2361667552095932,0.7001799905917493,0.7065253117936646,-0.25762131006738165,0.7364578824287176,0.22516572249934805,0.2046885075676181,0.22246007032004905,0.679339346114462,0.08375048063930376,0.2274296298862023,0.08576275596519606,0.07810438655946753,0.6640678895118207,0.11219237441539397,0.1427573467738773,0.21209902618370732,0.20982398932032384,0.15579763233475694,0.21791010081149684,0.1876323088415793,0.15812532551981112,0.1982263907262521,0.0058978377236289835,0.21750632308798395,-0.06843804056564355,0.21234577796785267,0.17350260780576884,0.08507476361359698,0.1968279983951409,0.19571519923088843,0.1583965792577551,0.7480137234646174,0.027105206545595152,0.16275040571281973,0.10735067400371609,-0.165483697796628,0.6777681441034714,0.185784058455195,0.22867095735858975,0.764199036543964,0.2545025041331749,0.16702118363660254,0.16995122777265298,0.22719347294749453,0.08805904592968926,0.06933064724745162,0.09885272497267554,0.128030819743117,0.669653589336224,0.12469962426070887,0.6850509444903553,-0.2516337134098353,0.22999558450079746,0.26034232159994175,0.25326093988701204,-0.2807031864920146,0.25290395753752637,0.24525452631633315,0.7298579287037624,0.15939127714761084,0.2544323941463843,0.24003856337543503,0.12352511918126192,0.13244279741011106,-0.09891554869235232,0.1403065814603528,0.11419418914234927,-0.03601012961207701,0.01946695084573511,0.2602870254504969,0.7040627219849901,0.17755832537043073,0.6514046180137131,0.22883802167976733,-0.23202472199779223,0.016621029661161735,0.2584453965894118,-0.05830150167871357,0.049284617971329624,0.07959065903742726,0.7291940207199866,0.1440350003540499,0.15147025825416938,0.658242534868658,-0.20403661976328985,0.16015490363378368,0.2646963452285975,0.19996200937241512,0.14382751321895704,0.6165844251210122,0.7197341381854289,0.2324485591422193,0.17192634980260493,0.1426720702667824,-0.008030840447916314,0.15650886572824124,0.2437870769882859,0.22943263307290337,-0.1625863105944763,0.6811369981282155,0.875677508962997,0.24333396154378073,0.1942906797861104,0.15078362755766653,0.07103811627168304,0.03784470384482437,0.03615749159247448,0.5159528551244061,0.2043543573577491,0.7357226839805506,0.24138865839743082,-0.33496803566621125,-0.23702409344621292,0.6522249992470597,0.16266738213844706,0.06235507611124801,0.16729719036180224,0.18268120130569743,0.72433258678386,0.7285213322153079,0.11871038733232277,0.2538551450090706,0.14422176013602378,0.261985103674697,0.25515086940766335,0.11380032353630133,0.22064212915559284,0.13992897835922516,0.22384839792265054,0.2319261187559193,0.2682229460393387,0.2453889499221063,0.24720588238603972,0.1450944758286271,0.17570995441368914,0.26727995316295056,0.2533750982846751,0.23448714401301596,0.25621815263392694,0.21262799395932916,0.23511568156173399,0.6408046054387918,0.27411479619222223,0.2279779628041614,0.236768845636786,0.06810676812257895,0.23314423421103875,-0.07012527066358333,0.23644958582167325,0.6694665955196,0.11481781615890947,0.10917526424392143,0.25638511292855437,0.24439136864708458,0.0607324898095607,0.18573249533733113,0.755643159320829,0.5420853809313749,0.20746936355121637,0.6372445933291727,0.6866944725393994,0.24574295883856442,1.0
